Date,Temp,Hours
2026-01-26 10:02:57,22.65,0.449166666666667
2026-01-26 10:02:59,22.64,0.449722222222222
2026-01-26 10:03:02,22.64,0.450555555555556
2026-01-26 10:03:05,22.64,0.451388888888889
2026-01-26 10:03:07,22.66,0.451944444444444
2026-01-26 10:03:10,22.64,0.452777777777778
2026-01-26 10:03:12,22.66,0.453333333333333
2026-01-26 10:03:15,22.67,0.454166666666667
2026-01-26 10:03:18,22.66,0.455
2026-01-26 10:03:20,22.66,0.455555555555556
2026-01-26 10:04:01,22.69,0.466944444444444
2026-01-26 10:04:05,22.7,0.468055555555556
2026-01-26 10:04:29,22.73,0.474722222222222
2026-01-26 10:04:33,22.74,0.475833333333333
2026-01-26 10:04:37,22.74,0.476944444444444
2026-01-26 10:04:41,22.74,0.478055555555556
2026-01-26 10:04:48,22.74,0.48
2026-01-26 10:04:48,22.75,0.48
2026-01-26 10:04:56,22.74,0.482222222222222
2026-01-26 10:04:56,22.75,0.482222222222222
2026-01-26 10:05:00,22.74,0.483333333333333
2026-01-26 10:05:04,22.76,0.484444444444444
2026-01-26 10:05:08,22.76,0.485555555555556
2026-01-26 10:05:12,22.76,0.486666666666667
2026-01-26 10:05:16,22.77,0.487777777777778
2026-01-26 10:05:20,22.78,0.488888888888889
2026-01-26 10:05:24,22.77,0.49
2026-01-26 10:05:30,22.78,0.491666666666667
2026-01-26 10:05:34,22.78,0.492777777777778
2026-01-26 10:05:38,22.79,0.493888888888889
2026-01-26 10:05:42,22.78,0.495
2026-01-26 10:05:46,22.78,0.496111111111111
2026-01-26 10:05:50,22.8,0.497222222222222
2026-01-26 10:05:56,22.81,0.498888888888889
2026-01-26 10:06:00,22.79,0.5
2026-01-26 10:06:04,22.81,0.501111111111111
2026-01-26 10:06:08,22.82,0.502222222222222
2026-01-26 10:06:12,22.81,0.503333333333333
2026-01-26 10:06:16,22.81,0.504444444444444
2026-01-26 10:06:21,22.82,0.505833333333333
2026-01-26 10:06:25,22.82,0.506944444444444
2026-01-26 10:06:29,22.82,0.508055555555556
2026-01-26 10:06:33,22.82,0.509166666666667
2026-01-26 10:06:39,22.82,0.510833333333333
2026-01-26 10:06:39,22.82,0.510833333333333
2026-01-26 10:06:43,22.85,0.511944444444444
2026-01-26 10:06:47,22.83,0.513055555555556
2026-01-26 10:06:51,22.83,0.514166666666667
2026-01-26 10:06:55,22.83,0.515277777777778
2026-01-26 10:06:59,22.85,0.516388888888889
2026-01-26 10:07:05,22.84,0.518055555555556
2026-01-26 10:07:09,22.85,0.519166666666667
2026-01-26 10:07:13,22.85,0.520277777777778
2026-01-26 10:07:17,22.85,0.521388888888889
2026-01-26 10:07:21,22.85,0.5225
2026-01-26 10:07:25,22.85,0.523611111111111
2026-01-26 10:07:31,22.85,0.525277777777778
2026-01-26 10:08:18,22.89,0.538333333333333
2026-01-26 10:08:22,22.9,0.539444444444444
2026-01-26 10:08:26,22.9,0.540555555555556
2026-01-26 10:08:30,22.89,0.541666666666667
2026-01-26 10:08:34,22.91,0.542777777777778
2026-01-26 10:08:38,22.9,0.543888888888889
2026-01-26 10:08:42,22.91,0.545
2026-01-26 10:08:48,22.92,0.546666666666667
2026-01-26 10:08:52,22.92,0.547777777777778
2026-01-26 10:08:58,22.92,0.549444444444444
2026-01-26 10:08:58,22.92,0.549444444444444
2026-01-26 10:09:04,22.92,0.551111111111111
2026-01-26 10:09:08,22.92,0.552222222222222
2026-01-26 10:09:14,22.94,0.553888888888889
2026-01-26 10:09:18,22.93,0.555
2026-01-26 10:09:22,22.92,0.556111111111111
2026-01-26 10:09:26,22.94,0.557222222222222
2026-01-26 10:09:32,22.94,0.558888888888889
2026-01-26 10:09:36,22.95,0.56
2026-01-26 10:09:39,22.96,0.560833333333333
2026-01-26 10:09:43,22.96,0.561944444444444
2026-01-26 10:09:47,22.96,0.563055555555556
2026-01-26 10:09:51,22.94,0.564166666666667
2026-01-26 10:09:57,22.95,0.565833333333333
2026-01-26 10:10:01,22.95,0.566944444444444
2026-01-26 10:10:01,22.96,0.566944444444444
2026-01-26 10:10:05,22.94,0.568055555555556
2026-01-26 10:10:09,22.97,0.569166666666667
2026-01-26 10:10:13,22.96,0.570277777777778
2026-01-26 10:10:17,22.96,0.571388888888889
2026-01-26 10:10:23,22.97,0.573055555555556
2026-01-26 10:10:27,22.97,0.574166666666667
2026-01-26 10:10:27,22.96,0.574166666666667
2026-01-26 10:10:31,22.97,0.575277777777778
2026-01-26 10:10:35,22.98,0.576388888888889
2026-01-26 10:10:39,22.97,0.5775
2026-01-26 10:10:43,22.98,0.578611111111111
2026-01-26 10:10:49,22.98,0.580277777777778
2026-01-26 10:10:53,22.99,0.581388888888889
2026-01-26 10:10:57,22.99,0.5825
2026-01-26 10:11:01,22.99,0.583611111111111
2026-01-26 10:11:05,22.97,0.584722222222222
2026-01-26 10:11:09,22.99,0.585833333333333
2026-01-26 10:11:14,22.99,0.587222222222222
2026-01-26 10:11:18,22.99,0.588333333333333
2026-01-26 10:11:22,22.99,0.589444444444444
2026-01-26 10:11:26,22.99,0.590555555555556
2026-01-26 10:11:30,23,0.591666666666667
2026-01-26 10:11:34,23.01,0.592777777777778
2026-01-26 10:11:40,23.01,0.594444444444444
2026-01-26 10:11:44,23.01,0.595555555555556
2026-01-26 10:11:48,23,0.596666666666667
2026-01-26 10:11:52,23.01,0.597777777777778
2026-01-26 10:11:58,23.02,0.599444444444444
2026-01-26 10:12:02,23.02,0.600555555555556
2026-01-26 10:12:06,23.02,0.601666666666667
2026-01-26 10:12:10,23.02,0.602777777777778
2026-01-26 10:12:14,23.03,0.603888888888889
2026-01-26 10:12:18,23.03,0.605
2026-01-26 10:12:24,23.03,0.606666666666667
2026-01-26 10:12:28,23.04,0.607777777777778
2026-01-26 10:12:32,23.03,0.608888888888889
2026-01-26 10:12:36,23.03,0.61
2026-01-26 10:12:40,23.04,0.611111111111111
2026-01-26 10:12:44,23.03,0.612222222222222
2026-01-26 10:12:49,23.04,0.613611111111111
2026-01-26 10:12:53,23.05,0.614722222222222
2026-01-26 10:12:57,23.07,0.615833333333333
2026-01-26 10:13:01,23.05,0.616944444444444
2026-01-26 10:13:05,23.05,0.618055555555556
2026-01-26 10:13:09,23.07,0.619166666666667
2026-01-26 10:13:15,23.05,0.620833333333333
2026-01-26 10:13:19,23.07,0.621944444444444
2026-01-26 10:13:23,23.05,0.623055555555556
2026-01-26 10:13:27,23.06,0.624166666666667
2026-01-26 10:13:33,23.07,0.625833333333333
2026-01-26 10:13:37,23.07,0.626944444444444
2026-01-26 10:13:41,23.07,0.628055555555556
2026-01-26 10:13:45,23.07,0.629166666666667
2026-01-26 10:13:49,23.07,0.630277777777778
2026-01-26 10:13:53,23.08,0.631388888888889
2026-01-26 10:13:59,23.08,0.633055555555556
2026-01-26 10:14:03,23.08,0.634166666666667
2026-01-26 10:14:07,23.08,0.635277777777778
2026-01-26 10:14:11,23.1,0.636388888888889
2026-01-26 10:14:15,23.07,0.6375
2026-01-26 10:14:19,23.09,0.638611111111111
2026-01-26 10:14:25,23.08,0.640277777777778
2026-01-26 10:14:28,23.1,0.641111111111111
2026-01-26 10:14:32,23.09,0.642222222222222
2026-01-26 10:14:36,23.1,0.643333333333333
2026-01-26 10:14:40,23.1,0.644444444444444
2026-01-26 10:14:44,23.1,0.645555555555556
2026-01-26 10:14:50,23.1,0.647222222222222
2026-01-26 10:14:54,23.1,0.648333333333333
2026-01-26 10:14:58,23.1,0.649444444444444
2026-01-26 10:15:02,23.1,0.650555555555556
2026-01-26 10:15:06,23.1,0.651666666666667
2026-01-26 10:15:12,23.12,0.653333333333333
2026-01-26 10:15:12,23.11,0.653333333333333
2026-01-26 10:15:16,23.13,0.654444444444444
2026-01-26 10:15:20,23.11,0.655555555555556
2026-01-26 10:15:24,23.13,0.656666666666667
2026-01-26 10:15:28,23.13,0.657777777777778
2026-01-26 10:15:34,23.13,0.659444444444444
2026-01-26 10:15:38,23.12,0.660555555555556
2026-01-26 10:15:42,23.12,0.661666666666667
2026-01-26 10:15:46,23.12,0.662777777777778
2026-01-26 10:15:50,23.14,0.663888888888889
2026-01-26 10:15:54,23.12,0.665
2026-01-26 10:16:00,23.14,0.666666666666667
2026-01-26 10:16:04,23.12,0.667777777777778
2026-01-26 10:16:07,23.14,0.668611111111111
2026-01-26 10:16:11,23.14,0.669722222222222
2026-01-26 10:16:15,23.12,0.670833333333333
2026-01-26 10:16:19,23.14,0.671944444444444
2026-01-26 10:16:25,23.15,0.673611111111111
2026-01-26 10:16:27,23.15,0.674166666666667
2026-01-26 10:16:33,23.16,0.675833333333333
2026-01-26 10:16:37,23.14,0.676944444444444
2026-01-26 10:16:41,23.15,0.678055555555556
2026-01-26 10:16:45,23.14,0.679166666666667
2026-01-26 10:16:51,23.14,0.680833333333333
2026-01-26 10:16:55,23.16,0.681944444444444
2026-01-26 10:16:59,23.16,0.683055555555556
2026-01-26 10:17:03,23.15,0.684166666666667
2026-01-26 10:17:09,23.16,0.685833333333333
2026-01-26 10:17:13,23.17,0.686944444444444
2026-01-26 10:17:17,23.17,0.688055555555556
2026-01-26 10:17:24,23.17,0.69
2026-01-26 10:17:26,23.17,0.690555555555556
2026-01-26 10:17:28,23.16,0.691111111111111
2026-01-26 10:17:31,23.17,0.691944444444444
2026-01-26 10:17:33,23.17,0.6925
2026-01-26 10:17:36,23.17,0.693333333333333
2026-01-26 10:17:38,23.18,0.693888888888889
2026-01-26 10:17:41,23.17,0.694722222222222
2026-01-26 10:17:44,23.17,0.695555555555556
2026-01-26 10:17:46,23.17,0.696111111111111
2026-01-26 10:17:49,23.17,0.696944444444444
2026-01-26 10:17:51,23.17,0.6975
2026-01-26 10:17:54,23.17,0.698333333333333
2026-01-26 10:17:57,23.17,0.699166666666667
2026-01-26 10:17:59,23.18,0.699722222222222
2026-01-26 10:18:02,23.19,0.700555555555556
2026-01-26 10:18:04,23.18,0.701111111111111
2026-01-26 10:18:07,23.19,0.701944444444444
2026-01-26 10:18:10,23.18,0.702777777777778
2026-01-26 10:18:12,23.19,0.703333333333333
2026-01-26 10:18:15,23.18,0.704166666666667
2026-01-26 10:18:17,23.18,0.704722222222222
2026-01-26 10:18:20,23.18,0.705555555555556
2026-01-26 10:18:22,23.2,0.706111111111111
2026-01-26 10:18:25,23.19,0.706944444444444
2026-01-26 10:18:27,23.19,0.7075
2026-01-26 10:18:30,23.19,0.708333333333333
2026-01-26 10:18:32,23.18,0.708888888888889
2026-01-26 10:18:35,23.18,0.709722222222222
2026-01-26 10:18:38,23.19,0.710555555555556
2026-01-26 10:18:40,23.19,0.711111111111111
2026-01-26 10:19:29,23.21,0.724722222222222
2026-01-26 10:19:32,23.21,0.725555555555556
2026-01-26 10:19:34,23.21,0.726111111111111
2026-01-26 10:19:37,23.21,0.726944444444444
2026-01-26 10:19:39,23.22,0.7275
2026-01-26 10:19:42,23.22,0.728333333333333
2026-01-26 10:19:45,23.23,0.729166666666667
2026-01-26 10:19:47,23.23,0.729722222222222
2026-01-26 10:19:50,23.23,0.730555555555556
2026-01-26 10:19:52,23.23,0.731111111111111
2026-01-26 10:19:55,23.21,0.731944444444444
2026-01-26 10:19:58,23.22,0.732777777777778
2026-01-26 10:20:00,23.22,0.733333333333333
2026-01-26 10:20:02,23.23,0.733888888888889
2026-01-26 10:20:05,23.21,0.734722222222222
2026-01-26 10:20:07,23.22,0.735277777777778
2026-01-26 10:20:10,23.23,0.736111111111111
2026-01-26 10:20:13,23.23,0.736944444444444
2026-01-26 10:20:15,23.24,0.7375
2026-01-26 10:20:18,23.23,0.738333333333333
2026-01-26 10:20:20,23.23,0.738888888888889
2026-01-26 10:20:23,23.23,0.739722222222222
2026-01-26 10:20:26,23.23,0.740555555555556
2026-01-26 10:20:28,23.23,0.741111111111111
2026-01-26 10:20:31,23.24,0.741944444444444
2026-01-26 10:20:33,23.23,0.7425
2026-01-26 10:20:36,23.23,0.743333333333333
2026-01-26 10:20:39,23.23,0.744166666666667
2026-01-26 10:20:41,23.24,0.744722222222222
2026-01-26 10:20:44,23.24,0.745555555555556
2026-01-26 10:20:46,23.25,0.746111111111111
2026-01-26 10:20:49,23.24,0.746944444444444
2026-01-26 10:20:51,23.24,0.7475
2026-01-26 10:20:54,23.24,0.748333333333333
2026-01-26 10:20:56,23.25,0.748888888888889
2026-01-26 10:20:59,23.24,0.749722222222222
2026-01-26 10:21:01,23.24,0.750277777777778
2026-01-26 10:21:04,23.24,0.751111111111111
2026-01-26 10:21:07,23.24,0.751944444444444
2026-01-26 10:21:09,23.24,0.7525
2026-01-26 10:21:12,23.24,0.753333333333333
2026-01-26 10:21:53,23.27,0.764722222222222
2026-01-26 10:21:55,23.28,0.765277777777778
2026-01-26 10:21:58,23.27,0.766111111111111
2026-01-26 10:22:01,23.27,0.766944444444444
2026-01-26 10:22:03,23.27,0.7675
2026-01-26 10:22:06,23.27,0.768333333333333
2026-01-26 10:22:08,23.27,0.768888888888889
2026-01-26 10:22:11,23.26,0.769722222222222
2026-01-26 10:22:14,23.27,0.770555555555556
2026-01-26 10:22:16,23.27,0.771111111111111
2026-01-26 10:22:19,23.27,0.771944444444444
2026-01-26 10:22:21,23.28,0.7725
2026-01-26 10:22:24,23.27,0.773333333333333
2026-01-26 10:25:19,23.51,0.821944444444444
2026-01-26 10:25:21,23.53,0.8225
2026-01-26 10:25:24,23.53,0.823333333333333
2026-01-26 10:25:26,23.54,0.823888888888889
2026-01-26 10:25:29,23.55,0.824722222222222
2026-01-26 10:25:32,23.55,0.825555555555556
2026-01-26 10:25:34,23.57,0.826111111111111
2026-01-26 10:25:37,23.58,0.826944444444444
2026-01-26 10:25:39,23.59,0.8275
2026-01-26 10:30:40,24.82,0.911111111111111
2026-01-26 10:32:18,25.22,0.938333333333333
2026-01-26 10:32:20,25.23,0.938888888888889
2026-01-26 10:32:22,25.24,0.939444444444444
2026-01-26 10:32:25,25.26,0.940277777777778
2026-01-26 10:32:28,25.28,0.941111111111111
2026-01-26 10:32:30,25.28,0.941666666666667
2026-01-26 10:32:33,25.28,0.9425
2026-01-26 10:32:35,25.3,0.943055555555556
2026-01-26 10:32:38,25.32,0.943888888888889
2026-01-26 10:32:41,25.32,0.944722222222222
2026-01-26 10:37:41,26.48,1.02805555555556
2026-01-26 10:42:42,27.35,1.11166666666667
2026-01-26 10:44:46,27.63,1.14611111111111
2026-01-26 10:44:49,27.65,1.14694444444444
2026-01-26 10:44:53,27.67,1.14805555555556
2026-01-26 10:44:55,27.66,1.14861111111111
2026-01-26 10:44:58,27.67,1.14944444444444
2026-01-26 10:45:01,27.67,1.15027777777778
2026-01-26 10:45:03,27.69,1.15083333333333
2026-01-26 10:45:06,27.69,1.15166666666667
2026-01-26 10:45:08,27.71,1.15222222222222
2026-01-26 10:45:11,27.69,1.15305555555556
2026-01-26 10:45:14,27.71,1.15388888888889
2026-01-26 10:45:16,27.72,1.15444444444444
2026-01-26 10:45:19,27.72,1.15527777777778
2026-01-26 10:45:21,27.74,1.15583333333333
2026-01-26 10:45:24,27.72,1.15666666666667
2026-01-26 10:45:27,27.74,1.1575
2026-01-26 10:45:29,27.74,1.15805555555556
2026-01-26 10:45:32,27.74,1.15888888888889
2026-01-26 10:45:34,27.76,1.15944444444444
2026-01-26 10:45:37,27.76,1.16027777777778
2026-01-26 10:45:40,27.77,1.16111111111111
2026-01-26 10:45:42,27.77,1.16166666666667
2026-01-26 10:45:44,27.78,1.16222222222222
2026-01-26 10:45:47,27.78,1.16305555555556
2026-01-26 10:45:50,27.78,1.16388888888889
2026-01-26 10:45:52,27.78,1.16444444444444
2026-01-26 10:45:55,27.81,1.16527777777778
2026-01-26 10:45:57,27.8,1.16583333333333
2026-01-26 10:46:00,27.8,1.16666666666667
2026-01-26 10:46:02,27.82,1.16722222222222
2026-01-26 10:46:05,27.82,1.16805555555556
2026-01-26 10:46:08,27.82,1.16888888888889
2026-01-26 10:46:10,27.84,1.16944444444444
2026-01-26 10:46:13,27.83,1.17027777777778
2026-01-26 10:46:18,27.85,1.17166666666667
2026-01-26 10:46:21,27.85,1.1725
2026-01-26 10:46:23,27.86,1.17305555555556
2026-01-26 10:46:26,27.86,1.17388888888889
2026-01-26 10:46:28,27.85,1.17444444444444
2026-01-26 10:46:31,27.87,1.17527777777778
2026-01-26 10:46:34,27.88,1.17611111111111
2026-01-26 10:46:36,27.88,1.17666666666667
2026-01-26 10:46:38,27.89,1.17722222222222
2026-01-26 10:46:41,27.89,1.17805555555556
2026-01-26 10:46:44,27.91,1.17888888888889
2026-01-26 10:46:46,27.9,1.17944444444444
2026-01-26 10:46:49,27.91,1.18027777777778
2026-01-26 10:46:51,27.89,1.18083333333333
2026-01-26 10:46:54,27.9,1.18166666666667
2026-01-26 10:46:56,27.92,1.18222222222222
2026-01-26 10:46:59,27.93,1.18305555555556
2026-01-26 10:47:02,27.94,1.18388888888889
2026-01-26 10:47:04,27.93,1.18444444444444
2026-01-26 10:47:07,27.93,1.18527777777778
2026-01-26 10:47:09,27.95,1.18583333333333
2026-01-26 10:47:12,27.95,1.18666666666667
2026-01-26 10:47:15,27.96,1.1875
2026-01-26 10:47:17,27.96,1.18805555555556
2026-01-26 10:47:20,27.96,1.18888888888889
2026-01-26 10:47:22,27.98,1.18944444444444
2026-01-26 10:47:25,27.96,1.19027777777778
2026-01-26 10:47:27,27.99,1.19083333333333
2026-01-26 10:47:30,27.99,1.19166666666667
2026-01-26 10:47:32,27.99,1.19222222222222
2026-01-26 10:47:35,27.99,1.19305555555556
2026-01-26 10:47:38,27.99,1.19388888888889
2026-01-26 10:47:40,28.01,1.19444444444444
2026-01-26 10:47:43,28,1.19527777777778
2026-01-26 10:47:45,28.02,1.19583333333333
2026-01-26 10:47:48,28.04,1.19666666666667
2026-01-26 10:47:51,28.03,1.1975
2026-01-26 10:47:53,28.03,1.19805555555556
2026-01-26 10:47:56,28.03,1.19888888888889
2026-01-26 10:47:58,28.05,1.19944444444444
2026-01-26 10:48:01,28.05,1.20027777777778
2026-01-26 10:48:03,28.06,1.20083333333333
2026-01-26 10:48:06,28.06,1.20166666666667
2026-01-26 10:48:09,28.06,1.2025
2026-01-26 10:48:11,28.06,1.20305555555556
2026-01-26 10:48:13,28.07,1.20361111111111
2026-01-26 10:48:16,28.07,1.20444444444444
2026-01-26 10:48:19,28.07,1.20527777777778
2026-01-26 10:48:21,28.08,1.20583333333333
2026-01-26 10:48:24,28.09,1.20666666666667
2026-01-26 10:48:26,28.1,1.20722222222222
2026-01-26 10:48:29,28.1,1.20805555555556
2026-01-26 10:48:32,28.1,1.20888888888889
2026-01-26 10:48:34,28.1,1.20944444444444
2026-01-26 10:48:37,28.11,1.21027777777778
2026-01-26 10:48:39,28.11,1.21083333333333
2026-01-26 10:48:42,28.11,1.21166666666667
2026-01-26 10:48:45,28.11,1.2125
2026-01-26 10:48:50,28.14,1.21388888888889
2026-01-26 10:48:52,28.14,1.21444444444444
2026-01-26 10:48:55,28.15,1.21527777777778
2026-01-26 10:48:58,28.15,1.21611111111111
2026-01-26 10:49:00,28.16,1.21666666666667
2026-01-26 10:49:02,28.16,1.21722222222222
2026-01-26 10:49:05,28.16,1.21805555555556
2026-01-26 10:49:07,28.17,1.21861111111111
2026-01-26 10:49:10,28.17,1.21944444444444
2026-01-26 10:49:13,28.18,1.22027777777778
2026-01-26 10:49:15,28.18,1.22083333333333
2026-01-26 10:49:18,28.19,1.22166666666667
2026-01-26 10:49:20,28.19,1.22222222222222
2026-01-26 10:49:23,28.19,1.22305555555556
2026-01-26 10:49:26,28.21,1.22388888888889
2026-01-26 10:49:28,28.21,1.22444444444444
2026-01-26 10:49:31,28.22,1.22527777777778
2026-01-26 10:49:33,28.21,1.22583333333333
2026-01-26 10:49:36,28.23,1.22666666666667
2026-01-26 10:49:39,28.22,1.2275
2026-01-26 10:49:41,28.23,1.22805555555556
2026-01-26 10:49:44,28.24,1.22888888888889
2026-01-26 10:54:44,28.72,1.31222222222222
2026-01-26 10:59:45,29.14,1.39583333333333
2026-01-26 11:01:23,29.27,1.42305555555556
2026-01-26 11:01:25,29.28,1.42361111111111
2026-01-26 11:01:28,29.28,1.42444444444444
2026-01-26 11:01:30,29.29,1.425
2026-01-26 11:01:33,29.28,1.42583333333333
2026-01-26 11:01:35,29.28,1.42638888888889
2026-01-26 11:01:38,29.29,1.42722222222222
2026-01-26 11:01:40,29.29,1.42777777777778
2026-01-26 11:01:43,29.31,1.42861111111111
2026-01-26 11:01:46,29.29,1.42944444444444
2026-01-26 11:01:48,29.32,1.43
2026-01-26 11:01:51,29.3,1.43083333333333
2026-01-26 11:01:53,29.31,1.43138888888889
2026-01-26 11:01:56,29.32,1.43222222222222
2026-01-26 11:01:59,29.32,1.43305555555556
2026-01-26 11:02:01,29.32,1.43361111111111
2026-01-26 11:02:04,29.32,1.43444444444444
2026-01-26 11:02:06,29.34,1.435
2026-01-26 11:02:09,29.33,1.43583333333333
2026-01-26 11:02:12,29.32,1.43666666666667
2026-01-26 11:02:14,29.34,1.43722222222222
2026-01-26 11:02:16,29.34,1.43777777777778
2026-01-26 11:02:19,29.34,1.43861111111111
2026-01-26 11:02:22,29.35,1.43944444444444
2026-01-26 11:02:24,29.34,1.44
2026-01-26 11:02:27,29.34,1.44083333333333
2026-01-26 11:02:29,29.36,1.44138888888889
2026-01-26 11:02:32,29.37,1.44222222222222
2026-01-26 11:07:33,30.34,1.52583333333333
2026-01-26 11:12:33,31.7,1.60916666666667
2026-01-26 11:17:34,32.55,1.69277777777778
2026-01-26 11:22:35,33.2,1.77638888888889
2026-01-26 11:27:36,33.75,1.86
2026-01-26 11:32:37,33.57,1.94361111111111
2026-01-26 11:35:31,33.44,1.99194444444444
2026-01-26 11:35:33,33.4,1.9925
2026-01-26 11:35:36,33.4,1.99333333333333
2026-01-26 11:35:39,33.4,1.99416666666667
2026-01-26 11:35:41,33.39,1.99472222222222
2026-01-26 11:35:44,33.42,1.99555555555556
2026-01-26 11:35:47,33.41,1.99638888888889
2026-01-26 11:35:52,33.4,1.99777777777778
2026-01-26 11:35:54,33.39,1.99833333333333
2026-01-26 11:35:57,33.39,1.99916666666667
2026-01-26 11:35:59,33.39,1.99972222222222
2026-01-26 11:36:02,33.39,2.00055555555556
2026-01-26 11:36:04,33.4,2.00111111111111
2026-01-26 11:36:07,33.4,2.00194444444444
2026-01-26 11:36:10,33.39,2.00277777777778
2026-01-26 11:36:12,33.39,2.00333333333333
2026-01-26 11:36:14,33.39,2.00388888888889
2026-01-26 11:36:17,33.39,2.00472222222222
2026-01-26 11:36:20,33.39,2.00555555555556
2026-01-26 11:36:25,33.39,2.00694444444444
2026-01-26 11:36:27,33.38,2.0075
2026-01-26 11:36:30,33.37,2.00833333333333
2026-01-26 11:36:33,33.38,2.00916666666667
2026-01-26 11:36:35,33.38,2.00972222222222
2026-01-26 11:36:38,33.38,2.01055555555556
2026-01-26 11:36:40,33.37,2.01111111111111
2026-01-26 11:36:43,33.38,2.01194444444444
2026-01-26 11:36:46,33.38,2.01277777777778
2026-01-26 11:36:48,33.37,2.01333333333333
2026-01-26 11:36:51,33.38,2.01416666666667
2026-01-26 11:36:53,33.38,2.01472222222222
2026-01-26 11:36:56,33.36,2.01555555555556
2026-01-26 11:36:59,33.38,2.01638888888889
2026-01-26 11:37:01,33.37,2.01694444444444
2026-01-26 11:37:04,33.38,2.01777777777778
2026-01-26 11:37:06,33.36,2.01833333333333
2026-01-26 11:37:08,33.38,2.01888888888889
2026-01-26 11:37:11,33.36,2.01972222222222
2026-01-26 11:37:14,33.37,2.02055555555556
2026-01-26 11:37:16,33.36,2.02111111111111
2026-01-26 11:37:19,33.37,2.02194444444444
2026-01-26 11:37:21,33.35,2.0225
2026-01-26 11:37:24,33.37,2.02333333333333
2026-01-26 11:37:27,33.35,2.02416666666667
2026-01-26 11:37:29,33.37,2.02472222222222
2026-01-26 11:37:32,33.35,2.02555555555556
2026-01-26 11:37:34,33.35,2.02611111111111
2026-01-26 11:37:37,33.35,2.02694444444444
2026-01-26 11:37:40,33.35,2.02777777777778
2026-01-26 11:37:43,33.35,2.02861111111111
2026-01-26 11:37:50,33.35,2.03055555555556
2026-01-26 11:37:53,33.35,2.03138888888889
2026-01-26 11:37:55,33.36,2.03194444444444
2026-01-26 11:37:57,33.35,2.0325
2026-01-26 11:38:00,33.34,2.03333333333333
2026-01-26 11:38:02,33.34,2.03388888888889
2026-01-26 11:38:05,33.35,2.03472222222222
2026-01-26 11:38:08,33.35,2.03555555555556
2026-01-26 11:38:10,33.33,2.03611111111111
2026-01-26 11:38:13,33.34,2.03694444444444
2026-01-26 11:38:15,33.33,2.0375
2026-01-26 11:38:18,33.35,2.03833333333333
2026-01-26 11:38:21,33.35,2.03916666666667
2026-01-26 11:38:24,33.35,2.04
2026-01-26 11:38:28,33.37,2.04111111111111
2026-01-26 11:38:31,33.39,2.04194444444444
2026-01-26 11:38:34,33.39,2.04277777777778
2026-01-26 11:38:36,33.41,2.04333333333333
2026-01-26 11:38:39,33.42,2.04416666666667
2026-01-26 11:42:04,34.93,2.10111111111111
2026-01-26 11:42:07,34.96,2.10194444444444
2026-01-26 11:42:12,34.98,2.10333333333333
2026-01-26 11:42:14,35.01,2.10388888888889
2026-01-26 11:42:17,35.03,2.10472222222222
2026-01-26 11:42:20,35.04,2.10555555555556
2026-01-26 11:42:25,35.07,2.10694444444444
2026-01-26 11:42:27,35.1,2.1075
2026-01-26 11:42:30,35.1,2.10833333333333
2026-01-26 11:42:32,35.14,2.10888888888889
2026-01-26 11:46:50,36.54,2.18055555555556
2026-01-26 11:46:52,36.56,2.18111111111111
2026-01-26 11:46:55,36.56,2.18194444444444
2026-01-26 11:46:57,36.58,2.1825
2026-01-26 11:47:00,36.58,2.18333333333333
2026-01-26 11:47:02,36.59,2.18388888888889
2026-01-26 11:47:05,36.6,2.18472222222222
2026-01-26 11:47:07,36.61,2.18527777777778
2026-01-26 11:47:10,36.62,2.18611111111111
2026-01-26 11:47:12,36.63,2.18666666666667
2026-01-26 11:47:15,36.65,2.1875
2026-01-26 11:52:17,37.57,2.27138888888889
2026-01-26 11:57:19,38.46,2.35527777777778
2026-01-26 12:00:14,39.32,2.40388888888889
2026-01-26 12:00:16,39.36,2.40444444444444
2026-01-26 12:00:19,39.37,2.40527777777778
2026-01-26 12:00:21,39.37,2.40583333333333
2026-01-26 12:00:24,39.39,2.40666666666667
2026-01-26 12:00:27,39.39,2.4075
2026-01-26 12:00:29,39.41,2.40805555555556
2026-01-26 12:00:32,39.43,2.40888888888889
2026-01-26 12:00:35,39.44,2.40972222222222
2026-01-26 12:00:40,39.46,2.41111111111111
2026-01-26 12:00:42,39.47,2.41166666666667
2026-01-26 12:00:45,39.48,2.4125
2026-01-26 12:05:45,40.66,2.49583333333333
2026-01-26 12:10:46,41.57,2.57944444444444
2026-01-26 12:13:54,42.02,2.63166666666667
2026-01-26 12:13:56,42.03,2.63222222222222
2026-01-26 12:13:59,42.03,2.63305555555556
2026-01-26 12:14:01,42.04,2.63361111111111
2026-01-26 12:14:04,42.06,2.63444444444444
2026-01-26 12:14:07,42.05,2.63527777777778
2026-01-26 12:14:09,42.07,2.63583333333333
2026-01-26 12:14:12,42.06,2.63666666666667
2026-01-26 12:14:14,42.07,2.63722222222222
2026-01-26 12:14:17,42.09,2.63805555555556
2026-01-26 12:14:19,42.09,2.63861111111111
2026-01-26 12:14:22,42.08,2.63944444444444
2026-01-26 12:14:24,42.1,2.64
2026-01-26 12:14:27,42.1,2.64083333333333
2026-01-26 12:14:30,42.09,2.64166666666667
2026-01-26 12:14:32,42.11,2.64222222222222
2026-01-26 12:14:35,42.11,2.64305555555556
2026-01-26 12:14:37,42.13,2.64361111111111
2026-01-26 12:14:40,42.12,2.64444444444444
2026-01-26 12:14:42,42.14,2.645
2026-01-26 12:14:45,42.14,2.64583333333333
2026-01-26 12:14:48,42.14,2.64666666666667
2026-01-26 12:14:50,42.14,2.64722222222222
2026-01-26 12:14:53,42.16,2.64805555555556
2026-01-26 12:14:55,42.17,2.64861111111111
2026-01-26 12:14:58,42.17,2.64944444444444
2026-01-26 12:15:01,42.17,2.65027777777778
2026-01-26 12:15:03,42.17,2.65083333333333
2026-01-26 12:15:06,42.17,2.65166666666667
2026-01-26 12:15:08,42.18,2.65222222222222
2026-01-26 12:20:09,42.35,2.73583333333333
2026-01-26 12:25:09,42.53,2.81916666666667
2026-01-26 12:25:53,42.56,2.83138888888889
2026-01-26 12:25:56,42.56,2.83222222222222
2026-01-26 12:25:58,42.57,2.83277777777778
2026-01-26 12:26:01,42.56,2.83361111111111
2026-01-26 12:26:04,42.57,2.83444444444444
2026-01-26 12:26:06,42.57,2.835
2026-01-26 12:26:09,42.59,2.83583333333333
2026-01-26 12:26:11,42.57,2.83638888888889
2026-01-26 12:26:14,42.57,2.83722222222222
2026-01-26 12:26:19,42.58,2.83861111111111
2026-01-26 12:26:22,42.57,2.83944444444444
2026-01-26 12:26:24,42.59,2.84
2026-01-26 12:26:27,42.59,2.84083333333333
2026-01-26 12:26:29,42.59,2.84138888888889
2026-01-26 12:26:32,42.6,2.84222222222222
2026-01-26 12:30:26,42.86,2.90722222222222
2026-01-26 12:30:28,42.85,2.90777777777778
2026-01-26 12:30:31,42.86,2.90861111111111
2026-01-26 12:30:33,42.85,2.90916666666667
2026-01-26 12:30:36,42.85,2.91
2026-01-26 12:30:39,42.86,2.91083333333333
2026-01-26 12:30:41,42.86,2.91138888888889
2026-01-26 12:30:43,42.88,2.91194444444444
2026-01-26 12:30:46,42.88,2.91277777777778
2026-01-26 12:30:49,42.89,2.91361111111111
2026-01-26 12:30:51,42.87,2.91416666666667
2026-01-26 12:30:54,42.87,2.915
2026-01-26 12:30:56,42.88,2.91555555555556
2026-01-26 12:30:59,42.89,2.91638888888889
2026-01-26 12:31:02,42.89,2.91722222222222
2026-01-26 12:31:04,42.9,2.91777777777778
2026-01-26 12:31:07,42.9,2.91861111111111
2026-01-26 12:32:44,42.97,2.94555555555556
2026-01-26 12:32:47,42.98,2.94638888888889
2026-01-26 12:32:50,42.97,2.94722222222222
2026-01-26 12:32:52,42.98,2.94777777777778
2026-01-26 12:32:55,42.97,2.94861111111111
2026-01-26 12:32:57,42.96,2.94916666666667
2026-01-26 12:33:00,42.96,2.95
2026-01-26 12:33:03,42.95,2.95083333333333
2026-01-26 12:33:05,42.94,2.95138888888889
2026-01-26 12:33:08,42.96,2.95222222222222
2026-01-26 12:33:10,42.94,2.95277777777778
2026-01-26 12:33:12,42.93,2.95333333333333
2026-01-26 12:33:15,42.92,2.95416666666667
2026-01-26 12:33:18,42.93,2.955
2026-01-26 12:33:20,42.92,2.95555555555556
2026-01-26 12:33:23,42.9,2.95638888888889
2026-01-26 12:33:26,42.92,2.95722222222222
2026-01-26 12:33:28,42.9,2.95777777777778
2026-01-26 12:33:31,42.9,2.95861111111111
2026-01-26 12:33:33,42.88,2.95916666666667
2026-01-26 12:33:36,42.88,2.96
2026-01-26 12:33:38,42.88,2.96055555555556
2026-01-26 12:33:41,42.87,2.96138888888889
2026-01-26 12:33:44,42.85,2.96222222222222
2026-01-26 12:33:46,42.86,2.96277777777778
2026-01-26 12:33:49,42.85,2.96361111111111
2026-01-26 12:33:51,42.84,2.96416666666667
2026-01-26 12:33:54,42.83,2.965
2026-01-26 12:33:57,42.83,2.96583333333333
2026-01-26 12:33:59,42.82,2.96638888888889
2026-01-26 12:34:01,42.82,2.96694444444444
2026-01-26 12:34:04,42.81,2.96777777777778
2026-01-26 12:34:06,42.81,2.96833333333333
2026-01-26 12:34:09,42.8,2.96916666666667
2026-01-26 12:34:12,42.78,2.97
2026-01-26 12:34:14,42.78,2.97055555555556
2026-01-26 12:34:17,42.78,2.97138888888889
2026-01-26 12:34:19,42.77,2.97194444444444
2026-01-26 12:34:22,42.76,2.97277777777778
2026-01-26 12:34:25,42.76,2.97361111111111
2026-01-26 12:34:27,42.75,2.97416666666667
2026-01-26 12:34:30,42.74,2.975
2026-01-26 12:34:32,42.74,2.97555555555556
2026-01-26 12:34:35,42.72,2.97638888888889
2026-01-26 12:34:38,42.71,2.97722222222222
2026-01-26 12:34:40,42.71,2.97777777777778
2026-01-26 12:34:43,42.71,2.97861111111111
2026-01-26 12:34:45,42.71,2.97916666666667
2026-01-26 12:34:48,42.69,2.98
2026-01-26 12:34:50,42.69,2.98055555555556
2026-01-26 12:34:53,42.7,2.98138888888889
2026-01-26 12:34:56,42.69,2.98222222222222
2026-01-26 12:35:00,42.67,2.98333333333333
2026-01-26 12:35:03,42.65,2.98416666666667
2026-01-26 12:35:06,42.67,2.985
2026-01-26 12:35:08,42.65,2.98555555555556
2026-01-26 12:35:11,42.64,2.98638888888889
2026-01-26 12:35:13,42.64,2.98694444444444
2026-01-26 12:35:16,42.64,2.98777777777778
2026-01-26 12:35:19,42.64,2.98861111111111
2026-01-26 12:35:24,42.61,2.99
2026-01-26 12:35:26,42.6,2.99055555555556
2026-01-26 12:35:29,42.6,2.99138888888889
2026-01-26 12:35:32,42.58,2.99222222222222
2026-01-26 12:35:34,42.6,2.99277777777778
2026-01-26 12:35:37,42.6,2.99361111111111
2026-01-26 12:40:01,42.3,3.06694444444444
2026-01-26 12:40:04,42.3,3.06777777777778
2026-01-26 12:40:06,42.29,3.06833333333333
2026-01-26 12:40:09,42.29,3.06916666666667
2026-01-26 12:40:12,42.31,3.07
2026-01-26 12:40:14,42.3,3.07055555555556
2026-01-26 12:40:17,42.31,3.07138888888889
2026-01-26 12:40:19,42.31,3.07194444444444
2026-01-26 12:40:22,42.31,3.07277777777778
2026-01-26 12:40:27,42.33,3.07416666666667
2026-01-26 12:40:30,42.32,3.075
2026-01-26 12:40:32,42.33,3.07555555555556
2026-01-26 12:42:38,42.63,3.11055555555556
2026-01-26 12:42:41,42.61,3.11138888888889
2026-01-26 12:42:44,42.61,3.11222222222222
2026-01-26 12:42:48,42.64,3.11333333333333
2026-01-26 12:42:51,42.64,3.11416666666667
2026-01-26 12:42:54,42.65,3.115
2026-01-26 12:42:56,42.65,3.11555555555556
2026-01-26 12:45:17,42.94,3.15472222222222
2026-01-26 12:45:20,42.95,3.15555555555556
2026-01-26 12:45:23,42.95,3.15638888888889
2026-01-26 12:45:28,42.97,3.15777777777778
2026-01-26 12:45:30,42.96,3.15833333333333
2026-01-26 12:45:33,42.96,3.15916666666667
2026-01-26 12:45:36,42.98,3.16
2026-01-26 12:45:38,42.97,3.16055555555556
2026-01-26 12:50:39,43.31,3.24416666666667
2026-01-26 12:54:30,43.43,3.30833333333333
2026-01-26 12:54:33,43.42,3.30916666666667
2026-01-26 12:54:36,43.43,3.31
2026-01-26 12:59:39,43.51,3.39416666666667
2026-01-26 13:01:06,43.54,3.41833333333333
2026-01-26 13:01:08,43.53,3.41888888888889
2026-01-26 13:01:11,43.53,3.41972222222222
2026-01-26 13:01:14,43.55,3.42055555555556
2026-01-26 13:01:16,43.53,3.42111111111111
2026-01-26 13:01:19,43.54,3.42194444444444
2026-01-26 13:01:21,43.51,3.4225
2026-01-26 13:01:24,43.53,3.42333333333333
2026-01-26 13:01:26,43.53,3.42388888888889
2026-01-26 13:01:29,43.53,3.42472222222222
2026-01-26 13:01:31,43.52,3.42527777777778
2026-01-26 13:01:34,43.53,3.42611111111111
2026-01-26 13:05:38,43.21,3.49388888888889
2026-01-26 13:05:41,43.21,3.49472222222222
2026-01-26 13:05:43,43.21,3.49527777777778
2026-01-26 13:05:46,43.21,3.49611111111111
2026-01-26 13:05:48,43.2,3.49666666666667
2026-01-26 13:05:51,43.19,3.4975
2026-01-26 13:05:54,43.19,3.49833333333333
2026-01-26 13:05:56,43.18,3.49888888888889
2026-01-26 13:05:59,43.2,3.49972222222222
2026-01-26 13:11:02,43.19,3.58388888888889
2026-01-26 13:11:07,43.2,3.58527777777778
2026-01-26 13:11:10,43.2,3.58611111111111
2026-01-26 13:11:12,43.21,3.58666666666667
2026-01-26 13:13:26,43.5,3.62388888888889
2026-01-26 13:13:29,43.53,3.62472222222222
2026-01-26 13:13:31,43.53,3.62527777777778
2026-01-26 13:13:34,43.54,3.62611111111111
2026-01-26 13:13:36,43.54,3.62666666666667
2026-01-26 13:13:39,43.57,3.6275
2026-01-26 13:13:41,43.57,3.62805555555556
2026-01-26 13:13:44,43.56,3.62888888888889
2026-01-26 13:13:47,43.57,3.62972222222222
2026-01-26 13:13:50,43.59,3.63055555555556
2026-01-26 13:13:54,43.59,3.63166666666667
2026-01-26 13:13:57,43.6,3.6325
2026-01-26 13:13:59,43.6,3.63305555555556
2026-01-26 13:14:02,43.61,3.63388888888889
2026-01-26 13:14:04,43.61,3.63444444444444
2026-01-26 13:14:07,43.63,3.63527777777778
2026-01-26 13:14:10,43.64,3.63611111111111
2026-01-26 13:14:12,43.63,3.63666666666667
2026-01-26 13:14:15,43.64,3.6375
2026-01-26 13:14:17,43.66,3.63805555555556
2026-01-26 13:14:20,43.65,3.63888888888889
2026-01-26 13:14:23,43.64,3.63972222222222
2026-01-26 13:14:25,43.67,3.64027777777778
2026-01-26 13:14:29,43.67,3.64138888888889
2026-01-26 13:14:33,43.67,3.6425
2026-01-26 13:14:36,43.68,3.64333333333333
2026-01-26 13:14:38,43.69,3.64388888888889
2026-01-26 13:14:40,43.68,3.64444444444444
2026-01-26 13:14:43,43.71,3.64527777777778
2026-01-26 13:14:45,43.71,3.64583333333333
2026-01-26 13:14:48,43.72,3.64666666666667
2026-01-26 13:14:51,43.71,3.6475
2026-01-26 13:14:53,43.74,3.64805555555556
2026-01-26 13:14:56,43.73,3.64888888888889
2026-01-26 13:14:58,43.74,3.64944444444444
2026-01-26 13:15:01,43.74,3.65027777777778
2026-01-26 13:15:04,43.75,3.65111111111111
2026-01-26 13:15:06,43.75,3.65166666666667
2026-01-26 13:15:09,43.76,3.6525
2026-01-26 13:15:11,43.75,3.65305555555556
2026-01-26 13:15:14,43.76,3.65388888888889
2026-01-26 13:15:17,43.79,3.65472222222222
2026-01-26 13:15:19,43.78,3.65527777777778
2026-01-26 13:15:22,43.79,3.65611111111111
2026-01-26 13:15:27,43.8,3.6575
2026-01-26 13:15:29,43.81,3.65805555555556
2026-01-26 13:15:32,43.82,3.65888888888889
2026-01-26 13:15:34,43.82,3.65944444444444
2026-01-26 13:15:37,43.82,3.66027777777778
2026-01-26 13:15:39,43.82,3.66083333333333
2026-01-26 13:15:42,43.82,3.66166666666667
2026-01-26 13:15:45,43.84,3.6625
2026-01-26 13:15:47,43.84,3.66305555555556
2026-01-26 13:15:50,43.85,3.66388888888889
2026-01-26 13:15:52,43.85,3.66444444444444
2026-01-26 13:15:55,43.86,3.66527777777778
2026-01-26 13:15:58,43.87,3.66611111111111
2026-01-26 13:16:00,43.86,3.66666666666667
2026-01-26 13:16:03,43.87,3.6675
2026-01-26 13:16:05,43.88,3.66805555555556
2026-01-26 13:16:08,43.89,3.66888888888889
2026-01-26 13:16:11,43.89,3.66972222222222
2026-01-26 13:16:13,43.9,3.67027777777778
2026-01-26 13:16:16,43.89,3.67111111111111
2026-01-26 13:16:18,43.92,3.67166666666667
2026-01-26 13:16:20,43.93,3.67222222222222
2026-01-26 13:16:23,43.92,3.67305555555556
2026-01-26 13:16:26,43.92,3.67388888888889
2026-01-26 13:16:28,43.93,3.67444444444444
2026-01-26 13:16:31,43.94,3.67527777777778
2026-01-26 13:16:33,43.94,3.67583333333333
2026-01-26 13:16:36,43.94,3.67666666666667
2026-01-26 13:16:39,43.95,3.6775
2026-01-26 13:16:41,43.96,3.67805555555556
2026-01-26 13:16:44,43.96,3.67888888888889
2026-01-26 13:16:46,43.98,3.67944444444444
2026-01-26 13:16:49,43.98,3.68027777777778
2026-01-26 13:16:52,43.99,3.68111111111111
2026-01-26 13:16:54,43.97,3.68166666666667
2026-01-26 13:16:57,43.99,3.6825
2026-01-26 13:16:59,43.99,3.68305555555556
2026-01-26 13:17:02,43.99,3.68388888888889
2026-01-26 13:17:05,44,3.68472222222222
2026-01-26 13:17:07,44.02,3.68527777777778
2026-01-26 13:17:09,44.01,3.68583333333333
2026-01-26 13:17:12,44.03,3.68666666666667
2026-01-26 13:17:15,44.03,3.6875
2026-01-26 13:17:17,44.02,3.68805555555556
2026-01-26 13:17:20,44.02,3.68888888888889
2026-01-26 13:17:22,44.03,3.68944444444444
2026-01-26 13:17:25,44.05,3.69027777777778
2026-01-26 13:17:27,44.06,3.69083333333333
2026-01-26 13:17:30,44.05,3.69166666666667
2026-01-26 13:17:33,44.06,3.6925
2026-01-26 13:17:35,44.07,3.69305555555556
2026-01-26 13:17:38,44.07,3.69388888888889
2026-01-26 13:17:40,44.07,3.69444444444444
2026-01-26 13:17:43,44.08,3.69527777777778
2026-01-26 13:17:46,44.1,3.69611111111111
2026-01-26 13:17:48,44.1,3.69666666666667
2026-01-26 13:17:51,44.1,3.6975
2026-01-26 13:17:53,44.08,3.69805555555556
2026-01-26 13:17:56,44.1,3.69888888888889
2026-01-26 13:17:58,44.1,3.69944444444444
2026-01-26 13:18:01,44.11,3.70027777777778
2026-01-26 13:18:03,44.13,3.70083333333333
2026-01-26 13:18:06,44.13,3.70166666666667
2026-01-26 13:18:08,44.14,3.70222222222222
2026-01-26 13:18:11,44.15,3.70305555555556
2026-01-26 13:18:14,44.16,3.70388888888889
2026-01-26 13:18:17,44.15,3.70472222222222
2026-01-26 13:18:21,44.19,3.70583333333333
2026-01-26 13:18:24,44.19,3.70666666666667
2026-01-26 13:21:11,44.72,3.75305555555556
2026-01-26 13:21:15,44.73,3.75416666666667
2026-01-26 13:21:19,44.74,3.75527777777778
2026-01-26 13:21:22,44.76,3.75611111111111
2026-01-26 13:21:26,44.78,3.75722222222222
2026-01-26 13:21:29,44.78,3.75805555555556
2026-01-26 13:21:32,44.78,3.75888888888889
2026-01-26 13:21:34,44.8,3.75944444444444
2026-01-26 13:21:37,44.81,3.76027777777778
2026-01-26 13:21:39,44.78,3.76083333333333
2026-01-26 13:25:28,45.57,3.82444444444444
2026-01-26 13:25:30,45.6,3.825
2026-01-26 13:25:33,45.6,3.82583333333333
2026-01-26 13:25:36,45.6,3.82666666666667
2026-01-26 13:25:38,45.61,3.82722222222222
2026-01-26 13:30:39,46.52,3.91083333333333
2026-01-26 13:35:19,47.26,3.98861111111111
2026-01-26 13:35:22,47.28,3.98944444444444
2026-01-26 13:35:24,47.28,3.99
2026-01-26 13:35:27,47.29,3.99083333333333
2026-01-26 13:35:29,47.3,3.99138888888889
2026-01-26 13:35:32,47.31,3.99222222222222
2026-01-26 13:35:35,47.29,3.99305555555556
2026-01-26 13:35:37,47.31,3.99361111111111
2026-01-26 13:35:40,47.32,3.99444444444444
2026-01-26 13:35:42,47.31,3.995
2026-01-26 13:35:45,47.32,3.99583333333333
2026-01-26 13:40:46,47.82,4.07944444444444
2026-01-26 13:40:48,47.79,4.08
2026-01-26 13:40:51,47.8,4.08083333333333
2026-01-26 13:40:53,47.8,4.08138888888889
2026-01-26 13:40:56,47.79,4.08222222222222
2026-01-26 13:40:59,47.8,4.08305555555556
2026-01-26 13:41:01,47.8,4.08361111111111
2026-01-26 13:46:02,46.65,4.16722222222222
2026-01-26 13:51:02,45.12,4.25055555555556
2026-01-26 13:56:03,43.8,4.33416666666667
2026-01-26 13:58:19,43.25,4.37194444444444
2026-01-26 13:58:22,43.24,4.37277777777778
2026-01-26 13:58:25,43.23,4.37361111111111
2026-01-26 13:58:27,43.24,4.37416666666667
2026-01-26 13:58:29,43.21,4.37472222222222
2026-01-26 13:58:32,43.22,4.37555555555556
2026-01-26 13:58:35,43.19,4.37638888888889
2026-01-26 13:58:37,43.19,4.37694444444444
2026-01-26 13:58:40,43.16,4.37777777777778
2026-01-26 13:58:42,43.17,4.37833333333333
2026-01-26 13:58:45,43.16,4.37916666666667
2026-01-26 13:58:47,43.15,4.37972222222222
2026-01-26 13:58:50,43.16,4.38055555555556
2026-01-26 13:58:53,43.13,4.38138888888889
2026-01-26 13:58:55,43.14,4.38194444444444
2026-01-26 13:58:58,43.12,4.38277777777778
2026-01-26 14:03:59,42.99,4.46638888888889
2026-01-26 14:08:59,42.87,4.54972222222222
2026-01-26 14:09:25,42.85,4.55694444444444
2026-01-26 14:09:27,42.86,4.5575
2026-01-26 14:09:30,42.85,4.55833333333333
2026-01-26 14:09:33,42.85,4.55916666666667
2026-01-26 14:09:35,42.86,4.55972222222222
2026-01-26 14:09:38,42.85,4.56055555555556
2026-01-26 14:09:40,42.85,4.56111111111111
2026-01-26 14:09:43,42.85,4.56194444444444
2026-01-26 14:09:46,42.85,4.56277777777778
2026-01-26 14:09:48,42.85,4.56333333333333
2026-01-26 14:09:51,42.85,4.56416666666667
2026-01-26 14:09:53,42.85,4.56472222222222
2026-01-26 14:09:56,42.85,4.56555555555556
2026-01-26 14:09:59,42.85,4.56638888888889
2026-01-26 14:10:01,42.84,4.56694444444444
2026-01-26 14:10:03,42.85,4.5675
2026-01-26 14:10:06,42.85,4.56833333333333
2026-01-26 14:10:08,42.85,4.56888888888889
2026-01-26 14:10:11,42.84,4.56972222222222
2026-01-26 14:10:14,42.84,4.57055555555556
2026-01-26 14:10:16,42.83,4.57111111111111
2026-01-26 14:10:19,42.83,4.57194444444444
2026-01-26 14:10:21,42.85,4.5725
2026-01-26 14:10:24,42.85,4.57333333333333
2026-01-26 14:10:27,42.83,4.57416666666667
2026-01-26 14:10:29,42.84,4.57472222222222
2026-01-26 14:10:32,42.85,4.57555555555556
2026-01-26 14:10:34,42.85,4.57611111111111
2026-01-26 14:10:37,42.85,4.57694444444444
2026-01-26 14:10:40,42.84,4.57777777777778
2026-01-26 14:10:42,42.83,4.57833333333333
2026-01-26 14:10:45,42.85,4.57916666666667
2026-01-26 14:10:47,42.84,4.57972222222222
2026-01-26 14:10:50,42.83,4.58055555555556
2026-01-26 14:10:52,42.83,4.58111111111111
2026-01-26 14:10:55,42.83,4.58194444444444
2026-01-26 14:10:57,42.84,4.5825
2026-01-26 14:11:00,42.83,4.58333333333333
2026-01-26 14:11:02,42.83,4.58388888888889
2026-01-26 14:11:05,42.84,4.58472222222222
2026-01-26 14:11:08,42.85,4.58555555555556
2026-01-26 14:11:10,42.83,4.58611111111111
2026-01-26 14:11:13,42.83,4.58694444444444
2026-01-26 14:11:15,42.85,4.5875
2026-01-26 14:11:19,42.83,4.58861111111111
2026-01-26 14:11:24,42.84,4.59
2026-01-26 14:11:28,42.83,4.59111111111111
2026-01-26 14:11:31,42.82,4.59194444444444
2026-01-26 14:11:34,42.84,4.59277777777778
2026-01-26 14:11:36,42.82,4.59333333333333
2026-01-26 14:11:39,42.83,4.59416666666667
2026-01-26 14:11:41,42.82,4.59472222222222
2026-01-26 14:11:43,42.82,4.59527777777778
2026-01-26 14:11:46,42.84,4.59611111111111
2026-01-26 14:11:49,42.82,4.59694444444444
2026-01-26 14:11:51,42.83,4.5975
2026-01-26 14:11:54,42.82,4.59833333333333
2026-01-26 14:11:56,42.81,4.59888888888889
2026-01-26 14:11:59,42.81,4.59972222222222
2026-01-26 14:12:02,42.82,4.60055555555556
2026-01-26 14:12:04,42.82,4.60111111111111
2026-01-26 14:12:07,42.82,4.60194444444444
2026-01-26 14:12:09,42.82,4.6025
2026-01-26 14:12:12,42.82,4.60333333333333
2026-01-26 14:12:15,42.81,4.60416666666667
2026-01-26 14:12:17,42.82,4.60472222222222
2026-01-26 14:12:20,42.81,4.60555555555556
2026-01-26 14:12:22,42.8,4.60611111111111
2026-01-26 14:12:25,42.8,4.60694444444444
2026-01-26 14:12:28,42.81,4.60777777777778
2026-01-26 14:12:30,42.82,4.60833333333333
2026-01-26 14:12:32,42.82,4.60888888888889
2026-01-26 14:12:35,42.79,4.60972222222222
2026-01-26 14:12:37,42.82,4.61027777777778
2026-01-26 14:12:40,42.81,4.61111111111111
2026-01-26 14:12:43,42.79,4.61194444444444
2026-01-26 14:12:45,42.8,4.6125
2026-01-26 14:12:48,42.79,4.61333333333333
2026-01-26 14:12:50,42.79,4.61388888888889
2026-01-26 14:12:53,42.78,4.61472222222222
2026-01-26 14:12:56,42.78,4.61555555555556
2026-01-26 14:12:58,42.79,4.61611111111111
2026-01-26 14:13:01,42.78,4.61694444444444
2026-01-26 14:13:03,42.78,4.6175
2026-01-26 14:13:06,42.78,4.61833333333333
2026-01-26 14:13:09,42.78,4.61916666666667
2026-01-26 14:13:11,42.79,4.61972222222222
2026-01-26 14:13:14,42.78,4.62055555555556
2026-01-26 14:13:16,42.78,4.62111111111111
2026-01-26 14:13:19,42.78,4.62194444444444
2026-01-26 14:13:21,42.78,4.6225
2026-01-26 14:13:24,42.78,4.62333333333333
2026-01-26 14:13:26,42.78,4.62388888888889
2026-01-26 14:13:29,42.78,4.62472222222222
2026-01-26 14:13:31,42.78,4.62527777777778
2026-01-26 14:13:34,42.78,4.62611111111111
2026-01-26 14:13:37,42.78,4.62694444444444
2026-01-26 14:13:39,42.78,4.6275
2026-01-26 14:13:42,42.78,4.62833333333333
2026-01-26 14:13:44,42.78,4.62888888888889
2026-01-26 14:13:47,42.78,4.62972222222222
2026-01-26 14:13:50,42.78,4.63055555555556
2026-01-26 14:13:52,42.77,4.63111111111111
2026-01-26 14:13:55,42.77,4.63194444444444
2026-01-26 14:13:57,42.78,4.6325
2026-01-26 14:14:00,42.77,4.63333333333333
2026-01-26 14:14:03,42.76,4.63416666666667
2026-01-26 14:14:05,42.76,4.63472222222222
2026-01-26 14:14:08,42.75,4.63555555555556
2026-01-26 14:14:10,42.75,4.63611111111111
2026-01-26 14:14:13,42.77,4.63694444444444
2026-01-26 14:14:15,42.77,4.6375
2026-01-26 14:14:18,42.77,4.63833333333333
2026-01-26 14:14:20,42.76,4.63888888888889
2026-01-26 14:14:23,42.76,4.63972222222222
2026-01-26 14:14:26,42.76,4.64055555555556
2026-01-26 14:14:31,42.75,4.64194444444444
2026-01-26 14:14:33,42.75,4.6425
2026-01-26 14:14:36,42.76,4.64333333333333
2026-01-26 14:14:38,42.75,4.64388888888889
2026-01-26 14:14:41,42.74,4.64472222222222
2026-01-26 14:14:44,42.75,4.64555555555556
2026-01-26 14:14:46,42.76,4.64611111111111
2026-01-26 14:14:49,42.74,4.64694444444444
2026-01-26 14:14:51,42.74,4.6475
2026-01-26 14:14:54,42.74,4.64833333333333
2026-01-26 14:14:57,42.72,4.64916666666667
2026-01-26 14:14:59,42.74,4.64972222222222
2026-01-26 14:15:01,42.71,4.65027777777778
2026-01-26 14:19:13,41.89,4.72027777777778
2026-01-26 14:19:16,41.88,4.72111111111111
2026-01-26 14:19:18,41.87,4.72166666666667
2026-01-26 14:19:21,41.88,4.7225
2026-01-26 14:19:24,41.87,4.72333333333333
2026-01-26 14:19:26,41.85,4.72388888888889
2026-01-26 14:19:29,41.85,4.72472222222222
2026-01-26 14:19:31,41.84,4.72527777777778
2026-01-26 14:19:34,41.84,4.72611111111111
2026-01-26 14:19:37,41.83,4.72694444444444
2026-01-26 14:19:39,41.83,4.7275
2026-01-26 14:19:42,41.82,4.72833333333333
2026-01-26 14:19:44,41.81,4.72888888888889
2026-01-26 14:19:47,41.81,4.72972222222222
2026-01-26 14:19:50,41.81,4.73055555555556
2026-01-26 14:19:52,41.8,4.73111111111111
2026-01-26 14:19:55,41.8,4.73194444444444
2026-01-26 14:19:57,41.78,4.7325
2026-01-26 14:20:02,41.78,4.73388888888889
2026-01-26 14:20:05,41.77,4.73472222222222
2026-01-26 14:20:07,41.77,4.73527777777778
2026-01-26 14:20:10,41.77,4.73611111111111
2026-01-26 14:20:12,41.74,4.73666666666667
2026-01-26 14:24:30,41.51,4.80833333333333
2026-01-26 14:24:32,41.52,4.80888888888889
2026-01-26 14:24:35,41.53,4.80972222222222
2026-01-26 14:24:37,41.51,4.81027777777778
2026-01-26 14:24:40,41.51,4.81111111111111
2026-01-26 14:24:43,41.52,4.81194444444444
2026-01-26 14:24:45,41.51,4.8125
2026-01-26 14:24:48,41.52,4.81333333333333
2026-01-26 14:24:50,41.51,4.81388888888889
2026-01-26 14:24:53,41.49,4.81472222222222
2026-01-26 14:24:55,41.49,4.81527777777778
2026-01-26 14:24:58,41.51,4.81611111111111
2026-01-26 14:25:00,41.51,4.81666666666667
2026-01-26 14:25:03,41.49,4.8175
2026-01-26 14:25:05,41.49,4.81805555555556
2026-01-26 14:25:08,41.49,4.81888888888889
2026-01-26 14:25:11,41.51,4.81972222222222
2026-01-26 14:25:13,41.49,4.82027777777778
2026-01-26 14:25:16,41.51,4.82111111111111
2026-01-26 14:25:18,41.49,4.82166666666667
2026-01-26 14:25:21,41.49,4.8225
2026-01-26 14:25:24,41.5,4.82333333333333
2026-01-26 14:25:26,41.49,4.82388888888889
2026-01-26 14:25:29,41.49,4.82472222222222
2026-01-26 14:25:31,41.49,4.82527777777778
2026-01-26 14:25:34,41.48,4.82611111111111
2026-01-26 14:26:20,41.49,4.83888888888889
2026-01-26 14:26:23,41.48,4.83972222222222
2026-01-26 14:31:23,41.29,4.92305555555556
2026-01-26 14:34:31,41.17,4.97527777777778
2026-01-26 14:34:34,41.17,4.97611111111111
2026-01-26 14:34:36,41.17,4.97666666666667
2026-01-26 14:34:39,41.17,4.9775
2026-01-26 14:34:41,41.17,4.97805555555556
2026-01-26 14:34:43,41.16,4.97861111111111
2026-01-26 14:34:46,41.16,4.97944444444444
2026-01-26 14:34:49,41.17,4.98027777777778
2026-01-26 14:34:51,41.17,4.98083333333333
2026-01-26 14:34:54,41.17,4.98166666666667
2026-01-26 14:34:56,41.17,4.98222222222222
2026-01-26 14:34:59,41.16,4.98305555555556
2026-01-26 14:35:02,41.16,4.98388888888889
2026-01-26 14:35:04,41.14,4.98444444444444
2026-01-26 14:35:07,41.15,4.98527777777778
2026-01-26 14:35:09,41.16,4.98583333333333
2026-01-26 14:35:12,41.14,4.98666666666667
2026-01-26 14:35:15,41.14,4.9875
2026-01-26 14:35:17,41.14,4.98805555555556
2026-01-26 14:35:20,41.14,4.98888888888889
2026-01-26 14:35:22,41.14,4.98944444444444
2026-01-26 14:35:25,41.14,4.99027777777778
2026-01-26 14:40:26,40.66,5.07388888888889
2026-01-26 14:45:26,40.35,5.15722222222222
2026-01-26 14:50:27,40.1,5.24083333333333
2026-01-26 14:55:27,39.88,5.32416666666667
2026-01-26 15:00:28,39.66,5.40777777777778
2026-01-26 15:05:29,39.43,5.49138888888889
2026-01-26 15:10:30,39.24,5.575
2026-01-26 15:15:30,39.03,5.65833333333333
2026-01-26 15:20:31,38.82,5.74194444444444
2026-01-26 15:25:32,38.62,5.82555555555556
2026-01-26 15:30:32,38.42,5.90888888888889
2026-01-26 15:35:33,38.25,5.9925
2026-01-26 15:40:34,38.06,6.07611111111111
2026-01-26 15:45:35,37.86,6.15972222222222
2026-01-26 15:50:35,37.68,6.24305555555556
2026-01-26 15:55:36,37.51,6.32666666666667
2026-01-26 16:00:37,37.34,6.41027777777778
2026-01-26 16:05:37,37.18,6.49361111111111
2026-01-26 16:10:38,37.05,6.57722222222222
2026-01-26 16:15:38,36.89,6.66055555555556
2026-01-26 16:20:39,36.77,6.74416666666667
2026-01-26 16:25:40,36.62,6.82777777777778
2026-01-26 16:30:41,36.5,6.91138888888889
2026-01-26 16:35:41,36.37,6.99472222222222
2026-01-26 16:40:42,36.25,7.07833333333333
2026-01-26 16:45:43,36.14,7.16194444444444
2026-01-26 16:50:43,36.01,7.24527777777778
2026-01-26 16:55:44,35.91,7.32888888888889
2026-01-26 17:00:45,35.81,7.4125
2026-01-26 17:05:46,35.71,7.49611111111111
2026-01-26 17:10:46,35.62,7.57944444444444
2026-01-26 17:15:47,35.53,7.66305555555556
2026-01-26 17:20:48,35.45,7.74666666666667
2026-01-26 17:25:48,35.38,7.83
2026-01-26 17:30:49,35.29,7.91361111111111
2026-01-26 17:35:49,35.2,7.99694444444444
2026-01-26 17:40:50,35.13,8.08055555555556
2026-01-26 17:45:51,35.07,8.16416666666667
2026-01-26 17:50:52,34.99,8.24777777777778
2026-01-26 17:55:52,34.91,8.33111111111111
2026-01-26 18:00:53,34.85,8.41472222222222
2026-01-26 18:05:54,34.78,8.49833333333333
2026-01-26 18:10:57,34.73,8.5825
2026-01-26 18:15:58,34.67,8.66611111111111
2026-01-26 18:20:58,34.63,8.74944444444444
2026-01-26 18:25:59,34.59,8.83305555555556
2026-01-26 18:31:00,34.52,8.91666666666667
2026-01-26 18:36:01,34.46,9.00027777777778
2026-01-26 18:41:01,34.43,9.08361111111111
2026-01-26 18:46:02,34.39,9.16722222222222
2026-01-26 18:51:02,34.32,9.25055555555556
2026-01-26 18:56:03,34.28,9.33416666666667
2026-01-26 19:01:04,34.24,9.41777777777778
2026-01-26 19:06:04,34.21,9.50111111111111
2026-01-26 19:11:05,34.16,9.58472222222222
2026-01-26 19:16:06,34.13,9.66833333333333
2026-01-26 19:21:07,34.12,9.75194444444444
2026-01-26 19:26:07,34.07,9.83527777777778
2026-01-26 19:31:08,34.05,9.91888888888889
2026-01-26 19:36:09,34.02,10.0025
2026-01-26 19:41:09,33.99,10.0858333333333
2026-01-26 19:46:10,33.94,10.1694444444444
2026-01-26 19:51:11,33.92,10.2530555555556
2026-01-26 19:56:12,33.87,10.3366666666667
2026-01-26 20:01:12,33.85,10.42
2026-01-26 20:06:13,33.82,10.5036111111111
2026-01-26 20:11:14,33.78,10.5872222222222
2026-01-26 20:16:14,33.75,10.6705555555556
2026-01-26 20:21:15,33.76,10.7541666666667
2026-01-26 20:26:15,33.72,10.8375
2026-01-26 20:31:16,33.69,10.9211111111111
2026-01-26 20:36:17,33.66,11.0047222222222
2026-01-26 20:41:17,33.64,11.0880555555556
2026-01-26 20:46:18,33.6,11.1716666666667
2026-01-26 20:51:19,33.58,11.2552777777778
2026-01-26 20:56:20,33.54,11.3388888888889
2026-01-26 21:01:20,33.52,11.4222222222222
2026-01-26 21:06:21,33.49,11.5058333333333
2026-01-26 21:11:22,33.48,11.5894444444444
2026-01-26 21:16:22,33.44,11.6727777777778
2026-01-26 21:21:23,33.42,11.7563888888889
2026-01-26 21:26:24,33.42,11.84
2026-01-26 21:31:24,33.41,11.9233333333333
2026-01-26 21:36:25,33.39,12.0069444444444
2026-01-26 21:41:26,33.38,12.0905555555556
2026-01-26 21:46:26,33.35,12.1738888888889
2026-01-26 21:51:27,33.34,12.2575
2026-01-26 21:56:28,33.31,12.3411111111111
2026-01-26 22:01:28,33.31,12.4244444444444
2026-01-26 22:06:29,33.28,12.5080555555556
2026-01-26 22:11:30,33.28,12.5916666666667
2026-01-26 22:16:31,33.27,12.6752777777778
2026-01-26 22:21:31,33.26,12.7586111111111
2026-01-26 22:26:32,33.25,12.8422222222222
2026-01-26 22:31:33,33.26,12.9258333333333
2026-01-26 22:36:33,33.24,13.0091666666667
2026-01-26 22:41:34,33.23,13.0927777777778
2026-01-26 22:46:35,33.21,13.1763888888889
2026-01-26 22:51:36,33.19,13.26
2026-01-26 22:56:36,33.19,13.3433333333333
2026-01-26 23:01:37,33.18,13.4269444444444
2026-01-26 23:06:38,33.17,13.5105555555556
2026-01-26 23:11:38,33.17,13.5938888888889
2026-01-26 23:16:39,33.16,13.6775
2026-01-26 23:21:39,33.17,13.7608333333333
2026-01-26 23:26:40,33.17,13.8444444444444
2026-01-26 23:31:41,33.17,13.9280555555556
2026-01-26 23:36:41,33.17,14.0113888888889
2026-01-26 23:41:42,33.14,14.095
2026-01-26 23:46:43,33.14,14.1786111111111
2026-01-26 23:51:44,33.14,14.2622222222222
2026-01-26 23:56:44,33.12,14.3455555555556
2026-01-27 00:01:45,33.11,14.4291666666667
2026-01-27 00:06:46,33.1,14.5127777777778
2026-01-27 00:11:46,33.1,14.5961111111111
2026-01-27 00:16:47,33.1,14.6797222222222
2026-01-27 00:21:48,33.1,14.7633333333333
2026-01-27 00:26:49,33.1,14.8469444444444
2026-01-27 00:31:49,33.1,14.9302777777778
2026-01-27 00:36:50,33.1,15.0138888888889
2026-01-27 00:41:50,33.07,15.0972222222222
2026-01-27 00:46:51,33.08,15.1808333333333
2026-01-27 00:51:52,33.07,15.2644444444444
2026-01-27 00:56:52,33.05,15.3477777777778
2026-01-27 01:01:53,33.03,15.4313888888889
2026-01-27 01:06:54,33.05,15.515
2026-01-27 01:11:55,33.03,15.5986111111111
2026-01-27 01:16:55,33.04,15.6819444444444
2026-01-27 01:21:56,33.05,15.7655555555556
2026-01-27 01:26:57,33.03,15.8491666666667
2026-01-27 01:31:57,33.03,15.9325
2026-01-27 01:36:58,33.03,16.0161111111111
2026-01-27 01:41:59,33.03,16.0997222222222
2026-01-27 01:47:00,33.02,16.1833333333333
2026-01-27 01:52:00,33.01,16.2666666666667
2026-01-27 01:57:01,32.99,16.3502777777778
2026-01-27 02:02:01,32.99,16.4336111111111
2026-01-27 02:07:02,32.99,16.5172222222222
2026-01-27 02:12:03,32.99,16.6008333333333
2026-01-27 02:17:03,32.98,16.6841666666667
2026-01-27 02:22:04,32.98,16.7677777777778
2026-01-27 02:27:05,32.99,16.8513888888889
2026-01-27 02:32:06,32.99,16.935
2026-01-27 02:37:06,32.99,17.0183333333333
2026-01-27 02:42:07,32.99,17.1019444444444
2026-01-27 02:47:08,32.98,17.1855555555556
2026-01-27 02:52:08,32.98,17.2688888888889
2026-01-27 02:57:09,32.95,17.3525
2026-01-27 03:02:10,32.96,17.4361111111111
2026-01-27 03:07:11,32.96,17.5197222222222
2026-01-27 03:12:11,32.96,17.6030555555556
2026-01-27 03:17:12,32.98,17.6866666666667
2026-01-27 03:22:13,32.97,17.7702777777778
2026-01-27 03:27:15,32.97,17.8541666666667
2026-01-27 03:32:16,32.97,17.9377777777778
2026-01-27 03:37:17,32.98,18.0213888888889
2026-01-27 03:42:18,32.98,18.105
2026-01-27 03:47:18,32.97,18.1883333333333
2026-01-27 03:52:19,32.97,18.2719444444444
2026-01-27 03:57:20,32.96,18.3555555555556
2026-01-27 04:02:23,32.96,18.4397222222222
2026-01-27 04:07:24,32.97,18.5233333333333
2026-01-27 04:12:25,32.97,18.6069444444444
2026-01-27 04:17:25,32.96,18.6902777777778
2026-01-27 04:22:26,32.97,18.7738888888889
2026-01-27 04:27:27,32.99,18.8575
2026-01-27 04:32:27,32.99,18.9408333333333
2026-01-27 04:37:28,32.99,19.0244444444444
2026-01-27 04:42:29,32.99,19.1080555555556
2026-01-27 04:47:29,32.98,19.1913888888889
2026-01-27 04:52:30,32.99,19.275
2026-01-27 04:57:30,32.97,19.3583333333333
2026-01-27 05:02:31,32.99,19.4419444444444
2026-01-27 05:07:32,32.99,19.5255555555556
2026-01-27 05:12:33,32.99,19.6091666666667
2026-01-27 05:17:33,33,19.6925
2026-01-27 05:22:34,33.01,19.7761111111111
2026-01-27 05:27:35,33.02,19.8597222222222
2026-01-27 05:32:35,33.01,19.9430555555556
2026-01-27 05:37:36,33.03,20.0266666666667
2026-01-27 05:42:37,33.02,20.1102777777778
2026-01-27 05:47:38,33.03,20.1938888888889
2026-01-27 05:52:38,33.02,20.2772222222222
2026-01-27 05:57:39,33.03,20.3608333333333
2026-01-27 06:02:40,33.01,20.4444444444444
2026-01-27 06:07:40,33.02,20.5277777777778
2026-01-27 06:12:41,33.04,20.6113888888889
2026-01-27 06:17:41,33.03,20.6947222222222
2026-01-27 06:22:42,33.07,20.7783333333333
2026-01-27 06:27:43,33.08,20.8619444444444
2026-01-27 06:32:44,33.08,20.9455555555556
2026-01-27 06:37:44,33.07,21.0288888888889
2026-01-27 06:42:45,33.1,21.1125
2026-01-27 06:47:46,33.1,21.1961111111111
2026-01-27 06:52:46,33.09,21.2794444444444
2026-01-27 06:57:47,33.1,21.3630555555556
2026-01-27 07:02:48,33.1,21.4466666666667
2026-01-27 07:07:49,33.1,21.5302777777778
2026-01-27 07:12:49,33.12,21.6136111111111
2026-01-27 07:17:50,33.13,21.6972222222222
2026-01-27 07:22:51,33.15,21.7808333333333
2026-01-27 07:27:51,33.16,21.8641666666667
2026-01-27 07:32:52,33.2,21.9477777777778
2026-01-27 07:37:52,33.19,22.0311111111111
2026-01-27 07:42:53,33.21,22.1147222222222
2026-01-27 07:47:54,33.34,22.1983333333333
2026-01-27 07:52:54,33.64,22.2816666666667
2026-01-27 07:57:55,33.75,22.3652777777778
2026-01-27 08:02:56,33.8,22.4488888888889
2026-01-27 08:07:57,33.82,22.5325
2026-01-27 08:12:57,33.82,22.6158333333333
2026-01-27 08:17:58,33.78,22.6994444444444
2026-01-27 08:22:59,33.75,22.7830555555556
2026-01-27 08:27:59,33.73,22.8663888888889
2026-01-27 08:33:00,33.74,22.95
2026-01-27 08:38:01,33.72,23.0336111111111
2026-01-27 08:43:02,33.72,23.1172222222222
2026-01-27 08:48:02,33.77,23.2005555555556
2026-01-27 08:53:03,33.8,23.2841666666667
2026-01-27 08:58:03,33.82,23.3675
2026-01-27 09:03:04,33.89,23.4511111111111
2026-01-27 09:08:05,33.94,23.5347222222222
2026-01-27 09:13:05,33.99,23.6180555555556
2026-01-27 09:18:06,34.02,23.7016666666667
2026-01-27 09:23:07,34.04,23.7852777777778
2026-01-27 09:28:08,34.08,23.8688888888889
2026-01-27 09:33:08,34.14,23.9522222222222
2026-01-27 09:38:09,34.18,24.0358333333333
2026-01-27 09:43:10,34.24,24.1194444444444
2026-01-27 09:48:10,34.3,24.2027777777778
2026-01-27 09:53:11,34.38,24.2863888888889
2026-01-27 09:58:12,34.42,24.37
2026-01-27 10:03:13,34.5,24.4536111111111
2026-01-27 10:08:13,34.56,24.5369444444444
2026-01-27 10:13:14,34.64,24.6205555555556
2026-01-27 10:18:15,34.67,24.7041666666667
2026-01-27 10:23:15,34.7,24.7875
2026-01-27 10:28:16,34.75,24.8711111111111
2026-01-27 10:33:19,34.8,24.9552777777778
2026-01-27 10:38:20,34.85,25.0388888888889
2026-01-27 10:43:20,34.9,25.1222222222222
2026-01-27 10:48:21,34.95,25.2058333333333
2026-01-27 10:53:22,34.99,25.2894444444444
2026-01-27 10:58:23,35.05,25.3730555555556
2026-01-27 11:03:23,35.07,25.4563888888889
2026-01-27 11:08:24,35.14,25.54
2026-01-27 11:13:25,35.21,25.6236111111111
2026-01-27 11:18:25,35.22,25.7069444444444
2026-01-27 11:23:26,35.25,25.7905555555556
2026-01-27 11:28:27,35.32,25.8741666666667
2026-01-27 11:33:28,35.35,25.9577777777778
2026-01-27 11:38:28,35.39,26.0411111111111
2026-01-27 11:43:28,35.43,26.1244444444444
2026-01-27 11:48:29,35.49,26.2080555555556
2026-01-27 11:53:30,35.53,26.2916666666667
2026-01-27 11:58:31,35.57,26.3752777777778
2026-01-27 12:03:31,35.62,26.4586111111111
2026-01-27 12:08:32,35.67,26.5422222222222
2026-01-27 12:13:33,35.72,26.6258333333333
2026-01-27 12:18:33,35.77,26.7091666666667
2026-01-27 12:23:34,35.78,26.7927777777778
2026-01-27 12:28:35,35.85,26.8763888888889
2026-01-27 12:33:36,35.9,26.96
2026-01-27 12:38:36,35.94,27.0433333333333
2026-01-27 12:43:37,35.97,27.1269444444444
2026-01-27 12:48:38,36.03,27.2105555555556
2026-01-27 12:53:39,36.07,27.2941666666667
2026-01-27 12:58:39,36.09,27.3775
2026-01-27 13:03:40,36.16,27.4611111111111
2026-01-27 13:08:41,36.22,27.5447222222222
2026-01-27 13:13:41,36.26,27.6280555555556
2026-01-27 13:18:42,36.28,27.7116666666667
2026-01-27 13:23:42,36.32,27.795
2026-01-27 13:28:43,36.36,27.8786111111111
2026-01-27 13:33:44,36.66,27.9622222222222
2026-01-27 13:38:44,39.46,28.0455555555556
2026-01-27 13:43:45,41.21,28.1291666666667
2026-01-27 13:48:46,42,28.2127777777778
2026-01-27 13:53:47,42.07,28.2963888888889
2026-01-27 13:58:47,41.89,28.3797222222222
2026-01-27 14:03:48,41.63,28.4633333333333
2026-01-27 14:08:49,41.33,28.5469444444444
2026-01-27 14:13:49,41.14,28.6302777777778
2026-01-27 14:18:51,41.19,28.7141666666667
2026-01-27 14:23:53,41.42,28.7980555555556
2026-01-27 14:28:54,41.79,28.8816666666667
2026-01-27 14:33:54,42.2,28.965
2026-01-27 14:38:55,42.62,29.0486111111111
2026-01-27 14:43:56,43.12,29.1322222222222
2026-01-27 14:48:57,43.09,29.2158333333333
2026-01-27 14:53:57,42.71,29.2991666666667
2026-01-27 14:58:58,42.26,29.3827777777778
2026-01-27 15:03:59,41.82,29.4663888888889
2026-01-27 15:09:00,41.43,29.55
2026-01-27 15:14:00,41.21,29.6333333333333
2026-01-27 15:19:01,41.26,29.7169444444444
2026-01-27 15:24:02,41.51,29.8005555555556
2026-01-27 15:29:02,41.87,29.8838888888889
2026-01-27 15:34:03,42.3,29.9675
2026-01-27 15:39:04,42.77,30.0511111111111
2026-01-27 15:44:05,43.25,30.1347222222222
2026-01-27 15:49:05,43.13,30.2180555555556
2026-01-27 15:54:05,42.68,30.3013888888889
2026-01-27 15:59:06,42.2,30.385
2026-01-27 16:04:07,41.74,30.4686111111111
2026-01-27 16:09:08,41.31,30.5522222222222
2026-01-27 16:14:08,41.1,30.6355555555556
2026-01-27 16:19:10,41.2,30.7194444444444
2026-01-27 16:24:12,41.47,30.8033333333333
2026-01-27 16:29:13,41.89,30.8869444444444
2026-01-27 16:34:14,42.36,30.9705555555556
2026-01-27 16:39:15,42.83,31.0541666666667
2026-01-27 16:44:15,43.29,31.1375
2026-01-27 16:49:16,43.07,31.2211111111111
2026-01-27 16:54:17,42.58,31.3047222222222
2026-01-27 16:59:17,42.07,31.3880555555556
2026-01-27 17:04:18,41.6,31.4716666666667
2026-01-27 17:09:18,41.17,31.555
2026-01-27 17:14:19,40.96,31.6386111111111
2026-01-27 17:19:20,41.1,31.7222222222222
2026-01-27 17:24:20,41.42,31.8055555555556
2026-01-27 17:29:21,41.86,31.8891666666667
2026-01-27 17:34:22,42.36,31.9727777777778
2026-01-27 17:39:23,42.87,32.0563888888889
2026-01-27 17:44:23,43.24,32.1397222222222
2026-01-27 17:49:24,42.92,32.2233333333333
2026-01-27 17:54:25,42.41,32.3069444444444
2026-01-27 17:59:26,41.89,32.3905555555556
2026-01-27 18:04:27,41.42,32.4741666666667
2026-01-27 18:09:27,41,32.5575
2026-01-27 18:14:28,40.84,32.6411111111111
2026-01-27 18:19:28,41,32.7244444444444
2026-01-27 18:24:29,41.36,32.8080555555556
2026-01-27 18:29:30,41.84,32.8916666666667
2026-01-27 18:34:30,42.34,32.975
2026-01-27 18:39:31,42.83,33.0586111111111
2026-01-27 18:44:31,43.19,33.1419444444444
2026-01-27 18:49:32,42.79,33.2255555555556
2026-01-27 18:54:33,42.23,33.3091666666667
2026-01-27 18:59:34,41.7,33.3927777777778
2026-01-27 19:04:34,41.21,33.4761111111111
2026-01-27 19:09:35,40.8,33.5597222222222
2026-01-27 19:14:36,40.66,33.6433333333333
2026-01-27 19:19:36,40.86,33.7266666666667
2026-01-27 19:24:37,41.24,33.8102777777778
2026-01-27 19:29:38,41.76,33.8938888888889
2026-01-27 19:34:39,42.24,33.9775
2026-01-27 19:39:39,42.79,34.0608333333333
2026-01-27 19:44:40,43.06,34.1444444444444
2026-01-27 19:49:41,42.64,34.2280555555556
2026-01-27 19:54:41,42.09,34.3113888888889
2026-01-27 19:59:42,41.59,34.395
2026-01-27 20:04:42,41.1,34.4783333333333
2026-01-27 20:09:43,40.69,34.5619444444444
2026-01-27 20:14:44,40.57,34.6455555555556
2026-01-27 20:19:45,40.78,34.7291666666667
2026-01-27 20:24:45,41.18,34.8125
2026-01-27 20:29:46,41.7,34.8961111111111
2026-01-27 20:34:47,42.21,34.9797222222222
2026-01-27 20:39:47,42.75,35.0630555555556
2026-01-27 20:44:48,42.92,35.1466666666667
2026-01-27 20:49:49,42.44,35.2302777777778
2026-01-27 20:54:50,41.9,35.3138888888889
2026-01-27 20:59:50,41.41,35.3972222222222
2026-01-27 21:04:51,40.96,35.4808333333333
2026-01-27 21:09:52,40.58,35.5644444444444
2026-01-27 21:14:53,40.48,35.6480555555556
2026-01-27 21:19:53,40.74,35.7313888888889
2026-01-27 21:24:53,41.17,35.8147222222222
2026-01-27 21:29:54,41.7,35.8983333333333
2026-01-27 21:34:55,42.19,35.9819444444444
2026-01-27 21:39:56,42.69,36.0655555555556
2026-01-27 21:44:56,42.84,36.1488888888889
2026-01-27 21:49:57,42.32,36.2325
2026-01-27 21:54:58,41.75,36.3161111111111
2026-01-27 21:59:58,41.23,36.3994444444444
2026-01-27 22:04:59,40.78,36.4830555555556
2026-01-27 22:10:00,40.39,36.5666666666667
2026-01-27 22:15:01,40.32,36.6502777777778
2026-01-27 22:20:01,40.6,36.7336111111111
2026-01-27 22:25:02,41.07,36.8172222222222
2026-01-27 22:30:03,41.62,36.9008333333333
2026-01-27 22:35:04,42.15,36.9844444444444
2026-01-27 22:40:04,42.67,37.0677777777778
2026-01-27 22:45:04,42.67,37.1511111111111
2026-01-27 22:50:05,42.03,37.2347222222222
2026-01-27 22:55:06,41.43,37.3183333333333
2026-01-27 23:00:07,40.92,37.4019444444444
2026-01-27 23:05:07,40.46,37.4852777777778
2026-01-27 23:10:08,40.07,37.5688888888889
2026-01-27 23:15:09,40.04,37.6525
2026-01-27 23:20:09,40.4,37.7358333333333
2026-01-27 23:25:10,40.89,37.8194444444444
2026-01-27 23:30:11,41.47,37.9030555555556
2026-01-27 23:35:12,41.99,37.9866666666667
2026-01-27 23:40:12,42.52,38.07
2026-01-27 23:45:13,42.49,38.1536111111111
2026-01-27 23:50:14,41.89,38.2372222222222
2026-01-27 23:55:15,41.3,38.3208333333333
2026-01-28 00:00:15,40.83,38.4041666666667
2026-01-28 00:05:15,40.39,38.4875
2026-01-28 00:10:16,40.03,38.5711111111111
2026-01-28 00:15:17,40.05,38.6547222222222
2026-01-28 00:20:18,40.44,38.7383333333333
2026-01-28 00:25:18,40.95,38.8216666666667
2026-01-28 00:30:19,41.48,38.9052777777778
2026-01-28 00:35:20,42.04,38.9888888888889
2026-01-28 00:40:20,42.54,39.0722222222222
2026-01-28 00:45:21,42.41,39.1558333333333
2026-01-28 00:50:22,41.77,39.2394444444444
2026-01-28 00:55:23,41.16,39.3230555555556
2026-01-28 01:00:23,40.64,39.4063888888889
2026-01-28 01:05:24,40.24,39.49
2026-01-28 01:10:25,39.87,39.5736111111111
2026-01-28 01:15:25,39.96,39.6569444444444
2026-01-28 01:20:26,40.35,39.7405555555556
2026-01-28 01:25:27,40.89,39.8241666666667
2026-01-28 01:30:28,41.45,39.9077777777778
2026-01-28 01:35:28,41.99,39.9911111111111
2026-01-28 01:40:29,42.5,40.0747222222222
2026-01-28 01:45:29,42.28,40.1580555555556
2026-01-28 01:50:30,41.64,40.2416666666667
2026-01-28 01:55:31,41.04,40.3252777777778
2026-01-28 02:00:31,40.54,40.4086111111111
2026-01-28 02:05:32,40.13,40.4922222222222
2026-01-28 02:10:33,39.78,40.5758333333333
2026-01-28 02:15:34,39.89,40.6594444444444
2026-01-28 02:20:35,40.34,40.7430555555556
2026-01-28 02:25:35,40.87,40.8263888888889
2026-01-28 02:30:36,41.44,40.91
2026-01-28 02:35:36,41.99,40.9933333333333
2026-01-28 02:40:37,42.47,41.0769444444444
2026-01-28 02:45:38,42.22,41.1605555555556
2026-01-28 02:50:39,41.57,41.2441666666667
2026-01-28 02:55:39,40.96,41.3275
2026-01-28 03:00:40,40.46,41.4111111111111
2026-01-28 03:05:40,40.03,41.4944444444444
2026-01-28 03:10:41,39.68,41.5780555555556
2026-01-28 03:15:42,39.76,41.6616666666667
2026-01-28 03:20:42,40.24,41.745
2026-01-28 03:25:43,40.8,41.8286111111111
2026-01-28 03:30:44,41.35,41.9122222222222
2026-01-28 03:35:45,41.91,41.9958333333333
2026-01-28 03:40:45,42.42,42.0791666666667
2026-01-28 03:45:46,42.11,42.1627777777778
2026-01-28 03:50:47,41.42,42.2463888888889
2026-01-28 03:55:47,40.83,42.3297222222222
2026-01-28 04:00:48,40.34,42.4133333333333
2026-01-28 04:05:49,39.85,42.4969444444444
2026-01-28 04:10:50,39.55,42.5805555555556
2026-01-28 04:15:50,39.71,42.6638888888889
2026-01-28 04:20:51,40.2,42.7475
2026-01-28 04:25:51,40.76,42.8308333333333
2026-01-28 04:30:52,41.35,42.9144444444444
2026-01-28 04:35:53,41.89,42.9980555555556
2026-01-28 04:40:53,42.37,43.0813888888889
2026-01-28 04:45:54,42.02,43.165
2026-01-28 04:50:55,41.34,43.2486111111111
2026-01-28 04:55:56,40.76,43.3322222222222
2026-01-28 05:00:56,40.3,43.4155555555556
2026-01-28 05:05:57,39.89,43.4991666666667
2026-01-28 05:10:58,39.57,43.5827777777778
2026-01-28 05:15:58,39.76,43.6661111111111
2026-01-28 05:20:59,40.28,43.7497222222222
2026-01-28 05:26:00,40.85,43.8333333333333
2026-01-28 05:31:01,41.42,43.9169444444444
2026-01-28 05:36:01,41.97,44.0002777777778
2026-01-28 05:41:02,42.42,44.0838888888889
2026-01-28 05:46:02,41.94,44.1672222222222
2026-01-28 05:51:04,41.25,44.2511111111111
2026-01-28 05:56:06,40.64,44.335
2026-01-28 06:01:07,40.17,44.4186111111111
2026-01-28 06:06:08,39.78,44.5022222222222
2026-01-28 06:11:08,39.52,44.5855555555556
2026-01-28 06:16:10,39.74,44.6694444444444
2026-01-28 06:21:12,40.28,44.7533333333333
2026-01-28 06:26:13,40.89,44.8369444444444
2026-01-28 06:31:14,41.46,44.9205555555556
2026-01-28 06:36:15,41.97,45.0041666666667
2026-01-28 06:41:15,42.44,45.0875
2026-01-28 06:46:16,41.89,45.1711111111111
2026-01-28 06:51:17,41.21,45.2547222222222
2026-01-28 06:56:17,40.65,45.3380555555556
2026-01-28 07:01:18,40.18,45.4216666666667
2026-01-28 07:06:18,39.8,45.505
2026-01-28 07:11:19,39.52,45.5886111111111
2026-01-28 07:16:20,39.77,45.6722222222222
2026-01-28 07:21:21,40.34,45.7558333333333
2026-01-28 07:26:21,40.95,45.8391666666667
2026-01-28 07:31:22,41.52,45.9227777777778
2026-01-28 07:36:23,42.05,46.0063888888889
2026-01-28 07:41:23,42.47,46.0897222222222
2026-01-28 07:42:23,42.42,46.1063888888889
2026-01-28 07:42:25,42.42,46.1069444444444
2026-01-28 07:42:28,42.42,46.1077777777778
2026-01-28 07:42:30,42.39,46.1083333333333
2026-01-28 07:42:33,42.4,46.1091666666667
2026-01-28 07:42:35,42.41,46.1097222222222
2026-01-28 07:42:38,42.39,46.1105555555556
2026-01-28 07:42:40,42.39,46.1111111111111
2026-01-28 07:42:43,42.39,46.1119444444444
2026-01-28 07:42:46,42.38,46.1127777777778
2026-01-28 07:42:48,42.37,46.1133333333333
2026-01-28 07:42:51,42.37,46.1141666666667
2026-01-28 07:42:53,42.37,46.1147222222222
2026-01-28 07:42:56,42.37,46.1155555555556
2026-01-28 07:42:59,42.36,46.1163888888889
2026-01-28 07:43:01,42.35,46.1169444444444
2026-01-28 07:43:04,42.35,46.1177777777778
2026-01-28 07:43:06,42.35,46.1183333333333
2026-01-28 07:43:09,42.33,46.1191666666667
2026-01-28 07:43:12,42.34,46.12
2026-01-28 07:43:14,42.34,46.1205555555556
2026-01-28 07:43:17,42.33,46.1213888888889
2026-01-28 07:43:19,42.32,46.1219444444444
2026-01-28 07:43:22,42.32,46.1227777777778
2026-01-28 07:43:25,42.31,46.1236111111111
2026-01-28 07:43:29,42.29,46.1247222222222
2026-01-28 07:48:30,42.81,46.2083333333333
2026-01-28 07:51:09,43.64,46.2525
2026-01-28 07:51:12,43.66,46.2533333333333
2026-01-28 07:51:15,43.66,46.2541666666667
2026-01-28 07:51:17,43.68,46.2547222222222
2026-01-28 07:51:20,43.7,46.2555555555556
2026-01-28 07:51:22,43.71,46.2561111111111
2026-01-28 07:51:25,43.74,46.2569444444444
2026-01-28 07:51:28,43.74,46.2577777777778
2026-01-28 07:51:31,43.76,46.2586111111111
2026-01-28 07:51:35,43.78,46.2597222222222
2026-01-28 07:51:38,43.79,46.2605555555556
2026-01-28 07:51:41,43.8,46.2613888888889
2026-01-28 07:51:45,43.84,46.2625
2026-01-28 07:51:48,43.84,46.2633333333333
2026-01-28 07:51:51,43.86,46.2641666666667
2026-01-28 07:51:56,43.89,46.2655555555556
2026-01-28 07:51:58,43.89,46.2661111111111
2026-01-28 07:52:01,43.91,46.2669444444444
2026-01-28 07:52:42,44.14,46.2783333333333
2026-01-28 07:52:44,44.16,46.2788888888889
2026-01-28 07:52:47,44.16,46.2797222222222
2026-01-28 07:52:50,44.18,46.2805555555556
2026-01-28 07:52:52,44.18,46.2811111111111
2026-01-28 07:52:55,44.21,46.2819444444444
2026-01-28 07:52:57,44.21,46.2825
2026-01-28 07:53:00,44.23,46.2833333333333
2026-01-28 07:53:03,44.25,46.2841666666667
2026-01-28 07:53:08,44.28,46.2855555555556
2026-01-28 07:53:10,44.29,46.2861111111111
2026-01-28 07:53:13,44.31,46.2869444444444
2026-01-28 07:53:16,44.32,46.2877777777778
2026-01-28 07:53:18,44.33,46.2883333333333
2026-01-28 07:53:20,44.35,46.2888888888889
2026-01-28 07:53:23,44.37,46.2897222222222
2026-01-28 07:53:25,44.37,46.2902777777778
2026-01-28 07:53:28,44.39,46.2911111111111
2026-01-28 07:53:31,44.4,46.2919444444444
2026-01-28 07:53:33,44.41,46.2925
2026-01-28 07:53:36,44.43,46.2933333333333
2026-01-28 07:53:38,44.45,46.2938888888889
2026-01-28 07:53:41,44.45,46.2947222222222
2026-01-28 07:53:44,44.46,46.2955555555556
2026-01-28 07:53:46,44.47,46.2961111111111
2026-01-28 07:53:49,44.49,46.2969444444444
2026-01-28 07:53:51,44.5,46.2975
2026-01-28 07:53:54,44.51,46.2983333333333
2026-01-28 07:53:57,44.54,46.2991666666667
2026-01-28 07:53:59,44.53,46.2997222222222
2026-01-28 07:54:02,44.56,46.3005555555556
2026-01-28 07:54:04,44.56,46.3011111111111
2026-01-28 07:54:07,44.58,46.3019444444444
2026-01-28 07:54:09,44.6,46.3025
2026-01-28 07:54:12,44.6,46.3033333333333
2026-01-28 07:54:15,44.62,46.3041666666667
2026-01-28 07:54:19,44.65,46.3052777777778
2026-01-28 07:54:22,44.67,46.3061111111111
2026-01-28 07:54:25,44.68,46.3069444444444
2026-01-28 07:54:27,44.69,46.3075
2026-01-28 07:54:30,44.71,46.3083333333333
2026-01-28 07:54:32,44.71,46.3088888888889
2026-01-28 07:54:35,44.71,46.3097222222222
2026-01-28 07:54:38,44.73,46.3105555555556
2026-01-28 07:54:40,44.74,46.3111111111111
2026-01-28 07:54:43,44.74,46.3119444444444
2026-01-28 07:54:45,44.77,46.3125
2026-01-28 07:54:48,44.78,46.3133333333333
2026-01-28 07:54:51,44.78,46.3141666666667
2026-01-28 07:54:53,44.81,46.3147222222222
2026-01-28 07:54:56,44.82,46.3155555555556
2026-01-28 07:54:58,44.83,46.3161111111111
2026-01-28 07:55:00,44.85,46.3166666666667
2026-01-28 07:55:03,44.85,46.3175
2026-01-28 07:55:06,44.87,46.3183333333333
2026-01-28 07:55:08,44.89,46.3188888888889
2026-01-28 07:55:11,44.88,46.3197222222222
2026-01-28 07:55:13,44.9,46.3202777777778
2026-01-28 07:55:16,44.92,46.3211111111111
2026-01-28 07:55:19,44.94,46.3219444444444
2026-01-28 07:55:21,44.94,46.3225
2026-01-28 07:55:24,44.96,46.3233333333333
2026-01-28 07:55:27,44.97,46.3241666666667
2026-01-28 07:55:29,44.99,46.3247222222222
2026-01-28 07:55:32,44.99,46.3255555555556
2026-01-28 07:55:34,45.01,46.3261111111111
2026-01-28 07:55:37,45.02,46.3269444444444
2026-01-28 07:55:39,45.03,46.3275
2026-01-28 07:55:42,45.03,46.3283333333333
2026-01-28 07:55:45,45.06,46.3291666666667
2026-01-28 07:55:47,45.07,46.3297222222222
2026-01-28 07:55:49,45.09,46.3302777777778
2026-01-28 07:55:52,45.1,46.3311111111111
2026-01-28 07:55:55,45.1,46.3319444444444
2026-01-28 07:55:57,45.13,46.3325
2026-01-28 07:56:00,45.13,46.3333333333333
2026-01-28 07:56:02,45.13,46.3338888888889
2026-01-28 07:56:05,45.16,46.3347222222222
2026-01-28 07:56:10,45.17,46.3361111111111
2026-01-28 07:56:13,45.17,46.3369444444444
2026-01-28 07:56:18,45.17,46.3383333333333
2026-01-28 07:56:20,45.17,46.3388888888889
2026-01-28 07:56:23,45.17,46.3397222222222
2026-01-28 07:56:26,45.17,46.3405555555556
2026-01-28 07:56:28,45.17,46.3411111111111
2026-01-28 07:56:31,45.16,46.3419444444444
2026-01-28 07:56:33,45.15,46.3425
2026-01-28 07:56:36,45.14,46.3433333333333
2026-01-28 07:56:38,45.13,46.3438888888889
2026-01-28 07:56:41,45.11,46.3447222222222
2026-01-28 07:56:44,45.09,46.3455555555556
2026-01-28 07:56:49,45.06,46.3469444444444
2026-01-28 07:56:51,45.03,46.3475
2026-01-28 07:56:54,45,46.3483333333333
2026-01-28 07:56:56,44.97,46.3488888888889
2026-01-28 07:56:59,44.96,46.3497222222222
2026-01-28 07:57:01,44.93,46.3502777777778
2026-01-28 07:57:04,44.89,46.3511111111111
2026-01-28 07:57:07,44.86,46.3519444444444
2026-01-28 07:57:09,44.85,46.3525
2026-01-28 07:57:12,44.81,46.3533333333333
2026-01-28 07:57:15,44.76,46.3541666666667
2026-01-28 07:57:18,44.74,46.355
2026-01-28 07:57:22,44.67,46.3561111111111
2026-01-28 07:57:25,44.63,46.3569444444444
2026-01-28 07:57:27,44.61,46.3575
2026-01-28 07:57:30,44.57,46.3583333333333
2026-01-28 07:57:32,44.53,46.3588888888889
2026-01-28 07:57:35,44.49,46.3597222222222
2026-01-28 07:57:37,44.47,46.3602777777778
2026-01-28 07:57:40,44.43,46.3611111111111
2026-01-28 07:57:43,44.39,46.3619444444444
2026-01-28 07:57:45,44.39,46.3625
2026-01-28 07:57:48,44.34,46.3633333333333
2026-01-28 07:57:53,44.28,46.3647222222222
2026-01-28 07:57:56,44.24,46.3655555555556
2026-01-28 07:57:58,44.2,46.3661111111111
2026-01-28 07:58:01,44.18,46.3669444444444
2026-01-28 07:58:03,44.14,46.3675
2026-01-28 07:58:06,44.11,46.3683333333333
2026-01-28 07:58:08,44.08,46.3688888888889
2026-01-28 07:58:11,44.04,46.3697222222222
2026-01-28 07:58:14,44,46.3705555555556
2026-01-28 07:58:16,43.97,46.3711111111111
2026-01-28 07:58:18,43.94,46.3716666666667
2026-01-28 07:58:21,43.92,46.3725
2026-01-28 07:58:24,43.89,46.3733333333333
2026-01-28 07:58:26,43.84,46.3738888888889
2026-01-28 07:58:29,43.83,46.3747222222222
2026-01-28 07:58:31,43.79,46.3752777777778
2026-01-28 07:58:34,43.75,46.3761111111111
2026-01-28 07:58:37,43.74,46.3769444444444
2026-01-28 07:58:39,43.71,46.3775
2026-01-28 07:58:42,43.67,46.3783333333333
2026-01-28 07:58:45,43.64,46.3791666666667
2026-01-28 07:58:50,43.57,46.3805555555556
2026-01-28 07:58:52,43.56,46.3811111111111
2026-01-28 07:58:55,43.52,46.3819444444444
2026-01-28 07:58:57,43.48,46.3825
2026-01-28 07:59:00,43.46,46.3833333333333
2026-01-28 07:59:03,43.42,46.3841666666667
2026-01-28 07:59:05,43.39,46.3847222222222
2026-01-28 07:59:07,43.36,46.3852777777778
2026-01-28 07:59:10,43.32,46.3861111111111
2026-01-28 07:59:12,43.3,46.3866666666667
2026-01-28 07:59:15,43.28,46.3875
2026-01-28 07:59:18,43.25,46.3883333333333
2026-01-28 07:59:20,43.23,46.3888888888889
2026-01-28 07:59:23,43.2,46.3897222222222
2026-01-28 07:59:25,43.17,46.3902777777778
2026-01-28 07:59:28,43.14,46.3911111111111
2026-01-28 07:59:31,43.1,46.3919444444444
2026-01-28 07:59:33,43.07,46.3925
2026-01-28 07:59:36,43.04,46.3933333333333
2026-01-28 07:59:38,43.03,46.3938888888889
2026-01-28 07:59:41,42.99,46.3947222222222
2026-01-28 07:59:44,42.96,46.3955555555556
2026-01-28 07:59:46,42.95,46.3961111111111
2026-01-28 07:59:49,42.91,46.3969444444444
2026-01-28 07:59:51,42.86,46.3975
2026-01-28 07:59:54,42.84,46.3983333333333
2026-01-28 07:59:56,42.82,46.3988888888889
2026-01-28 07:59:59,42.79,46.3997222222222
2026-01-28 08:00:01,42.76,46.4002777777778
2026-01-28 08:00:04,42.74,46.4011111111111
2026-01-28 08:00:06,42.71,46.4016666666667
2026-01-28 08:00:09,42.69,46.4025
2026-01-28 08:00:12,42.67,46.4033333333333
2026-01-28 08:00:14,42.63,46.4038888888889
2026-01-28 08:00:17,42.6,46.4047222222222
2026-01-28 08:00:19,42.59,46.4052777777778
2026-01-28 08:02:23,41.41,46.4397222222222
2026-01-28 08:02:25,41.38,46.4402777777778
2026-01-28 08:02:28,41.35,46.4411111111111
2026-01-28 08:02:30,41.33,46.4416666666667
2026-01-28 08:02:33,41.32,46.4425
2026-01-28 08:02:35,41.28,46.4430555555556
2026-01-28 08:02:38,41.28,46.4438888888889
2026-01-28 08:02:43,41.24,46.4452777777778
2026-01-28 08:02:46,41.21,46.4461111111111
2026-01-28 08:02:48,41.2,46.4466666666667
2026-01-28 08:02:51,41.19,46.4475
2026-01-28 08:02:54,41.14,46.4483333333333
2026-01-28 08:02:56,41.14,46.4488888888889
2026-01-28 08:02:59,41.11,46.4497222222222
2026-01-28 08:03:01,41.11,46.4502777777778
2026-01-28 08:03:04,41.07,46.4511111111111
2026-01-28 08:03:07,41.05,46.4519444444444
2026-01-28 08:03:10,41.04,46.4527777777778
2026-01-28 08:03:14,40.99,46.4538888888889
2026-01-28 08:03:17,40.96,46.4547222222222
2026-01-28 08:03:19,40.96,46.4552777777778
2026-01-28 08:03:22,40.92,46.4561111111111
2026-01-28 08:03:24,40.91,46.4566666666667
2026-01-28 08:03:27,40.9,46.4575
2026-01-28 08:03:29,40.87,46.4580555555556
2026-01-28 08:03:32,40.88,46.4588888888889
2026-01-28 08:03:35,40.84,46.4597222222222
2026-01-28 08:03:37,40.82,46.4602777777778
2026-01-28 08:03:40,40.79,46.4611111111111
2026-01-28 08:03:42,40.78,46.4616666666667
2026-01-28 08:03:45,40.76,46.4625
2026-01-28 08:03:48,40.74,46.4633333333333
2026-01-28 08:03:50,40.73,46.4638888888889
2026-01-28 08:03:53,40.71,46.4647222222222
2026-01-28 08:03:55,40.68,46.4652777777778
2026-01-28 08:03:58,40.67,46.4661111111111
2026-01-28 08:04:01,40.67,46.4669444444444
2026-01-28 08:04:03,40.64,46.4675
2026-01-28 08:04:05,40.63,46.4680555555556
2026-01-28 08:04:08,40.61,46.4688888888889
2026-01-28 08:04:11,40.58,46.4697222222222
2026-01-28 08:04:13,40.57,46.4702777777778
2026-01-28 08:04:16,40.55,46.4711111111111
2026-01-28 08:04:19,40.54,46.4719444444444
2026-01-28 08:04:24,40.51,46.4733333333333
2026-01-28 08:04:26,40.47,46.4738888888889
2026-01-28 08:04:29,40.47,46.4747222222222
2026-01-28 08:04:31,40.46,46.4752777777778
2026-01-28 08:04:34,40.43,46.4761111111111
2026-01-28 08:04:36,40.43,46.4766666666667
2026-01-28 08:04:39,40.41,46.4775
2026-01-28 08:04:42,40.42,46.4783333333333
2026-01-28 08:04:44,40.4,46.4788888888889
2026-01-28 08:04:47,40.38,46.4797222222222
2026-01-28 08:04:49,40.38,46.4802777777778
2026-01-28 08:04:52,40.38,46.4811111111111
2026-01-28 08:04:54,40.35,46.4816666666667
2026-01-28 08:04:57,40.34,46.4825
2026-01-28 08:04:59,40.34,46.4830555555556
2026-01-28 08:05:02,40.33,46.4838888888889
2026-01-28 08:05:05,40.33,46.4847222222222
2026-01-28 08:05:07,40.31,46.4852777777778
2026-01-28 08:05:10,40.3,46.4861111111111
2026-01-28 08:05:12,40.31,46.4866666666667
2026-01-28 08:05:15,40.29,46.4875
2026-01-28 08:05:18,40.29,46.4883333333333
2026-01-28 08:05:23,40.28,46.4897222222222
2026-01-28 08:05:25,40.28,46.4902777777778
2026-01-28 08:05:28,40.26,46.4911111111111
2026-01-28 08:05:30,40.26,46.4916666666667
2026-01-28 08:05:33,40.25,46.4925
2026-01-28 08:05:36,40.27,46.4933333333333
2026-01-28 08:05:38,40.26,46.4938888888889
2026-01-28 08:05:41,40.25,46.4947222222222
2026-01-28 08:05:43,40.24,46.4952777777778
2026-01-28 08:05:46,40.24,46.4961111111111
2026-01-28 08:05:48,40.23,46.4966666666667
2026-01-28 08:05:51,40.23,46.4975
2026-01-28 08:05:53,40.22,46.4980555555556
2026-01-28 08:05:56,40.21,46.4988888888889
2026-01-28 08:05:59,40.22,46.4997222222222
2026-01-28 08:06:01,40.19,46.5002777777778
2026-01-28 08:06:04,40.19,46.5011111111111
2026-01-28 08:06:06,40.19,46.5016666666667
2026-01-28 08:06:09,40.17,46.5025
2026-01-28 08:06:12,40.18,46.5033333333333
2026-01-28 08:06:14,40.19,46.5038888888889
2026-01-28 08:06:17,40.18,46.5047222222222
2026-01-28 08:06:19,40.17,46.5052777777778
2026-01-28 08:06:22,40.14,46.5061111111111
2026-01-28 08:06:25,40.14,46.5069444444444
2026-01-28 08:06:27,40.14,46.5075
2026-01-28 08:06:30,40.15,46.5083333333333
2026-01-28 08:06:32,40.13,46.5088888888889
2026-01-28 08:06:34,40.13,46.5094444444444
2026-01-28 08:06:37,40.13,46.5102777777778
2026-01-28 08:06:40,40.12,46.5111111111111
2026-01-28 08:06:42,40.1,46.5116666666667
2026-01-28 08:06:45,40.1,46.5125
2026-01-28 08:06:47,40.09,46.5130555555556
2026-01-28 08:06:50,40.1,46.5138888888889
2026-01-28 08:06:53,40.1,46.5147222222222
2026-01-28 08:06:55,40.08,46.5152777777778
2026-01-28 08:06:58,40.07,46.5161111111111
2026-01-28 08:07:00,40.07,46.5166666666667
2026-01-28 08:07:03,40.07,46.5175
2026-01-28 08:07:06,40.06,46.5183333333333
2026-01-28 08:07:08,40.05,46.5188888888889
2026-01-28 08:07:11,40.04,46.5197222222222
2026-01-28 08:07:13,40.03,46.5202777777778
2026-01-28 08:07:16,40.03,46.5211111111111
2026-01-28 08:07:19,40.01,46.5219444444444
2026-01-28 08:07:21,40.01,46.5225
2026-01-28 08:07:23,40.01,46.5230555555556
2026-01-28 08:07:26,40,46.5238888888889
2026-01-28 08:07:28,39.99,46.5244444444444
2026-01-28 08:07:31,39.99,46.5252777777778
2026-01-28 08:07:34,39.99,46.5261111111111
2026-01-28 08:07:36,39.97,46.5266666666667
2026-01-28 08:07:39,39.97,46.5275
2026-01-28 08:07:41,39.95,46.5280555555556
2026-01-28 08:07:44,39.94,46.5288888888889
2026-01-28 08:12:45,39.67,46.6125
2026-01-28 08:14:53,39.67,46.6480555555556
2026-01-28 08:14:56,39.67,46.6488888888889
2026-01-28 08:14:58,39.65,46.6494444444444
2026-01-28 08:15:01,39.67,46.6502777777778
2026-01-28 08:15:03,39.67,46.6508333333333
2026-01-28 08:15:06,39.67,46.6516666666667
2026-01-28 08:15:09,39.68,46.6525
2026-01-28 08:15:11,39.67,46.6530555555556
2026-01-28 08:15:14,39.68,46.6538888888889
2026-01-28 08:15:16,39.67,46.6544444444444
2026-01-28 08:15:19,39.67,46.6552777777778
2026-01-28 08:15:22,39.66,46.6561111111111
2026-01-28 08:15:24,39.67,46.6566666666667
2026-01-28 08:15:27,39.68,46.6575
2026-01-28 08:15:29,39.67,46.6580555555556
2026-01-28 08:15:32,39.68,46.6588888888889
2026-01-28 08:15:35,39.7,46.6597222222222
2026-01-28 08:15:37,39.67,46.6602777777778
2026-01-28 08:15:39,39.67,46.6608333333333
2026-01-28 08:15:42,39.69,46.6616666666667
2026-01-28 08:15:44,39.68,46.6622222222222
2026-01-28 08:15:47,39.69,46.6630555555556
2026-01-28 08:15:50,39.67,46.6638888888889
2026-01-28 08:15:52,39.68,46.6644444444444
2026-01-28 08:15:55,39.69,46.6652777777778
2026-01-28 08:15:57,39.69,46.6658333333333
2026-01-28 08:16:00,39.7,46.6666666666667
2026-01-28 08:16:03,39.69,46.6675
2026-01-28 08:16:05,39.71,46.6680555555556
2026-01-28 08:16:08,39.69,46.6688888888889
2026-01-28 08:16:10,39.69,46.6694444444444
2026-01-28 08:16:13,39.7,46.6702777777778
2026-01-28 08:16:16,39.71,46.6711111111111
2026-01-28 08:16:18,39.7,46.6716666666667
2026-01-28 08:16:21,39.71,46.6725
2026-01-28 08:16:23,39.7,46.6730555555556
2026-01-28 08:16:26,39.69,46.6738888888889
2026-01-28 08:16:28,39.71,46.6744444444444
2026-01-28 08:16:31,39.71,46.6752777777778
2026-01-28 08:16:33,39.71,46.6758333333333
2026-01-28 08:16:36,39.71,46.6766666666667
2026-01-28 08:16:38,39.71,46.6772222222222
2026-01-28 08:16:41,39.71,46.6780555555556
2026-01-28 08:16:44,39.71,46.6788888888889
2026-01-28 08:16:46,39.72,46.6794444444444
2026-01-28 08:16:49,39.72,46.6802777777778
2026-01-28 08:16:51,39.72,46.6808333333333
2026-01-28 08:16:54,39.71,46.6816666666667
2026-01-28 08:16:57,39.71,46.6825
2026-01-28 08:16:59,39.72,46.6830555555556
2026-01-28 08:17:02,39.72,46.6838888888889
2026-01-28 08:17:04,39.72,46.6844444444444
2026-01-28 08:17:07,39.71,46.6852777777778
2026-01-28 08:17:10,39.72,46.6861111111111
2026-01-28 08:17:12,39.73,46.6866666666667
2026-01-28 08:17:15,39.72,46.6875
2026-01-28 08:17:17,39.73,46.6880555555556
2026-01-28 08:17:19,39.74,46.6886111111111
2026-01-28 08:17:22,39.74,46.6894444444444
2026-01-28 08:17:25,39.73,46.6902777777778
2026-01-28 08:17:27,39.74,46.6908333333333
2026-01-28 08:17:30,39.74,46.6916666666667
2026-01-28 08:17:32,39.76,46.6922222222222
2026-01-28 08:17:35,39.75,46.6930555555556
2026-01-28 08:17:38,39.74,46.6938888888889
2026-01-28 08:17:40,39.74,46.6944444444444
2026-01-28 08:17:43,39.75,46.6952777777778
2026-01-28 08:17:45,39.75,46.6958333333333
2026-01-28 08:17:48,39.76,46.6966666666667
2026-01-28 08:17:51,39.76,46.6975
2026-01-28 08:17:53,39.75,46.6980555555556
2026-01-28 08:17:56,39.77,46.6988888888889
2026-01-28 08:17:58,39.77,46.6994444444444
2026-01-28 08:18:01,39.77,46.7002777777778
2026-01-28 08:18:04,39.76,46.7011111111111
2026-01-28 08:18:06,39.75,46.7016666666667
2026-01-28 08:18:08,39.76,46.7022222222222
2026-01-28 08:18:11,39.78,46.7030555555556
2026-01-28 08:18:16,39.78,46.7044444444444
2026-01-28 08:18:19,39.78,46.7052777777778
2026-01-28 08:18:21,39.77,46.7058333333333
2026-01-28 08:18:24,39.78,46.7066666666667
2026-01-28 08:18:26,39.78,46.7072222222222
2026-01-28 08:18:29,39.78,46.7080555555556
2026-01-28 08:18:32,39.78,46.7088888888889
2026-01-28 08:18:34,39.78,46.7094444444444
2026-01-28 08:18:37,39.8,46.7102777777778
2026-01-28 08:18:39,39.79,46.7108333333333
2026-01-28 08:18:42,39.78,46.7116666666667
2026-01-28 08:18:45,39.8,46.7125
2026-01-28 08:18:47,39.79,46.7130555555556
2026-01-28 08:18:50,39.79,46.7138888888889
2026-01-28 08:18:52,39.82,46.7144444444444
2026-01-28 08:18:55,39.8,46.7152777777778
2026-01-28 08:18:57,39.82,46.7158333333333
2026-01-28 08:19:00,39.81,46.7166666666667
2026-01-28 08:19:02,39.79,46.7172222222222
2026-01-28 08:19:05,39.8,46.7180555555556
2026-01-28 08:19:08,39.8,46.7188888888889
2026-01-28 08:19:10,39.82,46.7194444444444
2026-01-28 08:19:13,39.82,46.7202777777778
2026-01-28 08:19:15,39.82,46.7208333333333
2026-01-28 08:19:18,39.82,46.7216666666667
2026-01-28 08:19:20,39.84,46.7222222222222
2026-01-28 08:19:23,39.82,46.7230555555556
2026-01-28 08:19:26,39.82,46.7238888888889
2026-01-28 08:19:28,39.83,46.7244444444444
2026-01-28 08:19:31,39.83,46.7252777777778
2026-01-28 08:19:33,39.83,46.7258333333333
2026-01-28 08:19:36,39.83,46.7266666666667
2026-01-28 08:19:39,39.84,46.7275
2026-01-28 08:19:41,39.85,46.7280555555556
2026-01-28 08:19:44,39.85,46.7288888888889
2026-01-28 08:19:46,39.85,46.7294444444444
2026-01-28 08:19:49,39.84,46.7302777777778
2026-01-28 08:19:51,39.84,46.7308333333333
2026-01-28 08:19:54,39.85,46.7316666666667
2026-01-28 08:23:09,40.09,46.7858333333333
2026-01-28 08:23:12,40.09,46.7866666666667
2026-01-28 08:23:14,40.1,46.7872222222222
2026-01-28 08:23:17,40.11,46.7880555555556
2026-01-28 08:23:22,40.11,46.7894444444444
2026-01-28 08:23:25,40.11,46.7902777777778
2026-01-28 08:23:27,40.14,46.7908333333333
2026-01-28 08:23:30,40.12,46.7916666666667
2026-01-28 08:23:32,40.13,46.7922222222222
2026-01-28 08:23:35,40.13,46.7930555555556
2026-01-28 08:23:38,40.14,46.7938888888889
2026-01-28 08:23:40,40.14,46.7944444444444
2026-01-28 08:23:43,40.15,46.7952777777778
2026-01-28 08:23:48,40.16,46.7966666666667
2026-01-28 08:23:51,40.16,46.7975
2026-01-28 08:23:53,40.17,46.7980555555556
2026-01-28 08:23:55,40.17,46.7986111111111
2026-01-28 08:23:58,40.18,46.7994444444444
2026-01-28 08:24:03,40.17,46.8008333333333
2026-01-28 08:24:06,40.2,46.8016666666667
2026-01-28 08:24:08,40.19,46.8022222222222
2026-01-28 08:24:11,40.19,46.8030555555556
2026-01-28 08:24:13,40.2,46.8036111111111
2026-01-28 08:24:16,40.19,46.8044444444444
2026-01-28 08:24:19,40.21,46.8052777777778
2026-01-28 08:24:21,40.22,46.8058333333333
2026-01-28 08:24:24,40.24,46.8066666666667
2026-01-28 08:24:26,40.23,46.8072222222222
2026-01-28 08:24:29,40.24,46.8080555555556
2026-01-28 08:24:32,40.25,46.8088888888889
2026-01-28 08:24:34,40.24,46.8094444444444
2026-01-28 08:24:37,40.28,46.8102777777778
2026-01-28 08:24:39,40.28,46.8108333333333
2026-01-28 08:24:42,40.29,46.8116666666667
2026-01-28 08:24:44,40.29,46.8122222222222
2026-01-28 08:24:47,40.32,46.8130555555556
2026-01-28 08:24:49,40.34,46.8136111111111
2026-01-28 08:24:52,40.34,46.8144444444444
2026-01-28 08:24:54,40.35,46.815
2026-01-28 08:24:57,40.38,46.8158333333333
2026-01-28 08:25:00,40.39,46.8166666666667
2026-01-28 08:25:02,40.39,46.8172222222222
2026-01-28 08:25:05,40.4,46.8180555555556
2026-01-28 08:25:07,40.4,46.8186111111111
2026-01-28 08:25:10,40.43,46.8194444444444
2026-01-28 08:25:13,40.44,46.8202777777778
2026-01-28 08:25:15,40.44,46.8208333333333
2026-01-28 08:25:18,40.47,46.8216666666667
2026-01-28 08:25:20,40.47,46.8222222222222
2026-01-28 08:25:23,40.48,46.8230555555556
2026-01-28 08:25:26,40.49,46.8238888888889
2026-01-28 08:25:28,40.52,46.8244444444444
2026-01-28 08:25:31,40.53,46.8252777777778
2026-01-28 08:25:33,40.54,46.8258333333333
2026-01-28 08:25:35,40.54,46.8263888888889
2026-01-28 08:25:38,40.56,46.8272222222222
2026-01-28 08:25:41,40.58,46.8280555555556
2026-01-28 08:25:43,40.6,46.8286111111111
2026-01-28 08:25:46,40.59,46.8294444444444
2026-01-28 08:25:48,40.6,46.83
2026-01-28 08:25:51,40.63,46.8308333333333
2026-01-28 08:25:54,40.63,46.8316666666667
2026-01-28 08:25:56,40.65,46.8322222222222
2026-01-28 08:25:59,40.64,46.8330555555556
2026-01-28 08:26:01,40.66,46.8336111111111
2026-01-28 08:26:04,40.66,46.8344444444444
2026-01-28 08:26:07,40.67,46.8352777777778
2026-01-28 08:26:10,40.7,46.8361111111111
2026-01-28 08:26:12,40.71,46.8366666666667
2026-01-28 08:26:17,40.73,46.8380555555556
2026-01-28 08:26:20,40.73,46.8388888888889
2026-01-28 08:26:22,40.76,46.8394444444444
2026-01-28 08:26:24,40.76,46.84
2026-01-28 08:26:27,40.77,46.8408333333333
2026-01-28 08:26:30,40.77,46.8416666666667
2026-01-28 08:26:32,40.79,46.8422222222222
2026-01-28 08:26:35,40.79,46.8430555555556
2026-01-28 08:26:37,40.81,46.8436111111111
2026-01-28 08:26:40,40.81,46.8444444444444
2026-01-28 08:26:42,40.82,46.845
2026-01-28 08:26:46,40.82,46.8461111111111
2026-01-28 08:26:50,40.85,46.8472222222222
2026-01-28 08:26:53,40.85,46.8480555555556
2026-01-28 08:26:55,40.89,46.8486111111111
2026-01-28 08:26:58,40.88,46.8494444444444
2026-01-28 08:27:01,40.89,46.8502777777778
2026-01-28 08:27:03,40.91,46.8508333333333
2026-01-28 08:27:06,40.91,46.8516666666667
2026-01-28 08:27:08,40.92,46.8522222222222
2026-01-28 08:27:11,40.92,46.8530555555556
2026-01-28 08:27:13,40.92,46.8536111111111
2026-01-28 08:27:16,40.94,46.8544444444444
2026-01-28 08:27:18,40.95,46.855
2026-01-28 08:27:21,40.96,46.8558333333333
2026-01-28 08:27:24,40.96,46.8566666666667
2026-01-28 08:27:26,40.97,46.8572222222222
2026-01-28 08:27:29,40.97,46.8580555555556
2026-01-28 08:27:31,40.99,46.8586111111111
2026-01-28 08:27:34,41,46.8594444444444
2026-01-28 08:27:36,41.01,46.86
2026-01-28 08:27:39,41.01,46.8608333333333
2026-01-28 08:27:42,41.02,46.8616666666667
2026-01-28 08:27:44,41.04,46.8622222222222
2026-01-28 08:27:47,41.03,46.8630555555556
2026-01-28 08:27:49,41.05,46.8636111111111
2026-01-28 08:27:52,41.06,46.8644444444444
2026-01-28 08:27:55,41.06,46.8652777777778
2026-01-28 08:27:57,41.07,46.8658333333333
2026-01-28 08:28:00,41.07,46.8666666666667
2026-01-28 08:28:02,41.09,46.8672222222222
2026-01-28 08:28:05,41.09,46.8680555555556
2026-01-28 08:28:07,41.1,46.8686111111111
2026-01-28 08:28:10,41.09,46.8694444444444
2026-01-28 08:28:12,41.11,46.87
2026-01-28 08:28:15,41.11,46.8708333333333
2026-01-28 08:28:18,41.13,46.8716666666667
2026-01-28 08:28:20,41.13,46.8722222222222
2026-01-28 08:28:23,41.15,46.8730555555556
2026-01-28 08:28:25,41.14,46.8736111111111
2026-01-28 08:28:28,41.15,46.8744444444444
2026-01-28 08:28:31,41.17,46.8752777777778
2026-01-28 08:28:33,41.16,46.8758333333333
2026-01-28 08:28:36,41.17,46.8766666666667
2026-01-28 08:28:38,41.17,46.8772222222222
2026-01-28 08:28:41,41.18,46.8780555555556
2026-01-28 08:28:43,41.2,46.8786111111111
2026-01-28 08:28:46,41.17,46.8794444444444
2026-01-28 08:28:49,41.21,46.8802777777778
2026-01-28 08:28:53,41.2,46.8813888888889
2026-01-28 08:28:56,41.21,46.8822222222222
2026-01-28 08:28:59,41.22,46.8830555555556
2026-01-28 08:29:04,41.23,46.8844444444444
2026-01-28 08:29:06,41.24,46.885
2026-01-28 08:29:09,41.24,46.8858333333333
2026-01-28 08:29:12,41.26,46.8866666666667
2026-01-28 08:29:14,41.26,46.8872222222222
2026-01-28 08:29:17,41.27,46.8880555555556
2026-01-28 08:29:19,41.28,46.8886111111111
2026-01-28 08:29:22,41.28,46.8894444444444
2026-01-28 08:29:25,41.28,46.8902777777778
2026-01-28 08:29:27,41.29,46.8908333333333
2026-01-28 08:29:30,41.29,46.8916666666667
2026-01-28 08:29:33,41.29,46.8925
2026-01-28 08:29:38,41.32,46.8938888888889
2026-01-28 08:29:40,41.32,46.8944444444444
2026-01-28 08:29:42,41.32,46.895
2026-01-28 08:29:45,41.32,46.8958333333333
2026-01-28 08:29:50,41.34,46.8972222222222
2026-01-28 08:29:53,41.35,46.8980555555556
2026-01-28 08:29:55,41.35,46.8986111111111
2026-01-28 08:29:58,41.35,46.8994444444444
2026-01-28 08:30:00,41.35,46.9
2026-01-28 08:30:03,41.37,46.9008333333333
2026-01-28 08:30:06,41.37,46.9016666666667
2026-01-28 08:30:08,41.36,46.9022222222222
2026-01-28 08:30:11,41.37,46.9030555555556
2026-01-28 08:30:13,41.37,46.9036111111111
2026-01-28 08:30:16,41.39,46.9044444444444
2026-01-28 08:30:19,41.38,46.9052777777778
2026-01-28 08:30:22,41.4,46.9061111111111
2026-01-28 08:30:26,41.4,46.9072222222222
2026-01-28 08:30:29,41.41,46.9080555555556
2026-01-28 08:30:32,41.41,46.9088888888889
2026-01-28 08:30:36,41.42,46.91
2026-01-28 08:30:39,41.42,46.9108333333333
2026-01-28 08:30:41,41.41,46.9113888888889
2026-01-28 08:30:44,41.43,46.9122222222222
2026-01-28 08:33:54,41.74,46.965
2026-01-28 08:33:57,41.72,46.9658333333333
2026-01-28 08:33:59,41.72,46.9663888888889
2026-01-28 08:34:02,41.74,46.9672222222222
2026-01-28 08:39:03,41.42,47.0508333333333
2026-01-28 08:44:03,41.24,47.1341666666667
2026-01-28 08:49:04,41.23,47.2177777777778
2026-01-28 08:54:05,41.27,47.3013888888889
2026-01-28 08:59:00,41.33,47.3833333333333
2026-01-28 08:59:03,41.34,47.3841666666667
2026-01-28 08:59:05,41.32,47.3847222222222
2026-01-28 08:59:08,41.35,47.3855555555556
2026-01-28 08:59:11,41.34,47.3863888888889
2026-01-28 08:59:13,41.35,47.3869444444444
2026-01-28 08:59:16,41.35,47.3877777777778
2026-01-28 08:59:21,41.34,47.3891666666667
2026-01-28 08:59:23,41.35,47.3897222222222
2026-01-28 08:59:26,41.35,47.3905555555556
2026-01-28 08:59:28,41.36,47.3911111111111
2026-01-28 08:59:31,41.35,47.3919444444444
2026-01-28 08:59:34,41.35,47.3927777777778
2026-01-28 08:59:36,41.35,47.3933333333333
2026-01-28 08:59:39,41.34,47.3941666666667
2026-01-28 08:59:41,41.35,47.3947222222222
2026-01-28 08:59:44,41.35,47.3955555555556
2026-01-28 08:59:47,41.35,47.3963888888889
2026-01-28 08:59:49,41.35,47.3969444444444
2026-01-28 08:59:52,41.34,47.3977777777778
2026-01-28 08:59:54,41.37,47.3983333333333
2026-01-28 08:59:57,41.35,47.3991666666667
2026-01-28 09:00:00,41.36,47.4
2026-01-28 09:00:02,41.35,47.4005555555556
2026-01-28 09:00:05,41.37,47.4013888888889
2026-01-28 09:00:07,41.36,47.4019444444444
2026-01-28 09:00:09,41.36,47.4025
2026-01-28 09:00:12,41.39,47.4033333333333
2026-01-28 09:00:15,41.39,47.4041666666667
2026-01-28 09:00:17,41.4,47.4047222222222
2026-01-28 09:00:20,41.4,47.4055555555556
2026-01-28 09:00:22,41.39,47.4061111111111
2026-01-28 09:00:25,41.42,47.4069444444444
2026-01-28 09:00:28,41.42,47.4077777777778
2026-01-28 09:00:30,41.42,47.4083333333333
2026-01-28 09:00:33,41.42,47.4091666666667
2026-01-28 09:00:35,41.44,47.4097222222222
2026-01-28 09:00:38,41.43,47.4105555555556
2026-01-28 09:00:41,41.45,47.4113888888889
2026-01-28 09:00:43,41.47,47.4119444444444
2026-01-28 09:00:46,41.46,47.4127777777778
2026-01-28 09:00:48,41.46,47.4133333333333
2026-01-28 09:00:51,41.46,47.4141666666667
2026-01-28 09:00:54,41.49,47.415
2026-01-28 09:00:56,41.49,47.4155555555556
2026-01-28 09:00:58,41.49,47.4161111111111
2026-01-28 09:01:01,41.49,47.4169444444444
2026-01-28 09:01:03,41.51,47.4175
2026-01-28 09:01:06,41.52,47.4183333333333
2026-01-28 09:01:09,41.52,47.4191666666667
2026-01-28 09:01:11,41.52,47.4197222222222
2026-01-28 09:01:14,41.53,47.4205555555556
2026-01-28 09:01:16,41.54,47.4211111111111
2026-01-28 09:01:19,41.56,47.4219444444444
2026-01-28 09:01:22,41.57,47.4227777777778
2026-01-28 09:01:24,41.55,47.4233333333333
2026-01-28 09:01:27,41.57,47.4241666666667
2026-01-28 09:01:29,41.59,47.4247222222222
2026-01-28 09:01:32,41.58,47.4255555555556
2026-01-28 09:01:35,41.6,47.4263888888889
2026-01-28 09:01:37,41.61,47.4269444444444
2026-01-28 09:01:40,41.6,47.4277777777778
2026-01-28 09:01:42,41.63,47.4283333333333
2026-01-28 09:01:45,41.64,47.4291666666667
2026-01-28 09:01:48,41.63,47.43
2026-01-28 09:01:50,41.65,47.4305555555556
2026-01-28 09:01:52,41.64,47.4311111111111
2026-01-28 09:05:08,42.1,47.4855555555556
2026-01-28 09:05:10,42.11,47.4861111111111
2026-01-28 09:05:13,42.1,47.4869444444444
2026-01-28 09:05:15,42.12,47.4875
2026-01-28 09:05:18,42.11,47.4883333333333
2026-01-28 09:05:20,42.11,47.4888888888889
2026-01-28 09:07:27,42.32,47.5241666666667
2026-01-28 09:07:29,42.32,47.5247222222222
2026-01-28 09:09:02,42.4,47.5505555555556
2026-01-28 09:13:39,42.66,47.6275
2026-01-28 09:13:42,42.64,47.6283333333333
2026-01-28 09:13:44,42.64,47.6288888888889
2026-01-28 09:13:47,42.64,47.6297222222222
2026-01-28 09:13:49,42.66,47.6302777777778
2026-01-28 09:13:52,42.65,47.6311111111111
2026-01-28 09:13:55,42.66,47.6319444444444
2026-01-28 09:13:57,42.64,47.6325
2026-01-28 09:14:00,42.64,47.6333333333333
2026-01-28 09:14:02,42.65,47.6338888888889
2026-01-28 09:14:05,42.66,47.6347222222222
2026-01-28 09:14:08,42.67,47.6355555555556
2026-01-28 09:14:10,42.66,47.6361111111111
2026-01-28 09:14:12,42.66,47.6366666666667
2026-01-28 09:14:15,42.66,47.6375
2026-01-28 09:14:18,42.66,47.6383333333333
2026-01-28 09:19:18,41.93,47.7216666666667
2026-01-28 09:19:34,41.92,47.7261111111111
2026-01-28 09:19:37,41.91,47.7269444444444
2026-01-28 09:19:40,41.9,47.7277777777778
2026-01-28 09:19:44,41.9,47.7288888888889
2026-01-28 09:19:47,41.89,47.7297222222222
2026-01-28 09:19:49,41.89,47.7302777777778
2026-01-28 09:19:52,41.9,47.7311111111111
2026-01-28 09:19:55,41.89,47.7319444444444
2026-01-28 09:19:57,41.88,47.7325
2026-01-28 09:19:59,41.89,47.7330555555556
2026-01-28 09:20:02,41.89,47.7338888888889
2026-01-28 09:21:35,41.8,47.7597222222222
2026-01-28 09:21:37,41.79,47.7602777777778
2026-01-28 09:21:40,41.8,47.7611111111111
2026-01-28 09:21:42,41.79,47.7616666666667
2026-01-28 09:21:45,41.79,47.7625
2026-01-28 09:21:47,41.78,47.7630555555556
2026-01-28 09:21:50,41.78,47.7638888888889
2026-01-28 09:21:53,41.78,47.7647222222222
2026-01-28 09:21:55,41.79,47.7652777777778
2026-01-28 09:21:58,41.78,47.7661111111111
2026-01-28 09:22:00,41.78,47.7666666666667
2026-01-28 09:22:03,41.77,47.7675
2026-01-28 09:22:06,41.79,47.7683333333333
2026-01-28 09:22:08,41.78,47.7688888888889
2026-01-28 09:25:00,41.69,47.8166666666667
2026-01-28 09:25:03,41.71,47.8175
2026-01-28 09:25:05,41.7,47.8180555555556
2026-01-28 09:25:08,41.69,47.8188888888889
2026-01-28 09:25:10,41.7,47.8194444444444
2026-01-28 09:25:13,41.7,47.8202777777778
2026-01-28 09:25:16,41.68,47.8211111111111
2026-01-28 09:27:06,41.67,47.8516666666667
2026-01-28 09:27:09,41.67,47.8525
2026-01-28 09:27:11,41.67,47.8530555555556
2026-01-28 09:27:14,41.67,47.8538888888889
2026-01-28 09:27:17,41.66,47.8547222222222
2026-01-28 09:27:19,41.66,47.8552777777778
2026-01-28 09:27:22,41.65,47.8561111111111
2026-01-28 09:27:24,41.66,47.8566666666667
2026-01-28 09:27:26,41.67,47.8572222222222
2026-01-28 09:27:29,41.67,47.8580555555556
2026-01-28 09:27:32,41.66,47.8588888888889
2026-01-28 09:27:34,41.65,47.8594444444444
2026-01-28 09:27:37,41.66,47.8602777777778
2026-01-28 09:27:39,41.66,47.8608333333333
2026-01-28 09:27:42,41.67,47.8616666666667
2026-01-28 09:27:45,41.65,47.8625
2026-01-28 09:27:47,41.65,47.8630555555556
2026-01-28 09:27:50,41.66,47.8638888888889
2026-01-28 09:27:52,41.66,47.8644444444444
2026-01-28 09:27:55,41.65,47.8652777777778
2026-01-28 09:27:58,41.66,47.8661111111111
2026-01-28 09:28:00,41.65,47.8666666666667
2026-01-28 09:28:03,41.65,47.8675
2026-01-28 09:28:05,41.66,47.8680555555556
2026-01-28 09:28:08,41.65,47.8688888888889
2026-01-28 09:28:11,41.67,47.8697222222222
2026-01-28 09:28:13,41.64,47.8702777777778
2026-01-28 09:28:15,41.67,47.8708333333333
2026-01-28 09:28:18,41.67,47.8716666666667
2026-01-28 09:28:21,41.66,47.8725
2026-01-28 09:28:23,41.64,47.8730555555556
2026-01-28 09:28:26,41.64,47.8738888888889
2026-01-28 09:28:28,41.64,47.8744444444444
2026-01-28 09:28:31,41.66,47.8752777777778
2026-01-28 09:28:33,41.64,47.8758333333333
2026-01-28 09:28:36,41.65,47.8766666666667
2026-01-28 09:28:39,41.65,47.8775
2026-01-28 09:28:41,41.66,47.8780555555556
2026-01-28 09:28:44,41.65,47.8788888888889
2026-01-28 09:28:46,41.66,47.8794444444444
2026-01-28 09:28:49,41.66,47.8802777777778
2026-01-28 09:28:52,41.64,47.8811111111111
2026-01-28 09:28:54,41.66,47.8816666666667
2026-01-28 09:28:57,41.67,47.8825
2026-01-28 09:28:59,41.66,47.8830555555556
2026-01-28 09:29:02,41.64,47.8838888888889
2026-01-28 09:29:04,41.66,47.8844444444444
2026-01-28 09:32:25,41.65,47.9402777777778
2026-01-28 09:32:27,41.65,47.9408333333333
2026-01-28 09:32:30,41.64,47.9416666666667
2026-01-28 09:32:32,41.64,47.9422222222222
2026-01-28 09:32:35,41.65,47.9430555555556
2026-01-28 09:32:38,41.66,47.9438888888889
2026-01-28 09:32:40,41.66,47.9444444444444
2026-01-28 09:32:43,41.65,47.9452777777778
2026-01-28 09:32:45,41.65,47.9458333333333
2026-01-28 09:32:48,41.64,47.9466666666667
2026-01-28 09:32:51,41.65,47.9475
2026-01-28 09:32:53,41.64,47.9480555555556
2026-01-28 09:32:56,41.64,47.9488888888889
2026-01-28 09:32:58,41.64,47.9494444444444
2026-01-28 09:33:01,41.63,47.9502777777778
2026-01-28 09:33:04,41.65,47.9511111111111
2026-01-28 09:33:06,41.64,47.9516666666667
2026-01-28 09:33:09,41.64,47.9525
2026-01-28 09:33:11,41.66,47.9530555555556
2026-01-28 09:33:13,41.65,47.9536111111111
2026-01-28 09:33:16,41.65,47.9544444444444
2026-01-28 09:33:19,41.65,47.9552777777778
2026-01-28 09:33:21,41.64,47.9558333333333
2026-01-28 09:33:24,41.65,47.9566666666667
2026-01-28 09:33:26,41.64,47.9572222222222
2026-01-28 09:33:29,41.65,47.9580555555556
2026-01-28 09:34:13,41.63,47.9702777777778
2026-01-28 09:34:15,41.63,47.9708333333333
2026-01-28 09:34:18,41.62,47.9716666666667
2026-01-28 09:34:20,41.64,47.9722222222222
2026-01-28 09:34:23,41.61,47.9730555555556
2026-01-28 09:34:26,41.63,47.9738888888889
2026-01-28 09:34:28,41.6,47.9744444444444
2026-01-28 09:34:31,41.6,47.9752777777778
2026-01-28 09:34:33,41.6,47.9758333333333
2026-01-28 09:34:36,41.6,47.9766666666667
2026-01-28 09:34:39,41.6,47.9775
2026-01-28 09:34:41,41.59,47.9780555555556
2026-01-28 09:34:44,41.6,47.9788888888889
2026-01-28 09:34:46,41.58,47.9794444444444
2026-01-28 09:34:49,41.6,47.9802777777778
2026-01-28 09:34:51,41.58,47.9808333333333
2026-01-28 09:34:54,41.57,47.9816666666667
2026-01-28 09:34:56,41.57,47.9822222222222
2026-01-28 09:34:59,41.57,47.9830555555556
2026-01-28 09:35:01,41.57,47.9836111111111
2026-01-28 09:36:37,41.45,48.0102777777778
2026-01-28 09:36:39,41.45,48.0108333333333
2026-01-28 09:36:42,41.44,48.0116666666667
2026-01-28 09:36:44,41.43,48.0122222222222
2026-01-28 09:36:47,41.42,48.0130555555556
2026-01-28 09:36:50,41.43,48.0138888888889
2026-01-28 09:36:52,41.42,48.0144444444444
2026-01-28 09:36:55,41.44,48.0152777777778
2026-01-28 09:36:57,41.43,48.0158333333333
2026-01-28 09:37:00,41.44,48.0166666666667
2026-01-28 09:37:02,41.43,48.0172222222222
2026-01-28 09:37:05,41.41,48.0180555555556
2026-01-28 09:37:08,41.4,48.0188888888889
2026-01-28 09:37:10,41.42,48.0194444444444
2026-01-28 09:37:13,41.41,48.0202777777778
2026-01-28 09:37:16,41.42,48.0211111111111
2026-01-28 09:37:18,41.42,48.0216666666667
2026-01-28 09:37:20,41.41,48.0222222222222
2026-01-28 09:37:23,41.4,48.0230555555556
2026-01-28 09:37:28,41.41,48.0244444444444
2026-01-28 09:37:31,41.4,48.0252777777778
2026-01-28 09:37:33,41.41,48.0258333333333
2026-01-28 09:37:36,41.4,48.0266666666667
2026-01-28 09:37:38,41.4,48.0272222222222
2026-01-28 09:37:41,41.39,48.0280555555556
2026-01-28 09:37:44,41.39,48.0288888888889
2026-01-28 09:37:46,41.39,48.0294444444444
2026-01-28 09:37:49,41.39,48.0302777777778
2026-01-28 09:37:51,41.38,48.0308333333333
2026-01-28 09:37:54,41.39,48.0316666666667
2026-01-28 09:37:56,41.39,48.0322222222222
2026-01-28 09:37:59,41.38,48.0330555555556
2026-01-28 09:38:02,41.38,48.0338888888889
2026-01-28 09:38:04,41.37,48.0344444444444
2026-01-28 09:38:07,41.35,48.0352777777778
2026-01-28 09:38:09,41.37,48.0358333333333
2026-01-28 09:38:12,41.36,48.0366666666667
2026-01-28 09:38:14,41.35,48.0372222222222
2026-01-28 09:38:17,41.34,48.0380555555556
2026-01-28 09:38:19,41.35,48.0386111111111
2026-01-28 09:38:22,41.34,48.0394444444444
2026-01-28 09:38:25,41.32,48.0402777777778
2026-01-28 09:38:27,41.32,48.0408333333333
2026-01-28 09:38:30,41.32,48.0416666666667
2026-01-28 09:38:32,41.3,48.0422222222222
2026-01-28 09:38:35,41.3,48.0430555555556
2026-01-28 09:38:38,41.3,48.0438888888889
2026-01-28 09:38:40,41.28,48.0444444444444
2026-01-28 09:38:43,41.29,48.0452777777778
2026-01-28 09:38:46,41.29,48.0461111111111
2026-01-28 09:38:51,41.27,48.0475
2026-01-28 09:38:54,41.26,48.0483333333333
2026-01-28 09:38:58,41.26,48.0494444444444
2026-01-28 09:39:01,41.26,48.0502777777778
2026-01-28 09:39:04,41.26,48.0511111111111
2026-01-28 09:39:08,41.24,48.0522222222222
2026-01-28 09:39:11,41.25,48.0530555555556
2026-01-28 09:39:14,41.24,48.0538888888889
2026-01-28 09:39:19,41.25,48.0552777777778
2026-01-28 09:39:21,41.24,48.0558333333333
2026-01-28 09:39:24,41.24,48.0566666666667
2026-01-28 09:39:27,41.25,48.0575
2026-01-28 09:39:32,41.25,48.0588888888889
2026-01-28 09:39:35,41.28,48.0597222222222
2026-01-28 09:39:39,41.28,48.0608333333333
2026-01-28 09:39:42,41.28,48.0616666666667
2026-01-28 09:39:45,41.29,48.0625
2026-01-28 09:39:47,41.31,48.0630555555556
2026-01-28 09:39:49,41.3,48.0636111111111
2026-01-28 09:39:52,41.3,48.0644444444444
2026-01-28 09:39:54,41.32,48.065
2026-01-28 09:39:57,41.32,48.0658333333333
2026-01-28 09:40:00,41.35,48.0666666666667
2026-01-28 09:40:02,41.35,48.0672222222222
2026-01-28 09:40:05,41.36,48.0680555555556
2026-01-28 09:40:07,41.37,48.0686111111111
2026-01-28 09:40:10,41.38,48.0694444444444
2026-01-28 09:40:13,41.39,48.0702777777778
2026-01-28 09:40:15,41.42,48.0708333333333
2026-01-28 09:40:18,41.41,48.0716666666667
2026-01-28 09:40:20,41.42,48.0722222222222
2026-01-28 09:40:23,41.44,48.0730555555556
2026-01-28 09:40:26,41.45,48.0738888888889
2026-01-28 09:40:28,41.47,48.0744444444444
2026-01-28 09:40:31,41.48,48.0752777777778
2026-01-28 09:40:33,41.5,48.0758333333333
2026-01-28 09:40:35,41.51,48.0763888888889
2026-01-28 09:40:38,41.53,48.0772222222222
2026-01-28 09:40:41,41.55,48.0780555555556
2026-01-28 09:40:43,41.57,48.0786111111111
2026-01-28 09:40:46,41.57,48.0794444444444
2026-01-28 09:40:48,41.57,48.08
2026-01-28 09:40:51,41.61,48.0808333333333
2026-01-28 09:40:54,41.62,48.0816666666667
2026-01-28 09:40:59,41.66,48.0830555555556
2026-01-28 09:41:01,41.66,48.0836111111111
2026-01-28 09:41:04,41.69,48.0844444444444
2026-01-28 09:41:07,41.71,48.0852777777778
2026-01-28 09:41:09,41.72,48.0858333333333
2026-01-28 09:41:12,41.74,48.0866666666667
2026-01-28 09:41:14,41.75,48.0872222222222
2026-01-28 09:41:17,41.76,48.0880555555556
2026-01-28 09:41:20,41.8,48.0888888888889
2026-01-28 09:41:22,41.82,48.0894444444444
2026-01-28 09:41:25,41.82,48.0902777777778
2026-01-28 09:41:27,41.85,48.0908333333333
2026-01-28 09:41:29,41.86,48.0913888888889
2026-01-28 09:41:32,41.89,48.0922222222222
2026-01-28 09:41:35,41.91,48.0930555555556
2026-01-28 09:41:37,41.91,48.0936111111111
2026-01-28 09:41:40,41.94,48.0944444444444
2026-01-28 09:41:42,41.96,48.095
2026-01-28 09:41:45,41.96,48.0958333333333
2026-01-28 09:41:48,42,48.0966666666667
2026-01-28 09:42:03,42.1,48.1008333333333
2026-01-28 09:42:06,42.1,48.1016666666667
2026-01-28 09:42:08,42.14,48.1022222222222
2026-01-28 09:42:11,42.15,48.1030555555556
2026-01-28 09:42:14,42.18,48.1038888888889
2026-01-28 09:42:16,42.21,48.1044444444444
2026-01-28 09:42:18,42.22,48.105
2026-01-28 09:46:28,43.87,48.1744444444444
2026-01-28 09:46:30,43.88,48.175
2026-01-28 09:46:33,43.89,48.1758333333333
2026-01-28 09:46:37,43.93,48.1769444444444
2026-01-28 09:46:41,43.95,48.1780555555556
2026-01-28 09:49:45,45.05,48.2291666666667
2026-01-28 09:49:48,45.07,48.23
2026-01-28 09:49:51,45.09,48.2308333333333
2026-01-28 09:49:53,45.11,48.2313888888889
2026-01-28 09:49:56,45.13,48.2322222222222
2026-01-28 09:49:58,45.14,48.2327777777778
2026-01-28 09:50:01,45.14,48.2336111111111
2026-01-28 09:50:04,45.15,48.2344444444444
2026-01-28 09:50:06,45.16,48.235
2026-01-28 09:50:09,45.17,48.2358333333333
2026-01-28 09:50:11,45.17,48.2363888888889
2026-01-28 09:50:14,45.19,48.2372222222222
2026-01-28 09:50:17,45.21,48.2380555555556
2026-01-28 09:50:19,45.21,48.2386111111111
2026-01-28 09:50:22,45.25,48.2394444444444
2026-01-28 09:50:24,45.25,48.24
2026-01-28 09:50:27,45.27,48.2408333333333
2026-01-28 09:50:29,45.29,48.2413888888889
2026-01-28 09:50:32,45.29,48.2422222222222
2026-01-28 09:50:34,45.3,48.2427777777778
2026-01-28 09:50:37,45.32,48.2436111111111
2026-01-28 09:50:39,45.33,48.2441666666667
2026-01-28 09:50:43,45.33,48.2452777777778
2026-01-28 09:50:47,45.37,48.2463888888889
2026-01-28 09:50:50,45.39,48.2472222222222
2026-01-28 09:50:52,45.39,48.2477777777778
2026-01-28 09:50:55,45.4,48.2486111111111
2026-01-28 09:50:58,45.42,48.2494444444444
2026-01-28 09:51:00,45.42,48.25
2026-01-28 09:51:03,45.44,48.2508333333333
2026-01-28 09:51:08,45.47,48.2522222222222
2026-01-28 09:51:11,45.48,48.2530555555556
2026-01-28 09:51:13,45.49,48.2536111111111
2026-01-28 09:51:16,45.51,48.2544444444444
2026-01-28 09:51:18,45.52,48.255
2026-01-28 09:51:21,45.53,48.2558333333333
2026-01-28 09:51:23,45.56,48.2563888888889
2026-01-28 09:51:26,45.56,48.2572222222222
2026-01-28 09:51:29,45.57,48.2580555555556
2026-01-28 09:51:34,45.6,48.2594444444444
2026-01-28 09:51:36,45.61,48.26
2026-01-28 09:51:39,45.64,48.2608333333333
2026-01-28 09:51:41,45.64,48.2613888888889
2026-01-28 09:51:44,45.65,48.2622222222222
2026-01-28 09:51:47,45.66,48.2630555555556
2026-01-28 09:51:49,45.67,48.2636111111111
2026-01-28 09:51:52,45.7,48.2644444444444
2026-01-28 09:51:54,45.69,48.265
2026-01-28 09:51:57,45.73,48.2658333333333
2026-01-28 09:52:02,45.74,48.2672222222222
2026-01-28 09:52:05,45.76,48.2680555555556
2026-01-28 09:52:07,45.77,48.2686111111111
2026-01-28 09:52:09,45.79,48.2691666666667
2026-01-28 09:52:12,45.81,48.27
2026-01-28 09:52:15,45.82,48.2708333333333
2026-01-28 09:52:17,45.83,48.2713888888889
2026-01-28 09:52:20,45.84,48.2722222222222
2026-01-28 09:52:22,45.85,48.2727777777778
2026-01-28 09:52:25,45.87,48.2736111111111
2026-01-28 09:52:28,45.87,48.2744444444444
2026-01-28 09:52:31,45.89,48.2752777777778
2026-01-28 09:52:35,45.92,48.2763888888889
2026-01-28 09:52:38,45.93,48.2772222222222
2026-01-28 09:52:40,45.94,48.2777777777778
2026-01-28 09:52:43,45.96,48.2786111111111
2026-01-28 09:52:46,45.98,48.2794444444444
2026-01-28 09:52:49,45.99,48.2802777777778
2026-01-28 09:52:53,46,48.2813888888889
2026-01-28 09:52:56,46.03,48.2822222222222
2026-01-28 09:52:58,46.03,48.2827777777778
2026-01-28 09:53:01,46.06,48.2836111111111
2026-01-28 09:53:03,46.07,48.2841666666667
2026-01-28 09:53:06,46.07,48.285
2026-01-28 09:53:09,46.08,48.2858333333333
2026-01-28 09:53:11,46.1,48.2863888888889
2026-01-28 09:53:14,46.12,48.2872222222222
2026-01-28 09:53:16,46.13,48.2877777777778
2026-01-28 09:53:19,46.15,48.2886111111111
2026-01-28 09:53:22,46.14,48.2894444444444
2026-01-28 09:53:25,46.17,48.2902777777778
2026-01-28 09:53:29,46.19,48.2913888888889
2026-01-28 09:56:47,46.99,48.3463888888889
2026-01-28 09:56:50,47.01,48.3472222222222
2026-01-28 09:56:55,47.03,48.3486111111111
2026-01-28 09:56:58,47.03,48.3494444444444
2026-01-28 09:57:00,47.05,48.35
2026-01-28 09:57:03,47.07,48.3508333333333
2026-01-28 09:57:05,47.07,48.3513888888889
2026-01-28 09:57:07,47.08,48.3519444444444
2026-01-28 09:59:16,47.61,48.3877777777778
2026-01-28 09:59:19,47.62,48.3886111111111
2026-01-28 09:59:21,47.64,48.3891666666667
2026-01-28 09:59:24,47.65,48.39
2026-01-28 09:59:27,47.67,48.3908333333333
2026-01-28 09:59:29,47.67,48.3913888888889
2026-01-28 09:59:32,47.67,48.3922222222222
2026-01-28 09:59:34,47.71,48.3927777777778
2026-01-28 09:59:37,47.7,48.3936111111111
2026-01-28 09:59:39,47.72,48.3941666666667
2026-01-28 09:59:42,47.73,48.395
2026-01-28 09:59:44,47.74,48.3955555555556
2026-01-28 09:59:47,47.74,48.3963888888889
2026-01-28 09:59:50,47.75,48.3972222222222
2026-01-28 09:59:52,47.78,48.3977777777778
2026-01-28 09:59:55,47.78,48.3986111111111
2026-01-28 10:00:00,47.82,48.4
2026-01-28 10:00:02,47.82,48.4005555555556
2026-01-28 10:01:22,48.14,48.4227777777778
2026-01-28 10:01:25,48.14,48.4236111111111
2026-01-28 10:01:27,48.16,48.4241666666667
2026-01-28 10:01:30,48.17,48.425
2026-01-28 10:01:32,48.18,48.4255555555556
2026-01-28 10:01:35,48.18,48.4263888888889
2026-01-28 10:01:38,48.18,48.4272222222222
2026-01-28 10:01:43,48.21,48.4286111111111
2026-01-28 10:01:45,48.21,48.4291666666667
2026-01-28 10:01:48,48.21,48.43
2026-01-28 10:01:51,48.24,48.4308333333333
2026-01-28 10:01:53,48.24,48.4313888888889
2026-01-28 10:01:56,48.25,48.4322222222222
2026-01-28 10:01:59,48.27,48.4330555555556
2026-01-28 10:02:03,48.28,48.4341666666667
2026-01-28 10:02:06,48.31,48.435
2026-01-28 10:02:08,48.3,48.4355555555556
2026-01-28 10:02:11,48.32,48.4363888888889
2026-01-28 10:02:13,48.33,48.4369444444444
2026-01-28 10:02:16,48.34,48.4377777777778
2026-01-28 10:02:19,48.33,48.4386111111111
2026-01-28 10:02:24,48.35,48.44
2026-01-28 10:02:27,48.35,48.4408333333333
2026-01-28 10:05:26,48.92,48.4905555555556
2026-01-28 10:05:29,48.93,48.4913888888889
2026-01-28 10:05:31,48.95,48.4919444444444
2026-01-28 10:05:34,48.94,48.4927777777778
2026-01-28 10:05:36,48.95,48.4933333333333
2026-01-28 10:05:39,48.96,48.4941666666667
2026-01-28 10:05:42,48.97,48.495
2026-01-28 10:10:27,49.87,48.5741666666667
2026-01-28 10:10:29,49.85,48.5747222222222
2026-01-28 10:10:32,49.86,48.5755555555556
2026-01-28 10:10:35,49.89,48.5763888888889
2026-01-28 10:10:40,49.9,48.5777777777778
2026-01-28 10:10:42,49.89,48.5783333333333
2026-01-28 10:10:45,49.9,48.5791666666667
2026-01-28 10:10:48,49.89,48.58
2026-01-28 10:10:50,49.92,48.5805555555556
2026-01-28 10:14:57,50.6,48.6491666666667
2026-01-28 10:14:59,50.6,48.6497222222222
2026-01-28 10:15:02,50.62,48.6505555555556
2026-01-28 10:15:05,50.63,48.6513888888889
2026-01-28 10:15:08,50.63,48.6522222222222
2026-01-28 10:15:12,50.64,48.6533333333333
2026-01-28 10:15:15,50.64,48.6541666666667
2026-01-28 10:15:17,50.64,48.6547222222222
2026-01-28 10:15:20,50.67,48.6555555555556
2026-01-28 10:15:22,50.67,48.6561111111111
2026-01-28 10:15:25,50.68,48.6569444444444
2026-01-28 10:15:28,50.67,48.6577777777778
2026-01-28 10:15:30,50.67,48.6583333333333
2026-01-28 10:15:33,50.67,48.6591666666667
2026-01-28 10:15:35,50.7,48.6597222222222
2026-01-28 10:15:38,50.71,48.6605555555556
2026-01-28 10:15:41,50.7,48.6613888888889
2026-01-28 10:15:43,50.69,48.6619444444444
2026-01-28 10:15:46,50.72,48.6627777777778
2026-01-28 10:15:48,50.71,48.6633333333333
2026-01-28 10:15:51,50.72,48.6641666666667
2026-01-28 10:15:54,50.73,48.665
2026-01-28 10:15:56,50.74,48.6655555555556
2026-01-28 10:15:59,50.74,48.6663888888889
2026-01-28 10:16:02,50.74,48.6672222222222
2026-01-28 10:16:04,50.74,48.6677777777778
2026-01-28 10:16:09,50.74,48.6691666666667
2026-01-28 10:16:11,50.76,48.6697222222222
2026-01-28 10:16:14,50.76,48.6705555555556
2026-01-28 10:16:16,50.77,48.6711111111111
2026-01-28 10:16:19,50.78,48.6719444444444
2026-01-28 10:16:22,50.78,48.6727777777778
2026-01-28 10:16:27,50.78,48.6741666666667
2026-01-28 10:16:29,50.79,48.6747222222222
2026-01-28 10:16:32,50.8,48.6755555555556
2026-01-28 10:16:35,50.79,48.6763888888889
2026-01-28 10:16:38,50.82,48.6772222222222
2026-01-28 10:16:42,50.82,48.6783333333333
2026-01-28 10:16:45,50.82,48.6791666666667
2026-01-28 10:16:48,50.82,48.68
2026-01-28 10:16:50,50.82,48.6805555555556
2026-01-28 10:16:53,50.83,48.6813888888889
2026-01-28 10:16:55,50.83,48.6819444444444
2026-01-28 10:16:57,50.85,48.6825
2026-01-28 10:17:00,50.85,48.6833333333333
2026-01-28 10:17:03,50.85,48.6841666666667
2026-01-28 10:17:05,50.86,48.6847222222222
2026-01-28 10:17:08,50.85,48.6855555555556
2026-01-28 10:17:10,50.86,48.6861111111111
2026-01-28 10:17:13,50.87,48.6869444444444
2026-01-28 10:17:16,50.88,48.6877777777778
2026-01-28 10:17:19,50.88,48.6886111111111
2026-01-28 10:17:23,50.91,48.6897222222222
2026-01-28 10:17:26,50.9,48.6905555555556
2026-01-28 10:17:29,50.91,48.6913888888889
2026-01-28 10:17:31,50.9,48.6919444444444
2026-01-28 10:17:34,50.91,48.6927777777778
2026-01-28 10:17:36,50.89,48.6933333333333
2026-01-28 10:17:39,50.92,48.6941666666667
2026-01-28 10:17:42,50.92,48.695
2026-01-28 10:17:44,50.95,48.6955555555556
2026-01-28 10:17:46,50.95,48.6961111111111
2026-01-28 10:17:49,50.94,48.6969444444444
2026-01-28 10:17:51,50.95,48.6975
2026-01-28 10:17:54,50.96,48.6983333333333
2026-01-28 10:17:57,50.97,48.6991666666667
2026-01-28 10:18:02,50.96,48.7005555555556
2026-01-28 10:18:04,50.98,48.7011111111111
2026-01-28 10:18:07,50.99,48.7019444444444
2026-01-28 10:18:10,50.99,48.7027777777778
2026-01-28 10:18:15,51.01,48.7041666666667
2026-01-28 10:18:17,51,48.7047222222222
2026-01-28 10:18:20,51.01,48.7055555555556
2026-01-28 10:18:23,51.02,48.7063888888889
2026-01-28 10:18:28,51.03,48.7077777777778
2026-01-28 10:18:31,51.03,48.7086111111111
2026-01-28 10:18:35,51.05,48.7097222222222
2026-01-28 10:18:38,51.07,48.7105555555556
2026-01-28 10:18:40,51.07,48.7111111111111
2026-01-28 10:18:43,51.07,48.7119444444444
2026-01-28 10:18:45,51.07,48.7125
2026-01-28 10:18:48,51.08,48.7133333333333
2026-01-28 10:18:51,51.07,48.7141666666667
2026-01-28 10:18:53,51.1,48.7147222222222
2026-01-28 10:18:56,51.1,48.7155555555556
2026-01-28 10:18:58,51.1,48.7161111111111
2026-01-28 10:23:28,51.72,48.7911111111111
2026-01-28 10:23:31,51.73,48.7919444444444
2026-01-28 10:23:33,51.74,48.7925
2026-01-28 10:23:36,51.74,48.7933333333333
2026-01-28 10:23:38,51.74,48.7938888888889
2026-01-28 10:23:41,51.74,48.7947222222222
2026-01-28 10:23:44,51.74,48.7955555555556
2026-01-28 10:23:46,51.76,48.7961111111111
2026-01-28 10:23:49,51.78,48.7969444444444
2026-01-28 10:23:51,51.79,48.7975
2026-01-28 10:23:54,51.77,48.7983333333333
2026-01-28 10:28:55,52.39,48.8819444444444
2026-01-28 10:32:05,52.66,48.9347222222222
2026-01-28 10:32:07,52.66,48.9352777777778
2026-01-28 10:32:10,52.67,48.9361111111111
2026-01-28 10:32:13,52.67,48.9369444444444
2026-01-28 10:32:15,52.67,48.9375
2026-01-28 10:32:18,52.67,48.9383333333333
2026-01-28 10:32:21,52.67,48.9391666666667
2026-01-28 10:32:26,52.69,48.9405555555556
2026-01-28 10:32:28,52.69,48.9411111111111
2026-01-28 10:32:31,52.7,48.9419444444444
2026-01-28 10:32:36,52.7,48.9433333333333
2026-01-28 10:32:38,52.73,48.9438888888889
2026-01-28 10:32:41,52.72,48.9447222222222
2026-01-28 10:32:43,52.71,48.9452777777778
2026-01-28 10:32:46,52.72,48.9461111111111
2026-01-28 10:32:48,52.73,48.9466666666667
2026-01-28 10:32:51,52.74,48.9475
2026-01-28 10:32:54,52.74,48.9483333333333
2026-01-28 10:32:59,52.74,48.9497222222222
2026-01-28 10:33:01,52.75,48.9502777777778
2026-01-28 10:33:04,52.75,48.9511111111111
2026-01-28 10:33:07,52.75,48.9519444444444
2026-01-28 10:33:09,52.74,48.9525
2026-01-28 10:33:12,52.78,48.9533333333333
2026-01-28 10:33:14,52.77,48.9538888888889
2026-01-28 10:33:17,52.77,48.9547222222222
2026-01-28 10:33:20,52.77,48.9555555555556
2026-01-28 10:33:22,52.78,48.9561111111111
2026-01-28 10:33:25,52.79,48.9569444444444
2026-01-28 10:33:27,52.78,48.9575
2026-01-28 10:33:29,52.79,48.9580555555556
2026-01-28 10:33:32,52.79,48.9588888888889
2026-01-28 10:33:35,52.79,48.9597222222222
2026-01-28 10:33:37,52.81,48.9602777777778
2026-01-28 10:33:40,52.82,48.9611111111111
2026-01-28 10:33:43,52.81,48.9619444444444
2026-01-28 10:33:48,52.82,48.9633333333333
2026-01-28 10:33:50,52.82,48.9638888888889
2026-01-28 10:33:53,52.82,48.9647222222222
2026-01-28 10:33:55,52.83,48.9652777777778
2026-01-28 10:33:58,52.82,48.9661111111111
2026-01-28 10:34:01,52.82,48.9669444444444
2026-01-28 10:34:03,52.84,48.9675
2026-01-28 10:34:07,52.84,48.9686111111111
2026-01-28 10:34:11,52.83,48.9697222222222
2026-01-28 10:34:14,52.84,48.9705555555556
2026-01-28 10:34:16,52.85,48.9711111111111
2026-01-28 10:34:18,52.85,48.9716666666667
2026-01-28 10:34:21,52.85,48.9725
2026-01-28 10:34:24,52.85,48.9733333333333
2026-01-28 10:34:26,52.86,48.9738888888889
2026-01-28 10:34:29,52.87,48.9747222222222
2026-01-28 10:34:31,52.85,48.9752777777778
2026-01-28 10:34:34,52.85,48.9761111111111
2026-01-28 10:34:36,52.87,48.9766666666667
2026-01-28 10:34:39,52.87,48.9775
2026-01-28 10:34:42,52.88,48.9783333333333
2026-01-28 10:34:44,52.88,48.9788888888889
2026-01-28 10:34:47,52.88,48.9797222222222
2026-01-28 10:34:49,52.89,48.9802777777778
2026-01-28 10:34:52,52.89,48.9811111111111
2026-01-28 10:34:55,52.89,48.9819444444444
2026-01-28 10:34:57,52.88,48.9825
2026-01-28 10:35:00,52.89,48.9833333333333
2026-01-28 10:35:03,52.89,48.9841666666667
2026-01-28 10:35:05,52.9,48.9847222222222
2026-01-28 10:40:08,53.22,49.0688888888889
2026-01-28 10:44:35,53.49,49.1430555555556
2026-01-28 10:44:38,53.51,49.1438888888889
2026-01-28 10:44:40,53.49,49.1444444444444
2026-01-28 10:44:43,53.5,49.1452777777778
2026-01-28 10:44:46,53.52,49.1461111111111
2026-01-28 10:44:48,53.51,49.1466666666667
2026-01-28 10:44:51,53.52,49.1475
2026-01-28 10:44:53,53.53,49.1480555555556
2026-01-28 10:44:56,53.53,49.1488888888889
2026-01-28 10:44:59,53.53,49.1497222222222
2026-01-28 10:45:01,53.55,49.1502777777778
2026-01-28 10:45:03,53.55,49.1508333333333
2026-01-28 10:45:06,53.56,49.1516666666667
2026-01-28 10:45:09,53.55,49.1525
2026-01-28 10:45:11,53.56,49.1530555555556
2026-01-28 10:45:14,53.57,49.1538888888889
2026-01-28 10:45:16,53.57,49.1544444444444
2026-01-28 10:45:19,53.58,49.1552777777778
2026-01-28 10:45:22,53.57,49.1561111111111
2026-01-28 10:45:24,53.59,49.1566666666667
2026-01-28 10:45:27,53.57,49.1575
2026-01-28 10:45:29,53.59,49.1580555555556
2026-01-28 10:45:32,53.57,49.1588888888889
2026-01-28 10:45:35,53.59,49.1597222222222
2026-01-28 10:45:40,53.58,49.1611111111111
2026-01-28 10:45:42,53.59,49.1616666666667
2026-01-28 10:45:45,53.59,49.1625
2026-01-28 10:45:47,53.6,49.1630555555556
2026-01-28 10:45:50,53.6,49.1638888888889
2026-01-28 10:45:52,53.59,49.1644444444444
2026-01-28 10:45:55,53.6,49.1652777777778
2026-01-28 10:45:58,53.6,49.1661111111111
2026-01-28 10:46:03,53.6,49.1675
2026-01-28 10:46:05,53.6,49.1680555555556
2026-01-28 10:46:08,53.6,49.1688888888889
2026-01-28 10:46:10,53.6,49.1694444444444
2026-01-28 10:46:13,53.6,49.1702777777778
2026-01-28 10:46:16,53.6,49.1711111111111
2026-01-28 10:46:18,53.61,49.1716666666667
2026-01-28 10:46:21,53.6,49.1725
2026-01-28 10:46:26,53.59,49.1738888888889
2026-01-28 10:46:29,53.59,49.1747222222222
2026-01-28 10:46:31,53.6,49.1752777777778
2026-01-28 10:46:34,53.59,49.1761111111111
2026-01-28 10:46:36,53.58,49.1766666666667
2026-01-28 10:46:38,53.57,49.1772222222222
2026-01-28 10:46:41,53.59,49.1780555555556
2026-01-28 10:46:44,53.57,49.1788888888889
2026-01-28 10:46:46,53.57,49.1794444444444
2026-01-28 10:46:49,53.56,49.1802777777778
2026-01-28 10:46:51,53.56,49.1808333333333
2026-01-28 10:46:54,53.56,49.1816666666667
2026-01-28 10:46:57,53.56,49.1825
2026-01-28 10:46:59,53.56,49.1830555555556
2026-01-28 10:47:02,53.55,49.1838888888889
2026-01-28 10:47:07,53.54,49.1852777777778
2026-01-28 10:47:10,53.53,49.1861111111111
2026-01-28 10:47:12,53.53,49.1866666666667
2026-01-28 10:47:15,53.52,49.1875
2026-01-28 10:47:17,53.51,49.1880555555556
2026-01-28 10:47:20,53.51,49.1888888888889
2026-01-28 10:47:23,53.5,49.1897222222222
2026-01-28 10:47:25,53.5,49.1902777777778
2026-01-28 10:47:28,53.49,49.1911111111111
2026-01-28 10:47:30,53.47,49.1916666666667
2026-01-28 10:47:32,53.46,49.1922222222222
2026-01-28 10:47:35,53.46,49.1930555555556
2026-01-28 10:47:38,53.45,49.1938888888889
2026-01-28 10:47:40,53.45,49.1944444444444
2026-01-28 10:47:43,53.43,49.1952777777778
2026-01-28 10:47:45,53.42,49.1958333333333
2026-01-28 10:47:48,53.42,49.1966666666667
2026-01-28 10:47:51,53.42,49.1975
2026-01-28 10:47:53,53.42,49.1980555555556
2026-01-28 10:47:56,53.38,49.1988888888889
2026-01-28 10:47:58,53.37,49.1994444444444
2026-01-28 10:48:01,53.38,49.2002777777778
2026-01-28 10:48:04,53.35,49.2011111111111
2026-01-28 10:48:06,53.34,49.2016666666667
2026-01-28 10:48:09,53.33,49.2025
2026-01-28 10:48:11,53.33,49.2030555555556
2026-01-28 10:48:14,53.31,49.2038888888889
2026-01-28 10:48:17,53.31,49.2047222222222
2026-01-28 10:48:19,53.3,49.2052777777778
2026-01-28 10:48:21,53.28,49.2058333333333
2026-01-28 10:48:24,53.25,49.2066666666667
2026-01-28 10:48:26,53.24,49.2072222222222
2026-01-28 10:48:29,53.25,49.2080555555556
2026-01-28 10:48:32,53.24,49.2088888888889
2026-01-28 10:48:34,53.23,49.2094444444444
2026-01-28 10:48:37,53.21,49.2102777777778
2026-01-28 10:48:39,53.19,49.2108333333333
2026-01-28 10:48:42,53.18,49.2116666666667
2026-01-28 10:48:45,53.17,49.2125
2026-01-28 10:48:47,53.16,49.2130555555556
2026-01-28 10:48:50,53.14,49.2138888888889
2026-01-28 10:48:52,53.13,49.2144444444444
2026-01-28 10:48:55,53.13,49.2152777777778
2026-01-28 10:48:58,53.11,49.2161111111111
2026-01-28 10:49:00,53.1,49.2166666666667
2026-01-28 10:49:03,53.08,49.2175
2026-01-28 10:49:07,53.06,49.2186111111111
2026-01-28 10:49:11,53.04,49.2197222222222
2026-01-28 10:49:13,53.02,49.2202777777778
2026-01-28 10:49:18,53.01,49.2216666666667
2026-01-28 10:49:21,52.99,49.2225
2026-01-28 10:49:23,52.97,49.2230555555556
2026-01-28 10:49:26,52.96,49.2238888888889
2026-01-28 10:49:28,52.96,49.2244444444444
2026-01-28 10:49:31,52.93,49.2252777777778
2026-01-28 10:49:36,52.92,49.2266666666667
2026-01-28 10:49:39,52.91,49.2275
2026-01-28 10:49:41,52.88,49.2280555555556
2026-01-28 10:49:44,52.86,49.2288888888889
2026-01-28 10:49:46,52.86,49.2294444444444
2026-01-28 10:49:49,52.83,49.2302777777778
2026-01-28 10:49:52,52.82,49.2311111111111
2026-01-28 10:49:54,52.8,49.2316666666667
2026-01-28 10:54:54,51.33,49.315
2026-01-28 10:56:22,50.97,49.3394444444444
2026-01-28 10:56:25,50.96,49.3402777777778
2026-01-28 10:56:27,50.95,49.3408333333333
2026-01-28 10:56:30,50.92,49.3416666666667
2026-01-28 10:56:33,50.92,49.3425
2026-01-28 10:56:35,50.92,49.3430555555556
2026-01-28 10:56:37,50.9,49.3436111111111
2026-01-28 10:56:40,50.9,49.3444444444444
2026-01-28 10:56:42,50.88,49.345
2026-01-28 10:56:45,50.87,49.3458333333333
2026-01-28 10:56:48,50.86,49.3466666666667
2026-01-28 10:56:50,50.85,49.3472222222222
2026-01-28 10:56:53,50.84,49.3480555555556
2026-01-28 10:56:55,50.85,49.3486111111111
2026-01-28 10:56:58,50.82,49.3494444444444
2026-01-28 10:57:01,50.81,49.3502777777778
2026-01-28 10:57:03,50.81,49.3508333333333
2026-01-28 10:57:06,50.79,49.3516666666667
2026-01-28 10:57:08,50.78,49.3522222222222
2026-01-28 10:57:11,50.77,49.3530555555556
2026-01-28 10:57:14,50.78,49.3538888888889
2026-01-28 10:57:16,50.76,49.3544444444444
2026-01-28 10:57:19,50.74,49.3552777777778
2026-01-28 10:57:21,50.74,49.3558333333333
2026-01-28 10:57:24,50.72,49.3566666666667
2026-01-28 10:57:29,50.7,49.3580555555556
2026-01-28 10:57:31,50.69,49.3586111111111
2026-01-28 10:57:34,50.67,49.3594444444444
2026-01-28 10:57:36,50.65,49.36
2026-01-28 10:57:39,50.65,49.3608333333333
2026-01-28 10:57:42,50.63,49.3616666666667
2026-01-28 10:57:45,50.62,49.3625
2026-01-28 10:57:49,50.59,49.3636111111111
2026-01-28 10:57:53,50.58,49.3647222222222
2026-01-28 10:57:57,50.56,49.3658333333333
2026-01-28 10:58:00,50.54,49.3666666666667
2026-01-28 10:58:02,50.54,49.3672222222222
2026-01-28 10:58:06,50.51,49.3683333333333
2026-01-28 10:58:10,50.5,49.3694444444444
2026-01-28 10:58:13,50.49,49.3702777777778
2026-01-28 10:58:18,50.46,49.3716666666667
2026-01-28 10:58:20,50.47,49.3722222222222
2026-01-28 10:58:23,50.44,49.3730555555556
2026-01-28 10:58:25,50.43,49.3736111111111
2026-01-28 10:58:28,50.43,49.3744444444444
2026-01-28 10:58:30,50.42,49.375
2026-01-28 10:58:33,50.42,49.3758333333333
2026-01-28 10:58:36,50.39,49.3766666666667
2026-01-28 10:58:38,50.39,49.3772222222222
2026-01-28 10:58:41,50.39,49.3780555555556
2026-01-28 10:58:43,50.37,49.3786111111111
2026-01-28 10:58:46,50.37,49.3794444444444
2026-01-28 10:58:49,50.35,49.3802777777778
2026-01-28 10:58:51,50.34,49.3808333333333
2026-01-28 10:58:54,50.35,49.3816666666667
2026-01-28 10:58:56,50.33,49.3822222222222
2026-01-28 10:59:00,50.31,49.3833333333333
2026-01-28 10:59:04,50.31,49.3844444444444
2026-01-28 10:59:06,50.31,49.385
2026-01-28 10:59:09,50.28,49.3858333333333
2026-01-28 10:59:12,50.28,49.3866666666667
2026-01-28 10:59:14,50.28,49.3872222222222
2026-01-28 10:59:17,50.25,49.3880555555556
2026-01-28 10:59:19,50.26,49.3886111111111
2026-01-28 10:59:22,50.25,49.3894444444444
2026-01-28 10:59:25,50.24,49.3902777777778
2026-01-28 10:59:28,50.24,49.3911111111111
2026-01-28 10:59:32,50.22,49.3922222222222
2026-01-28 10:59:35,50.21,49.3930555555556
2026-01-28 10:59:37,50.21,49.3936111111111
2026-01-28 10:59:40,50.2,49.3944444444444
2026-01-28 10:59:43,50.17,49.3952777777778
2026-01-28 10:59:46,50.18,49.3961111111111
2026-01-28 10:59:50,50.16,49.3972222222222
2026-01-28 10:59:53,50.15,49.3980555555556
2026-01-28 10:59:55,50.15,49.3986111111111
2026-01-28 10:59:58,50.16,49.3994444444444
2026-01-28 11:00:00,50.14,49.4
2026-01-28 11:00:04,50.12,49.4011111111111
2026-01-28 11:00:07,50.14,49.4019444444444
2026-01-28 11:00:11,50.12,49.4030555555556
2026-01-28 11:00:13,50.11,49.4036111111111
2026-01-28 11:00:16,50.11,49.4044444444444
2026-01-28 11:00:19,50.1,49.4052777777778
2026-01-28 11:00:21,50.1,49.4058333333333
2026-01-28 11:00:24,50.1,49.4066666666667
2026-01-28 11:00:26,50.09,49.4072222222222
2026-01-28 11:00:29,50.1,49.4080555555556
2026-01-28 11:00:32,50.08,49.4088888888889
2026-01-28 11:00:34,50.07,49.4094444444444
2026-01-28 11:00:37,50.07,49.4102777777778
2026-01-28 11:00:39,50.07,49.4108333333333
2026-01-28 11:00:42,50.07,49.4116666666667
2026-01-28 11:00:47,50.06,49.4130555555556
2026-01-28 11:00:49,50.07,49.4136111111111
2026-01-28 11:00:52,50.06,49.4144444444444
2026-01-28 11:00:54,50.05,49.415
2026-01-28 11:00:57,50.05,49.4158333333333
2026-01-28 11:01:00,50.03,49.4166666666667
2026-01-28 11:01:02,50.05,49.4172222222222
2026-01-28 11:01:05,50.05,49.4180555555556
2026-01-28 11:01:07,50.03,49.4186111111111
2026-01-28 11:01:10,50.03,49.4194444444444
2026-01-28 11:01:13,50.04,49.4202777777778
2026-01-28 11:01:15,50.04,49.4208333333333
2026-01-28 11:01:18,50.04,49.4216666666667
2026-01-28 11:01:20,50.03,49.4222222222222
2026-01-28 11:01:23,50.03,49.4230555555556
2026-01-28 11:01:26,50.02,49.4238888888889
2026-01-28 11:01:28,50.03,49.4244444444444
2026-01-28 11:01:31,50.03,49.4252777777778
2026-01-28 11:01:33,50.04,49.4258333333333
2026-01-28 11:01:38,50.03,49.4272222222222
2026-01-28 11:01:41,50.04,49.4280555555556
2026-01-28 11:01:43,50.03,49.4286111111111
2026-01-28 11:01:46,50.01,49.4294444444444
2026-01-28 11:01:48,50.01,49.43
2026-01-28 11:01:51,50.03,49.4308333333333
2026-01-28 11:01:54,50.02,49.4316666666667
2026-01-28 11:01:56,50.02,49.4322222222222
2026-01-28 11:01:59,50.03,49.4330555555556
2026-01-28 11:02:01,50.03,49.4336111111111
2026-01-28 11:02:04,50.01,49.4344444444444
2026-01-28 11:02:07,50.02,49.4352777777778
2026-01-28 11:02:12,50.03,49.4366666666667
2026-01-28 11:02:15,50.02,49.4375
2026-01-28 11:02:20,50.03,49.4388888888889
2026-01-28 11:02:22,50.01,49.4394444444444
2026-01-28 11:02:24,50.03,49.44
2026-01-28 11:02:27,50.03,49.4408333333333
2026-01-28 11:02:29,50.03,49.4413888888889
2026-01-28 11:02:32,50.01,49.4422222222222
2026-01-28 11:02:35,50.03,49.4430555555556
2026-01-28 11:02:37,50.02,49.4436111111111
2026-01-28 11:02:40,50.03,49.4444444444444
2026-01-28 11:02:42,50.02,49.445
2026-01-28 11:02:45,50.02,49.4458333333333
2026-01-28 11:02:48,50.03,49.4466666666667
2026-01-28 11:02:50,50.03,49.4472222222222
2026-01-28 11:02:53,50.03,49.4480555555556
2026-01-28 11:02:55,50.02,49.4486111111111
2026-01-28 11:02:58,50.02,49.4494444444444
2026-01-28 11:03:01,50.03,49.4502777777778
2026-01-28 11:03:03,50.03,49.4508333333333
2026-01-28 11:03:06,50.03,49.4516666666667
2026-01-28 11:03:08,50.03,49.4522222222222
2026-01-28 11:03:10,50.04,49.4527777777778
2026-01-28 11:03:13,50.02,49.4536111111111
2026-01-28 11:03:16,50.03,49.4544444444444
2026-01-28 11:03:18,50.03,49.455
2026-01-28 11:03:21,50.03,49.4558333333333
2026-01-28 11:03:23,50.03,49.4563888888889
2026-01-28 11:03:26,50.03,49.4572222222222
2026-01-28 11:03:29,50.04,49.4580555555556
2026-01-28 11:03:31,50.03,49.4586111111111
2026-01-28 11:06:08,50.06,49.5022222222222
2026-01-28 11:06:11,50.03,49.5030555555556
2026-01-28 11:06:13,50.03,49.5036111111111
2026-01-28 11:06:16,50.04,49.5044444444444
2026-01-28 11:06:18,50.03,49.505
2026-01-28 11:06:21,50.03,49.5058333333333
2026-01-28 11:11:22,50.31,49.5894444444444
2026-01-28 11:16:07,50.51,49.6686111111111
2026-01-28 11:16:10,50.52,49.6694444444444
2026-01-28 11:16:12,50.5,49.67
2026-01-28 11:16:15,50.5,49.6708333333333
2026-01-28 11:16:17,50.51,49.6713888888889
2026-01-28 11:21:18,50.59,49.755
2026-01-28 11:21:21,50.59,49.7558333333333
2026-01-28 11:21:25,50.6,49.7569444444444
2026-01-28 11:21:28,50.6,49.7577777777778
2026-01-28 11:21:31,50.61,49.7586111111111
2026-01-28 11:25:04,50.71,49.8177777777778
2026-01-28 11:25:07,50.71,49.8186111111111
2026-01-28 11:25:09,50.71,49.8191666666667
2026-01-28 11:27:46,50.62,49.8627777777778
2026-01-28 11:27:49,50.63,49.8636111111111
2026-01-28 11:30:20,50.5,49.9055555555556
2026-01-28 11:30:23,50.5,49.9063888888889
2026-01-28 11:35:24,50.15,49.99
2026-01-28 11:40:24,49.82,50.0733333333333
2026-01-28 11:45:25,49.47,50.1569444444444
2026-01-28 11:50:25,49.21,50.2402777777778
2026-01-28 11:55:26,49.14,50.3238888888889
2026-01-28 12:00:27,49.34,50.4075
2026-01-28 12:05:27,49.63,50.4908333333333
2026-01-28 12:10:28,50.03,50.5744444444444
2026-01-28 12:15:29,50.4,50.6580555555556
2026-01-28 12:20:30,50.85,50.7416666666667
2026-01-28 12:25:30,51.13,50.825
2026-01-28 12:30:31,51.16,50.9086111111111
2026-01-28 12:35:32,51.07,50.9922222222222
2026-01-28 12:40:33,50.85,51.0758333333333
2026-01-28 12:45:36,50.88,51.16
2026-01-28 12:50:37,50.7,51.2436111111111
2026-01-28 12:55:37,50.68,51.3269444444444
2026-01-28 13:00:38,50.96,51.4105555555556
2026-01-28 13:05:38,51.34,51.4938888888889
2026-01-28 13:10:39,51.75,51.5775
2026-01-28 13:15:40,52.16,51.6611111111111
2026-01-28 13:20:40,52.68,51.7444444444444
2026-01-28 13:25:41,53.03,51.8280555555556
2026-01-28 13:30:42,53.11,51.9116666666667
2026-01-28 13:35:43,52.89,51.9952777777778
2026-01-28 13:40:43,52.67,52.0786111111111
2026-01-28 13:45:44,52.37,52.1622222222222
2026-01-28 13:50:45,52.12,52.2458333333333
2026-01-28 13:55:45,52.09,52.3291666666667
2026-01-28 14:00:46,52.21,52.4127777777778
2026-01-28 14:05:47,52.51,52.4963888888889
2026-01-28 14:10:48,53.04,52.58
2026-01-28 14:15:48,53.54,52.6633333333333
2026-01-28 14:20:49,53.85,52.7469444444444
2026-01-28 14:25:49,54.16,52.8302777777778
2026-01-28 14:30:50,54.14,52.9138888888889
2026-01-28 14:35:51,54.03,52.9975
2026-01-28 14:40:51,53.77,53.0808333333333
2026-01-28 14:45:52,53.53,53.1644444444444
2026-01-28 14:50:53,52.96,53.2480555555556
2026-01-28 14:55:54,52.84,53.3316666666667
2026-01-28 15:00:54,53.01,53.415
2026-01-28 15:05:55,53.24,53.4986111111111
2026-01-28 15:10:56,53.13,53.5822222222222
2026-01-28 15:15:57,52.75,53.6658333333333
2026-01-28 15:20:57,52.19,53.7491666666667
2026-01-28 15:25:58,51.55,53.8327777777778
2026-01-28 15:30:59,51.29,53.9163888888889
2026-01-28 15:35:59,51.59,53.9997222222222
2026-01-28 15:41:00,51.67,54.0833333333333
2026-01-28 15:46:00,51.44,54.1666666666667
2026-01-28 15:51:01,51.03,54.2502777777778
2026-01-28 15:56:02,50.78,54.3338888888889
2026-01-28 16:01:03,51.32,54.4175
2026-01-28 16:06:03,52.57,54.5008333333333
2026-01-28 16:11:04,53.62,54.5844444444444
2026-01-28 16:16:05,54.58,54.6680555555556
2026-01-28 16:21:05,55.35,54.7513888888889
2026-01-28 16:26:06,55.92,54.835
2026-01-28 16:31:07,56.4,54.9186111111111
2026-01-28 16:36:08,56.57,55.0022222222222
2026-01-28 16:41:08,56.52,55.0855555555556
2026-01-28 16:46:09,56.31,55.1691666666667
2026-01-28 16:51:10,56.04,55.2527777777778
2026-01-28 16:56:10,55.85,55.3361111111111
2026-01-28 17:01:11,55.78,55.4197222222222
2026-01-28 17:06:12,55.9,55.5033333333333
2026-01-28 17:11:12,56.16,55.5866666666667
2026-01-28 17:16:13,56.54,55.6702777777778
2026-01-28 17:21:14,56.57,55.7538888888889
2026-01-28 17:26:14,56.94,55.8372222222222
2026-01-28 17:31:15,57.32,55.9208333333333
2026-01-28 17:36:16,57.43,56.0044444444444
2026-01-28 17:41:17,57.34,56.0880555555556
2026-01-28 17:46:17,57.11,56.1713888888889
2026-01-28 17:51:18,56.87,56.255
2026-01-28 17:56:19,56.61,56.3386111111111
2026-01-28 18:01:19,56.53,56.4219444444444
2026-01-28 18:06:20,56.69,56.5055555555556
2026-01-28 18:11:21,56.93,56.5891666666667
2026-01-28 18:16:22,57.28,56.6727777777778
2026-01-28 18:21:22,57.69,56.7561111111111
2026-01-28 18:26:23,58.13,56.8397222222222
2026-01-28 18:31:23,58.39,56.9230555555556
2026-01-28 18:36:25,58.35,57.0069444444444
2026-01-28 18:41:27,58.2,57.0908333333333
2026-01-28 18:46:28,57.96,57.1744444444444
2026-01-28 18:51:29,57.69,57.2580555555556
2026-01-28 18:56:30,57.42,57.3416666666667
2026-01-28 19:01:33,57.31,57.4258333333333
2026-01-28 19:06:34,57.48,57.5094444444444
2026-01-28 19:11:34,57.72,57.5927777777778
2026-01-28 19:16:35,58.1,57.6763888888889
2026-01-28 19:21:36,58.51,57.76
2026-01-28 19:26:36,58.89,57.8433333333333
2026-01-28 19:31:37,59.17,57.9269444444444
2026-01-28 19:36:38,59.15,58.0105555555556
2026-01-28 19:41:38,58.96,58.0938888888889
2026-01-28 19:46:39,58.66,58.1775
2026-01-28 19:51:40,58.42,58.2611111111111
2026-01-28 19:56:40,58.17,58.3444444444444
2026-01-28 20:01:41,58.05,58.4280555555556
2026-01-28 20:06:42,58.14,58.5116666666667
2026-01-28 20:11:43,58.46,58.5952777777778
2026-01-28 20:16:46,58.85,58.6794444444444
2026-01-28 20:21:47,59.21,58.7630555555556
2026-01-28 20:26:47,59.58,58.8463888888889
2026-01-28 20:31:48,59.79,58.93
2026-01-28 20:36:49,59.78,59.0136111111111
2026-01-28 20:41:49,59.59,59.0969444444444
2026-01-28 20:46:50,59.31,59.1805555555556
2026-01-28 20:51:51,58.99,59.2641666666667
2026-01-28 20:56:51,58.73,59.3475
2026-01-28 21:01:52,58.62,59.4311111111111
2026-01-28 21:06:53,58.78,59.5147222222222
2026-01-28 21:11:53,59.07,59.5980555555556
2026-01-28 21:16:54,59.39,59.6816666666667
2026-01-28 21:21:55,59.82,59.7652777777778
2026-01-28 21:26:55,60.21,59.8486111111111
2026-01-28 21:31:56,60.4,59.9322222222222
2026-01-28 21:36:57,60.31,60.0158333333333
2026-01-28 21:41:58,59.77,60.0994444444444
2026-01-28 21:46:58,58.89,60.1827777777778
2026-01-28 21:51:59,58.32,60.2663888888889
2026-01-28 21:57:00,58.33,60.35
2026-01-28 22:02:01,58.42,60.4336111111111
2026-01-28 22:07:01,58.71,60.5169444444444
2026-01-28 22:12:02,59.13,60.6005555555556
2026-01-28 22:17:03,59.59,60.6841666666667
2026-01-28 22:22:03,60.07,60.7675
2026-01-28 22:27:04,60.5,60.8511111111111
2026-01-28 22:32:04,60.74,60.9344444444444
2026-01-28 22:37:06,60.71,61.0183333333333
2026-01-28 22:42:06,60.57,61.1016666666667
2026-01-28 22:47:07,60.31,61.1852777777778
2026-01-28 22:52:08,60.01,61.2688888888889
2026-01-28 22:57:08,59.71,61.3522222222222
2026-01-28 23:02:09,59.66,61.4358333333333
2026-01-28 23:07:10,59.84,61.5194444444444
2026-01-28 23:12:13,60.15,61.6036111111111
2026-01-28 23:17:14,60.5,61.6872222222222
2026-01-28 23:22:14,60.89,61.7705555555556
2026-01-28 23:27:15,61.26,61.8541666666667
2026-01-28 23:32:16,61.5,61.9377777777778
2026-01-28 23:37:16,61.42,62.0211111111111
2026-01-28 23:42:17,61.15,62.1047222222222
2026-01-28 23:47:17,60.89,62.1880555555556
2026-01-28 23:52:18,60.64,62.2716666666667
2026-01-28 23:57:19,60.39,62.3552777777778
2026-01-29 00:02:20,60.28,62.4388888888889
2026-01-29 00:07:20,60.43,62.5222222222222
2026-01-29 00:12:21,60.74,62.6058333333333
2026-01-29 00:17:22,61.16,62.6894444444444
2026-01-29 00:22:23,61.53,62.7730555555556
2026-01-29 00:27:23,61.88,62.8563888888889
2026-01-29 00:32:24,62.06,62.94
2026-01-29 00:37:25,61.97,63.0236111111111
2026-01-29 00:42:25,61.76,63.1069444444444
2026-01-29 00:47:26,61.46,63.1905555555556
2026-01-29 00:52:27,61.15,63.2741666666667
2026-01-29 00:57:28,60.88,63.3577777777778
2026-01-29 01:02:28,60.78,63.4411111111111
2026-01-29 01:07:29,60.98,63.5247222222222
2026-01-29 01:12:29,61.29,63.6080555555556
2026-01-29 01:17:30,61.67,63.6916666666667
2026-01-29 01:22:31,62.04,63.7752777777778
2026-01-29 01:27:32,62.44,63.8588888888889
2026-01-29 01:32:32,62.62,63.9422222222222
2026-01-29 01:37:33,62.5,64.0258333333333
2026-01-29 01:42:34,62.24,64.1094444444444
2026-01-29 01:47:35,61.95,64.1930555555556
2026-01-29 01:52:35,61.7,64.2763888888889
2026-01-29 01:57:36,61.46,64.36
2026-01-29 02:02:37,61.36,64.4436111111111
2026-01-29 02:07:37,61.52,64.5269444444444
2026-01-29 02:12:38,61.85,64.6105555555555
2026-01-29 02:17:39,62.28,64.6941666666667
2026-01-29 02:22:40,62.62,64.7777777777778
2026-01-29 02:27:40,62.98,64.8611111111111
2026-01-29 02:32:41,63.16,64.9447222222222
2026-01-29 02:37:42,63.05,65.0283333333333
2026-01-29 02:42:42,62.82,65.1116666666667
2026-01-29 02:47:43,62.53,65.1952777777778
2026-01-29 02:52:46,62.21,65.2794444444445
2026-01-29 02:57:47,61.93,65.3630555555556
2026-01-29 03:02:47,61.89,65.4463888888889
2026-01-29 03:07:48,62.1,65.53
2026-01-29 03:12:49,62.39,65.6136111111111
2026-01-29 03:17:50,62.76,65.6972222222222
2026-01-29 03:22:50,63.14,65.7805555555556
2026-01-29 03:27:51,63.52,65.8641666666667
2026-01-29 03:32:52,63.69,65.9477777777778
2026-01-29 03:37:53,63.57,66.0313888888889
2026-01-29 03:42:53,63.29,66.1147222222222
2026-01-29 03:47:54,62.99,66.1983333333333
2026-01-29 03:52:55,62.68,66.2819444444444
2026-01-29 03:57:55,62.44,66.3652777777778
2026-01-29 04:02:56,62.42,66.4488888888889
2026-01-29 04:07:56,62.62,66.5322222222222
2026-01-29 04:12:57,62.94,66.6158333333333
2026-01-29 04:17:58,63.34,66.6994444444444
2026-01-29 04:22:59,63.75,66.7830555555555
2026-01-29 04:28:02,64.11,66.8672222222222
2026-01-29 04:33:03,64.24,66.9508333333333
2026-01-29 04:38:03,64.11,67.0341666666667
2026-01-29 04:43:04,63.86,67.1177777777778
2026-01-29 04:48:05,63.56,67.2013888888889
2026-01-29 04:53:06,63.21,67.285
2026-01-29 04:58:06,62.92,67.3683333333333
2026-01-29 05:03:08,62.87,67.4522222222222
2026-01-29 05:08:10,63.1,67.5361111111111
2026-01-29 05:13:11,63.44,67.6197222222222
2026-01-29 05:18:11,63.82,67.7030555555556
2026-01-29 05:23:12,64.18,67.7866666666667
2026-01-29 05:28:13,64.58,67.8702777777778
2026-01-29 05:33:14,64.69,67.9538888888889
2026-01-29 05:38:14,64.54,68.0372222222222
2026-01-29 05:43:15,64.28,68.1208333333333
2026-01-29 05:48:16,63.97,68.2044444444444
2026-01-29 05:53:16,63.67,68.2877777777778
2026-01-29 05:58:17,63.41,68.3713888888889
2026-01-29 06:03:19,63.38,68.4552777777778
2026-01-29 06:08:21,63.6,68.5391666666667
2026-01-29 06:13:22,63.94,68.6227777777778
2026-01-29 06:18:23,64.36,68.7063888888889
2026-01-29 06:23:23,64.78,68.7897222222222
2026-01-29 06:28:24,65.14,68.8733333333333
2026-01-29 06:33:25,65.21,68.9569444444444
2026-01-29 06:38:26,65.06,69.0405555555556
2026-01-29 06:43:28,64.8,69.1244444444444
2026-01-29 06:48:30,64.5,69.2083333333333
2026-01-29 06:53:33,64.18,69.2925
2026-01-29 06:58:34,63.92,69.3761111111111
2026-01-29 07:03:37,63.88,69.4602777777778
2026-01-29 07:08:38,64.1,69.5438888888889
2026-01-29 07:13:39,64.47,69.6275
2026-01-29 07:18:41,64.93,69.7113888888889
2026-01-29 07:23:42,65.33,69.795
2026-01-29 07:28:43,65.67,69.8786111111111
2026-01-29 07:33:44,65.77,69.9622222222222
2026-01-29 07:38:44,65.6,70.0455555555556
2026-01-29 07:43:45,65.33,70.1291666666667
2026-01-29 07:46:22,65.14,70.1727777777778
2026-01-29 07:46:27,65.13,70.1741666666667
2026-01-29 07:46:29,65.14,70.1747222222222
2026-01-29 07:46:32,65.11,70.1755555555556
2026-01-29 07:46:34,65.11,70.1761111111111
2026-01-29 07:46:37,65.11,70.1769444444444
2026-01-29 07:46:40,65.1,70.1777777777778
2026-01-29 07:46:45,65.1,70.1791666666667
2026-01-29 07:46:47,65.1,70.1797222222222
2026-01-29 07:46:50,65.11,70.1805555555556
2026-01-29 07:46:53,65.1,70.1813888888889
2026-01-29 07:46:56,65.1,70.1822222222222
2026-01-29 07:47:11,65.08,70.1863888888889
2026-01-29 07:47:15,65.07,70.1875
