Date,Temp,Hours
2026-01-26 10:02:58,23.73,0.449444444444444
2026-01-26 10:03:04,23.74,0.451111111111111
2026-01-26 10:03:06,23.74,0.451666666666667
2026-01-26 10:03:09,23.74,0.4525
2026-01-26 10:03:13,23.74,0.453611111111111
2026-01-26 10:03:15,23.76,0.454166666666667
2026-01-26 10:03:25,23.79,0.456944444444444
2026-01-26 10:03:28,23.78,0.457777777777778
2026-01-26 10:03:29,23.78,0.458055555555556
2026-01-26 10:03:36,23.79,0.46
2026-01-26 10:03:38,23.79,0.460555555555556
2026-01-26 10:03:41,23.81,0.461388888888889
2026-01-26 10:03:45,23.81,0.4625
2026-01-26 10:03:48,23.83,0.463333333333333
2026-01-26 10:03:51,23.82,0.464166666666667
2026-01-26 10:03:55,23.83,0.465277777777778
2026-01-26 10:04:00,23.83,0.466666666666667
2026-01-26 10:04:03,23.84,0.4675
2026-01-26 10:04:26,23.89,0.473888888888889
2026-01-26 10:04:30,23.86,0.475
2026-01-26 10:04:32,23.87,0.475555555555556
2026-01-26 10:04:35,23.89,0.476388888888889
2026-01-26 10:04:36,23.89,0.476666666666667
2026-01-26 10:04:39,23.89,0.4775
2026-01-26 10:04:41,23.89,0.478055555555556
2026-01-26 10:04:44,23.89,0.478888888888889
2026-01-26 10:04:48,23.92,0.48
2026-01-26 10:04:50,23.9,0.480555555555556
2026-01-26 10:04:53,23.92,0.481388888888889
2026-01-26 10:04:57,23.92,0.4825
2026-01-26 10:04:59,23.92,0.483055555555556
2026-01-26 10:05:02,23.94,0.483888888888889
2026-01-26 10:05:04,23.94,0.484444444444444
2026-01-26 10:05:07,23.92,0.485277777777778
2026-01-26 10:05:09,23.94,0.485833333333333
2026-01-26 10:05:12,23.96,0.486666666666667
2026-01-26 10:05:15,23.95,0.4875
2026-01-26 10:05:17,23.95,0.488055555555556
2026-01-26 10:05:21,23.95,0.489166666666667
2026-01-26 10:05:24,23.96,0.49
2026-01-26 10:05:31,23.97,0.491944444444444
2026-01-26 10:05:34,23.97,0.492777777777778
2026-01-26 10:05:35,23.97,0.493055555555556
2026-01-26 10:05:38,23.97,0.493888888888889
2026-01-26 10:05:40,23.99,0.494444444444444
2026-01-26 10:05:44,23.97,0.495555555555556
2026-01-26 10:05:49,23.99,0.496944444444444
2026-01-26 10:05:52,24,0.497777777777778
2026-01-26 10:05:54,23.99,0.498333333333333
2026-01-26 10:05:57,23.99,0.499166666666667
2026-01-26 10:05:58,24,0.499444444444444
2026-01-26 10:06:06,24.01,0.501666666666667
2026-01-26 10:06:09,24.03,0.5025
2026-01-26 10:06:11,24.03,0.503055555555556
2026-01-26 10:06:14,24.02,0.503888888888889
2026-01-26 10:06:18,24.03,0.505
2026-01-26 10:06:19,24.03,0.505277777777778
2026-01-26 10:06:21,24.03,0.505833333333333
2026-01-26 10:06:27,24.03,0.5075
2026-01-26 10:06:29,24.06,0.508055555555556
2026-01-26 10:06:32,24.05,0.508888888888889
2026-01-26 10:06:34,24.06,0.509444444444444
2026-01-26 10:06:38,24.06,0.510555555555556
2026-01-26 10:06:39,24.06,0.510833333333333
2026-01-26 10:06:42,24.07,0.511666666666667
2026-01-26 10:06:45,24.07,0.5125
2026-01-26 10:06:47,24.08,0.513055555555556
2026-01-26 10:06:50,24.06,0.513888888888889
2026-01-26 10:06:52,24.09,0.514444444444444
2026-01-26 10:06:56,24.08,0.515555555555556
2026-01-26 10:06:57,24.09,0.515833333333333
2026-01-26 10:07:00,24.07,0.516666666666667
2026-01-26 10:07:03,24.09,0.5175
2026-01-26 10:07:05,24.09,0.518055555555556
2026-01-26 10:07:08,24.09,0.518888888888889
2026-01-26 10:07:10,24.1,0.519444444444444
2026-01-26 10:07:13,24.1,0.520277777777778
2026-01-26 10:07:15,24.1,0.520833333333333
2026-01-26 10:07:18,24.1,0.521666666666667
2026-01-26 10:07:21,24.11,0.5225
2026-01-26 10:07:24,24.13,0.523333333333333
2026-01-26 10:07:26,24.14,0.523888888888889
2026-01-26 10:08:21,24.18,0.539166666666667
2026-01-26 10:08:22,24.19,0.539444444444444
2026-01-26 10:08:25,24.2,0.540277777777778
2026-01-26 10:08:29,24.2,0.541388888888889
2026-01-26 10:08:30,24.21,0.541666666666667
2026-01-26 10:08:34,24.21,0.542777777777778
2026-01-26 10:08:36,24.21,0.543333333333333
2026-01-26 10:08:38,24.21,0.543888888888889
2026-01-26 10:08:40,24.22,0.544444444444444
2026-01-26 10:08:45,24.22,0.545833333333333
2026-01-26 10:08:48,24.23,0.546666666666667
2026-01-26 10:08:54,24.22,0.548333333333333
2026-01-26 10:08:59,24.23,0.549722222222222
2026-01-26 10:09:02,24.24,0.550555555555556
2026-01-26 10:09:03,24.24,0.550833333333333
2026-01-26 10:09:06,24.24,0.551666666666667
2026-01-26 10:09:08,24.24,0.552222222222222
2026-01-26 10:09:12,24.26,0.553333333333333
2026-01-26 10:09:14,24.24,0.553888888888889
2026-01-26 10:09:16,24.26,0.554444444444444
2026-01-26 10:09:21,24.25,0.555833333333333
2026-01-26 10:09:25,24.27,0.556944444444444
2026-01-26 10:09:30,24.26,0.558333333333333
2026-01-26 10:09:33,24.27,0.559166666666667
2026-01-26 10:09:37,24.28,0.560277777777778
2026-01-26 10:09:39,24.27,0.560833333333333
2026-01-26 10:09:43,24.28,0.561944444444444
2026-01-26 10:09:46,24.29,0.562777777777778
2026-01-26 10:09:51,24.28,0.564166666666667
2026-01-26 10:09:52,24.28,0.564444444444444
2026-01-26 10:09:55,24.29,0.565277777777778
2026-01-26 10:09:57,24.29,0.565833333333333
2026-01-26 10:10:01,24.3,0.566944444444444
2026-01-26 10:10:02,24.32,0.567222222222222
2026-01-26 10:10:05,24.3,0.568055555555556
2026-01-26 10:10:08,24.31,0.568888888888889
2026-01-26 10:10:10,24.31,0.569444444444444
2026-01-26 10:10:14,24.32,0.570555555555556
2026-01-26 10:10:19,24.32,0.571944444444444
2026-01-26 10:10:20,24.33,0.572222222222222
2026-01-26 10:10:23,24.34,0.573055555555556
2026-01-26 10:10:26,24.33,0.573888888888889
2026-01-26 10:10:28,24.34,0.574444444444444
2026-01-26 10:10:35,24.34,0.576388888888889
2026-01-26 10:10:37,24.34,0.576944444444444
2026-01-26 10:10:38,24.34,0.577222222222222
2026-01-26 10:10:41,24.35,0.578055555555556
2026-01-26 10:10:44,24.36,0.578888888888889
2026-01-26 10:10:46,24.35,0.579444444444444
2026-01-26 10:10:50,24.36,0.580555555555556
2026-01-26 10:10:54,24.35,0.581666666666667
2026-01-26 10:10:56,24.36,0.582222222222222
2026-01-26 10:10:59,24.37,0.583055555555556
2026-01-26 10:11:04,24.38,0.584444444444444
2026-01-26 10:11:07,24.38,0.585277777777778
2026-01-26 10:11:09,24.39,0.585833333333333
2026-01-26 10:11:13,24.38,0.586944444444444
2026-01-26 10:11:14,24.38,0.587222222222222
2026-01-26 10:11:17,24.39,0.588055555555556
2026-01-26 10:11:25,24.39,0.590277777777778
2026-01-26 10:11:25,24.4,0.590277777777778
2026-01-26 10:11:28,24.39,0.591111111111111
2026-01-26 10:11:31,24.39,0.591944444444444
2026-01-26 10:11:32,24.39,0.592222222222222
2026-01-26 10:11:35,24.4,0.593055555555556
2026-01-26 10:11:39,24.4,0.594166666666667
2026-01-26 10:11:41,24.39,0.594722222222222
2026-01-26 10:11:44,24.41,0.595555555555556
2026-01-26 10:11:45,24.42,0.595833333333333
2026-01-26 10:11:48,24.42,0.596666666666667
2026-01-26 10:11:50,24.42,0.597222222222222
2026-01-26 10:11:59,24.42,0.599722222222222
2026-01-26 10:12:01,24.44,0.600277777777778
2026-01-26 10:12:03,24.44,0.600833333333333
2026-01-26 10:12:10,24.43,0.602777777777778
2026-01-26 10:12:11,24.44,0.603055555555556
2026-01-26 10:12:13,24.45,0.603611111111111
2026-01-26 10:12:16,24.45,0.604444444444444
2026-01-26 10:12:19,24.45,0.605277777777778
2026-01-26 10:12:22,24.44,0.606111111111111
2026-01-26 10:12:25,24.45,0.606944444444444
2026-01-26 10:12:28,24.46,0.607777777777778
2026-01-26 10:12:29,24.44,0.608055555555556
2026-01-26 10:12:34,24.45,0.609444444444444
2026-01-26 10:12:37,24.46,0.610277777777778
2026-01-26 10:12:39,24.47,0.610833333333333
2026-01-26 10:12:42,24.46,0.611666666666667
2026-01-26 10:12:44,24.47,0.612222222222222
2026-01-26 10:12:47,24.47,0.613055555555556
2026-01-26 10:12:49,24.47,0.613611111111111
2026-01-26 10:12:53,24.48,0.614722222222222
2026-01-26 10:12:56,24.47,0.615555555555556
2026-01-26 10:13:00,24.49,0.616666666666667
2026-01-26 10:13:05,24.49,0.618055555555556
2026-01-26 10:13:07,24.49,0.618611111111111
2026-01-26 10:13:11,24.49,0.619722222222222
2026-01-26 10:13:13,24.5,0.620277777777778
2026-01-26 10:13:15,24.51,0.620833333333333
2026-01-26 10:13:22,24.52,0.622777777777778
2026-01-26 10:13:24,24.5,0.623333333333333
2026-01-26 10:13:27,24.49,0.624166666666667
2026-01-26 10:13:28,24.5,0.624444444444444
2026-01-26 10:13:30,24.51,0.625
2026-01-26 10:13:36,24.51,0.626666666666667
2026-01-26 10:13:42,24.53,0.628333333333333
2026-01-26 10:13:45,24.53,0.629166666666667
2026-01-26 10:13:47,24.54,0.629722222222222
2026-01-26 10:13:48,24.53,0.63
2026-01-26 10:13:52,24.53,0.631111111111111
2026-01-26 10:13:54,24.53,0.631666666666667
2026-01-26 10:13:56,24.55,0.632222222222222
2026-01-26 10:13:59,24.53,0.633055555555556
2026-01-26 10:14:01,24.54,0.633611111111111
2026-01-26 10:14:04,24.54,0.634444444444444
2026-01-26 10:14:06,24.55,0.635
2026-01-26 10:14:09,24.53,0.635833333333333
2026-01-26 10:14:12,24.55,0.636666666666667
2026-01-26 10:14:15,24.57,0.6375
2026-01-26 10:14:17,24.55,0.638055555555556
2026-01-26 10:14:22,24.56,0.639444444444444
2026-01-26 10:14:24,24.55,0.64
2026-01-26 10:14:27,24.56,0.640833333333333
2026-01-26 10:14:30,24.56,0.641666666666667
2026-01-26 10:14:35,24.57,0.643055555555556
2026-01-26 10:14:37,24.57,0.643611111111111
2026-01-26 10:14:41,24.57,0.644722222222222
2026-01-26 10:14:44,24.57,0.645555555555556
2026-01-26 10:14:45,24.59,0.645833333333333
2026-01-26 10:14:48,24.57,0.646666666666667
2026-01-26 10:14:55,24.58,0.648611111111111
2026-01-26 10:14:58,24.58,0.649444444444444
2026-01-26 10:15:00,24.59,0.65
2026-01-26 10:15:03,24.59,0.650833333333333
2026-01-26 10:15:06,24.6,0.651666666666667
2026-01-26 10:15:09,24.6,0.6525
2026-01-26 10:15:11,24.59,0.653055555555556
2026-01-26 10:15:13,24.6,0.653611111111111
2026-01-26 10:15:16,24.63,0.654444444444444
2026-01-26 10:15:20,24.6,0.655555555555556
2026-01-26 10:15:21,24.61,0.655833333333333
2026-01-26 10:15:24,24.62,0.656666666666667
2026-01-26 10:15:26,24.63,0.657222222222222
2026-01-26 10:15:30,24.62,0.658333333333333
2026-01-26 10:15:33,24.61,0.659166666666667
2026-01-26 10:15:34,24.63,0.659444444444444
2026-01-26 10:15:36,24.61,0.66
2026-01-26 10:15:39,24.64,0.660833333333333
2026-01-26 10:15:43,24.63,0.661944444444444
2026-01-26 10:15:45,24.63,0.6625
2026-01-26 10:15:49,24.65,0.663611111111111
2026-01-26 10:15:52,24.65,0.664444444444444
2026-01-26 10:15:54,24.64,0.665
2026-01-26 10:16:01,24.64,0.666944444444444
2026-01-26 10:16:02,24.65,0.667222222222222
2026-01-26 10:16:05,24.65,0.668055555555556
2026-01-26 10:16:07,24.66,0.668611111111111
2026-01-26 10:16:10,24.66,0.669444444444444
2026-01-26 10:16:12,24.66,0.67
2026-01-26 10:16:15,24.66,0.670833333333333
2026-01-26 10:17:24,24.72,0.69
2026-01-26 10:17:24,24.71,0.69
2026-01-26 10:17:27,24.72,0.690833333333333
2026-01-26 10:17:33,24.73,0.6925
2026-01-26 10:17:35,24.71,0.693055555555556
2026-01-26 10:17:38,24.73,0.693888888888889
2026-01-26 10:17:40,24.74,0.694444444444444
2026-01-26 10:17:42,24.74,0.695
2026-01-26 10:17:45,24.71,0.695833333333333
2026-01-26 10:17:47,24.71,0.696388888888889
2026-01-26 10:17:50,24.73,0.697222222222222
2026-01-26 10:17:53,24.73,0.698055555555556
2026-01-26 10:17:55,24.75,0.698611111111111
2026-01-26 10:17:58,24.71,0.699444444444444
2026-01-26 10:18:01,24.75,0.700277777777778
2026-01-26 10:18:03,24.74,0.700833333333333
2026-01-26 10:18:06,24.74,0.701666666666667
2026-01-26 10:18:08,24.74,0.702222222222222
2026-01-26 10:18:11,24.75,0.703055555555556
2026-01-26 10:18:14,24.75,0.703888888888889
2026-01-26 10:18:16,24.75,0.704444444444444
2026-01-26 10:18:19,24.75,0.705277777777778
2026-01-26 10:18:21,24.76,0.705833333333333
2026-01-26 10:18:23,24.76,0.706388888888889
2026-01-26 10:18:26,24.76,0.707222222222222
2026-01-26 10:18:29,24.76,0.708055555555556
2026-01-26 10:18:31,24.76,0.708611111111111
2026-01-26 10:18:34,24.77,0.709444444444444
2026-01-26 10:18:36,24.77,0.71
2026-01-26 10:18:39,24.77,0.710833333333333
2026-01-26 10:19:30,24.81,0.725
2026-01-26 10:19:33,24.81,0.725833333333333
2026-01-26 10:19:36,24.81,0.726666666666667
2026-01-26 10:19:38,24.82,0.727222222222222
2026-01-26 10:19:41,24.82,0.728055555555556
2026-01-26 10:19:43,24.82,0.728611111111111
2026-01-26 10:19:46,24.82,0.729444444444444
2026-01-26 10:19:49,24.84,0.730277777777778
2026-01-26 10:19:51,24.84,0.730833333333333
2026-01-26 10:19:54,24.83,0.731666666666667
2026-01-26 10:19:56,24.82,0.732222222222222
2026-01-26 10:19:59,24.83,0.733055555555556
2026-01-26 10:20:01,24.82,0.733611111111111
2026-01-26 10:20:04,24.83,0.734444444444444
2026-01-26 10:20:06,24.84,0.735
2026-01-26 10:20:09,24.83,0.735833333333333
2026-01-26 10:20:12,24.85,0.736666666666667
2026-01-26 10:20:14,24.85,0.737222222222222
2026-01-26 10:20:17,24.85,0.738055555555556
2026-01-26 10:20:19,24.85,0.738611111111111
2026-01-26 10:20:22,24.86,0.739444444444444
2026-01-26 10:20:24,24.85,0.74
2026-01-26 10:20:27,24.85,0.740833333333333
2026-01-26 10:20:30,24.85,0.741666666666667
2026-01-26 10:20:32,24.85,0.742222222222222
2026-01-26 10:20:35,24.86,0.743055555555556
2026-01-26 10:20:37,24.87,0.743611111111111
2026-01-26 10:20:40,24.86,0.744444444444444
2026-01-26 10:20:43,24.88,0.745277777777778
2026-01-26 10:20:45,24.86,0.745833333333333
2026-01-26 10:20:48,24.86,0.746666666666667
2026-01-26 10:20:50,24.86,0.747222222222222
2026-01-26 10:20:53,24.87,0.748055555555556
2026-01-26 10:20:55,24.89,0.748611111111111
2026-01-26 10:20:58,24.86,0.749444444444444
2026-01-26 10:21:00,24.87,0.75
2026-01-26 10:21:03,24.88,0.750833333333333
2026-01-26 10:21:06,24.87,0.751666666666667
2026-01-26 10:21:08,24.89,0.752222222222222
2026-01-26 10:21:11,24.88,0.753055555555556
2026-01-26 10:21:13,24.89,0.753611111111111
2026-01-26 10:21:52,24.92,0.764444444444444
2026-01-26 10:21:54,24.91,0.765
2026-01-26 10:21:57,24.92,0.765833333333333
2026-01-26 10:22:00,24.9,0.766666666666667
2026-01-26 10:22:02,24.92,0.767222222222222
2026-01-26 10:22:05,24.92,0.768055555555556
2026-01-26 10:22:07,24.92,0.768611111111111
2026-01-26 10:22:10,24.91,0.769444444444444
2026-01-26 10:22:13,24.93,0.770277777777778
2026-01-26 10:22:15,24.92,0.770833333333333
2026-01-26 10:22:18,24.92,0.771666666666667
2026-01-26 10:22:20,24.93,0.772222222222222
2026-01-26 10:22:23,24.93,0.773055555555556
2026-01-26 10:22:25,24.95,0.773611111111111
2026-01-26 10:25:20,25.31,0.822222222222222
2026-01-26 10:25:23,25.3,0.823055555555556
2026-01-26 10:25:25,25.31,0.823611111111111
2026-01-26 10:25:28,25.32,0.824444444444444
2026-01-26 10:25:30,25.33,0.825
2026-01-26 10:25:33,25.32,0.825833333333333
2026-01-26 10:25:36,25.35,0.826666666666667
2026-01-26 10:25:38,25.35,0.827222222222222
2026-01-26 10:30:39,26.22,0.910833333333333
2026-01-26 10:32:19,26.47,0.938611111111111
2026-01-26 10:32:21,26.47,0.939166666666667
2026-01-26 10:32:24,26.49,0.94
2026-01-26 10:32:26,26.5,0.940555555555556
2026-01-26 10:32:29,26.48,0.941388888888889
2026-01-26 10:32:32,26.5,0.942222222222222
2026-01-26 10:32:34,26.51,0.942777777777778
2026-01-26 10:32:37,26.51,0.943611111111111
2026-01-26 10:32:39,26.52,0.944166666666667
2026-01-26 10:32:42,26.53,0.945
2026-01-26 10:37:43,27.28,1.02861111111111
2026-01-26 10:42:43,27.82,1.11194444444444
2026-01-26 10:44:44,28,1.14555555555556
2026-01-26 10:44:47,28.02,1.14638888888889
2026-01-26 10:44:50,28.01,1.14722222222222
2026-01-26 10:44:52,28.02,1.14777777777778
2026-01-26 10:44:55,28.02,1.14861111111111
2026-01-26 10:44:57,28.03,1.14916666666667
2026-01-26 10:45:00,28.03,1.15
2026-01-26 10:45:02,28.03,1.15055555555556
2026-01-26 10:45:05,28.03,1.15138888888889
2026-01-26 10:45:07,28.03,1.15194444444444
2026-01-26 10:45:10,28.03,1.15277777777778
2026-01-26 10:45:12,28.03,1.15333333333333
2026-01-26 10:45:15,28.05,1.15416666666667
2026-01-26 10:45:18,28.06,1.155
2026-01-26 10:45:20,28.06,1.15555555555556
2026-01-26 10:45:23,28.05,1.15638888888889
2026-01-26 10:45:25,28.06,1.15694444444444
2026-01-26 10:45:28,28.06,1.15777777777778
2026-01-26 10:45:31,28.07,1.15861111111111
2026-01-26 10:45:33,28.07,1.15916666666667
2026-01-26 10:45:36,28.07,1.16
2026-01-26 10:45:39,28.07,1.16083333333333
2026-01-26 10:45:41,28.07,1.16138888888889
2026-01-26 10:45:44,28.09,1.16222222222222
2026-01-26 10:45:46,28.09,1.16277777777778
2026-01-26 10:45:48,28.09,1.16333333333333
2026-01-26 10:45:51,28.08,1.16416666666667
2026-01-26 10:45:54,28.1,1.165
2026-01-26 10:45:56,28.11,1.16555555555556
2026-01-26 10:45:59,28.1,1.16638888888889
2026-01-26 10:46:01,28.1,1.16694444444444
2026-01-26 10:46:04,28.1,1.16777777777778
2026-01-26 10:46:07,28.11,1.16861111111111
2026-01-26 10:46:09,28.11,1.16916666666667
2026-01-26 10:46:12,28.12,1.17
2026-01-26 10:46:14,28.12,1.17055555555556
2026-01-26 10:46:17,28.11,1.17138888888889
2026-01-26 10:46:19,28.11,1.17194444444444
2026-01-26 10:46:22,28.14,1.17277777777778
2026-01-26 10:46:25,28.14,1.17361111111111
2026-01-26 10:46:27,28.14,1.17416666666667
2026-01-26 10:46:30,28.14,1.175
2026-01-26 10:46:32,28.15,1.17555555555556
2026-01-26 10:46:35,28.15,1.17638888888889
2026-01-26 10:46:37,28.16,1.17694444444444
2026-01-26 10:46:40,28.14,1.17777777777778
2026-01-26 10:46:42,28.16,1.17833333333333
2026-01-26 10:46:45,28.16,1.17916666666667
2026-01-26 10:46:48,28.16,1.18
2026-01-26 10:46:50,28.16,1.18055555555556
2026-01-26 10:46:53,28.15,1.18138888888889
2026-01-26 10:46:55,28.17,1.18194444444444
2026-01-26 10:46:58,28.17,1.18277777777778
2026-01-26 10:47:01,28.19,1.18361111111111
2026-01-26 10:47:03,28.18,1.18416666666667
2026-01-26 10:47:06,28.19,1.185
2026-01-26 10:47:08,28.18,1.18555555555556
2026-01-26 10:47:11,28.2,1.18638888888889
2026-01-26 10:47:14,28.19,1.18722222222222
2026-01-26 10:47:16,28.2,1.18777777777778
2026-01-26 10:47:19,28.21,1.18861111111111
2026-01-26 10:47:21,28.2,1.18916666666667
2026-01-26 10:47:24,28.18,1.19
2026-01-26 10:47:26,28.2,1.19055555555556
2026-01-26 10:47:29,28.21,1.19138888888889
2026-01-26 10:47:31,28.21,1.19194444444444
2026-01-26 10:47:34,28.2,1.19277777777778
2026-01-26 10:47:36,28.22,1.19333333333333
2026-01-26 10:47:39,28.21,1.19416666666667
2026-01-26 10:47:42,28.22,1.195
2026-01-26 10:47:44,28.2,1.19555555555556
2026-01-26 10:47:47,28.22,1.19638888888889
2026-01-26 10:47:49,28.23,1.19694444444444
2026-01-26 10:47:52,28.23,1.19777777777778
2026-01-26 10:47:55,28.24,1.19861111111111
2026-01-26 10:47:57,28.24,1.19916666666667
2026-01-26 10:48:00,28.25,1.2
2026-01-26 10:48:02,28.24,1.20055555555556
2026-01-26 10:48:05,28.25,1.20138888888889
2026-01-26 10:48:08,28.24,1.20222222222222
2026-01-26 10:48:10,28.27,1.20277777777778
2026-01-26 10:48:13,28.26,1.20361111111111
2026-01-26 10:48:15,28.26,1.20416666666667
2026-01-26 10:48:17,28.25,1.20472222222222
2026-01-26 10:48:20,28.28,1.20555555555556
2026-01-26 10:48:23,28.27,1.20638888888889
2026-01-26 10:48:26,28.26,1.20722222222222
2026-01-26 10:48:30,28.28,1.20833333333333
2026-01-26 10:48:33,28.27,1.20916666666667
2026-01-26 10:48:36,28.28,1.21
2026-01-26 10:48:38,28.28,1.21055555555556
2026-01-26 10:48:41,28.29,1.21138888888889
2026-01-26 10:48:43,28.28,1.21194444444444
2026-01-26 10:48:46,28.28,1.21277777777778
2026-01-26 10:48:49,28.29,1.21361111111111
2026-01-26 10:48:51,28.28,1.21416666666667
2026-01-26 10:48:54,28.3,1.215
2026-01-26 10:48:56,28.29,1.21555555555556
2026-01-26 10:48:59,28.29,1.21638888888889
2026-01-26 10:49:02,28.31,1.21722222222222
2026-01-26 10:49:04,28.3,1.21777777777778
2026-01-26 10:49:06,28.31,1.21833333333333
2026-01-26 10:49:09,28.3,1.21916666666667
2026-01-26 10:49:11,28.32,1.21972222222222
2026-01-26 10:49:14,28.32,1.22055555555556
2026-01-26 10:49:17,28.31,1.22138888888889
2026-01-26 10:49:19,28.33,1.22194444444444
2026-01-26 10:49:22,28.31,1.22277777777778
2026-01-26 10:49:24,28.33,1.22333333333333
2026-01-26 10:49:27,28.33,1.22416666666667
2026-01-26 10:49:30,28.33,1.225
2026-01-26 10:49:32,28.33,1.22555555555556
2026-01-26 10:49:35,28.34,1.22638888888889
2026-01-26 10:49:37,28.33,1.22694444444444
2026-01-26 10:49:40,28.34,1.22777777777778
2026-01-26 10:49:43,28.34,1.22861111111111
2026-01-26 10:54:43,28.6,1.31194444444444
2026-01-26 10:59:44,28.82,1.39555555555556
2026-01-26 11:01:22,28.89,1.42277777777778
2026-01-26 11:01:24,28.9,1.42333333333333
2026-01-26 11:01:26,28.89,1.42388888888889
2026-01-26 11:01:29,28.89,1.42472222222222
2026-01-26 11:01:32,28.89,1.42555555555556
2026-01-26 11:01:34,28.9,1.42611111111111
2026-01-26 11:01:37,28.89,1.42694444444444
2026-01-26 11:01:39,28.9,1.4275
2026-01-26 11:01:42,28.91,1.42833333333333
2026-01-26 11:01:45,28.92,1.42916666666667
2026-01-26 11:01:47,28.91,1.42972222222222
2026-01-26 11:01:50,28.9,1.43055555555556
2026-01-26 11:01:52,28.93,1.43111111111111
2026-01-26 11:01:55,28.9,1.43194444444444
2026-01-26 11:01:57,28.92,1.4325
2026-01-26 11:02:00,28.93,1.43333333333333
2026-01-26 11:02:03,28.92,1.43416666666667
2026-01-26 11:02:05,28.93,1.43472222222222
2026-01-26 11:02:08,28.93,1.43555555555556
2026-01-26 11:02:10,28.92,1.43611111111111
2026-01-26 11:02:13,28.93,1.43694444444444
2026-01-26 11:02:16,28.93,1.43777777777778
2026-01-26 11:02:18,28.94,1.43833333333333
2026-01-26 11:02:20,28.94,1.43888888888889
2026-01-26 11:02:23,28.94,1.43972222222222
2026-01-26 11:02:26,28.93,1.44055555555556
2026-01-26 11:02:28,28.95,1.44111111111111
2026-01-26 11:02:31,28.95,1.44194444444444
2026-01-26 11:02:33,28.96,1.4425
2026-01-26 11:07:34,29.43,1.52611111111111
2026-01-26 11:12:35,30.28,1.60972222222222
2026-01-26 11:17:35,30.88,1.69305555555556
2026-01-26 11:22:36,31.32,1.77666666666667
2026-01-26 11:27:37,31.61,1.86027777777778
2026-01-26 11:32:38,32.02,1.94388888888889
2026-01-26 11:35:32,32.21,1.99222222222222
2026-01-26 11:35:35,32.21,1.99305555555556
2026-01-26 11:35:37,32.2,1.99361111111111
2026-01-26 11:35:40,32.21,1.99444444444444
2026-01-26 11:35:43,32.21,1.99527777777778
2026-01-26 11:35:45,32.21,1.99583333333333
2026-01-26 11:35:48,32.22,1.99666666666667
2026-01-26 11:35:50,32.23,1.99722222222222
2026-01-26 11:35:53,32.21,1.99805555555556
2026-01-26 11:35:56,32.22,1.99888888888889
2026-01-26 11:35:58,32.22,1.99944444444444
2026-01-26 11:36:01,32.24,2.00027777777778
2026-01-26 11:36:03,32.24,2.00083333333333
2026-01-26 11:36:06,32.21,2.00166666666667
2026-01-26 11:36:09,32.24,2.0025
2026-01-26 11:36:11,32.23,2.00305555555556
2026-01-26 11:36:14,32.23,2.00388888888889
2026-01-26 11:36:16,32.25,2.00444444444444
2026-01-26 11:36:18,32.24,2.005
2026-01-26 11:36:21,32.24,2.00583333333333
2026-01-26 11:36:24,32.25,2.00666666666667
2026-01-26 11:36:26,32.25,2.00722222222222
2026-01-26 11:36:29,32.24,2.00805555555556
2026-01-26 11:36:31,32.25,2.00861111111111
2026-01-26 11:36:34,32.26,2.00944444444444
2026-01-26 11:36:37,32.25,2.01027777777778
2026-01-26 11:36:39,32.24,2.01083333333333
2026-01-26 11:36:42,32.26,2.01166666666667
2026-01-26 11:36:44,32.25,2.01222222222222
2026-01-26 11:36:47,32.28,2.01305555555556
2026-01-26 11:36:50,32.27,2.01388888888889
2026-01-26 11:36:52,32.26,2.01444444444444
2026-01-26 11:36:55,32.26,2.01527777777778
2026-01-26 11:36:57,32.26,2.01583333333333
2026-01-26 11:37:00,32.26,2.01666666666667
2026-01-26 11:37:03,32.28,2.0175
2026-01-26 11:37:05,32.29,2.01805555555556
2026-01-26 11:37:07,32.28,2.01861111111111
2026-01-26 11:37:10,32.28,2.01944444444444
2026-01-26 11:37:12,32.29,2.02
2026-01-26 11:37:15,32.28,2.02083333333333
2026-01-26 11:37:18,32.29,2.02166666666667
2026-01-26 11:37:20,32.29,2.02222222222222
2026-01-26 11:37:23,32.28,2.02305555555556
2026-01-26 11:37:25,32.28,2.02361111111111
2026-01-26 11:37:28,32.3,2.02444444444444
2026-01-26 11:37:31,32.29,2.02527777777778
2026-01-26 11:37:33,32.31,2.02583333333333
2026-01-26 11:37:36,32.3,2.02666666666667
2026-01-26 11:37:38,32.32,2.02722222222222
2026-01-26 11:37:41,32.31,2.02805555555556
2026-01-26 11:37:44,32.32,2.02888888888889
2026-01-26 11:37:46,32.31,2.02944444444444
2026-01-26 11:37:49,32.32,2.03027777777778
2026-01-26 11:37:51,32.32,2.03083333333333
2026-01-26 11:37:54,32.31,2.03166666666667
2026-01-26 11:37:56,32.32,2.03222222222222
2026-01-26 11:37:59,32.33,2.03305555555556
2026-01-26 11:38:01,32.34,2.03361111111111
2026-01-26 11:38:04,32.32,2.03444444444444
2026-01-26 11:38:06,32.33,2.035
2026-01-26 11:38:09,32.33,2.03583333333333
2026-01-26 11:38:12,32.34,2.03666666666667
2026-01-26 11:38:14,32.32,2.03722222222222
2026-01-26 11:38:17,32.33,2.03805555555556
2026-01-26 11:38:19,32.35,2.03861111111111
2026-01-26 11:38:22,32.33,2.03944444444444
2026-01-26 11:38:25,32.34,2.04027777777778
2026-01-26 11:38:27,32.34,2.04083333333333
2026-01-26 11:38:30,32.33,2.04166666666667
2026-01-26 11:38:32,32.34,2.04222222222222
2026-01-26 11:38:35,32.36,2.04305555555556
2026-01-26 11:38:38,32.35,2.04388888888889
2026-01-26 11:42:03,32.66,2.10083333333333
2026-01-26 11:42:05,32.67,2.10138888888889
2026-01-26 11:42:08,32.67,2.10222222222222
2026-01-26 11:42:11,32.67,2.10305555555556
2026-01-26 11:42:13,32.67,2.10361111111111
2026-01-26 11:42:16,32.68,2.10444444444444
2026-01-26 11:42:18,32.69,2.105
2026-01-26 11:42:21,32.69,2.10583333333333
2026-01-26 11:42:24,32.71,2.10666666666667
2026-01-26 11:42:26,32.69,2.10722222222222
2026-01-26 11:42:29,32.71,2.10805555555556
2026-01-26 11:42:31,32.71,2.10861111111111
2026-01-26 11:46:48,33.26,2.18
2026-01-26 11:46:51,33.26,2.18083333333333
2026-01-26 11:46:54,33.28,2.18166666666667
2026-01-26 11:46:56,33.29,2.18222222222222
2026-01-26 11:46:59,33.28,2.18305555555556
2026-01-26 11:47:01,33.28,2.18361111111111
2026-01-26 11:47:03,33.29,2.18416666666667
2026-01-26 11:47:06,33.28,2.185
2026-01-26 11:47:09,33.3,2.18583333333333
2026-01-26 11:47:11,33.31,2.18638888888889
2026-01-26 11:47:14,33.31,2.18722222222222
2026-01-26 11:47:16,33.32,2.18777777777778
2026-01-26 11:52:17,33.71,2.27138888888889
2026-01-26 11:57:18,33.96,2.355
2026-01-26 12:00:15,34.4,2.40416666666667
2026-01-26 12:00:18,34.39,2.405
2026-01-26 12:00:20,34.41,2.40555555555556
2026-01-26 12:00:23,34.42,2.40638888888889
2026-01-26 12:00:25,34.41,2.40694444444444
2026-01-26 12:00:28,34.42,2.40777777777778
2026-01-26 12:00:31,34.42,2.40861111111111
2026-01-26 12:00:33,34.44,2.40916666666667
2026-01-26 12:00:36,34.44,2.41
2026-01-26 12:00:38,34.44,2.41055555555556
2026-01-26 12:00:41,34.46,2.41138888888889
2026-01-26 12:00:44,34.45,2.41222222222222
2026-01-26 12:00:46,34.46,2.41277777777778
2026-01-26 12:05:47,35.02,2.49638888888889
2026-01-26 12:10:48,35.26,2.58
2026-01-26 12:13:55,35.36,2.63194444444444
2026-01-26 12:13:58,35.35,2.63277777777778
2026-01-26 12:14:00,35.36,2.63333333333333
2026-01-26 12:14:03,35.35,2.63416666666667
2026-01-26 12:14:06,35.38,2.635
2026-01-26 12:14:08,35.37,2.63555555555556
2026-01-26 12:14:11,35.37,2.63638888888889
2026-01-26 12:14:13,35.36,2.63694444444444
2026-01-26 12:14:16,35.37,2.63777777777778
2026-01-26 12:14:18,35.37,2.63833333333333
2026-01-26 12:14:21,35.38,2.63916666666667
2026-01-26 12:14:23,35.37,2.63972222222222
2026-01-26 12:14:26,35.36,2.64055555555556
2026-01-26 12:14:28,35.38,2.64111111111111
2026-01-26 12:14:31,35.38,2.64194444444444
2026-01-26 12:14:34,35.38,2.64277777777778
2026-01-26 12:14:36,35.38,2.64333333333333
2026-01-26 12:14:39,35.38,2.64416666666667
2026-01-26 12:14:41,35.37,2.64472222222222
2026-01-26 12:14:44,35.37,2.64555555555556
2026-01-26 12:14:46,35.39,2.64611111111111
2026-01-26 12:14:49,35.37,2.64694444444444
2026-01-26 12:14:52,35.38,2.64777777777778
2026-01-26 12:14:54,35.38,2.64833333333333
2026-01-26 12:14:57,35.39,2.64916666666667
2026-01-26 12:14:59,35.38,2.64972222222222
2026-01-26 12:15:02,35.39,2.65055555555556
2026-01-26 12:15:05,35.39,2.65138888888889
2026-01-26 12:15:07,35.38,2.65194444444444
2026-01-26 12:15:09,35.38,2.6525
2026-01-26 12:20:10,35.84,2.73611111111111
2026-01-26 12:25:11,36.22,2.81972222222222
2026-01-26 12:25:52,36.26,2.83111111111111
2026-01-26 12:25:54,36.28,2.83166666666667
2026-01-26 12:25:57,36.28,2.8325
2026-01-26 12:26:00,36.28,2.83333333333333
2026-01-26 12:26:02,36.25,2.83388888888889
2026-01-26 12:26:05,36.28,2.83472222222222
2026-01-26 12:26:07,36.27,2.83527777777778
2026-01-26 12:26:10,36.27,2.83611111111111
2026-01-26 12:26:13,36.29,2.83694444444444
2026-01-26 12:26:15,36.28,2.8375
2026-01-26 12:26:18,36.29,2.83833333333333
2026-01-26 12:26:20,36.28,2.83888888888889
2026-01-26 12:26:23,36.28,2.83972222222222
2026-01-26 12:26:26,36.3,2.84055555555556
2026-01-26 12:26:28,36.31,2.84111111111111
2026-01-26 12:26:31,36.29,2.84194444444444
2026-01-26 12:26:33,36.31,2.8425
2026-01-26 12:30:27,37.38,2.9075
2026-01-26 12:30:30,37.39,2.90833333333333
2026-01-26 12:30:32,37.39,2.90888888888889
2026-01-26 12:30:35,37.42,2.90972222222222
2026-01-26 12:30:37,37.42,2.91027777777778
2026-01-26 12:30:40,37.44,2.91111111111111
2026-01-26 12:30:43,37.45,2.91194444444444
2026-01-26 12:30:45,37.46,2.9125
2026-01-26 12:30:47,37.46,2.91305555555556
2026-01-26 12:30:50,37.49,2.91388888888889
2026-01-26 12:30:53,37.49,2.91472222222222
2026-01-26 12:30:55,37.49,2.91527777777778
2026-01-26 12:30:58,37.5,2.91611111111111
2026-01-26 12:31:00,37.52,2.91666666666667
2026-01-26 12:31:03,37.53,2.9175
2026-01-26 12:31:06,37.54,2.91833333333333
2026-01-26 12:32:46,37.94,2.94611111111111
2026-01-26 12:32:48,37.94,2.94666666666667
2026-01-26 12:32:51,37.95,2.9475
2026-01-26 12:32:54,37.97,2.94833333333333
2026-01-26 12:32:56,37.99,2.94888888888889
2026-01-26 12:32:59,38,2.94972222222222
2026-01-26 12:33:01,38.01,2.95027777777778
2026-01-26 12:33:04,38.03,2.95111111111111
2026-01-26 12:33:07,38.03,2.95194444444444
2026-01-26 12:33:09,38.04,2.9525
2026-01-26 12:33:11,38.05,2.95305555555556
2026-01-26 12:33:14,38.07,2.95388888888889
2026-01-26 12:33:16,38.07,2.95444444444444
2026-01-26 12:33:19,38.09,2.95527777777778
2026-01-26 12:33:22,38.1,2.95611111111111
2026-01-26 12:33:24,38.12,2.95666666666667
2026-01-26 12:33:27,38.12,2.9575
2026-01-26 12:33:29,38.14,2.95805555555556
2026-01-26 12:33:32,38.14,2.95888888888889
2026-01-26 12:33:35,38.16,2.95972222222222
2026-01-26 12:33:37,38.17,2.96027777777778
2026-01-26 12:33:40,38.17,2.96111111111111
2026-01-26 12:33:42,38.19,2.96166666666667
2026-01-26 12:33:45,38.21,2.9625
2026-01-26 12:33:48,38.21,2.96333333333333
2026-01-26 12:33:51,38.24,2.96416666666667
2026-01-26 12:33:55,38.26,2.96527777777778
2026-01-26 12:33:58,38.26,2.96611111111111
2026-01-26 12:34:00,38.28,2.96666666666667
2026-01-26 12:34:03,38.29,2.9675
2026-01-26 12:34:06,38.29,2.96833333333333
2026-01-26 12:34:11,38.31,2.96972222222222
2026-01-26 12:34:14,38.34,2.97055555555556
2026-01-26 12:34:18,38.36,2.97166666666667
2026-01-26 12:34:21,38.37,2.9725
2026-01-26 12:34:23,38.38,2.97305555555556
2026-01-26 12:34:27,38.39,2.97416666666667
2026-01-26 12:34:29,38.39,2.97472222222222
2026-01-26 12:34:34,38.42,2.97611111111111
2026-01-26 12:34:36,38.42,2.97666666666667
2026-01-26 12:34:39,38.44,2.9775
2026-01-26 12:34:42,38.44,2.97833333333333
2026-01-26 12:34:44,38.46,2.97888888888889
2026-01-26 12:34:47,38.48,2.97972222222222
2026-01-26 12:34:51,38.49,2.98083333333333
2026-01-26 12:34:55,38.52,2.98194444444444
2026-01-26 12:34:59,38.54,2.98305555555556
2026-01-26 12:35:02,38.53,2.98388888888889
2026-01-26 12:35:04,38.53,2.98444444444444
2026-01-26 12:35:07,38.56,2.98527777777778
2026-01-26 12:35:11,38.58,2.98638888888889
2026-01-26 12:35:15,38.57,2.9875
2026-01-26 12:35:18,38.62,2.98833333333333
2026-01-26 12:35:20,38.61,2.98888888888889
2026-01-26 12:35:23,38.64,2.98972222222222
2026-01-26 12:35:26,38.65,2.99055555555556
2026-01-26 12:35:28,38.64,2.99111111111111
2026-01-26 12:35:33,38.68,2.9925
2026-01-26 12:35:36,38.68,2.99333333333333
2026-01-26 12:35:38,38.7,2.99388888888889
2026-01-26 12:40:03,39.71,3.0675
2026-01-26 12:40:05,39.72,3.06805555555556
2026-01-26 12:40:08,39.73,3.06888888888889
2026-01-26 12:40:10,39.74,3.06944444444444
2026-01-26 12:40:13,39.74,3.07027777777778
2026-01-26 12:40:16,39.77,3.07111111111111
2026-01-26 12:40:19,39.78,3.07194444444444
2026-01-26 12:40:21,39.78,3.0725
2026-01-26 12:40:24,39.79,3.07333333333333
2026-01-26 12:40:28,39.82,3.07444444444444
2026-01-26 12:40:31,39.83,3.07527777777778
2026-01-26 12:42:37,40.35,3.11027777777778
2026-01-26 12:42:39,40.38,3.11083333333333
2026-01-26 12:42:42,40.39,3.11166666666667
2026-01-26 12:42:45,40.39,3.1125
2026-01-26 12:42:47,40.42,3.11305555555556
2026-01-26 12:42:50,40.42,3.11388888888889
2026-01-26 12:42:52,40.44,3.11444444444444
2026-01-26 12:42:55,40.45,3.11527777777778
2026-01-26 12:42:57,40.47,3.11583333333333
2026-01-26 12:45:16,41.08,3.15444444444444
2026-01-26 12:45:19,41.1,3.15527777777778
2026-01-26 12:45:21,41.1,3.15583333333333
2026-01-26 12:45:24,41.11,3.15666666666667
2026-01-26 12:45:27,41.12,3.1575
2026-01-26 12:45:29,41.14,3.15805555555556
2026-01-26 12:45:32,41.14,3.15888888888889
2026-01-26 12:45:34,41.17,3.15944444444444
2026-01-26 12:45:37,41.16,3.16027777777778
2026-01-26 12:50:38,42.07,3.24388888888889
2026-01-26 12:54:31,42.57,3.30861111111111
2026-01-26 12:54:34,42.56,3.30944444444444
2026-01-26 12:54:37,42.58,3.31027777777778
2026-01-26 12:54:40,42.58,3.31111111111111
2026-01-26 12:59:42,43.07,3.395
2026-01-26 13:01:05,43.14,3.41805555555556
2026-01-26 13:01:07,43.15,3.41861111111111
2026-01-26 13:01:10,43.15,3.41944444444444
2026-01-26 13:01:12,43.17,3.42
2026-01-26 13:01:15,43.14,3.42083333333333
2026-01-26 13:01:18,43.15,3.42166666666667
2026-01-26 13:01:20,43.16,3.42222222222222
2026-01-26 13:01:23,43.16,3.42305555555556
2026-01-26 13:01:26,43.17,3.42388888888889
2026-01-26 13:01:30,43.17,3.425
2026-01-26 13:01:33,43.17,3.42583333333333
2026-01-26 13:05:37,43.58,3.49361111111111
2026-01-26 13:05:39,43.6,3.49416666666667
2026-01-26 13:05:42,43.58,3.495
2026-01-26 13:05:45,43.6,3.49583333333333
2026-01-26 13:05:47,43.61,3.49638888888889
2026-01-26 13:05:50,43.6,3.49722222222222
2026-01-26 13:05:52,43.61,3.49777777777778
2026-01-26 13:05:55,43.6,3.49861111111111
2026-01-26 13:05:57,43.61,3.49916666666667
2026-01-26 13:06:00,43.61,3.5
2026-01-26 13:11:01,44.07,3.58361111111111
2026-01-26 13:11:06,44.08,3.585
2026-01-26 13:11:09,44.09,3.58583333333333
2026-01-26 13:11:12,44.09,3.58666666666667
2026-01-26 13:13:25,44.35,3.62361111111111
2026-01-26 13:13:27,44.36,3.62416666666667
2026-01-26 13:13:30,44.36,3.625
2026-01-26 13:13:32,44.37,3.62555555555556
2026-01-26 13:13:35,44.38,3.62638888888889
2026-01-26 13:13:38,44.39,3.62722222222222
2026-01-26 13:13:40,44.39,3.62777777777778
2026-01-26 13:13:43,44.4,3.62861111111111
2026-01-26 13:13:45,44.42,3.62916666666667
2026-01-26 13:13:48,44.4,3.63
2026-01-26 13:13:50,44.4,3.63055555555556
2026-01-26 13:13:53,44.42,3.63138888888889
2026-01-26 13:13:55,44.42,3.63194444444444
2026-01-26 13:13:58,44.45,3.63277777777778
2026-01-26 13:14:01,44.44,3.63361111111111
2026-01-26 13:14:03,44.43,3.63416666666667
2026-01-26 13:14:06,44.44,3.635
2026-01-26 13:14:08,44.45,3.63555555555556
2026-01-26 13:14:11,44.46,3.63638888888889
2026-01-26 13:14:14,44.44,3.63722222222222
2026-01-26 13:14:16,44.46,3.63777777777778
2026-01-26 13:14:19,44.47,3.63861111111111
2026-01-26 13:14:21,44.47,3.63916666666667
2026-01-26 13:14:24,44.47,3.64
2026-01-26 13:14:27,44.48,3.64083333333333
2026-01-26 13:14:29,44.49,3.64138888888889
2026-01-26 13:14:32,44.5,3.64222222222222
2026-01-26 13:14:34,44.5,3.64277777777778
2026-01-26 13:14:37,44.51,3.64361111111111
2026-01-26 13:14:39,44.51,3.64416666666667
2026-01-26 13:14:42,44.51,3.645
2026-01-26 13:14:44,44.53,3.64555555555556
2026-01-26 13:14:47,44.53,3.64638888888889
2026-01-26 13:14:49,44.53,3.64694444444444
2026-01-26 13:14:52,44.55,3.64777777777778
2026-01-26 13:14:55,44.55,3.64861111111111
2026-01-26 13:14:58,44.54,3.64944444444444
2026-01-26 13:15:02,44.56,3.65055555555556
2026-01-26 13:15:05,44.57,3.65138888888889
2026-01-26 13:15:08,44.57,3.65222222222222
2026-01-26 13:15:13,44.6,3.65361111111111
2026-01-26 13:15:15,44.59,3.65416666666667
2026-01-26 13:15:18,44.59,3.655
2026-01-26 13:15:21,44.61,3.65583333333333
2026-01-26 13:15:23,44.6,3.65638888888889
2026-01-26 13:15:26,44.6,3.65722222222222
2026-01-26 13:15:28,44.6,3.65777777777778
2026-01-26 13:15:30,44.61,3.65833333333333
2026-01-26 13:15:33,44.61,3.65916666666667
2026-01-26 13:15:36,44.63,3.66
2026-01-26 13:15:41,44.64,3.66138888888889
2026-01-26 13:15:43,44.64,3.66194444444444
2026-01-26 13:15:46,44.64,3.66277777777778
2026-01-26 13:15:49,44.64,3.66361111111111
2026-01-26 13:15:54,44.67,3.665
2026-01-26 13:15:56,44.67,3.66555555555556
2026-01-26 13:15:59,44.67,3.66638888888889
2026-01-26 13:16:02,44.67,3.66722222222222
2026-01-26 13:16:04,44.68,3.66777777777778
2026-01-26 13:16:07,44.68,3.66861111111111
2026-01-26 13:16:09,44.67,3.66916666666667
2026-01-26 13:16:12,44.7,3.67
2026-01-26 13:16:15,44.7,3.67083333333333
2026-01-26 13:16:17,44.71,3.67138888888889
2026-01-26 13:16:19,44.71,3.67194444444444
2026-01-26 13:16:22,44.71,3.67277777777778
2026-01-26 13:16:24,44.73,3.67333333333333
2026-01-26 13:16:27,44.73,3.67416666666667
2026-01-26 13:16:30,44.74,3.675
2026-01-26 13:16:32,44.73,3.67555555555556
2026-01-26 13:16:35,44.73,3.67638888888889
2026-01-26 13:16:38,44.75,3.67722222222222
2026-01-26 13:16:43,44.76,3.67861111111111
2026-01-26 13:16:45,44.75,3.67916666666667
2026-01-26 13:16:48,44.78,3.68
2026-01-26 13:16:51,44.77,3.68083333333333
2026-01-26 13:16:56,44.78,3.68222222222222
2026-01-26 13:16:58,44.78,3.68277777777778
2026-01-26 13:17:01,44.78,3.68361111111111
2026-01-26 13:17:03,44.79,3.68416666666667
2026-01-26 13:17:06,44.79,3.685
2026-01-26 13:17:09,44.8,3.68583333333333
2026-01-26 13:17:11,44.82,3.68638888888889
2026-01-26 13:17:13,44.81,3.68694444444444
2026-01-26 13:17:16,44.81,3.68777777777778
2026-01-26 13:17:18,44.84,3.68833333333333
2026-01-26 13:17:21,44.84,3.68916666666667
2026-01-26 13:17:24,44.84,3.69
2026-01-26 13:17:29,44.85,3.69138888888889
2026-01-26 13:17:31,44.85,3.69194444444444
2026-01-26 13:17:34,44.86,3.69277777777778
2026-01-26 13:17:37,44.86,3.69361111111111
2026-01-26 13:17:39,44.88,3.69416666666667
2026-01-26 13:17:42,44.87,3.695
2026-01-26 13:17:44,44.87,3.69555555555556
2026-01-26 13:17:47,44.89,3.69638888888889
2026-01-26 13:17:50,44.9,3.69722222222222
2026-01-26 13:17:52,44.9,3.69777777777778
2026-01-26 13:17:55,44.9,3.69861111111111
2026-01-26 13:17:58,44.9,3.69944444444444
2026-01-26 13:18:02,44.92,3.70055555555556
2026-01-26 13:18:05,44.93,3.70138888888889
2026-01-26 13:18:07,44.94,3.70194444444444
2026-01-26 13:18:10,44.93,3.70277777777778
2026-01-26 13:18:12,44.94,3.70333333333333
2026-01-26 13:18:15,44.95,3.70416666666667
2026-01-26 13:18:18,44.96,3.705
2026-01-26 13:18:20,44.96,3.70555555555556
2026-01-26 13:18:23,44.96,3.70638888888889
2026-01-26 13:21:11,44.96,3.75305555555556
2026-01-26 13:21:13,44.94,3.75361111111111
2026-01-26 13:21:16,44.94,3.75444444444444
2026-01-26 13:21:18,44.94,3.755
2026-01-26 13:21:23,44.92,3.75638888888889
2026-01-26 13:21:25,44.94,3.75694444444444
2026-01-26 13:21:28,44.93,3.75777777777778
2026-01-26 13:21:33,44.93,3.75916666666667
2026-01-26 13:21:37,44.93,3.76027777777778
2026-01-26 13:21:41,44.9,3.76138888888889
2026-01-26 13:25:29,44.72,3.82472222222222
2026-01-26 13:25:32,44.71,3.82555555555556
2026-01-26 13:25:34,44.72,3.82611111111111
2026-01-26 13:25:37,44.71,3.82694444444444
2026-01-26 13:30:38,44.57,3.91055555555556
2026-01-26 13:35:18,44.49,3.98833333333333
2026-01-26 13:35:20,44.5,3.98888888888889
2026-01-26 13:35:23,44.49,3.98972222222222
2026-01-26 13:35:25,44.51,3.99027777777778
2026-01-26 13:35:28,44.49,3.99111111111111
2026-01-26 13:35:31,44.49,3.99194444444444
2026-01-26 13:35:33,44.5,3.9925
2026-01-26 13:35:36,44.5,3.99333333333333
2026-01-26 13:35:38,44.5,3.99388888888889
2026-01-26 13:35:41,44.49,3.99472222222222
2026-01-26 13:35:44,44.49,3.99555555555556
2026-01-26 13:35:46,44.5,3.99611111111111
2026-01-26 13:40:47,44.48,4.07972222222222
2026-01-26 13:40:50,44.47,4.08055555555556
2026-01-26 13:40:52,44.49,4.08111111111111
2026-01-26 13:40:55,44.46,4.08194444444444
2026-01-26 13:40:57,44.48,4.0825
2026-01-26 13:41:00,44.46,4.08333333333333
2026-01-26 13:46:01,44.44,4.16694444444444
2026-01-26 13:51:01,44.33,4.25027777777778
2026-01-26 13:56:02,44.19,4.33388888888889
2026-01-26 13:58:18,44.08,4.37166666666667
2026-01-26 13:58:21,44.08,4.3725
2026-01-26 13:58:23,44.09,4.37305555555556
2026-01-26 13:58:26,44.07,4.37388888888889
2026-01-26 13:58:29,44.07,4.37472222222222
2026-01-26 13:58:31,44.07,4.37527777777778
2026-01-26 13:58:33,44.07,4.37583333333333
2026-01-26 13:58:36,44.08,4.37666666666667
2026-01-26 13:58:38,44.07,4.37722222222222
2026-01-26 13:58:41,44.06,4.37805555555556
2026-01-26 13:58:44,44.06,4.37888888888889
2026-01-26 13:58:46,44.07,4.37944444444444
2026-01-26 13:58:49,44.07,4.38027777777778
2026-01-26 13:58:51,44.06,4.38083333333333
2026-01-26 13:58:54,44.05,4.38166666666667
2026-01-26 13:58:57,44.05,4.3825
2026-01-26 13:58:59,44.06,4.38305555555556
2026-01-26 14:04:00,44.04,4.46666666666667
2026-01-26 14:09:01,44.15,4.55027777777778
2026-01-26 14:09:26,44.15,4.55722222222222
2026-01-26 14:09:29,44.17,4.55805555555556
2026-01-26 14:09:34,44.17,4.55944444444444
2026-01-26 14:09:37,44.16,4.56027777777778
2026-01-26 14:09:39,44.15,4.56083333333333
2026-01-26 14:09:42,44.18,4.56166666666667
2026-01-26 14:09:44,44.17,4.56222222222222
2026-01-26 14:09:47,44.18,4.56305555555556
2026-01-26 14:09:49,44.17,4.56361111111111
2026-01-26 14:09:52,44.17,4.56444444444444
2026-01-26 14:09:55,44.18,4.56527777777778
2026-01-26 14:09:57,44.19,4.56583333333333
2026-01-26 14:10:00,44.2,4.56666666666667
2026-01-26 14:10:02,44.18,4.56722222222222
2026-01-26 14:10:05,44.2,4.56805555555556
2026-01-26 14:10:07,44.18,4.56861111111111
2026-01-26 14:10:10,44.17,4.56944444444444
2026-01-26 14:10:12,44.19,4.57
2026-01-26 14:10:15,44.19,4.57083333333333
2026-01-26 14:10:18,44.18,4.57166666666667
2026-01-26 14:10:20,44.18,4.57222222222222
2026-01-26 14:10:23,44.18,4.57305555555556
2026-01-26 14:10:25,44.19,4.57361111111111
2026-01-26 14:10:28,44.19,4.57444444444444
2026-01-26 14:10:31,44.18,4.57527777777778
2026-01-26 14:10:36,44.17,4.57666666666667
2026-01-26 14:10:38,44.17,4.57722222222222
2026-01-26 14:10:41,44.17,4.57805555555556
2026-01-26 14:10:44,44.16,4.57888888888889
2026-01-26 14:10:46,44.16,4.57944444444444
2026-01-26 14:10:49,44.15,4.58027777777778
2026-01-26 14:10:51,44.15,4.58083333333333
2026-01-26 14:10:53,44.14,4.58138888888889
2026-01-26 14:10:56,44.14,4.58222222222222
2026-01-26 14:10:59,44.14,4.58305555555556
2026-01-26 14:11:01,44.14,4.58361111111111
2026-01-26 14:11:04,44.14,4.58444444444444
2026-01-26 14:11:06,44.14,4.585
2026-01-26 14:11:09,44.12,4.58583333333333
2026-01-26 14:11:12,44.11,4.58666666666667
2026-01-26 14:11:14,44.1,4.58722222222222
2026-01-26 14:11:17,44.09,4.58805555555556
2026-01-26 14:11:19,44.1,4.58861111111111
2026-01-26 14:11:22,44.08,4.58944444444444
2026-01-26 14:11:25,44.09,4.59027777777778
2026-01-26 14:11:27,44.08,4.59083333333333
2026-01-26 14:11:30,44.08,4.59166666666667
2026-01-26 14:11:32,44.07,4.59222222222222
2026-01-26 14:11:35,44.07,4.59305555555556
2026-01-26 14:11:38,44.07,4.59388888888889
2026-01-26 14:11:40,44.05,4.59444444444444
2026-01-26 14:11:42,44.05,4.595
2026-01-26 14:11:45,44.05,4.59583333333333
2026-01-26 14:11:47,44.04,4.59638888888889
2026-01-26 14:11:51,44.03,4.5975
2026-01-26 14:11:55,44.02,4.59861111111111
2026-01-26 14:11:58,44.03,4.59944444444444
2026-01-26 14:12:00,44.03,4.6
2026-01-26 14:12:03,44.02,4.60083333333333
2026-01-26 14:12:06,44.01,4.60166666666667
2026-01-26 14:12:08,43.99,4.60222222222222
2026-01-26 14:12:11,43.98,4.60305555555556
2026-01-26 14:12:13,43.98,4.60361111111111
2026-01-26 14:12:16,43.99,4.60444444444444
2026-01-26 14:12:19,43.96,4.60527777777778
2026-01-26 14:12:21,43.98,4.60583333333333
2026-01-26 14:12:24,43.96,4.60666666666667
2026-01-26 14:12:26,43.96,4.60722222222222
2026-01-26 14:12:29,43.95,4.60805555555556
2026-01-26 14:12:31,43.95,4.60861111111111
2026-01-26 14:12:34,43.95,4.60944444444444
2026-01-26 14:12:36,43.93,4.61
2026-01-26 14:12:39,43.92,4.61083333333333
2026-01-26 14:12:44,43.92,4.61222222222222
2026-01-26 14:12:47,43.9,4.61305555555556
2026-01-26 14:12:49,43.89,4.61361111111111
2026-01-26 14:12:52,43.89,4.61444444444444
2026-01-26 14:12:54,43.89,4.615
2026-01-26 14:12:57,43.89,4.61583333333333
2026-01-26 14:13:00,43.88,4.61666666666667
2026-01-26 14:13:02,43.87,4.61722222222222
2026-01-26 14:13:05,43.87,4.61805555555556
2026-01-26 14:13:07,43.86,4.61861111111111
2026-01-26 14:13:10,43.85,4.61944444444444
2026-01-26 14:13:13,43.85,4.62027777777778
2026-01-26 14:13:15,43.85,4.62083333333333
2026-01-26 14:13:18,43.85,4.62166666666667
2026-01-26 14:13:20,43.84,4.62222222222222
2026-01-26 14:13:22,43.82,4.62277777777778
2026-01-26 14:13:25,43.82,4.62361111111111
2026-01-26 14:13:28,43.82,4.62444444444444
2026-01-26 14:13:30,43.8,4.625
2026-01-26 14:13:33,43.8,4.62583333333333
2026-01-26 14:13:35,43.81,4.62638888888889
2026-01-26 14:13:38,43.79,4.62722222222222
2026-01-26 14:13:41,43.78,4.62805555555556
2026-01-26 14:13:46,43.78,4.62944444444444
2026-01-26 14:13:48,43.77,4.63
2026-01-26 14:13:51,43.76,4.63083333333333
2026-01-26 14:13:54,43.76,4.63166666666667
2026-01-26 14:13:56,43.74,4.63222222222222
2026-01-26 14:13:59,43.74,4.63305555555556
2026-01-26 14:14:01,43.74,4.63361111111111
2026-01-26 14:14:04,43.74,4.63444444444444
2026-01-26 14:14:07,43.73,4.63527777777778
2026-01-26 14:14:09,43.73,4.63583333333333
2026-01-26 14:14:11,43.72,4.63638888888889
2026-01-26 14:14:14,43.71,4.63722222222222
2026-01-26 14:14:19,43.7,4.63861111111111
2026-01-26 14:14:22,43.71,4.63944444444444
2026-01-26 14:14:24,43.68,4.64
2026-01-26 14:14:27,43.69,4.64083333333333
2026-01-26 14:14:29,43.67,4.64138888888889
2026-01-26 14:14:32,43.67,4.64222222222222
2026-01-26 14:14:35,43.67,4.64305555555556
2026-01-26 14:14:37,43.66,4.64361111111111
2026-01-26 14:14:40,43.67,4.64444444444444
2026-01-26 14:14:43,43.66,4.64527777777778
2026-01-26 14:14:45,43.66,4.64583333333333
2026-01-26 14:14:48,43.64,4.64666666666667
2026-01-26 14:14:50,43.64,4.64722222222222
2026-01-26 14:14:53,43.64,4.64805555555556
2026-01-26 14:14:55,43.61,4.64861111111111
2026-01-26 14:14:58,43.62,4.64944444444444
2026-01-26 14:15:00,43.61,4.65
2026-01-26 14:19:15,42.24,4.72083333333333
2026-01-26 14:19:17,42.26,4.72138888888889
2026-01-26 14:19:20,42.23,4.72222222222222
2026-01-26 14:19:23,42.24,4.72305555555556
2026-01-26 14:19:28,42.19,4.72444444444444
2026-01-26 14:19:30,42.17,4.725
2026-01-26 14:19:33,42.16,4.72583333333333
2026-01-26 14:19:35,42.14,4.72638888888889
2026-01-26 14:19:38,42.13,4.72722222222222
2026-01-26 14:19:41,42.12,4.72805555555556
2026-01-26 14:19:43,42.12,4.72861111111111
2026-01-26 14:19:46,42.1,4.72944444444444
2026-01-26 14:19:48,42.09,4.73
2026-01-26 14:19:51,42.07,4.73083333333333
2026-01-26 14:19:54,42.06,4.73166666666667
2026-01-26 14:19:56,42.04,4.73222222222222
2026-01-26 14:19:58,42.04,4.73277777777778
2026-01-26 14:20:01,42.03,4.73361111111111
2026-01-26 14:20:03,42,4.73416666666667
2026-01-26 14:20:06,42,4.735
2026-01-26 14:20:09,41.98,4.73583333333333
2026-01-26 14:20:11,41.96,4.73638888888889
2026-01-26 14:24:31,41.09,4.80861111111111
2026-01-26 14:24:33,41.07,4.80916666666667
2026-01-26 14:24:36,41.05,4.81
2026-01-26 14:24:39,41.06,4.81083333333333
2026-01-26 14:24:41,41.03,4.81138888888889
2026-01-26 14:24:44,41.05,4.81222222222222
2026-01-26 14:24:46,41.03,4.81277777777778
2026-01-26 14:24:49,41.02,4.81361111111111
2026-01-26 14:24:52,41.03,4.81444444444444
2026-01-26 14:24:54,41.02,4.815
2026-01-26 14:24:56,41.01,4.81555555555556
2026-01-26 14:24:59,41.01,4.81638888888889
2026-01-26 14:25:02,40.99,4.81722222222222
2026-01-26 14:25:04,40.99,4.81777777777778
2026-01-26 14:25:07,40.98,4.81861111111111
2026-01-26 14:25:09,40.98,4.81916666666667
2026-01-26 14:25:12,40.96,4.82
2026-01-26 14:25:15,40.96,4.82083333333333
2026-01-26 14:25:17,40.96,4.82138888888889
2026-01-26 14:25:20,40.95,4.82222222222222
2026-01-26 14:25:23,40.96,4.82305555555556
2026-01-26 14:25:28,40.93,4.82444444444444
2026-01-26 14:25:30,40.94,4.825
2026-01-26 14:25:33,40.92,4.82583333333333
2026-01-26 14:25:36,40.91,4.82666666666667
2026-01-26 14:26:19,40.81,4.83861111111111
2026-01-26 14:26:22,40.82,4.83944444444444
2026-01-26 14:26:24,40.79,4.84
2026-01-26 14:31:25,40.08,4.92361111111111
2026-01-26 14:34:32,39.8,4.97555555555556
2026-01-26 14:34:35,39.79,4.97638888888889
2026-01-26 14:34:38,39.79,4.97722222222222
2026-01-26 14:34:40,39.8,4.97777777777778
2026-01-26 14:34:43,39.78,4.97861111111111
2026-01-26 14:34:45,39.78,4.97916666666667
2026-01-26 14:34:47,39.77,4.97972222222222
2026-01-26 14:34:51,39.78,4.98083333333333
2026-01-26 14:34:55,39.77,4.98194444444444
2026-01-26 14:34:58,39.77,4.98277777777778
2026-01-26 14:35:00,39.77,4.98333333333333
2026-01-26 14:35:03,39.76,4.98416666666667
2026-01-26 14:35:06,39.75,4.985
2026-01-26 14:35:08,39.75,4.98555555555556
2026-01-26 14:35:11,39.74,4.98638888888889
2026-01-26 14:35:13,39.74,4.98694444444444
2026-01-26 14:35:16,39.73,4.98777777777778
2026-01-26 14:35:19,39.74,4.98861111111111
2026-01-26 14:35:21,39.74,4.98916666666667
2026-01-26 14:35:24,39.72,4.99
2026-01-26 14:35:26,39.73,4.99055555555556
2026-01-26 14:40:27,39.23,5.07416666666667
2026-01-26 14:45:28,38.76,5.15777777777778
2026-01-26 14:50:28,38.39,5.24111111111111
2026-01-26 14:55:29,38.13,5.32472222222222
2026-01-26 15:00:29,37.92,5.40805555555556
2026-01-26 15:05:30,37.75,5.49166666666667
2026-01-26 15:10:31,37.6,5.57527777777778
2026-01-26 15:15:32,37.49,5.65888888888889
2026-01-26 15:20:32,37.34,5.74222222222222
2026-01-26 15:25:33,37.17,5.82583333333333
2026-01-26 15:30:34,37.03,5.90944444444444
2026-01-26 15:35:34,36.87,5.99277777777778
2026-01-26 15:40:35,36.72,6.07638888888889
2026-01-26 15:45:36,36.62,6.16
2026-01-26 15:50:37,36.51,6.24361111111111
2026-01-26 15:55:37,36.45,6.32694444444444
2026-01-26 16:00:38,36.41,6.41055555555556
2026-01-26 16:05:38,36.38,6.49388888888889
2026-01-26 16:10:39,36.35,6.5775
2026-01-26 16:15:40,36.29,6.66111111111111
2026-01-26 16:20:40,36.21,6.74444444444444
2026-01-26 16:25:41,36.1,6.82805555555556
2026-01-26 16:30:42,35.97,6.91166666666667
2026-01-26 16:35:43,35.85,6.99527777777778
2026-01-26 16:40:43,35.72,7.07861111111111
2026-01-26 16:45:44,35.64,7.16222222222222
2026-01-26 16:50:45,35.58,7.24583333333333
2026-01-26 16:55:45,35.53,7.32916666666667
2026-01-26 17:00:46,35.52,7.41277777777778
2026-01-26 17:05:47,35.49,7.49638888888889
2026-01-26 17:10:48,35.49,7.58
2026-01-26 17:15:48,35.44,7.66333333333333
2026-01-26 17:20:49,35.36,7.74694444444444
2026-01-26 17:25:50,35.28,7.83055555555556
2026-01-26 17:30:50,35.18,7.91388888888889
2026-01-26 17:35:51,35.07,7.9975
2026-01-26 17:40:51,34.96,8.08083333333333
2026-01-26 17:45:52,34.87,8.16444444444445
2026-01-26 17:50:53,34.82,8.24805555555556
2026-01-26 17:55:54,34.81,8.33166666666667
2026-01-26 18:00:54,34.8,8.415
2026-01-26 18:05:55,34.81,8.49861111111111
2026-01-26 18:10:56,34.82,8.58222222222222
2026-01-26 18:15:56,34.79,8.66555555555555
2026-01-26 18:20:57,34.74,8.74916666666667
2026-01-26 18:25:58,34.67,8.83277777777778
2026-01-26 18:30:59,34.57,8.91638888888889
2026-01-26 18:35:59,34.49,8.99972222222222
2026-01-26 18:41:00,34.4,9.08333333333333
2026-01-26 18:46:01,34.35,9.16694444444444
2026-01-26 18:51:01,34.29,9.25027777777778
2026-01-26 18:56:02,34.3,9.33388888888889
2026-01-26 19:01:02,34.32,9.41722222222222
2026-01-26 19:06:03,34.32,9.50083333333333
2026-01-26 19:11:04,34.34,9.58444444444445
2026-01-26 19:16:04,34.35,9.66777777777778
2026-01-26 19:21:05,34.31,9.75138888888889
2026-01-26 19:26:06,34.24,9.835
2026-01-26 19:31:07,34.16,9.91861111111111
2026-01-26 19:36:07,34.09,10.0019444444444
2026-01-26 19:41:08,34,10.0855555555556
2026-01-26 19:46:09,33.96,10.1691666666667
2026-01-26 19:51:09,33.92,10.2525
2026-01-26 19:56:10,33.94,10.3361111111111
2026-01-26 20:01:11,33.96,10.4197222222222
2026-01-26 20:06:12,33.96,10.5033333333333
2026-01-26 20:11:15,33.99,10.5875
2026-01-26 20:16:15,33.99,10.6708333333333
2026-01-26 20:21:16,33.96,10.7544444444444
2026-01-26 20:26:17,33.9,10.8380555555556
2026-01-26 20:31:17,33.82,10.9213888888889
2026-01-26 20:36:18,33.74,11.005
2026-01-26 20:41:19,33.67,11.0886111111111
2026-01-26 20:46:19,33.63,11.1719444444444
2026-01-26 20:51:20,33.63,11.2555555555556
2026-01-26 20:56:21,33.62,11.3391666666667
2026-01-26 21:01:22,33.65,11.4227777777778
2026-01-26 21:06:22,33.67,11.5061111111111
2026-01-26 21:11:23,33.73,11.5897222222222
2026-01-26 21:16:24,33.73,11.6733333333333
2026-01-26 21:21:24,33.7,11.7566666666667
2026-01-26 21:26:25,33.65,11.8402777777778
2026-01-26 21:31:25,33.6,11.9236111111111
2026-01-26 21:36:26,33.53,12.0072222222222
2026-01-26 21:41:27,33.46,12.0908333333333
2026-01-26 21:46:28,33.43,12.1744444444444
2026-01-26 21:51:28,33.42,12.2577777777778
2026-01-26 21:56:29,33.44,12.3413888888889
2026-01-26 22:01:30,33.47,12.425
2026-01-26 22:06:30,33.52,12.5083333333333
2026-01-26 22:11:31,33.57,12.5919444444444
2026-01-26 22:16:32,33.56,12.6755555555556
2026-01-26 22:21:32,33.54,12.7588888888889
2026-01-26 22:26:33,33.49,12.8425
2026-01-26 22:31:34,33.46,12.9261111111111
2026-01-26 22:36:35,33.41,13.0097222222222
2026-01-26 22:41:35,33.34,13.0930555555556
2026-01-26 22:46:36,33.32,13.1766666666667
2026-01-26 22:51:37,33.31,13.2602777777778
2026-01-26 22:56:37,33.32,13.3436111111111
2026-01-26 23:01:38,33.38,13.4272222222222
2026-01-26 23:06:39,33.42,13.5108333333333
2026-01-26 23:11:39,33.46,13.5941666666667
2026-01-26 23:16:40,33.46,13.6777777777778
2026-01-26 23:21:41,33.45,13.7613888888889
2026-01-26 23:26:41,33.42,13.8447222222222
2026-01-26 23:31:42,33.37,13.9283333333333
2026-01-26 23:36:43,33.32,14.0119444444444
2026-01-26 23:41:43,33.26,14.0952777777778
2026-01-26 23:46:44,33.23,14.1788888888889
2026-01-26 23:51:45,33.23,14.2625
2026-01-26 23:56:46,33.26,14.3461111111111
2026-01-27 00:01:46,33.3,14.4294444444444
2026-01-27 00:06:47,33.34,14.5130555555556
2026-01-27 00:11:48,33.39,14.5966666666667
2026-01-27 00:16:48,33.4,14.68
2026-01-27 00:21:49,33.38,14.7636111111111
2026-01-27 00:26:49,33.33,14.8469444444444
2026-01-27 00:31:50,33.3,14.9305555555556
2026-01-27 00:36:51,33.24,15.0141666666667
2026-01-27 00:41:51,33.2,15.0975
2026-01-27 00:46:52,33.17,15.1811111111111
2026-01-27 00:51:53,33.16,15.2647222222222
2026-01-27 00:56:54,33.19,15.3483333333333
2026-01-27 01:01:54,33.23,15.4316666666667
2026-01-27 01:06:55,33.28,15.5152777777778
2026-01-27 01:11:56,33.33,15.5988888888889
2026-01-27 01:16:56,33.34,15.6822222222222
2026-01-27 01:21:57,33.32,15.7658333333333
2026-01-27 01:26:58,33.29,15.8494444444444
2026-01-27 01:31:59,33.23,15.9330555555556
2026-01-27 01:36:59,33.17,16.0163888888889
2026-01-27 01:42:00,33.12,16.1
2026-01-27 01:47:01,33.11,16.1836111111111
2026-01-27 01:52:01,33.12,16.2669444444444
2026-01-27 01:57:02,33.14,16.3505555555556
2026-01-27 02:02:02,33.18,16.4338888888889
2026-01-27 02:07:03,33.24,16.5175
2026-01-27 02:12:04,33.28,16.6011111111111
2026-01-27 02:17:05,33.28,16.6847222222222
2026-01-27 02:22:05,33.24,16.7680555555556
2026-01-27 02:27:06,33.22,16.8516666666667
2026-01-27 02:32:07,33.17,16.9352777777778
2026-01-27 02:37:07,33.13,17.0186111111111
2026-01-27 02:42:08,33.08,17.1022222222222
2026-01-27 02:47:09,33.07,17.1858333333333
2026-01-27 02:52:10,33.1,17.2694444444444
2026-01-27 02:57:10,33.11,17.3527777777778
2026-01-27 03:02:11,33.16,17.4363888888889
2026-01-27 03:07:12,33.21,17.52
2026-01-27 03:12:12,33.25,17.6033333333333
2026-01-27 03:17:13,33.28,17.6869444444444
2026-01-27 03:22:13,33.26,17.7702777777778
2026-01-27 03:27:14,33.24,17.8538888888889
2026-01-27 03:32:15,33.17,17.9375
2026-01-27 03:37:15,33.14,18.0208333333333
2026-01-27 03:42:16,33.1,18.1044444444444
2026-01-27 03:47:17,33.1,18.1880555555556
2026-01-27 03:52:18,33.1,18.2716666666667
2026-01-27 03:57:19,33.13,18.3552777777778
2026-01-27 04:02:19,33.17,18.4386111111111
2026-01-27 04:07:20,33.23,18.5222222222222
2026-01-27 04:12:20,33.27,18.6055555555556
2026-01-27 04:17:21,33.28,18.6891666666667
2026-01-27 04:22:22,33.28,18.7727777777778
2026-01-27 04:27:23,33.24,18.8563888888889
2026-01-27 04:32:23,33.21,18.9397222222222
2026-01-27 04:37:24,33.17,19.0233333333333
2026-01-27 04:42:25,33.13,19.1069444444444
2026-01-27 04:47:25,33.11,19.1902777777778
2026-01-27 04:52:26,33.11,19.2738888888889
2026-01-27 04:57:26,33.16,19.3572222222222
2026-01-27 05:02:27,33.2,19.4408333333333
2026-01-27 05:07:28,33.25,19.5244444444444
2026-01-27 05:12:29,33.31,19.6080555555556
2026-01-27 05:17:29,33.33,19.6913888888889
2026-01-27 05:22:30,33.3,19.775
2026-01-27 05:27:31,33.27,19.8586111111111
2026-01-27 05:32:31,33.25,19.9419444444444
2026-01-27 05:37:32,33.21,20.0255555555556
2026-01-27 05:42:33,33.17,20.1091666666667
2026-01-27 05:47:34,33.15,20.1927777777778
2026-01-27 05:52:34,33.16,20.2761111111111
2026-01-27 05:57:35,33.2,20.3597222222222
2026-01-27 06:02:36,33.25,20.4433333333333
2026-01-27 06:07:36,33.31,20.5266666666667
2026-01-27 06:12:37,33.34,20.6102777777778
2026-01-27 06:17:37,33.36,20.6936111111111
2026-01-27 06:22:38,33.36,20.7772222222222
2026-01-27 06:27:39,33.32,20.8608333333333
2026-01-27 06:32:39,33.29,20.9441666666667
2026-01-27 06:37:40,33.26,21.0277777777778
2026-01-27 06:42:41,33.24,21.1113888888889
2026-01-27 06:47:42,33.21,21.195
2026-01-27 06:52:42,33.24,21.2783333333333
2026-01-27 06:57:43,33.28,21.3619444444444
2026-01-27 07:02:44,33.34,21.4455555555556
2026-01-27 07:07:44,33.4,21.5288888888889
2026-01-27 07:12:45,33.45,21.6125
2026-01-27 07:17:46,33.46,21.6961111111111
2026-01-27 07:22:47,33.46,21.7797222222222
2026-01-27 07:27:48,33.42,21.8633333333333
2026-01-27 07:32:50,33.39,21.9472222222222
2026-01-27 07:37:51,33.37,22.0308333333333
2026-01-27 07:42:52,33.33,22.1144444444444
2026-01-27 07:47:52,33.48,22.1977777777778
2026-01-27 07:52:53,34.49,22.2813888888889
2026-01-27 07:57:54,35.07,22.365
2026-01-27 08:02:54,35.42,22.4483333333333
2026-01-27 08:07:55,35.66,22.5319444444444
2026-01-27 08:12:56,35.77,22.6155555555556
2026-01-27 08:17:57,35.85,22.6991666666667
2026-01-27 08:22:57,35.88,22.7825
2026-01-27 08:27:58,35.91,22.8661111111111
2026-01-27 08:32:59,35.94,22.9497222222222
2026-01-27 08:37:59,35.98,23.0330555555556
2026-01-27 08:43:00,36.03,23.1166666666667
2026-01-27 08:48:01,36.16,23.2002777777778
2026-01-27 08:53:02,36.24,23.2838888888889
2026-01-27 08:58:02,36.35,23.3672222222222
2026-01-27 09:03:02,36.39,23.4505555555556
2026-01-27 09:08:03,36.42,23.5341666666667
2026-01-27 09:13:04,36.46,23.6177777777778
2026-01-27 09:18:05,36.46,23.7013888888889
2026-01-27 09:23:05,36.45,23.7847222222222
2026-01-27 09:28:06,36.44,23.8683333333333
2026-01-27 09:33:07,36.46,23.9519444444444
2026-01-27 09:38:07,36.49,24.0352777777778
2026-01-27 09:43:08,36.53,24.1188888888889
2026-01-27 09:48:09,36.63,24.2025
2026-01-27 09:53:10,36.71,24.2861111111111
2026-01-27 09:58:10,36.79,24.3694444444444
2026-01-27 10:03:11,36.81,24.4530555555556
2026-01-27 10:08:12,36.83,24.5366666666667
2026-01-27 10:13:15,36.84,24.6208333333333
2026-01-27 10:18:16,36.83,24.7044444444444
2026-01-27 10:23:16,36.8,24.7877777777778
2026-01-27 10:28:17,36.83,24.8713888888889
2026-01-27 10:33:17,36.82,24.9547222222222
2026-01-27 10:38:18,36.85,25.0383333333333
2026-01-27 10:43:19,36.89,25.1219444444444
2026-01-27 10:48:20,36.97,25.2055555555556
2026-01-27 10:53:20,37.07,25.2888888888889
2026-01-27 10:58:21,37.11,25.3725
2026-01-27 11:03:22,37.14,25.4561111111111
2026-01-27 11:08:22,37.14,25.5394444444444
2026-01-27 11:13:23,37.12,25.6230555555556
2026-01-27 11:18:24,37.1,25.7066666666667
2026-01-27 11:23:25,37.06,25.7902777777778
2026-01-27 11:28:25,37.07,25.8736111111111
2026-01-27 11:33:26,37.08,25.9572222222222
2026-01-27 11:38:27,37.1,26.0408333333333
2026-01-27 11:43:27,37.14,26.1241666666667
2026-01-27 11:48:28,37.27,26.2077777777778
2026-01-27 11:53:28,37.34,26.2911111111111
2026-01-27 11:58:29,37.39,26.3747222222222
2026-01-27 12:03:30,37.39,26.4583333333333
2026-01-27 12:08:31,37.41,26.5419444444444
2026-01-27 12:13:34,37.39,26.6261111111111
2026-01-27 12:18:35,37.34,26.7097222222222
2026-01-27 12:23:35,37.34,26.7930555555556
2026-01-27 12:28:36,37.34,26.8766666666667
2026-01-27 12:33:37,37.38,26.9602777777778
2026-01-27 12:38:37,37.4,27.0436111111111
2026-01-27 12:43:38,37.48,27.1272222222222
2026-01-27 12:48:39,37.58,27.2108333333333
2026-01-27 12:53:40,37.68,27.2944444444444
2026-01-27 12:58:40,37.72,27.3777777777778
2026-01-27 13:03:41,37.71,27.4613888888889
2026-01-27 13:08:42,37.73,27.545
2026-01-27 13:13:42,37.71,27.6283333333333
2026-01-27 13:18:43,37.67,27.7119444444444
2026-01-27 13:23:43,37.64,27.7952777777778
2026-01-27 13:28:44,37.64,27.8788888888889
2026-01-27 13:33:45,37.69,27.9625
2026-01-27 13:38:45,38.27,28.0458333333333
2026-01-27 13:43:46,38.88,28.1294444444444
2026-01-27 13:48:47,39.48,28.2130555555556
2026-01-27 13:53:48,39.92,28.2966666666667
2026-01-27 13:58:48,40.25,28.38
2026-01-27 14:03:49,40.5,28.4636111111111
2026-01-27 14:08:50,40.71,28.5472222222222
2026-01-27 14:13:50,40.71,28.6305555555556
2026-01-27 14:18:51,40.58,28.7141666666667
2026-01-27 14:23:52,40.46,28.7977777777778
2026-01-27 14:28:53,40.34,28.8813888888889
2026-01-27 14:33:53,40.23,28.9647222222222
2026-01-27 14:38:54,40.16,29.0483333333333
2026-01-27 14:43:54,40.24,29.1316666666667
2026-01-27 14:48:55,40.5,29.2152777777778
2026-01-27 14:53:56,40.74,29.2988888888889
2026-01-27 14:58:56,40.94,29.3822222222222
2026-01-27 15:03:57,41.08,29.4658333333333
2026-01-27 15:08:58,41.17,29.5494444444444
2026-01-27 15:13:59,41.11,29.6330555555556
2026-01-27 15:18:59,40.89,29.7163888888889
2026-01-27 15:24:00,40.71,29.8
2026-01-27 15:29:01,40.55,29.8836111111111
2026-01-27 15:34:01,40.4,29.9669444444444
2026-01-27 15:39:02,40.32,30.0505555555556
2026-01-27 15:44:03,40.39,30.1341666666667
2026-01-27 15:49:04,40.64,30.2177777777778
2026-01-27 15:54:04,40.87,30.3011111111111
2026-01-27 15:59:05,41.07,30.3847222222222
2026-01-27 16:04:05,41.21,30.4680555555556
2026-01-27 16:09:06,41.31,30.5516666666667
2026-01-27 16:14:07,41.23,30.6352777777778
2026-01-27 16:19:07,41.02,30.7186111111111
2026-01-27 16:24:08,40.82,30.8022222222222
2026-01-27 16:29:09,40.67,30.8858333333333
2026-01-27 16:34:10,40.53,30.9694444444444
2026-01-27 16:39:11,40.43,31.0530555555556
2026-01-27 16:44:11,40.53,31.1363888888889
2026-01-27 16:49:12,40.76,31.22
2026-01-27 16:54:16,40.98,31.3044444444444
2026-01-27 16:59:18,41.18,31.3883333333333
2026-01-27 17:04:19,41.29,31.4719444444444
2026-01-27 17:09:19,41.37,31.5552777777778
2026-01-27 17:14:20,41.28,31.6388888888889
2026-01-27 17:19:21,41.07,31.7225
2026-01-27 17:24:21,40.87,31.8058333333333
2026-01-27 17:29:22,40.71,31.8894444444444
2026-01-27 17:34:23,40.56,31.9730555555556
2026-01-27 17:39:24,40.46,32.0566666666667
2026-01-27 17:44:24,40.56,32.14
2026-01-27 17:49:25,40.79,32.2236111111111
2026-01-27 17:54:26,41.01,32.3072222222222
2026-01-27 17:59:26,41.19,32.3905555555556
2026-01-27 18:04:27,41.32,32.4741666666667
2026-01-27 18:09:28,41.38,32.5577777777778
2026-01-27 18:14:29,41.28,32.6413888888889
2026-01-27 18:19:29,41.05,32.7247222222222
2026-01-27 18:24:30,40.85,32.8083333333333
2026-01-27 18:29:31,40.68,32.8919444444444
2026-01-27 18:34:31,40.53,32.9752777777778
2026-01-27 18:39:32,40.43,33.0588888888889
2026-01-27 18:44:32,40.53,33.1422222222222
2026-01-27 18:49:33,40.75,33.2258333333333
2026-01-27 18:54:34,40.96,33.3094444444444
2026-01-27 18:59:35,41.13,33.3930555555556
2026-01-27 19:04:35,41.23,33.4763888888889
2026-01-27 19:09:36,41.29,33.56
2026-01-27 19:14:37,41.17,33.6436111111111
2026-01-27 19:19:37,40.96,33.7269444444444
2026-01-27 19:24:38,40.74,33.8105555555556
2026-01-27 19:29:39,40.57,33.8941666666667
2026-01-27 19:34:40,40.45,33.9777777777778
2026-01-27 19:39:40,40.33,34.0611111111111
2026-01-27 19:44:41,40.43,34.1447222222222
2026-01-27 19:49:42,40.63,34.2283333333333
2026-01-27 19:54:42,40.85,34.3116666666667
2026-01-27 19:59:43,41.01,34.3952777777778
2026-01-27 20:04:43,41.1,34.4786111111111
2026-01-27 20:09:44,41.16,34.5622222222222
2026-01-27 20:14:45,41.03,34.6458333333333
2026-01-27 20:19:45,40.82,34.7291666666667
2026-01-27 20:24:46,40.62,34.8127777777778
2026-01-27 20:29:47,40.46,34.8963888888889
2026-01-27 20:34:48,40.32,34.98
2026-01-27 20:39:48,40.19,35.0633333333333
2026-01-27 20:44:49,40.3,35.1469444444444
2026-01-27 20:49:50,40.5,35.2305555555556
2026-01-27 20:54:51,40.7,35.3141666666667
2026-01-27 20:59:51,40.85,35.3975
2026-01-27 21:04:52,40.95,35.4811111111111
2026-01-27 21:09:53,40.99,35.5647222222222
2026-01-27 21:14:53,40.85,35.6480555555556
2026-01-27 21:19:54,40.64,35.7316666666667
2026-01-27 21:24:54,40.44,35.815
2026-01-27 21:29:55,40.27,35.8986111111111
2026-01-27 21:34:56,40.15,35.9822222222222
2026-01-27 21:39:56,40.03,36.0655555555556
2026-01-27 21:44:57,40.12,36.1491666666667
2026-01-27 21:49:58,40.33,36.2327777777778
2026-01-27 21:54:59,40.53,36.3163888888889
2026-01-27 21:59:59,40.67,36.3997222222222
2026-01-27 22:05:00,40.75,36.4833333333333
2026-01-27 22:10:01,40.82,36.5669444444444
2026-01-27 22:15:01,40.67,36.6502777777778
2026-01-27 22:20:02,40.44,36.7338888888889
2026-01-27 22:25:03,40.25,36.8175
2026-01-27 22:30:04,40.1,36.9011111111111
2026-01-27 22:35:04,39.98,36.9844444444444
2026-01-27 22:40:05,39.85,37.0680555555556
2026-01-27 22:45:05,39.97,37.1513888888889
2026-01-27 22:50:06,40.17,37.235
2026-01-27 22:55:07,40.37,37.3186111111111
2026-01-27 23:00:07,40.51,37.4019444444444
2026-01-27 23:05:08,40.6,37.4855555555556
2026-01-27 23:10:09,40.64,37.5691666666667
2026-01-27 23:15:10,40.5,37.6527777777778
2026-01-27 23:20:10,40.29,37.7361111111111
2026-01-27 23:25:11,40.06,37.8197222222222
2026-01-27 23:30:12,39.92,37.9033333333333
2026-01-27 23:35:12,39.78,37.9866666666667
2026-01-27 23:40:13,39.68,38.0702777777778
2026-01-27 23:45:14,39.79,38.1538888888889
2026-01-27 23:50:15,40,38.2375
2026-01-27 23:55:15,40.17,38.3208333333333
2026-01-28 00:00:16,40.3,38.4044444444444
2026-01-28 00:05:16,40.38,38.4877777777778
2026-01-28 00:10:17,40.43,38.5713888888889
2026-01-28 00:15:18,40.27,38.655
2026-01-28 00:20:18,40.07,38.7383333333333
2026-01-28 00:25:19,39.86,38.8219444444444
2026-01-28 00:30:20,39.71,38.9055555555556
2026-01-28 00:35:21,39.6,38.9891666666667
2026-01-28 00:40:21,39.5,39.0725
2026-01-28 00:45:23,39.6,39.1563888888889
2026-01-28 00:50:25,39.82,39.2402777777778
2026-01-28 00:55:26,39.98,39.3238888888889
2026-01-28 01:00:27,40.11,39.4075
2026-01-28 01:05:27,40.22,39.4908333333333
2026-01-28 01:10:28,40.24,39.5744444444444
2026-01-28 01:15:29,40.1,39.6580555555556
2026-01-28 01:20:30,39.87,39.7416666666667
2026-01-28 01:25:30,39.69,39.825
2026-01-28 01:30:31,39.54,39.9086111111111
2026-01-28 01:35:31,39.44,39.9919444444444
2026-01-28 01:40:32,39.35,40.0755555555556
2026-01-28 01:45:33,39.47,40.1591666666667
2026-01-28 01:50:33,39.67,40.2425
2026-01-28 01:55:34,39.82,40.3261111111111
2026-01-28 02:00:35,39.96,40.4097222222222
2026-01-28 02:05:36,40.06,40.4933333333333
2026-01-28 02:10:36,40.1,40.5766666666667
2026-01-28 02:15:37,39.94,40.6602777777778
2026-01-28 02:20:38,39.74,40.7438888888889
2026-01-28 02:25:38,39.57,40.8272222222222
2026-01-28 02:30:39,39.41,40.9108333333333
2026-01-28 02:35:40,39.32,40.9944444444444
2026-01-28 02:40:41,39.23,41.0780555555556
2026-01-28 02:45:41,39.37,41.1613888888889
2026-01-28 02:50:42,39.56,41.245
2026-01-28 02:55:42,39.71,41.3283333333333
2026-01-28 03:00:43,39.85,41.4119444444444
2026-01-28 03:05:44,39.92,41.4955555555556
2026-01-28 03:10:44,39.96,41.5788888888889
2026-01-28 03:15:45,39.8,41.6625
2026-01-28 03:20:46,39.61,41.7461111111111
2026-01-28 03:25:47,39.44,41.8297222222222
2026-01-28 03:30:47,39.3,41.9130555555556
2026-01-28 03:35:48,39.19,41.9966666666667
2026-01-28 03:40:49,39.13,42.0802777777778
2026-01-28 03:45:49,39.28,42.1636111111111
2026-01-28 03:50:51,39.46,42.2475
2026-01-28 03:55:53,39.64,42.3313888888889
2026-01-28 04:00:54,39.77,42.415
2026-01-28 04:05:54,39.84,42.4983333333333
2026-01-28 04:10:55,39.88,42.5819444444444
2026-01-28 04:15:56,39.73,42.6655555555556
2026-01-28 04:20:57,39.54,42.7491666666667
2026-01-28 04:25:57,39.38,42.8325
2026-01-28 04:30:58,39.26,42.9161111111111
2026-01-28 04:35:59,39.14,42.9997222222222
2026-01-28 04:40:59,39.08,43.0830555555556
2026-01-28 04:46:00,39.22,43.1666666666667
2026-01-28 04:51:01,39.41,43.2502777777778
2026-01-28 04:56:02,39.58,43.3338888888889
2026-01-28 05:01:02,39.69,43.4172222222222
2026-01-28 05:06:03,39.78,43.5008333333333
2026-01-28 05:11:04,39.81,43.5844444444444
2026-01-28 05:16:04,39.65,43.6677777777778
2026-01-28 05:21:05,39.46,43.7513888888889
2026-01-28 05:26:06,39.31,43.835
2026-01-28 05:31:06,39.18,43.9183333333333
2026-01-28 05:36:07,39.1,44.0019444444444
2026-01-28 05:41:07,39.04,44.0852777777778
2026-01-28 05:46:08,39.19,44.1688888888889
2026-01-28 05:51:09,39.38,44.2525
2026-01-28 05:56:10,39.55,44.3361111111111
2026-01-28 06:01:13,39.66,44.4202777777778
2026-01-28 06:06:14,39.74,44.5038888888889
2026-01-28 06:11:14,39.78,44.5872222222222
2026-01-28 06:16:15,39.6,44.6708333333333
2026-01-28 06:21:16,39.42,44.7544444444444
2026-01-28 06:26:17,39.29,44.8380555555556
2026-01-28 06:31:17,39.16,44.9213888888889
2026-01-28 06:36:18,39.07,45.005
2026-01-28 06:41:19,39.04,45.0886111111111
2026-01-28 06:46:19,39.17,45.1719444444444
2026-01-28 06:51:20,39.35,45.2555555555556
2026-01-28 06:56:20,39.52,45.3388888888889
2026-01-28 07:01:21,39.64,45.4225
2026-01-28 07:06:22,39.7,45.5061111111111
2026-01-28 07:11:22,39.74,45.5894444444444
2026-01-28 07:16:23,39.57,45.6730555555556
2026-01-28 07:21:24,39.39,45.7566666666667
2026-01-28 07:26:25,39.25,45.8402777777778
2026-01-28 07:31:25,39.14,45.9236111111111
2026-01-28 07:36:26,39.05,46.0072222222222
2026-01-28 07:41:27,38.99,46.0908333333333
2026-01-28 07:42:23,39.02,46.1063888888889
2026-01-28 07:42:26,39.03,46.1072222222222
2026-01-28 07:42:29,39.02,46.1080555555556
2026-01-28 07:42:31,39.03,46.1086111111111
2026-01-28 07:42:34,39.03,46.1094444444444
2026-01-28 07:42:36,39.04,46.11
2026-01-28 07:42:38,39.03,46.1105555555556
2026-01-28 07:42:41,39.03,46.1113888888889
2026-01-28 07:42:44,39.03,46.1122222222222
2026-01-28 07:42:46,39.02,46.1127777777778
2026-01-28 07:42:49,39.03,46.1136111111111
2026-01-28 07:42:51,39.03,46.1141666666667
2026-01-28 07:42:54,39.04,46.115
2026-01-28 07:42:57,39.05,46.1158333333333
2026-01-28 07:42:59,39.03,46.1163888888889
2026-01-28 07:43:02,39.04,46.1172222222222
2026-01-28 07:43:04,39.03,46.1177777777778
2026-01-28 07:43:07,39.07,46.1186111111111
2026-01-28 07:43:10,39.04,46.1194444444444
2026-01-28 07:43:15,39.05,46.1208333333333
2026-01-28 07:43:17,39.04,46.1213888888889
2026-01-28 07:43:20,39.06,46.1222222222222
2026-01-28 07:43:23,39.07,46.1230555555556
2026-01-28 07:43:25,39.07,46.1236111111111
2026-01-28 07:43:27,39.05,46.1241666666667
2026-01-28 07:43:30,39.07,46.125
2026-01-28 07:48:31,39.41,46.2086111111111
2026-01-28 07:51:07,39.57,46.2519444444444
2026-01-28 07:51:10,39.57,46.2527777777778
2026-01-28 07:51:13,39.58,46.2536111111111
2026-01-28 07:51:15,39.57,46.2541666666667
2026-01-28 07:51:18,39.58,46.255
2026-01-28 07:51:20,39.59,46.2555555555556
2026-01-28 07:51:23,39.6,46.2563888888889
2026-01-28 07:51:26,39.6,46.2572222222222
2026-01-28 07:51:28,39.59,46.2577777777778
2026-01-28 07:51:31,39.6,46.2586111111111
2026-01-28 07:51:33,39.6,46.2591666666667
2026-01-28 07:51:36,39.59,46.26
2026-01-28 07:51:39,39.6,46.2608333333333
2026-01-28 07:51:41,39.6,46.2613888888889
2026-01-28 07:51:46,39.6,46.2627777777778
2026-01-28 07:51:48,39.6,46.2633333333333
2026-01-28 07:51:51,39.6,46.2641666666667
2026-01-28 07:51:54,39.61,46.265
2026-01-28 07:51:56,39.61,46.2655555555556
2026-01-28 07:51:59,39.61,46.2663888888889
2026-01-28 07:52:01,39.61,46.2669444444444
2026-01-28 07:52:42,39.64,46.2783333333333
2026-01-28 07:52:45,39.64,46.2791666666667
2026-01-28 07:52:48,39.64,46.28
2026-01-28 07:52:50,39.67,46.2805555555556
2026-01-28 07:52:53,39.65,46.2813888888889
2026-01-28 07:52:55,39.65,46.2819444444444
2026-01-28 07:52:58,39.65,46.2827777777778
2026-01-28 07:53:01,39.65,46.2836111111111
2026-01-28 07:53:03,39.66,46.2841666666667
2026-01-28 07:53:06,39.67,46.285
2026-01-28 07:53:08,39.67,46.2855555555556
2026-01-28 07:53:11,39.66,46.2863888888889
2026-01-28 07:53:14,39.66,46.2872222222222
2026-01-28 07:53:17,39.66,46.2880555555556
2026-01-28 07:53:21,39.67,46.2891666666667
2026-01-28 07:53:24,39.67,46.29
2026-01-28 07:53:26,39.67,46.2905555555556
2026-01-28 07:53:29,39.67,46.2913888888889
2026-01-28 07:53:31,39.66,46.2919444444444
2026-01-28 07:53:34,39.67,46.2927777777778
2026-01-28 07:53:36,39.68,46.2933333333333
2026-01-28 07:53:39,39.67,46.2941666666667
2026-01-28 07:53:42,39.67,46.295
2026-01-28 07:53:44,39.67,46.2955555555556
2026-01-28 07:53:47,39.68,46.2963888888889
2026-01-28 07:53:49,39.68,46.2969444444444
2026-01-28 07:53:52,39.67,46.2977777777778
2026-01-28 07:53:55,39.68,46.2986111111111
2026-01-28 07:53:57,39.68,46.2991666666667
2026-01-28 07:54:00,39.68,46.3
2026-01-28 07:54:02,39.67,46.3005555555556
2026-01-28 07:54:05,39.68,46.3013888888889
2026-01-28 07:54:08,39.69,46.3022222222222
2026-01-28 07:54:10,39.71,46.3027777777778
2026-01-28 07:54:12,39.68,46.3033333333333
2026-01-28 07:54:15,39.7,46.3041666666667
2026-01-28 07:54:18,39.69,46.305
2026-01-28 07:54:20,39.69,46.3055555555556
2026-01-28 07:54:23,39.69,46.3063888888889
2026-01-28 07:54:25,39.69,46.3069444444444
2026-01-28 07:54:28,39.69,46.3077777777778
2026-01-28 07:54:31,39.7,46.3086111111111
2026-01-28 07:54:33,39.69,46.3091666666667
2026-01-28 07:54:36,39.7,46.31
2026-01-28 07:54:39,39.71,46.3108333333333
2026-01-28 07:54:44,39.7,46.3122222222222
2026-01-28 07:54:46,39.71,46.3127777777778
2026-01-28 07:54:49,39.71,46.3136111111111
2026-01-28 07:54:51,39.71,46.3141666666667
2026-01-28 07:54:54,39.71,46.315
2026-01-28 07:54:56,39.71,46.3155555555556
2026-01-28 07:54:59,39.71,46.3163888888889
2026-01-28 07:55:02,39.71,46.3172222222222
2026-01-28 07:55:06,39.71,46.3183333333333
2026-01-28 07:55:09,39.71,46.3191666666667
2026-01-28 07:55:12,39.71,46.32
2026-01-28 07:55:14,39.72,46.3205555555556
2026-01-28 07:55:17,39.71,46.3213888888889
2026-01-28 07:55:19,39.71,46.3219444444444
2026-01-28 07:55:22,39.72,46.3227777777778
2026-01-28 07:55:25,39.71,46.3236111111111
2026-01-28 07:55:27,39.71,46.3241666666667
2026-01-28 07:55:30,39.72,46.325
2026-01-28 07:55:32,39.71,46.3255555555556
2026-01-28 07:55:35,39.71,46.3263888888889
2026-01-28 07:55:38,39.72,46.3272222222222
2026-01-28 07:55:40,39.72,46.3277777777778
2026-01-28 07:55:43,39.71,46.3286111111111
2026-01-28 07:55:45,39.71,46.3291666666667
2026-01-28 07:55:48,39.71,46.33
2026-01-28 07:55:50,39.72,46.3305555555556
2026-01-28 07:55:53,39.71,46.3313888888889
2026-01-28 07:55:55,39.72,46.3319444444444
2026-01-28 07:55:58,39.71,46.3327777777778
2026-01-28 07:56:00,39.71,46.3333333333333
2026-01-28 07:56:03,39.72,46.3341666666667
2026-01-28 07:56:06,39.72,46.335
2026-01-28 07:56:08,39.71,46.3355555555556
2026-01-28 07:56:11,39.71,46.3363888888889
2026-01-28 07:56:13,39.73,46.3369444444444
2026-01-28 07:56:16,39.72,46.3377777777778
2026-01-28 07:56:19,39.72,46.3386111111111
2026-01-28 07:56:21,39.7,46.3391666666667
2026-01-28 07:56:24,39.71,46.34
2026-01-28 07:56:26,39.71,46.3405555555556
2026-01-28 07:56:29,39.71,46.3413888888889
2026-01-28 07:56:32,39.71,46.3422222222222
2026-01-28 07:56:34,39.71,46.3427777777778
2026-01-28 07:56:37,39.71,46.3436111111111
2026-01-28 07:56:39,39.71,46.3441666666667
2026-01-28 07:56:41,39.71,46.3447222222222
2026-01-28 07:56:44,39.7,46.3455555555556
2026-01-28 07:56:47,39.69,46.3463888888889
2026-01-28 07:56:49,39.7,46.3469444444444
2026-01-28 07:56:52,39.69,46.3477777777778
2026-01-28 07:56:54,39.69,46.3483333333333
2026-01-28 07:56:57,39.68,46.3491666666667
2026-01-28 07:57:00,39.68,46.35
2026-01-28 07:57:05,39.69,46.3513888888889
2026-01-28 07:57:07,39.67,46.3519444444444
2026-01-28 07:57:10,39.67,46.3527777777778
2026-01-28 07:57:13,39.65,46.3536111111111
2026-01-28 07:57:15,39.67,46.3541666666667
2026-01-28 07:57:18,39.65,46.355
2026-01-28 07:57:20,39.64,46.3555555555556
2026-01-28 07:57:23,39.64,46.3563888888889
2026-01-28 07:57:26,39.62,46.3572222222222
2026-01-28 07:57:28,39.64,46.3577777777778
2026-01-28 07:57:33,39.61,46.3591666666667
2026-01-28 07:57:36,39.61,46.36
2026-01-28 07:57:38,39.59,46.3605555555556
2026-01-28 07:57:41,39.6,46.3613888888889
2026-01-28 07:57:43,39.6,46.3619444444444
2026-01-28 07:57:46,39.58,46.3627777777778
2026-01-28 07:57:48,39.59,46.3633333333333
2026-01-28 07:57:52,39.57,46.3644444444444
2026-01-28 07:57:55,39.56,46.3652777777778
2026-01-28 07:57:59,39.55,46.3663888888889
2026-01-28 07:58:01,39.54,46.3669444444444
2026-01-28 07:58:04,39.53,46.3677777777778
2026-01-28 07:58:07,39.53,46.3686111111111
2026-01-28 07:58:09,39.51,46.3691666666667
2026-01-28 07:58:12,39.51,46.37
2026-01-28 07:58:14,39.51,46.3705555555556
2026-01-28 07:58:17,39.49,46.3713888888889
2026-01-28 07:58:19,39.46,46.3719444444444
2026-01-28 07:58:22,39.46,46.3727777777778
2026-01-28 07:58:27,39.46,46.3741666666667
2026-01-28 07:58:32,39.45,46.3755555555556
2026-01-28 07:58:35,39.42,46.3763888888889
2026-01-28 07:58:39,39.44,46.3775
2026-01-28 07:58:43,39.4,46.3786111111111
2026-01-28 07:58:46,39.39,46.3794444444444
2026-01-28 07:58:49,39.39,46.3802777777778
2026-01-28 07:58:54,39.39,46.3816666666667
2026-01-28 07:58:56,39.37,46.3822222222222
2026-01-28 07:59:01,39.35,46.3836111111111
2026-01-28 07:59:03,39.35,46.3841666666667
2026-01-28 07:59:06,39.33,46.385
2026-01-28 07:59:08,39.32,46.3855555555556
2026-01-28 07:59:11,39.32,46.3863888888889
2026-01-28 07:59:13,39.3,46.3869444444444
2026-01-28 07:59:16,39.29,46.3877777777778
2026-01-28 07:59:18,39.3,46.3883333333333
2026-01-28 07:59:21,39.28,46.3891666666667
2026-01-28 07:59:24,39.26,46.39
2026-01-28 07:59:26,39.25,46.3905555555556
2026-01-28 07:59:29,39.24,46.3913888888889
2026-01-28 07:59:35,39.22,46.3930555555556
2026-01-28 07:59:39,39.21,46.3941666666667
2026-01-28 07:59:42,39.2,46.395
2026-01-28 07:59:44,39.2,46.3955555555556
2026-01-28 07:59:48,39.19,46.3966666666667
2026-01-28 07:59:52,39.17,46.3977777777778
2026-01-28 07:59:55,39.14,46.3986111111111
2026-01-28 07:59:57,39.14,46.3991666666667
2026-01-28 07:59:59,39.13,46.3997222222222
2026-01-28 08:00:02,39.12,46.4005555555556
2026-01-28 08:00:04,39.12,46.4011111111111
2026-01-28 08:00:07,39.12,46.4019444444444
2026-01-28 08:00:10,39.1,46.4027777777778
2026-01-28 08:00:12,39.1,46.4033333333333
2026-01-28 08:00:15,39.08,46.4041666666667
2026-01-28 08:00:20,39.06,46.4055555555556
2026-01-28 08:02:24,38.63,46.44
2026-01-28 08:02:26,38.64,46.4405555555556
2026-01-28 08:02:29,38.62,46.4413888888889
2026-01-28 08:02:31,38.6,46.4419444444444
2026-01-28 08:02:34,38.6,46.4427777777778
2026-01-28 08:02:37,38.6,46.4436111111111
2026-01-28 08:02:39,38.59,46.4441666666667
2026-01-28 08:02:44,38.57,46.4455555555556
2026-01-28 08:02:44,38.59,46.4455555555556
2026-01-28 08:02:48,38.57,46.4466666666667
2026-01-28 08:02:52,38.55,46.4477777777778
2026-01-28 08:02:56,38.54,46.4488888888889
2026-01-28 08:03:00,38.52,46.45
2026-01-28 08:03:03,38.52,46.4508333333333
2026-01-28 08:03:07,38.49,46.4519444444444
2026-01-28 08:03:10,38.49,46.4527777777778
2026-01-28 08:03:14,38.48,46.4538888888889
2026-01-28 08:03:17,38.47,46.4547222222222
2026-01-28 08:03:20,38.45,46.4555555555556
2026-01-28 08:03:22,38.45,46.4561111111111
2026-01-28 08:03:25,38.44,46.4569444444444
2026-01-28 08:03:28,38.44,46.4577777777778
2026-01-28 08:03:30,38.42,46.4583333333333
2026-01-28 08:03:33,38.42,46.4591666666667
2026-01-28 08:03:35,38.41,46.4597222222222
2026-01-28 08:03:38,38.42,46.4605555555556
2026-01-28 08:03:41,38.39,46.4613888888889
2026-01-28 08:03:43,38.37,46.4619444444444
2026-01-28 08:03:46,38.39,46.4627777777778
2026-01-28 08:03:49,38.37,46.4636111111111
2026-01-28 08:03:52,38.36,46.4644444444444
2026-01-28 08:03:56,38.35,46.4655555555556
2026-01-28 08:03:59,38.35,46.4663888888889
2026-01-28 08:04:02,38.32,46.4672222222222
2026-01-28 08:04:06,38.32,46.4683333333333
2026-01-28 08:04:09,38.32,46.4691666666667
2026-01-28 08:04:12,38.3,46.47
2026-01-28 08:04:16,38.29,46.4711111111111
2026-01-28 08:04:19,38.28,46.4719444444444
2026-01-28 08:04:22,38.28,46.4727777777778
2026-01-28 08:04:24,38.27,46.4733333333333
2026-01-28 08:04:27,38.27,46.4741666666667
2026-01-28 08:04:29,38.25,46.4747222222222
2026-01-28 08:04:32,38.24,46.4755555555556
2026-01-28 08:04:35,38.21,46.4763888888889
2026-01-28 08:04:37,38.24,46.4769444444444
2026-01-28 08:04:40,38.21,46.4777777777778
2026-01-28 08:04:42,38.22,46.4783333333333
2026-01-28 08:04:45,38.2,46.4791666666667
2026-01-28 08:04:48,38.18,46.48
2026-01-28 08:04:50,38.2,46.4805555555556
2026-01-28 08:04:53,38.18,46.4813888888889
2026-01-28 08:04:55,38.17,46.4819444444444
2026-01-28 08:04:57,38.17,46.4825
2026-01-28 08:05:00,38.16,46.4833333333333
2026-01-28 08:05:03,38.15,46.4841666666667
2026-01-28 08:05:08,38.12,46.4855555555556
2026-01-28 08:05:13,38.11,46.4869444444444
2026-01-28 08:05:16,38.12,46.4877777777778
2026-01-28 08:05:21,38.09,46.4891666666667
2026-01-28 08:05:23,38.1,46.4897222222222
2026-01-28 08:05:26,38.08,46.4905555555556
2026-01-28 08:05:29,38.07,46.4913888888889
2026-01-28 08:05:31,38.07,46.4919444444444
2026-01-28 08:05:34,38.06,46.4927777777778
2026-01-28 08:05:39,38.06,46.4941666666667
2026-01-28 08:05:42,38.05,46.495
2026-01-28 08:05:44,38.03,46.4955555555556
2026-01-28 08:05:47,38.03,46.4963888888889
2026-01-28 08:05:51,38.01,46.4975
2026-01-28 08:05:54,38,46.4983333333333
2026-01-28 08:05:57,38.01,46.4991666666667
2026-01-28 08:05:59,38.02,46.4997222222222
2026-01-28 08:06:02,37.99,46.5005555555556
2026-01-28 08:06:04,38,46.5011111111111
2026-01-28 08:06:07,37.97,46.5019444444444
2026-01-28 08:06:10,37.98,46.5027777777778
2026-01-28 08:06:12,37.97,46.5033333333333
2026-01-28 08:06:15,37.96,46.5041666666667
2026-01-28 08:06:17,37.97,46.5047222222222
2026-01-28 08:06:20,37.96,46.5055555555556
2026-01-28 08:06:23,37.96,46.5063888888889
2026-01-28 08:06:28,37.94,46.5077777777778
2026-01-28 08:06:30,37.96,46.5083333333333
2026-01-28 08:06:33,37.93,46.5091666666667
2026-01-28 08:06:35,37.92,46.5097222222222
2026-01-28 08:06:38,37.92,46.5105555555556
2026-01-28 08:06:40,37.92,46.5111111111111
2026-01-28 08:06:43,37.92,46.5119444444444
2026-01-28 08:06:46,37.9,46.5127777777778
2026-01-28 08:06:48,37.91,46.5133333333333
2026-01-28 08:06:51,37.9,46.5141666666667
2026-01-28 08:06:53,37.89,46.5147222222222
2026-01-28 08:06:56,37.89,46.5155555555556
2026-01-28 08:06:58,37.88,46.5161111111111
2026-01-28 08:07:01,37.89,46.5169444444444
2026-01-28 08:07:04,37.86,46.5177777777778
2026-01-28 08:07:06,37.87,46.5183333333333
2026-01-28 08:07:09,37.87,46.5191666666667
2026-01-28 08:07:11,37.86,46.5197222222222
2026-01-28 08:07:14,37.87,46.5205555555556
2026-01-28 08:07:17,37.86,46.5213888888889
2026-01-28 08:07:19,37.85,46.5219444444444
2026-01-28 08:07:22,37.85,46.5227777777778
2026-01-28 08:07:24,37.84,46.5233333333333
2026-01-28 08:07:26,37.83,46.5238888888889
2026-01-28 08:07:29,37.83,46.5247222222222
2026-01-28 08:07:32,37.82,46.5255555555556
2026-01-28 08:07:35,37.81,46.5263888888889
2026-01-28 08:07:39,37.81,46.5275
2026-01-28 08:07:42,37.82,46.5283333333333
2026-01-28 08:12:43,37.17,46.6119444444444
2026-01-28 08:14:54,36.94,46.6483333333333
2026-01-28 08:14:57,36.92,46.6491666666667
2026-01-28 08:15:01,36.92,46.6502777777778
2026-01-28 08:15:05,36.9,46.6513888888889
2026-01-28 08:15:10,36.89,46.6527777777778
2026-01-28 08:15:14,36.9,46.6538888888889
2026-01-28 08:15:17,36.88,46.6547222222222
2026-01-28 08:15:20,36.89,46.6555555555556
2026-01-28 08:15:22,36.89,46.6561111111111
2026-01-28 08:15:25,36.86,46.6569444444444
2026-01-28 08:15:27,36.86,46.6575
2026-01-28 08:15:30,36.87,46.6583333333333
2026-01-28 08:15:33,36.86,46.6591666666667
2026-01-28 08:15:35,36.85,46.6597222222222
2026-01-28 08:15:38,36.85,46.6605555555556
2026-01-28 08:15:40,36.84,46.6611111111111
2026-01-28 08:15:42,36.85,46.6616666666667
2026-01-28 08:15:45,36.84,46.6625
2026-01-28 08:15:48,36.82,46.6633333333333
2026-01-28 08:15:50,36.82,46.6638888888889
2026-01-28 08:15:53,36.82,46.6647222222222
2026-01-28 08:15:55,36.82,46.6652777777778
2026-01-28 08:15:59,36.83,46.6663888888889
2026-01-28 08:16:02,36.81,46.6672222222222
2026-01-28 08:16:06,36.78,46.6683333333333
2026-01-28 08:16:08,36.8,46.6688888888889
2026-01-28 08:16:11,36.78,46.6697222222222
2026-01-28 08:16:14,36.78,46.6705555555556
2026-01-28 08:16:16,36.78,46.6711111111111
2026-01-28 08:16:19,36.78,46.6719444444444
2026-01-28 08:16:21,36.77,46.6725
2026-01-28 08:16:24,36.77,46.6733333333333
2026-01-28 08:16:27,36.76,46.6741666666667
2026-01-28 08:16:29,36.77,46.6747222222222
2026-01-28 08:16:31,36.76,46.6752777777778
2026-01-28 08:16:34,36.74,46.6761111111111
2026-01-28 08:16:37,36.76,46.6769444444444
2026-01-28 08:16:39,36.74,46.6775
2026-01-28 08:16:42,36.73,46.6783333333333
2026-01-28 08:16:44,36.74,46.6788888888889
2026-01-28 08:16:47,36.72,46.6797222222222
2026-01-28 08:16:49,36.72,46.6802777777778
2026-01-28 08:16:52,36.72,46.6811111111111
2026-01-28 08:16:55,36.72,46.6819444444444
2026-01-28 08:16:57,36.73,46.6825
2026-01-28 08:17:00,36.73,46.6833333333333
2026-01-28 08:17:02,36.71,46.6838888888889
2026-01-28 08:17:05,36.71,46.6847222222222
2026-01-28 08:17:08,36.68,46.6855555555556
2026-01-28 08:17:10,36.69,46.6861111111111
2026-01-28 08:17:13,36.7,46.6869444444444
2026-01-28 08:17:15,36.67,46.6875
2026-01-28 08:17:18,36.69,46.6883333333333
2026-01-28 08:17:21,36.67,46.6891666666667
2026-01-28 08:17:25,36.67,46.6902777777778
2026-01-28 08:17:28,36.67,46.6911111111111
2026-01-28 08:17:31,36.67,46.6919444444444
2026-01-28 08:17:33,36.65,46.6925
2026-01-28 08:17:36,36.65,46.6933333333333
2026-01-28 08:17:41,36.64,46.6947222222222
2026-01-28 08:17:44,36.65,46.6955555555556
2026-01-28 08:17:46,36.64,46.6961111111111
2026-01-28 08:17:49,36.63,46.6969444444444
2026-01-28 08:17:51,36.64,46.6975
2026-01-28 08:17:54,36.63,46.6983333333333
2026-01-28 08:17:56,36.63,46.6988888888889
2026-01-28 08:17:59,36.61,46.6997222222222
2026-01-28 08:18:02,36.61,46.7005555555556
2026-01-28 08:18:04,36.62,46.7011111111111
2026-01-28 08:18:07,36.62,46.7019444444444
2026-01-28 08:18:12,36.6,46.7033333333333
2026-01-28 08:18:14,36.61,46.7038888888889
2026-01-28 08:18:17,36.59,46.7047222222222
2026-01-28 08:18:19,36.6,46.7052777777778
2026-01-28 08:18:22,36.6,46.7061111111111
2026-01-28 08:18:25,36.58,46.7069444444444
2026-01-28 08:18:28,36.6,46.7077777777778
2026-01-28 08:18:32,36.57,46.7088888888889
2026-01-28 08:18:35,36.58,46.7097222222222
2026-01-28 08:18:38,36.57,46.7105555555556
2026-01-28 08:18:40,36.57,46.7111111111111
2026-01-28 08:18:43,36.56,46.7119444444444
2026-01-28 08:18:45,36.57,46.7125
2026-01-28 08:18:48,36.56,46.7133333333333
2026-01-28 08:18:50,36.54,46.7138888888889
2026-01-28 08:18:53,36.55,46.7147222222222
2026-01-28 08:18:56,36.54,46.7155555555556
2026-01-28 08:18:58,36.54,46.7161111111111
2026-01-28 08:19:00,36.53,46.7166666666667
2026-01-28 08:19:03,36.54,46.7175
2026-01-28 08:19:06,36.53,46.7183333333333
2026-01-28 08:19:08,36.53,46.7188888888889
2026-01-28 08:19:11,36.51,46.7197222222222
2026-01-28 08:19:13,36.52,46.7202777777778
2026-01-28 08:19:16,36.52,46.7211111111111
2026-01-28 08:19:19,36.5,46.7219444444444
2026-01-28 08:19:21,36.51,46.7225
2026-01-28 08:19:24,36.5,46.7233333333333
2026-01-28 08:19:26,36.49,46.7238888888889
2026-01-28 08:19:29,36.5,46.7247222222222
2026-01-28 08:19:32,36.49,46.7255555555556
2026-01-28 08:19:34,36.49,46.7261111111111
2026-01-28 08:19:37,36.49,46.7269444444444
2026-01-28 08:19:39,36.48,46.7275
2026-01-28 08:19:42,36.48,46.7283333333333
2026-01-28 08:19:45,36.48,46.7291666666667
2026-01-28 08:19:47,36.47,46.7297222222222
2026-01-28 08:19:49,36.46,46.7302777777778
2026-01-28 08:19:52,36.47,46.7311111111111
2026-01-28 08:19:54,36.46,46.7316666666667
2026-01-28 08:23:10,36.24,46.7861111111111
2026-01-28 08:23:12,36.23,46.7866666666667
2026-01-28 08:23:15,36.23,46.7875
2026-01-28 08:23:17,36.24,46.7880555555556
2026-01-28 08:23:20,36.23,46.7888888888889
2026-01-28 08:23:23,36.21,46.7897222222222
2026-01-28 08:23:25,36.22,46.7902777777778
2026-01-28 08:23:28,36.22,46.7911111111111
2026-01-28 08:23:30,36.21,46.7916666666667
2026-01-28 08:23:33,36.23,46.7925
2026-01-28 08:23:36,36.21,46.7933333333333
2026-01-28 08:23:38,36.21,46.7938888888889
2026-01-28 08:23:41,36.19,46.7947222222222
2026-01-28 08:23:43,36.21,46.7952777777778
2026-01-28 08:23:46,36.2,46.7961111111111
2026-01-28 08:23:49,36.19,46.7969444444444
2026-01-28 08:23:53,36.19,46.7980555555556
2026-01-28 08:23:56,36.19,46.7988888888889
2026-01-28 08:23:59,36.17,46.7997222222222
2026-01-28 08:24:01,36.17,46.8002777777778
2026-01-28 08:24:04,36.21,46.8011111111111
2026-01-28 08:24:06,36.17,46.8016666666667
2026-01-28 08:24:09,36.18,46.8025
2026-01-28 08:24:11,36.17,46.8030555555556
2026-01-28 08:24:14,36.17,46.8038888888889
2026-01-28 08:24:17,36.17,46.8047222222222
2026-01-28 08:24:19,36.16,46.8052777777778
2026-01-28 08:24:22,36.15,46.8061111111111
2026-01-28 08:24:24,36.15,46.8066666666667
2026-01-28 08:24:27,36.16,46.8075
2026-01-28 08:24:30,36.15,46.8083333333333
2026-01-28 08:24:32,36.14,46.8088888888889
2026-01-28 08:24:35,36.14,46.8097222222222
2026-01-28 08:24:37,36.14,46.8102777777778
2026-01-28 08:24:40,36.14,46.8111111111111
2026-01-28 08:24:42,36.14,46.8116666666667
2026-01-28 08:24:45,36.13,46.8125
2026-01-28 08:24:48,36.14,46.8133333333333
2026-01-28 08:24:53,36.13,46.8147222222222
2026-01-28 08:24:55,36.13,46.8152777777778
2026-01-28 08:24:58,36.14,46.8161111111111
2026-01-28 08:25:00,36.13,46.8166666666667
2026-01-28 08:25:03,36.12,46.8175
2026-01-28 08:25:05,36.11,46.8180555555556
2026-01-28 08:25:08,36.12,46.8188888888889
2026-01-28 08:25:11,36.12,46.8197222222222
2026-01-28 08:25:13,36.12,46.8202777777778
2026-01-28 08:25:16,36.13,46.8211111111111
2026-01-28 08:25:18,36.1,46.8216666666667
2026-01-28 08:25:21,36.11,46.8225
2026-01-28 08:25:24,36.1,46.8233333333333
2026-01-28 08:25:26,36.11,46.8238888888889
2026-01-28 08:25:29,36.1,46.8247222222222
2026-01-28 08:25:34,36.11,46.8261111111111
2026-01-28 08:25:39,36.1,46.8275
2026-01-28 08:25:41,36.1,46.8280555555556
2026-01-28 08:25:44,36.1,46.8288888888889
2026-01-28 08:25:47,36.12,46.8297222222222
2026-01-28 08:25:49,36.12,46.8302777777778
2026-01-28 08:25:52,36.11,46.8311111111111
2026-01-28 08:25:54,36.1,46.8316666666667
2026-01-28 08:25:57,36.12,46.8325
2026-01-28 08:26:00,36.11,46.8333333333333
2026-01-28 08:26:02,36.1,46.8338888888889
2026-01-28 08:26:05,36.12,46.8347222222222
2026-01-28 08:26:08,36.11,46.8355555555556
2026-01-28 08:26:12,36.12,46.8366666666667
2026-01-28 08:26:16,36.11,46.8377777777778
2026-01-28 08:26:20,36.12,46.8388888888889
2026-01-28 08:26:22,36.14,46.8394444444444
2026-01-28 08:26:25,36.13,46.8402777777778
2026-01-28 08:26:28,36.14,46.8411111111111
2026-01-28 08:26:30,36.13,46.8416666666667
2026-01-28 08:26:33,36.14,46.8425
2026-01-28 08:26:35,36.11,46.8430555555556
2026-01-28 08:26:38,36.14,46.8438888888889
2026-01-28 08:26:41,36.14,46.8447222222222
2026-01-28 08:26:43,36.14,46.8452777777778
2026-01-28 08:26:46,36.14,46.8461111111111
2026-01-28 08:26:48,36.15,46.8466666666667
2026-01-28 08:26:51,36.16,46.8475
2026-01-28 08:26:54,36.15,46.8483333333333
2026-01-28 08:26:56,36.14,46.8488888888889
2026-01-28 08:26:59,36.15,46.8497222222222
2026-01-28 08:27:01,36.16,46.8502777777778
2026-01-28 08:27:04,36.15,46.8511111111111
2026-01-28 08:27:07,36.15,46.8519444444444
2026-01-28 08:27:09,36.17,46.8525
2026-01-28 08:27:12,36.17,46.8533333333333
2026-01-28 08:27:14,36.17,46.8538888888889
2026-01-28 08:27:16,36.16,46.8544444444444
2026-01-28 08:27:20,36.17,46.8555555555556
2026-01-28 08:27:24,36.19,46.8566666666667
2026-01-28 08:27:27,36.2,46.8575
2026-01-28 08:27:29,36.18,46.8580555555556
2026-01-28 08:27:32,36.19,46.8588888888889
2026-01-28 08:27:36,36.2,46.86
2026-01-28 08:27:40,36.21,46.8611111111111
2026-01-28 08:27:43,36.21,46.8619444444444
2026-01-28 08:27:48,36.2,46.8633333333333
2026-01-28 08:27:50,36.21,46.8638888888889
2026-01-28 08:27:53,36.21,46.8647222222222
2026-01-28 08:27:55,36.22,46.8652777777778
2026-01-28 08:27:58,36.21,46.8661111111111
2026-01-28 08:28:01,36.22,46.8669444444444
2026-01-28 08:28:05,36.24,46.8680555555556
2026-01-28 08:28:08,36.24,46.8688888888889
2026-01-28 08:28:10,36.23,46.8694444444444
2026-01-28 08:28:13,36.24,46.8702777777778
2026-01-28 08:28:16,36.26,46.8711111111111
2026-01-28 08:28:18,36.24,46.8716666666667
2026-01-28 08:28:21,36.25,46.8725
2026-01-28 08:28:23,36.26,46.8730555555556
2026-01-28 08:28:26,36.28,46.8738888888889
2026-01-28 08:28:29,36.27,46.8747222222222
2026-01-28 08:28:31,36.26,46.8752777777778
2026-01-28 08:28:34,36.28,46.8761111111111
2026-01-28 08:28:39,36.28,46.8775
2026-01-28 08:28:42,36.28,46.8783333333333
2026-01-28 08:28:44,36.29,46.8788888888889
2026-01-28 08:28:47,36.3,46.8797222222222
2026-01-28 08:28:49,36.3,46.8802777777778
2026-01-28 08:28:51,36.3,46.8808333333333
2026-01-28 08:28:54,36.31,46.8816666666667
2026-01-28 08:28:57,36.29,46.8825
2026-01-28 08:28:59,36.32,46.8830555555556
2026-01-28 08:29:02,36.32,46.8838888888889
2026-01-28 08:29:04,36.33,46.8844444444444
2026-01-28 08:29:07,36.32,46.8852777777778
2026-01-28 08:29:10,36.32,46.8861111111111
2026-01-28 08:29:12,36.33,46.8866666666667
2026-01-28 08:29:15,36.35,46.8875
2026-01-28 08:29:17,36.34,46.8880555555556
2026-01-28 08:29:21,36.35,46.8891666666667
2026-01-28 08:29:25,36.35,46.8902777777778
2026-01-28 08:29:28,36.36,46.8911111111111
2026-01-28 08:29:30,36.36,46.8916666666667
2026-01-28 08:29:33,36.38,46.8925
2026-01-28 08:29:36,36.37,46.8933333333333
2026-01-28 08:29:38,36.36,46.8938888888889
2026-01-28 08:29:40,36.39,46.8944444444444
2026-01-28 08:29:43,36.39,46.8952777777778
2026-01-28 08:29:45,36.39,46.8958333333333
2026-01-28 08:29:48,36.39,46.8966666666667
2026-01-28 08:29:51,36.39,46.8975
2026-01-28 08:29:53,36.39,46.8980555555556
2026-01-28 08:29:56,36.39,46.8988888888889
2026-01-28 08:29:58,36.41,46.8994444444444
2026-01-28 08:30:01,36.41,46.9002777777778
2026-01-28 08:30:04,36.41,46.9011111111111
2026-01-28 08:30:06,36.41,46.9016666666667
2026-01-28 08:30:09,36.4,46.9025
2026-01-28 08:30:11,36.42,46.9030555555556
2026-01-28 08:30:14,36.43,46.9038888888889
2026-01-28 08:30:17,36.42,46.9047222222222
2026-01-28 08:30:19,36.42,46.9052777777778
2026-01-28 08:30:22,36.43,46.9061111111111
2026-01-28 08:30:24,36.45,46.9066666666667
2026-01-28 08:30:27,36.46,46.9075
2026-01-28 08:30:30,36.43,46.9083333333333
2026-01-28 08:30:32,36.46,46.9088888888889
2026-01-28 08:30:34,36.46,46.9094444444444
2026-01-28 08:30:37,36.46,46.9102777777778
2026-01-28 08:30:39,36.46,46.9108333333333
2026-01-28 08:30:42,36.46,46.9116666666667
2026-01-28 08:30:45,36.46,46.9125
2026-01-28 08:33:55,36.76,46.9652777777778
2026-01-28 08:33:57,36.78,46.9658333333333
2026-01-28 08:34:00,36.76,46.9666666666667
2026-01-28 08:34:03,36.78,46.9675
2026-01-28 08:39:03,37.74,47.0508333333333
2026-01-28 08:44:04,38.48,47.1344444444444
2026-01-28 08:49:05,39.03,47.2180555555556
2026-01-28 08:54:05,39.44,47.3013888888889
2026-01-28 08:58:58,39.81,47.3827777777778
2026-01-28 08:59:01,39.82,47.3836111111111
2026-01-28 08:59:04,39.82,47.3844444444444
2026-01-28 08:59:06,39.82,47.385
2026-01-28 08:59:09,39.83,47.3858333333333
2026-01-28 08:59:11,39.82,47.3863888888889
2026-01-28 08:59:14,39.82,47.3872222222222
2026-01-28 08:59:17,39.83,47.3880555555556
2026-01-28 08:59:21,39.82,47.3891666666667
2026-01-28 08:59:24,39.84,47.39
2026-01-28 08:59:26,39.84,47.3905555555556
2026-01-28 08:59:29,39.83,47.3913888888889
2026-01-28 08:59:32,39.83,47.3922222222222
2026-01-28 08:59:34,39.83,47.3927777777778
2026-01-28 08:59:37,39.85,47.3936111111111
2026-01-28 08:59:39,39.85,47.3941666666667
2026-01-28 08:59:42,39.86,47.395
2026-01-28 08:59:45,39.85,47.3958333333333
2026-01-28 08:59:47,39.86,47.3963888888889
2026-01-28 08:59:50,39.86,47.3972222222222
2026-01-28 08:59:52,39.86,47.3977777777778
2026-01-28 08:59:55,39.88,47.3986111111111
2026-01-28 08:59:58,39.89,47.3994444444444
2026-01-28 09:00:00,39.88,47.4
2026-01-28 09:00:03,39.89,47.4008333333333
2026-01-28 09:00:05,39.89,47.4013888888889
2026-01-28 09:00:08,39.89,47.4022222222222
2026-01-28 09:00:10,39.9,47.4027777777778
2026-01-28 09:00:13,39.89,47.4036111111111
2026-01-28 09:00:15,39.91,47.4041666666667
2026-01-28 09:00:18,39.91,47.405
2026-01-28 09:00:20,39.91,47.4055555555556
2026-01-28 09:00:23,39.92,47.4063888888889
2026-01-28 09:00:26,39.92,47.4072222222222
2026-01-28 09:00:28,39.92,47.4077777777778
2026-01-28 09:00:31,39.93,47.4086111111111
2026-01-28 09:00:33,39.93,47.4091666666667
2026-01-28 09:00:36,39.93,47.41
2026-01-28 09:00:39,39.96,47.4108333333333
2026-01-28 09:00:41,39.96,47.4113888888889
2026-01-28 09:00:44,39.96,47.4122222222222
2026-01-28 09:00:46,39.98,47.4127777777778
2026-01-28 09:00:49,39.98,47.4136111111111
2026-01-28 09:00:52,39.98,47.4144444444444
2026-01-28 09:00:54,39.99,47.415
2026-01-28 09:00:57,39.99,47.4158333333333
2026-01-28 09:00:59,39.99,47.4163888888889
2026-01-28 09:01:01,39.99,47.4169444444444
2026-01-28 09:01:04,39.99,47.4177777777778
2026-01-28 09:01:07,40.02,47.4186111111111
2026-01-28 09:01:09,40.02,47.4191666666667
2026-01-28 09:01:12,40.03,47.42
2026-01-28 09:01:14,40.03,47.4205555555556
2026-01-28 09:01:17,40.04,47.4213888888889
2026-01-28 09:01:20,40.05,47.4222222222222
2026-01-28 09:01:22,40.06,47.4227777777778
2026-01-28 09:01:25,40.06,47.4236111111111
2026-01-28 09:01:27,40.05,47.4241666666667
2026-01-28 09:01:30,40.08,47.425
2026-01-28 09:01:33,40.08,47.4258333333333
2026-01-28 09:01:36,40.08,47.4266666666667
2026-01-28 09:01:40,40.09,47.4277777777778
2026-01-28 09:01:43,40.1,47.4286111111111
2026-01-28 09:01:46,40.1,47.4294444444444
2026-01-28 09:01:51,40.12,47.4308333333333
2026-01-28 09:05:08,40.42,47.4855555555556
2026-01-28 09:05:11,40.41,47.4863888888889
2026-01-28 09:05:13,40.42,47.4869444444444
2026-01-28 09:05:16,40.42,47.4877777777778
2026-01-28 09:05:19,40.43,47.4886111111111
2026-01-28 09:07:27,40.55,47.5241666666667
2026-01-28 09:07:30,40.56,47.525
2026-01-28 09:09:00,40.63,47.55
2026-01-28 09:09:03,40.62,47.5508333333333
2026-01-28 09:13:40,40.87,47.6277777777778
2026-01-28 09:13:42,40.85,47.6283333333333
2026-01-28 09:13:45,40.86,47.6291666666667
2026-01-28 09:13:48,40.85,47.63
2026-01-28 09:13:50,40.87,47.6305555555556
2026-01-28 09:13:53,40.87,47.6313888888889
2026-01-28 09:13:55,40.87,47.6319444444444
2026-01-28 09:13:58,40.87,47.6327777777778
2026-01-28 09:14:01,40.86,47.6336111111111
2026-01-28 09:14:03,40.87,47.6341666666667
2026-01-28 09:14:06,40.89,47.635
2026-01-28 09:14:08,40.87,47.6355555555556
2026-01-28 09:14:11,40.9,47.6363888888889
2026-01-28 09:14:13,40.89,47.6369444444444
2026-01-28 09:14:16,40.9,47.6377777777778
2026-01-28 09:14:18,40.89,47.6383333333333
2026-01-28 09:19:19,42.51,47.7219444444444
2026-01-28 09:19:32,42.57,47.7255555555556
2026-01-28 09:19:34,42.6,47.7261111111111
2026-01-28 09:19:37,42.59,47.7269444444444
2026-01-28 09:19:40,42.62,47.7277777777778
2026-01-28 09:19:42,42.63,47.7283333333333
2026-01-28 09:19:45,42.64,47.7291666666667
2026-01-28 09:19:47,42.66,47.7297222222222
2026-01-28 09:19:51,42.67,47.7308333333333
2026-01-28 09:19:55,42.7,47.7319444444444
2026-01-28 09:19:58,42.7,47.7327777777778
2026-01-28 09:20:03,42.72,47.7341666666667
2026-01-28 09:21:35,43.06,47.7597222222222
2026-01-28 09:21:38,43.07,47.7605555555556
2026-01-28 09:21:40,43.08,47.7611111111111
2026-01-28 09:21:43,43.08,47.7619444444444
2026-01-28 09:21:45,43.09,47.7625
2026-01-28 09:21:48,43.09,47.7633333333333
2026-01-28 09:21:51,43.12,47.7641666666667
2026-01-28 09:21:56,43.14,47.7655555555556
2026-01-28 09:21:59,43.14,47.7663888888889
2026-01-28 09:22:04,43.14,47.7677777777778
2026-01-28 09:22:06,43.15,47.7683333333333
2026-01-28 09:22:09,43.16,47.7691666666667
2026-01-28 09:25:01,43.55,47.8169444444444
2026-01-28 09:25:03,43.55,47.8175
2026-01-28 09:25:06,43.54,47.8183333333333
2026-01-28 09:25:08,43.57,47.8188888888889
2026-01-28 09:25:11,43.57,47.8197222222222
2026-01-28 09:25:14,43.57,47.8205555555556
2026-01-28 09:25:16,43.58,47.8211111111111
2026-01-28 09:27:07,43.77,47.8519444444444
2026-01-28 09:27:09,43.78,47.8525
2026-01-28 09:27:12,43.77,47.8533333333333
2026-01-28 09:27:15,43.77,47.8541666666667
2026-01-28 09:27:17,43.78,47.8547222222222
2026-01-28 09:27:20,43.78,47.8555555555556
2026-01-28 09:27:22,43.77,47.8561111111111
2026-01-28 09:27:25,43.78,47.8569444444444
2026-01-28 09:27:27,43.78,47.8575
2026-01-28 09:27:30,43.78,47.8583333333333
2026-01-28 09:27:33,43.8,47.8591666666667
2026-01-28 09:27:38,43.8,47.8605555555556
2026-01-28 09:27:40,43.79,47.8611111111111
2026-01-28 09:27:43,43.81,47.8619444444444
2026-01-28 09:27:45,43.81,47.8625
2026-01-28 09:27:48,43.8,47.8633333333333
2026-01-28 09:27:50,43.81,47.8638888888889
2026-01-28 09:27:53,43.82,47.8647222222222
2026-01-28 09:27:56,43.82,47.8655555555556
2026-01-28 09:27:58,43.82,47.8661111111111
2026-01-28 09:28:01,43.83,47.8669444444444
2026-01-28 09:28:03,43.84,47.8675
2026-01-28 09:28:06,43.82,47.8683333333333
2026-01-28 09:28:09,43.85,47.8691666666667
2026-01-28 09:28:11,43.84,47.8697222222222
2026-01-28 09:28:14,43.83,47.8705555555556
2026-01-28 09:28:16,43.85,47.8711111111111
2026-01-28 09:28:19,43.83,47.8719444444444
2026-01-28 09:28:21,43.85,47.8725
2026-01-28 09:28:24,43.85,47.8733333333333
2026-01-28 09:28:26,43.85,47.8738888888889
2026-01-28 09:28:29,43.85,47.8747222222222
2026-01-28 09:28:32,43.86,47.8755555555556
2026-01-28 09:28:34,43.86,47.8761111111111
2026-01-28 09:28:37,43.87,47.8769444444444
2026-01-28 09:28:39,43.88,47.8775
2026-01-28 09:28:42,43.87,47.8783333333333
2026-01-28 09:28:45,43.89,47.8791666666667
2026-01-28 09:28:47,43.87,47.8797222222222
2026-01-28 09:28:50,43.89,47.8805555555556
2026-01-28 09:28:52,43.89,47.8811111111111
2026-01-28 09:28:55,43.89,47.8819444444444
2026-01-28 09:28:57,43.89,47.8825
2026-01-28 09:29:00,43.89,47.8833333333333
2026-01-28 09:29:03,43.89,47.8841666666667
2026-01-28 09:32:23,44.06,47.9397222222222
2026-01-28 09:32:25,44.06,47.9402777777778
2026-01-28 09:32:28,44.05,47.9411111111111
2026-01-28 09:32:30,44.05,47.9416666666667
2026-01-28 09:32:33,44.05,47.9425
2026-01-28 09:32:36,44.06,47.9433333333333
2026-01-28 09:32:38,44.05,47.9438888888889
2026-01-28 09:32:41,44.06,47.9447222222222
2026-01-28 09:32:43,44.07,47.9452777777778
2026-01-28 09:32:46,44.07,47.9461111111111
2026-01-28 09:32:49,44.07,47.9469444444444
2026-01-28 09:32:51,44.06,47.9475
2026-01-28 09:32:54,44.07,47.9483333333333
2026-01-28 09:32:57,44.07,47.9491666666667
2026-01-28 09:32:59,44.06,47.9497222222222
2026-01-28 09:33:02,44.07,47.9505555555556
2026-01-28 09:33:04,44.07,47.9511111111111
2026-01-28 09:33:07,44.06,47.9519444444444
2026-01-28 09:33:10,44.08,47.9527777777778
2026-01-28 09:33:14,44.07,47.9538888888889
2026-01-28 09:33:17,44.08,47.9547222222222
2026-01-28 09:33:19,44.08,47.9552777777778
2026-01-28 09:33:22,44.08,47.9561111111111
2026-01-28 09:33:25,44.08,47.9569444444444
2026-01-28 09:33:27,44.08,47.9575
2026-01-28 09:34:13,44.14,47.9702777777778
2026-01-28 09:34:16,44.13,47.9711111111111
2026-01-28 09:34:18,44.15,47.9716666666667
2026-01-28 09:34:21,44.14,47.9725
2026-01-28 09:34:24,44.16,47.9733333333333
2026-01-28 09:34:26,44.17,47.9738888888889
2026-01-28 09:34:29,44.17,47.9747222222222
2026-01-28 09:34:31,44.17,47.9752777777778
2026-01-28 09:34:34,44.19,47.9761111111111
2026-01-28 09:34:37,44.2,47.9769444444444
2026-01-28 09:34:39,44.21,47.9775
2026-01-28 09:34:42,44.21,47.9783333333333
2026-01-28 09:34:44,44.2,47.9788888888889
2026-01-28 09:34:47,44.2,47.9797222222222
2026-01-28 09:34:50,44.22,47.9805555555556
2026-01-28 09:34:52,44.21,47.9811111111111
2026-01-28 09:34:54,44.24,47.9816666666667
2026-01-28 09:34:57,44.22,47.9825
2026-01-28 09:35:00,44.24,47.9833333333333
2026-01-28 09:35:03,44.24,47.9841666666667
2026-01-28 09:36:37,44.36,48.0102777777778
2026-01-28 09:36:40,44.35,48.0111111111111
2026-01-28 09:36:42,44.36,48.0116666666667
2026-01-28 09:36:45,44.36,48.0125
2026-01-28 09:36:48,44.36,48.0133333333333
2026-01-28 09:36:50,44.38,48.0138888888889
2026-01-28 09:36:53,44.36,48.0147222222222
2026-01-28 09:36:55,44.37,48.0152777777778
2026-01-28 09:36:58,44.38,48.0161111111111
2026-01-28 09:37:01,44.36,48.0169444444444
2026-01-28 09:37:03,44.39,48.0175
2026-01-28 09:37:06,44.37,48.0183333333333
2026-01-28 09:37:08,44.39,48.0188888888889
2026-01-28 09:37:11,44.37,48.0197222222222
2026-01-28 09:37:14,44.39,48.0205555555556
2026-01-28 09:37:16,44.39,48.0211111111111
2026-01-28 09:37:19,44.39,48.0219444444444
2026-01-28 09:37:21,44.39,48.0225
2026-01-28 09:37:23,44.4,48.0230555555556
2026-01-28 09:37:26,44.4,48.0238888888889
2026-01-28 09:37:29,44.39,48.0247222222222
2026-01-28 09:37:31,44.41,48.0252777777778
2026-01-28 09:37:34,44.42,48.0261111111111
2026-01-28 09:37:36,44.41,48.0266666666667
2026-01-28 09:37:39,44.4,48.0275
2026-01-28 09:37:42,44.4,48.0283333333333
2026-01-28 09:37:44,44.41,48.0288888888889
2026-01-28 09:37:47,44.42,48.0297222222222
2026-01-28 09:37:50,44.4,48.0305555555556
2026-01-28 09:37:55,44.42,48.0319444444444
2026-01-28 09:37:57,44.42,48.0325
2026-01-28 09:38:00,44.42,48.0333333333333
2026-01-28 09:38:03,44.4,48.0341666666667
2026-01-28 09:38:08,44.41,48.0355555555556
2026-01-28 09:38:12,44.41,48.0366666666667
2026-01-28 09:38:15,44.4,48.0375
2026-01-28 09:38:17,44.41,48.0380555555556
2026-01-28 09:38:20,44.39,48.0388888888889
2026-01-28 09:38:23,44.39,48.0397222222222
2026-01-28 09:38:25,44.39,48.0402777777778
2026-01-28 09:38:28,44.39,48.0411111111111
2026-01-28 09:38:30,44.38,48.0416666666667
2026-01-28 09:38:33,44.37,48.0425
2026-01-28 09:38:36,44.37,48.0433333333333
2026-01-28 09:38:38,44.36,48.0438888888889
2026-01-28 09:38:41,44.36,48.0447222222222
2026-01-28 09:38:43,44.35,48.0452777777778
2026-01-28 09:38:46,44.35,48.0461111111111
2026-01-28 09:38:49,44.34,48.0469444444444
2026-01-28 09:38:54,44.33,48.0483333333333
2026-01-28 09:38:56,44.33,48.0488888888889
2026-01-28 09:38:58,44.32,48.0494444444444
2026-01-28 09:39:01,44.34,48.0502777777778
2026-01-28 09:39:04,44.33,48.0511111111111
2026-01-28 09:39:06,44.31,48.0516666666667
2026-01-28 09:39:09,44.31,48.0525
2026-01-28 09:39:11,44.29,48.0530555555556
2026-01-28 09:39:14,44.29,48.0538888888889
2026-01-28 09:39:17,44.28,48.0547222222222
2026-01-28 09:39:19,44.29,48.0552777777778
2026-01-28 09:39:22,44.28,48.0561111111111
2026-01-28 09:39:24,44.27,48.0566666666667
2026-01-28 09:39:27,44.27,48.0575
2026-01-28 09:39:30,44.26,48.0583333333333
2026-01-28 09:39:32,44.26,48.0588888888889
2026-01-28 09:39:35,44.24,48.0597222222222
2026-01-28 09:39:37,44.25,48.0602777777778
2026-01-28 09:39:40,44.24,48.0611111111111
2026-01-28 09:39:43,44.24,48.0619444444444
2026-01-28 09:39:45,44.24,48.0625
2026-01-28 09:39:47,44.24,48.0630555555556
2026-01-28 09:39:50,44.22,48.0638888888889
2026-01-28 09:39:52,44.22,48.0644444444444
2026-01-28 09:39:55,44.21,48.0652777777778
2026-01-28 09:39:58,44.2,48.0661111111111
2026-01-28 09:40:00,44.2,48.0666666666667
2026-01-28 09:40:03,44.18,48.0675
2026-01-28 09:40:05,44.18,48.0680555555556
2026-01-28 09:40:08,44.2,48.0688888888889
2026-01-28 09:40:11,44.18,48.0697222222222
2026-01-28 09:40:13,44.17,48.0702777777778
2026-01-28 09:40:16,44.17,48.0711111111111
2026-01-28 09:40:18,44.16,48.0716666666667
2026-01-28 09:40:21,44.17,48.0725
2026-01-28 09:40:24,44.16,48.0733333333333
2026-01-28 09:40:26,44.15,48.0738888888889
2026-01-28 09:40:29,44.15,48.0747222222222
2026-01-28 09:40:31,44.14,48.0752777777778
2026-01-28 09:40:34,44.14,48.0761111111111
2026-01-28 09:40:36,44.13,48.0766666666667
2026-01-28 09:40:39,44.14,48.0775
2026-01-28 09:40:41,44.1,48.0780555555556
2026-01-28 09:40:44,44.11,48.0788888888889
2026-01-28 09:40:46,44.1,48.0794444444444
2026-01-28 09:40:49,44.1,48.0802777777778
2026-01-28 09:40:52,44.1,48.0811111111111
2026-01-28 09:40:54,44.09,48.0816666666667
2026-01-28 09:40:57,44.09,48.0825
2026-01-28 09:40:59,44.09,48.0830555555556
2026-01-28 09:41:02,44.07,48.0838888888889
2026-01-28 09:41:05,44.07,48.0847222222222
2026-01-28 09:41:07,44.07,48.0852777777778
2026-01-28 09:41:10,44.07,48.0861111111111
2026-01-28 09:41:12,44.06,48.0866666666667
2026-01-28 09:41:15,44.05,48.0875
2026-01-28 09:41:18,44.06,48.0883333333333
2026-01-28 09:41:20,44.05,48.0888888888889
2026-01-28 09:41:23,44.06,48.0897222222222
2026-01-28 09:41:25,44.04,48.0902777777778
2026-01-28 09:41:28,44.04,48.0911111111111
2026-01-28 09:41:30,44.03,48.0916666666667
2026-01-28 09:41:33,44.03,48.0925
2026-01-28 09:41:35,44.02,48.0930555555556
2026-01-28 09:41:38,44.01,48.0938888888889
2026-01-28 09:41:40,43.99,48.0944444444444
2026-01-28 09:41:43,44,48.0952777777778
2026-01-28 09:41:46,44,48.0961111111111
2026-01-28 09:41:48,43.99,48.0966666666667
2026-01-28 09:42:04,43.97,48.1011111111111
2026-01-28 09:42:06,43.96,48.1016666666667
2026-01-28 09:42:09,43.95,48.1025
2026-01-28 09:42:12,43.95,48.1033333333333
2026-01-28 09:42:14,43.95,48.1038888888889
2026-01-28 09:42:16,43.95,48.1044444444444
2026-01-28 09:42:19,43.94,48.1052777777778
2026-01-28 09:46:28,43.64,48.1744444444444
2026-01-28 09:46:31,43.64,48.1752777777778
2026-01-28 09:46:33,43.63,48.1758333333333
2026-01-28 09:46:36,43.61,48.1766666666667
2026-01-28 09:46:39,43.62,48.1775
2026-01-28 09:49:46,43.54,48.2294444444444
2026-01-28 09:49:49,43.53,48.2302777777778
2026-01-28 09:49:51,43.54,48.2308333333333
2026-01-28 09:49:54,43.54,48.2316666666667
2026-01-28 09:49:56,43.54,48.2322222222222
2026-01-28 09:49:59,43.54,48.2330555555556
2026-01-28 09:50:02,43.53,48.2338888888889
2026-01-28 09:50:04,43.53,48.2344444444444
2026-01-28 09:50:07,43.54,48.2352777777778
2026-01-28 09:50:09,43.54,48.2358333333333
2026-01-28 09:50:12,43.53,48.2366666666667
2026-01-28 09:50:15,43.53,48.2375
2026-01-28 09:50:17,43.53,48.2380555555556
2026-01-28 09:50:20,43.53,48.2388888888889
2026-01-28 09:50:22,43.53,48.2394444444444
2026-01-28 09:50:25,43.53,48.2402777777778
2026-01-28 09:50:28,43.53,48.2411111111111
2026-01-28 09:50:30,43.52,48.2416666666667
2026-01-28 09:50:32,43.52,48.2422222222222
2026-01-28 09:50:35,43.52,48.2430555555556
2026-01-28 09:50:38,43.51,48.2438888888889
2026-01-28 09:50:40,43.52,48.2444444444444
2026-01-28 09:50:43,43.51,48.2452777777778
2026-01-28 09:50:45,43.53,48.2458333333333
2026-01-28 09:50:48,43.52,48.2466666666667
2026-01-28 09:50:51,43.52,48.2475
2026-01-28 09:50:53,43.51,48.2480555555556
2026-01-28 09:50:56,43.52,48.2488888888889
2026-01-28 09:50:58,43.51,48.2494444444444
2026-01-28 09:51:01,43.5,48.2502777777778
2026-01-28 09:51:03,43.51,48.2508333333333
2026-01-28 09:51:06,43.5,48.2516666666667
2026-01-28 09:51:09,43.5,48.2525
2026-01-28 09:51:11,43.52,48.2530555555556
2026-01-28 09:51:14,43.51,48.2538888888889
2026-01-28 09:51:16,43.51,48.2544444444444
2026-01-28 09:51:19,43.51,48.2552777777778
2026-01-28 09:51:21,43.49,48.2558333333333
2026-01-28 09:51:24,43.5,48.2566666666667
2026-01-28 09:51:26,43.51,48.2572222222222
2026-01-28 09:51:29,43.5,48.2580555555556
2026-01-28 09:51:32,43.52,48.2588888888889
2026-01-28 09:51:34,43.5,48.2594444444444
2026-01-28 09:51:37,43.51,48.2602777777778
2026-01-28 09:51:39,43.5,48.2608333333333
2026-01-28 09:51:42,43.52,48.2616666666667
2026-01-28 09:51:45,43.51,48.2625
2026-01-28 09:51:47,43.51,48.2630555555556
2026-01-28 09:51:50,43.49,48.2638888888889
2026-01-28 09:51:52,43.5,48.2644444444444
2026-01-28 09:51:55,43.51,48.2652777777778
2026-01-28 09:51:58,43.51,48.2661111111111
2026-01-28 09:52:00,43.5,48.2666666666667
2026-01-28 09:52:03,43.51,48.2675
2026-01-28 09:52:05,43.51,48.2680555555556
2026-01-28 09:52:08,43.5,48.2688888888889
2026-01-28 09:52:10,43.5,48.2694444444444
2026-01-28 09:52:13,43.51,48.2702777777778
2026-01-28 09:52:15,43.51,48.2708333333333
2026-01-28 09:52:18,43.5,48.2716666666667
2026-01-28 09:52:20,43.5,48.2722222222222
2026-01-28 09:52:23,43.5,48.2730555555556
2026-01-28 09:52:26,43.5,48.2738888888889
2026-01-28 09:52:28,43.5,48.2744444444444
2026-01-28 09:52:31,43.5,48.2752777777778
2026-01-28 09:52:33,43.51,48.2758333333333
2026-01-28 09:52:36,43.5,48.2766666666667
2026-01-28 09:52:39,43.52,48.2775
2026-01-28 09:52:41,43.52,48.2780555555556
2026-01-28 09:52:44,43.51,48.2788888888889
2026-01-28 09:52:46,43.51,48.2794444444444
2026-01-28 09:52:49,43.53,48.2802777777778
2026-01-28 09:52:52,43.51,48.2811111111111
2026-01-28 09:52:54,43.51,48.2816666666667
2026-01-28 09:52:57,43.51,48.2825
2026-01-28 09:52:59,43.52,48.2830555555556
2026-01-28 09:53:01,43.52,48.2836111111111
2026-01-28 09:53:04,43.52,48.2844444444444
2026-01-28 09:53:07,43.51,48.2852777777778
2026-01-28 09:53:09,43.52,48.2858333333333
2026-01-28 09:53:12,43.52,48.2866666666667
2026-01-28 09:53:14,43.52,48.2872222222222
2026-01-28 09:53:17,43.52,48.2880555555556
2026-01-28 09:53:20,43.52,48.2888888888889
2026-01-28 09:53:22,43.52,48.2894444444444
2026-01-28 09:53:25,43.51,48.2902777777778
2026-01-28 09:53:27,43.54,48.2908333333333
2026-01-28 09:56:45,43.61,48.3458333333333
2026-01-28 09:56:48,43.61,48.3466666666667
2026-01-28 09:56:50,43.61,48.3472222222222
2026-01-28 09:56:53,43.61,48.3480555555556
2026-01-28 09:56:56,43.61,48.3488888888889
2026-01-28 09:56:58,43.61,48.3494444444444
2026-01-28 09:57:01,43.6,48.3502777777778
2026-01-28 09:57:03,43.62,48.3508333333333
2026-01-28 09:57:06,43.63,48.3516666666667
2026-01-28 09:59:14,43.73,48.3872222222222
2026-01-28 09:59:17,43.72,48.3880555555556
2026-01-28 09:59:19,43.72,48.3886111111111
2026-01-28 09:59:22,43.73,48.3894444444444
2026-01-28 09:59:25,43.71,48.3902777777778
2026-01-28 09:59:27,43.74,48.3908333333333
2026-01-28 09:59:30,43.74,48.3916666666667
2026-01-28 09:59:32,43.74,48.3922222222222
2026-01-28 09:59:35,43.74,48.3930555555556
2026-01-28 09:59:37,43.75,48.3936111111111
2026-01-28 09:59:40,43.74,48.3944444444444
2026-01-28 09:59:42,43.74,48.395
2026-01-28 09:59:45,43.74,48.3958333333333
2026-01-28 09:59:48,43.74,48.3966666666667
2026-01-28 09:59:50,43.74,48.3972222222222
2026-01-28 09:59:53,43.77,48.3980555555556
2026-01-28 09:59:55,43.75,48.3986111111111
2026-01-28 09:59:58,43.77,48.3994444444444
2026-01-28 10:00:01,43.76,48.4002777777778
2026-01-28 10:01:23,43.85,48.4230555555556
2026-01-28 10:01:25,43.86,48.4236111111111
2026-01-28 10:01:28,43.85,48.4244444444444
2026-01-28 10:01:30,43.84,48.425
2026-01-28 10:01:33,43.86,48.4258333333333
2026-01-28 10:01:36,43.87,48.4266666666667
2026-01-28 10:01:38,43.87,48.4272222222222
2026-01-28 10:01:41,43.88,48.4280555555556
2026-01-28 10:01:43,43.87,48.4286111111111
2026-01-28 10:01:46,43.85,48.4294444444444
2026-01-28 10:01:49,43.87,48.4302777777778
2026-01-28 10:01:51,43.87,48.4308333333333
2026-01-28 10:01:54,43.87,48.4316666666667
2026-01-28 10:01:56,43.89,48.4322222222222
2026-01-28 10:01:59,43.88,48.4330555555556
2026-01-28 10:02:02,43.89,48.4338888888889
2026-01-28 10:02:04,43.89,48.4344444444444
2026-01-28 10:02:06,43.88,48.435
2026-01-28 10:02:09,43.9,48.4358333333333
2026-01-28 10:02:11,43.89,48.4363888888889
2026-01-28 10:02:14,43.9,48.4372222222222
2026-01-28 10:02:17,43.9,48.4380555555556
2026-01-28 10:02:20,43.89,48.4388888888889
2026-01-28 10:02:24,43.9,48.44
2026-01-28 10:02:27,43.91,48.4408333333333
2026-01-28 10:05:27,44.06,48.4908333333333
2026-01-28 10:05:29,44.05,48.4913888888889
2026-01-28 10:05:32,44.06,48.4922222222222
2026-01-28 10:05:35,44.07,48.4930555555556
2026-01-28 10:05:37,44.07,48.4936111111111
2026-01-28 10:05:40,44.05,48.4944444444444
2026-01-28 10:05:42,44.07,48.495
2026-01-28 10:10:28,44.36,48.5744444444444
2026-01-28 10:10:30,44.37,48.575
2026-01-28 10:10:33,44.36,48.5758333333333
2026-01-28 10:10:35,44.37,48.5763888888889
2026-01-28 10:10:38,44.37,48.5772222222222
2026-01-28 10:10:40,44.37,48.5777777777778
2026-01-28 10:10:43,44.38,48.5786111111111
2026-01-28 10:10:46,44.35,48.5794444444444
2026-01-28 10:10:48,44.37,48.58
2026-01-28 10:10:51,44.39,48.5808333333333
2026-01-28 10:14:58,44.64,48.6494444444444
2026-01-28 10:15:00,44.64,48.65
2026-01-28 10:15:03,44.63,48.6508333333333
2026-01-28 10:15:05,44.64,48.6513888888889
2026-01-28 10:15:08,44.65,48.6522222222222
2026-01-28 10:15:11,44.64,48.6530555555556
2026-01-28 10:15:15,44.66,48.6541666666667
2026-01-28 10:15:18,44.66,48.655
2026-01-28 10:15:20,44.67,48.6555555555556
2026-01-28 10:15:23,44.65,48.6563888888889
2026-01-28 10:15:26,44.65,48.6572222222222
2026-01-28 10:15:28,44.66,48.6577777777778
2026-01-28 10:15:31,44.67,48.6586111111111
2026-01-28 10:15:33,44.65,48.6591666666667
2026-01-28 10:15:36,44.67,48.66
2026-01-28 10:15:39,44.67,48.6608333333333
2026-01-28 10:15:41,44.67,48.6613888888889
2026-01-28 10:15:44,44.66,48.6622222222222
2026-01-28 10:15:46,44.67,48.6627777777778
2026-01-28 10:15:49,44.69,48.6636111111111
2026-01-28 10:15:52,44.68,48.6644444444444
2026-01-28 10:15:54,44.68,48.665
2026-01-28 10:15:57,44.69,48.6658333333333
2026-01-28 10:15:59,44.68,48.6663888888889
2026-01-28 10:16:02,44.68,48.6672222222222
2026-01-28 10:16:05,44.7,48.6680555555556
2026-01-28 10:16:07,44.69,48.6686111111111
2026-01-28 10:16:09,44.68,48.6691666666667
2026-01-28 10:16:12,44.7,48.67
2026-01-28 10:16:14,44.71,48.6705555555556
2026-01-28 10:16:17,44.68,48.6713888888889
2026-01-28 10:16:20,44.7,48.6722222222222
2026-01-28 10:16:22,44.7,48.6727777777778
2026-01-28 10:16:25,44.68,48.6736111111111
2026-01-28 10:16:27,44.7,48.6741666666667
2026-01-28 10:16:30,44.72,48.675
2026-01-28 10:16:33,44.7,48.6758333333333
2026-01-28 10:16:36,44.7,48.6766666666667
2026-01-28 10:16:40,44.71,48.6777777777778
2026-01-28 10:16:43,44.71,48.6786111111111
2026-01-28 10:16:46,44.71,48.6794444444444
2026-01-28 10:16:48,44.73,48.68
2026-01-28 10:16:51,44.74,48.6808333333333
2026-01-28 10:16:55,44.71,48.6819444444444
2026-01-28 10:16:58,44.73,48.6827777777778
2026-01-28 10:17:01,44.72,48.6836111111111
2026-01-28 10:17:03,44.74,48.6841666666667
2026-01-28 10:17:06,44.74,48.685
2026-01-28 10:17:08,44.74,48.6855555555556
2026-01-28 10:17:11,44.74,48.6863888888889
2026-01-28 10:17:14,44.73,48.6872222222222
2026-01-28 10:17:16,44.74,48.6877777777778
2026-01-28 10:17:19,44.74,48.6886111111111
2026-01-28 10:17:21,44.75,48.6891666666667
2026-01-28 10:17:24,44.74,48.69
2026-01-28 10:17:27,44.75,48.6908333333333
2026-01-28 10:17:29,44.74,48.6913888888889
2026-01-28 10:17:32,44.76,48.6922222222222
2026-01-28 10:17:34,44.76,48.6927777777778
2026-01-28 10:17:37,44.76,48.6936111111111
2026-01-28 10:17:40,44.74,48.6944444444444
2026-01-28 10:17:42,44.77,48.695
2026-01-28 10:17:44,44.76,48.6955555555556
2026-01-28 10:17:47,44.77,48.6963888888889
2026-01-28 10:17:49,44.78,48.6969444444444
2026-01-28 10:17:52,44.76,48.6977777777778
2026-01-28 10:17:55,44.78,48.6986111111111
2026-01-28 10:18:00,44.77,48.7
2026-01-28 10:18:02,44.78,48.7005555555556
2026-01-28 10:18:05,44.79,48.7013888888889
2026-01-28 10:18:08,44.78,48.7022222222222
2026-01-28 10:18:10,44.78,48.7027777777778
2026-01-28 10:18:13,44.79,48.7036111111111
2026-01-28 10:18:15,44.8,48.7041666666667
2026-01-28 10:18:19,44.8,48.7052777777778
2026-01-28 10:18:23,44.8,48.7063888888889
2026-01-28 10:18:26,44.81,48.7072222222222
2026-01-28 10:18:28,44.8,48.7077777777778
2026-01-28 10:18:31,44.8,48.7086111111111
2026-01-28 10:18:33,44.8,48.7091666666667
2026-01-28 10:18:36,44.81,48.71
2026-01-28 10:18:38,44.81,48.7105555555556
2026-01-28 10:18:41,44.8,48.7113888888889
2026-01-28 10:18:43,44.82,48.7119444444444
2026-01-28 10:18:46,44.82,48.7127777777778
2026-01-28 10:18:49,44.82,48.7136111111111
2026-01-28 10:18:51,44.82,48.7141666666667
2026-01-28 10:18:54,44.82,48.715
2026-01-28 10:18:56,44.83,48.7155555555556
2026-01-28 10:18:59,44.84,48.7163888888889
2026-01-28 10:23:30,45.1,48.7916666666667
2026-01-28 10:23:34,45.07,48.7927777777778
2026-01-28 10:23:36,45.08,48.7933333333333
2026-01-28 10:23:39,45.08,48.7941666666667
2026-01-28 10:23:42,45.08,48.795
2026-01-28 10:23:44,45.08,48.7955555555556
2026-01-28 10:23:47,45.09,48.7963888888889
2026-01-28 10:23:49,45.08,48.7969444444444
2026-01-28 10:23:52,45.1,48.7977777777778
2026-01-28 10:28:53,45.22,48.8813888888889
2026-01-28 10:32:05,45.22,48.9347222222222
2026-01-28 10:32:08,45.22,48.9355555555556
2026-01-28 10:32:11,45.24,48.9363888888889
2026-01-28 10:32:16,45.23,48.9377777777778
2026-01-28 10:32:18,45.22,48.9383333333333
2026-01-28 10:32:21,45.23,48.9391666666667
2026-01-28 10:32:24,45.22,48.94
2026-01-28 10:32:26,45.22,48.9405555555556
2026-01-28 10:32:29,45.24,48.9413888888889
2026-01-28 10:32:31,45.23,48.9419444444444
2026-01-28 10:32:34,45.23,48.9427777777778
2026-01-28 10:32:37,45.24,48.9436111111111
2026-01-28 10:32:41,45.23,48.9447222222222
2026-01-28 10:32:44,45.24,48.9455555555556
2026-01-28 10:32:46,45.22,48.9461111111111
2026-01-28 10:32:49,45.24,48.9469444444444
2026-01-28 10:32:52,45.23,48.9477777777778
2026-01-28 10:32:55,45.22,48.9486111111111
2026-01-28 10:32:59,45.22,48.9497222222222
2026-01-28 10:33:03,45.23,48.9508333333333
2026-01-28 10:33:07,45.24,48.9519444444444
2026-01-28 10:33:10,45.23,48.9527777777778
2026-01-28 10:33:12,45.23,48.9533333333333
2026-01-28 10:33:15,45.24,48.9541666666667
2026-01-28 10:33:18,45.24,48.955
2026-01-28 10:33:20,45.23,48.9555555555556
2026-01-28 10:33:23,45.24,48.9563888888889
2026-01-28 10:33:25,45.24,48.9569444444444
2026-01-28 10:33:27,45.22,48.9575
2026-01-28 10:33:30,45.23,48.9583333333333
2026-01-28 10:33:33,45.24,48.9591666666667
2026-01-28 10:33:35,45.24,48.9597222222222
2026-01-28 10:33:38,45.23,48.9605555555556
2026-01-28 10:33:40,45.23,48.9611111111111
2026-01-28 10:33:44,45.24,48.9622222222222
2026-01-28 10:33:48,45.24,48.9633333333333
2026-01-28 10:33:51,45.24,48.9641666666667
2026-01-28 10:33:53,45.23,48.9647222222222
2026-01-28 10:33:56,45.23,48.9655555555556
2026-01-28 10:33:59,45.22,48.9663888888889
2026-01-28 10:34:01,45.23,48.9669444444444
2026-01-28 10:34:04,45.23,48.9677777777778
2026-01-28 10:34:07,45.24,48.9686111111111
2026-01-28 10:34:12,45.21,48.97
2026-01-28 10:34:14,45.23,48.9705555555556
2026-01-28 10:34:16,45.23,48.9711111111111
2026-01-28 10:34:19,45.23,48.9719444444444
2026-01-28 10:34:21,45.22,48.9725
2026-01-28 10:34:24,45.24,48.9733333333333
2026-01-28 10:34:27,45.23,48.9741666666667
2026-01-28 10:34:29,45.24,48.9747222222222
2026-01-28 10:34:32,45.23,48.9755555555556
2026-01-28 10:34:34,45.22,48.9761111111111
2026-01-28 10:34:37,45.22,48.9769444444444
2026-01-28 10:34:40,45.24,48.9777777777778
2026-01-28 10:34:42,45.24,48.9783333333333
2026-01-28 10:34:45,45.23,48.9791666666667
2026-01-28 10:34:47,45.24,48.9797222222222
2026-01-28 10:34:51,45.22,48.9808333333333
2026-01-28 10:34:55,45.23,48.9819444444444
2026-01-28 10:34:58,45.23,48.9827777777778
2026-01-28 10:35:00,45.23,48.9833333333333
2026-01-28 10:35:03,45.23,48.9841666666667
2026-01-28 10:35:06,45.21,48.985
2026-01-28 10:40:08,45.23,49.0688888888889
2026-01-28 10:44:36,45.22,49.1433333333333
2026-01-28 10:44:41,45.22,49.1447222222222
2026-01-28 10:44:44,45.23,49.1455555555556
2026-01-28 10:44:46,45.22,49.1461111111111
2026-01-28 10:44:49,45.23,49.1469444444444
2026-01-28 10:44:51,45.24,49.1475
2026-01-28 10:44:54,45.22,49.1483333333333
2026-01-28 10:44:57,45.22,49.1491666666667
2026-01-28 10:44:59,45.22,49.1497222222222
2026-01-28 10:45:01,45.24,49.1502777777778
2026-01-28 10:45:04,45.23,49.1511111111111
2026-01-28 10:45:07,45.24,49.1519444444444
2026-01-28 10:45:09,45.23,49.1525
2026-01-28 10:45:12,45.24,49.1533333333333
2026-01-28 10:45:14,45.24,49.1538888888889
2026-01-28 10:45:17,45.24,49.1547222222222
2026-01-28 10:45:20,45.23,49.1555555555556
2026-01-28 10:45:22,45.23,49.1561111111111
2026-01-28 10:45:25,45.22,49.1569444444444
2026-01-28 10:45:27,45.24,49.1575
2026-01-28 10:45:30,45.24,49.1583333333333
2026-01-28 10:45:33,45.24,49.1591666666667
2026-01-28 10:45:35,45.25,49.1597222222222
2026-01-28 10:45:38,45.23,49.1605555555556
2026-01-28 10:45:40,45.25,49.1611111111111
2026-01-28 10:45:43,45.24,49.1619444444444
2026-01-28 10:45:45,45.23,49.1625
2026-01-28 10:45:48,45.23,49.1633333333333
2026-01-28 10:45:50,45.23,49.1638888888889
2026-01-28 10:45:53,45.22,49.1647222222222
2026-01-28 10:45:55,45.24,49.1652777777778
2026-01-28 10:45:58,45.23,49.1661111111111
2026-01-28 10:46:01,45.24,49.1669444444444
2026-01-28 10:46:03,45.22,49.1675
2026-01-28 10:46:06,45.23,49.1683333333333
2026-01-28 10:46:08,45.21,49.1688888888889
2026-01-28 10:46:11,45.24,49.1697222222222
2026-01-28 10:46:14,45.23,49.1705555555556
2026-01-28 10:46:16,45.22,49.1711111111111
2026-01-28 10:46:19,45.23,49.1719444444444
2026-01-28 10:46:21,45.23,49.1725
2026-01-28 10:46:24,45.24,49.1733333333333
2026-01-28 10:46:27,45.23,49.1741666666667
2026-01-28 10:46:29,45.24,49.1747222222222
2026-01-28 10:46:32,45.24,49.1755555555556
2026-01-28 10:46:34,45.23,49.1761111111111
2026-01-28 10:46:37,45.21,49.1769444444444
2026-01-28 10:46:39,45.23,49.1775
2026-01-28 10:46:42,45.22,49.1783333333333
2026-01-28 10:46:44,45.23,49.1788888888889
2026-01-28 10:46:47,45.23,49.1797222222222
2026-01-28 10:46:49,45.23,49.1802777777778
2026-01-28 10:46:52,45.23,49.1811111111111
2026-01-28 10:46:55,45.22,49.1819444444444
2026-01-28 10:46:57,45.21,49.1825
2026-01-28 10:47:00,45.23,49.1833333333333
2026-01-28 10:47:02,45.21,49.1838888888889
2026-01-28 10:47:05,45.21,49.1847222222222
2026-01-28 10:47:08,45.22,49.1855555555556
2026-01-28 10:47:10,45.21,49.1861111111111
2026-01-28 10:47:13,45.22,49.1869444444444
2026-01-28 10:47:15,45.21,49.1875
2026-01-28 10:47:18,45.21,49.1883333333333
2026-01-28 10:47:21,45.21,49.1891666666667
2026-01-28 10:47:23,45.21,49.1897222222222
2026-01-28 10:47:26,45.22,49.1905555555556
2026-01-28 10:47:28,45.22,49.1911111111111
2026-01-28 10:47:30,45.21,49.1916666666667
2026-01-28 10:47:33,45.19,49.1925
2026-01-28 10:47:36,45.21,49.1933333333333
2026-01-28 10:47:38,45.2,49.1938888888889
2026-01-28 10:47:41,45.2,49.1947222222222
2026-01-28 10:47:43,45.21,49.1952777777778
2026-01-28 10:47:46,45.2,49.1961111111111
2026-01-28 10:47:49,45.2,49.1969444444444
2026-01-28 10:47:51,45.21,49.1975
2026-01-28 10:47:54,45.21,49.1983333333333
2026-01-28 10:47:57,45.2,49.1991666666667
2026-01-28 10:48:02,45.19,49.2005555555556
2026-01-28 10:48:04,45.19,49.2011111111111
2026-01-28 10:48:07,45.19,49.2019444444444
2026-01-28 10:48:09,45.17,49.2025
2026-01-28 10:48:12,45.17,49.2033333333333
2026-01-28 10:48:15,45.19,49.2041666666667
2026-01-28 10:48:18,45.17,49.205
2026-01-28 10:48:22,45.17,49.2061111111111
2026-01-28 10:48:24,45.17,49.2066666666667
2026-01-28 10:48:27,45.17,49.2075
2026-01-28 10:48:30,45.17,49.2083333333333
2026-01-28 10:48:33,45.17,49.2091666666667
2026-01-28 10:48:37,45.17,49.2102777777778
2026-01-28 10:48:40,45.17,49.2111111111111
2026-01-28 10:48:43,45.17,49.2119444444444
2026-01-28 10:48:45,45.16,49.2125
2026-01-28 10:48:48,45.15,49.2133333333333
2026-01-28 10:48:50,45.15,49.2138888888889
2026-01-28 10:48:53,45.15,49.2147222222222
2026-01-28 10:48:56,45.15,49.2155555555556
2026-01-28 10:48:58,45.14,49.2161111111111
2026-01-28 10:49:01,45.14,49.2169444444444
2026-01-28 10:49:03,45.14,49.2175
2026-01-28 10:49:06,45.15,49.2183333333333
2026-01-28 10:49:08,45.15,49.2188888888889
2026-01-28 10:49:11,45.14,49.2197222222222
2026-01-28 10:49:13,45.14,49.2202777777778
2026-01-28 10:49:16,45.13,49.2211111111111
2026-01-28 10:49:18,45.13,49.2216666666667
2026-01-28 10:49:21,45.12,49.2225
2026-01-28 10:49:24,45.11,49.2233333333333
2026-01-28 10:49:26,45.13,49.2238888888889
2026-01-28 10:49:29,45.12,49.2247222222222
2026-01-28 10:49:34,45.12,49.2261111111111
2026-01-28 10:49:37,45.12,49.2269444444444
2026-01-28 10:49:39,45.1,49.2275
2026-01-28 10:49:42,45.1,49.2283333333333
2026-01-28 10:49:44,45.1,49.2288888888889
2026-01-28 10:49:47,45.1,49.2297222222222
2026-01-28 10:49:50,45.1,49.2305555555556
2026-01-28 10:49:52,45.1,49.2311111111111
2026-01-28 10:49:55,45.1,49.2319444444444
2026-01-28 10:54:55,44.99,49.3152777777778
2026-01-28 10:56:23,44.97,49.3397222222222
2026-01-28 10:56:25,44.98,49.3402777777778
2026-01-28 10:56:28,44.98,49.3411111111111
2026-01-28 10:56:31,44.97,49.3419444444444
2026-01-28 10:56:33,44.97,49.3425
2026-01-28 10:56:35,44.97,49.3430555555556
2026-01-28 10:56:38,44.98,49.3438888888889
2026-01-28 10:56:40,44.98,49.3444444444444
2026-01-28 10:56:43,44.96,49.3452777777778
2026-01-28 10:56:46,44.96,49.3461111111111
2026-01-28 10:56:48,44.97,49.3466666666667
2026-01-28 10:56:51,44.96,49.3475
2026-01-28 10:56:53,44.96,49.3480555555556
2026-01-28 10:56:56,44.97,49.3488888888889
2026-01-28 10:56:59,44.96,49.3497222222222
2026-01-28 10:57:02,44.96,49.3505555555556
2026-01-28 10:57:06,44.96,49.3516666666667
2026-01-28 10:57:09,44.97,49.3525
2026-01-28 10:57:12,44.96,49.3533333333333
2026-01-28 10:57:15,44.97,49.3541666666667
2026-01-28 10:57:19,44.97,49.3552777777778
2026-01-28 10:57:22,44.98,49.3561111111111
2026-01-28 10:57:25,44.97,49.3569444444444
2026-01-28 10:57:29,44.99,49.3580555555556
2026-01-28 10:57:32,44.99,49.3588888888889
2026-01-28 10:57:34,44.99,49.3594444444444
2026-01-28 10:57:37,45.01,49.3602777777778
2026-01-28 10:57:40,45,49.3611111111111
2026-01-28 10:57:42,45,49.3616666666667
2026-01-28 10:57:45,45.03,49.3625
2026-01-28 10:57:47,45.03,49.3630555555556
2026-01-28 10:57:50,45.04,49.3638888888889
2026-01-28 10:57:53,45.03,49.3647222222222
2026-01-28 10:57:55,45.05,49.3652777777778
2026-01-28 10:57:58,45.07,49.3661111111111
2026-01-28 10:58:00,45.07,49.3666666666667
2026-01-28 10:58:04,45.07,49.3677777777778
2026-01-28 10:58:08,45.1,49.3688888888889
2026-01-28 10:58:11,45.1,49.3697222222222
2026-01-28 10:58:13,45.12,49.3702777777778
2026-01-28 10:58:16,45.13,49.3711111111111
2026-01-28 10:58:21,45.15,49.3725
2026-01-28 10:58:24,45.16,49.3733333333333
2026-01-28 10:58:28,45.17,49.3744444444444
2026-01-28 10:58:31,45.2,49.3752777777778
2026-01-28 10:58:34,45.21,49.3761111111111
2026-01-28 10:58:39,45.22,49.3775
2026-01-28 10:58:41,45.24,49.3780555555556
2026-01-28 10:58:45,45.25,49.3791666666667
2026-01-28 10:58:49,45.28,49.3802777777778
2026-01-28 10:58:52,45.3,49.3811111111111
2026-01-28 10:58:54,45.31,49.3816666666667
2026-01-28 10:58:57,45.32,49.3825
2026-01-28 10:59:00,45.34,49.3833333333333
2026-01-28 10:59:02,45.35,49.3838888888889
2026-01-28 10:59:04,45.35,49.3844444444444
2026-01-28 10:59:07,45.36,49.3852777777778
2026-01-28 10:59:10,45.39,49.3861111111111
2026-01-28 10:59:12,45.4,49.3866666666667
2026-01-28 10:59:15,45.41,49.3875
2026-01-28 10:59:17,45.43,49.3880555555556
2026-01-28 10:59:20,45.45,49.3888888888889
2026-01-28 10:59:22,45.46,49.3894444444444
2026-01-28 10:59:25,45.46,49.3902777777778
2026-01-28 10:59:28,45.48,49.3911111111111
2026-01-28 10:59:30,45.49,49.3916666666667
2026-01-28 10:59:33,45.51,49.3925
2026-01-28 10:59:36,45.53,49.3933333333333
2026-01-28 10:59:38,45.54,49.3938888888889
2026-01-28 10:59:41,45.54,49.3947222222222
2026-01-28 10:59:43,45.57,49.3952777777778
2026-01-28 10:59:46,45.58,49.3961111111111
2026-01-28 10:59:48,45.6,49.3966666666667
2026-01-28 10:59:51,45.6,49.3975
2026-01-28 10:59:54,45.62,49.3983333333333
2026-01-28 10:59:59,45.64,49.3997222222222
2026-01-28 11:00:01,45.67,49.4002777777778
2026-01-28 11:00:04,45.66,49.4011111111111
2026-01-28 11:00:06,45.67,49.4016666666667
2026-01-28 11:00:09,45.67,49.4025
2026-01-28 11:00:12,45.69,49.4033333333333
2026-01-28 11:00:17,45.71,49.4047222222222
2026-01-28 11:00:19,45.74,49.4052777777778
2026-01-28 11:00:22,45.74,49.4061111111111
2026-01-28 11:00:25,45.76,49.4069444444444
2026-01-28 11:00:29,45.78,49.4080555555556
2026-01-28 11:00:32,45.8,49.4088888888889
2026-01-28 11:00:35,45.8,49.4097222222222
2026-01-28 11:00:37,45.82,49.4102777777778
2026-01-28 11:00:40,45.85,49.4111111111111
2026-01-28 11:00:42,45.85,49.4116666666667
2026-01-28 11:00:45,45.89,49.4125
2026-01-28 11:00:47,45.89,49.4130555555556
2026-01-28 11:00:50,45.93,49.4138888888889
2026-01-28 11:00:52,45.94,49.4144444444444
2026-01-28 11:00:55,45.96,49.4152777777778
2026-01-28 11:00:58,45.98,49.4161111111111
2026-01-28 11:01:00,45.99,49.4166666666667
2026-01-28 11:01:03,46,49.4175
2026-01-28 11:01:05,46.03,49.4180555555556
2026-01-28 11:01:08,46.07,49.4188888888889
2026-01-28 11:01:11,46.08,49.4197222222222
2026-01-28 11:01:16,46.13,49.4211111111111
2026-01-28 11:01:18,46.14,49.4216666666667
2026-01-28 11:01:22,46.18,49.4227777777778
2026-01-28 11:01:25,46.21,49.4236111111111
2026-01-28 11:01:29,46.24,49.4247222222222
2026-01-28 11:01:33,46.29,49.4258333333333
2026-01-28 11:01:36,46.32,49.4266666666667
2026-01-28 11:01:39,46.36,49.4275
2026-01-28 11:01:43,46.37,49.4286111111111
2026-01-28 11:01:46,46.42,49.4294444444444
2026-01-28 11:01:49,46.45,49.4302777777778
2026-01-28 11:01:52,46.47,49.4311111111111
2026-01-28 11:01:54,46.49,49.4316666666667
2026-01-28 11:01:57,46.51,49.4325
2026-01-28 11:01:59,46.57,49.4330555555556
2026-01-28 11:02:02,46.58,49.4338888888889
2026-01-28 11:02:05,46.6,49.4347222222222
2026-01-28 11:02:07,46.63,49.4352777777778
2026-01-28 11:02:10,46.64,49.4361111111111
2026-01-28 11:02:12,46.68,49.4366666666667
2026-01-28 11:02:15,46.69,49.4375
2026-01-28 11:02:18,46.72,49.4383333333333
2026-01-28 11:02:22,46.77,49.4394444444444
2026-01-28 11:02:25,46.79,49.4402777777778
2026-01-28 11:02:27,46.83,49.4408333333333
2026-01-28 11:02:30,46.86,49.4416666666667
2026-01-28 11:02:33,46.89,49.4425
2026-01-28 11:02:35,46.92,49.4430555555556
2026-01-28 11:02:38,46.94,49.4438888888889
2026-01-28 11:02:43,47,49.4452777777778
2026-01-28 11:02:46,47.02,49.4461111111111
2026-01-28 11:02:48,47.05,49.4466666666667
2026-01-28 11:02:51,47.07,49.4475
2026-01-28 11:02:54,47.11,49.4483333333333
2026-01-28 11:02:59,47.15,49.4497222222222
2026-01-28 11:03:01,47.15,49.4502777777778
2026-01-28 11:03:04,47.2,49.4511111111111
2026-01-28 11:03:06,47.21,49.4516666666667
2026-01-28 11:03:09,47.26,49.4525
2026-01-28 11:03:11,47.27,49.4530555555556
2026-01-28 11:03:14,47.3,49.4538888888889
2026-01-28 11:03:16,47.31,49.4544444444444
2026-01-28 11:03:19,47.33,49.4552777777778
2026-01-28 11:03:21,47.36,49.4558333333333
2026-01-28 11:03:24,47.39,49.4566666666667
2026-01-28 11:03:27,47.42,49.4575
2026-01-28 11:03:29,47.44,49.4580555555556
2026-01-28 11:03:32,47.46,49.4588888888889
2026-01-28 11:06:06,48.64,49.5016666666667
2026-01-28 11:06:09,48.64,49.5025
2026-01-28 11:06:11,48.67,49.5030555555556
2026-01-28 11:06:14,48.68,49.5038888888889
2026-01-28 11:06:17,48.71,49.5047222222222
2026-01-28 11:06:19,48.72,49.5052777777778
2026-01-28 11:06:22,48.74,49.5061111111111
2026-01-28 11:11:23,50.88,49.5897222222222
2026-01-28 11:16:08,52.03,49.6688888888889
2026-01-28 11:16:10,52.04,49.6694444444444
2026-01-28 11:16:13,52.04,49.6702777777778
2026-01-28 11:16:15,52.05,49.6708333333333
2026-01-28 11:16:18,52.06,49.6716666666667
2026-01-28 11:21:19,52.91,49.7552777777778
2026-01-28 11:21:21,52.92,49.7558333333333
2026-01-28 11:21:23,52.92,49.7563888888889
2026-01-28 11:21:26,52.92,49.7572222222222
2026-01-28 11:21:29,52.95,49.7580555555556
2026-01-28 11:25:05,53.45,49.8180555555556
2026-01-28 11:25:08,53.43,49.8188888888889
2026-01-28 11:27:47,53.7,49.8630555555556
2026-01-28 11:27:49,53.72,49.8636111111111
2026-01-28 11:30:21,54.03,49.9058333333333
2026-01-28 11:30:23,54.03,49.9063888888889
2026-01-28 11:35:24,54.57,49.99
2026-01-28 11:40:24,55.15,50.0733333333333
2026-01-28 11:45:25,55.64,50.1569444444444
2026-01-28 11:50:26,56.14,50.2405555555556
2026-01-28 11:55:27,56.6,50.3241666666667
2026-01-28 12:00:27,57.06,50.4075
2026-01-28 12:05:28,57.32,50.4911111111111
2026-01-28 12:10:29,57.62,50.5747222222222
2026-01-28 12:15:30,57.74,50.6583333333333
2026-01-28 12:20:31,58.03,50.7419444444444
2026-01-28 12:25:34,58.1,50.8261111111111
2026-01-28 12:30:34,58.28,50.9094444444444
2026-01-28 12:35:35,58.52,50.9930555555556
2026-01-28 12:40:36,58.75,51.0766666666667
2026-01-28 12:45:36,59.28,51.16
2026-01-28 12:50:37,59.53,51.2436111111111
2026-01-28 12:55:37,59.74,51.3269444444444
2026-01-28 13:00:38,60.01,51.4105555555556
2026-01-28 13:05:39,60.24,51.4941666666667
2026-01-28 13:10:40,60.35,51.5777777777778
2026-01-28 13:15:41,60.4,51.6613888888889
2026-01-28 13:20:41,60.64,51.7447222222222
2026-01-28 13:25:42,60.76,51.8283333333333
2026-01-28 13:30:43,60.85,51.9119444444444
2026-01-28 13:35:43,60.85,51.9952777777778
2026-01-28 13:40:44,60.94,52.0788888888889
2026-01-28 13:45:45,60.97,52.1625
2026-01-28 13:50:45,61.1,52.2458333333333
2026-01-28 13:55:46,61.28,52.3294444444444
2026-01-28 14:00:47,61.35,52.4130555555556
2026-01-28 14:05:48,61.46,52.4966666666667
2026-01-28 14:10:48,61.82,52.58
2026-01-28 14:15:49,61.89,52.6636111111111
2026-01-28 14:20:49,61.82,52.7469444444444
2026-01-28 14:25:50,61.91,52.8305555555556
2026-01-28 14:30:51,61.94,52.9141666666667
2026-01-28 14:35:51,62.04,52.9975
2026-01-28 14:40:52,62.14,53.0811111111111
2026-01-28 14:45:53,62.21,53.1647222222222
2026-01-28 14:50:54,61.91,53.2483333333333
2026-01-28 14:55:54,62.14,53.3316666666667
2026-01-28 15:00:55,62.31,53.4152777777778
2026-01-28 15:05:56,62.24,53.4988888888889
2026-01-28 15:10:57,61.6,53.5825
2026-01-28 15:15:57,60.59,53.6658333333333
2026-01-28 15:20:58,59.42,53.7494444444444
2026-01-28 15:25:59,58.25,53.8330555555556
2026-01-28 15:30:59,57.92,53.9163888888889
2026-01-28 15:36:00,58.48,54
2026-01-28 15:41:01,58.51,54.0836111111111
2026-01-28 15:46:01,57.99,54.1669444444444
2026-01-28 15:51:02,57.17,54.2505555555556
2026-01-28 15:56:03,56.82,54.3341666666667
2026-01-28 16:01:06,57.86,54.4183333333333
2026-01-28 16:06:07,59.63,54.5019444444444
2026-01-28 16:11:07,60.78,54.5852777777778
2026-01-28 16:16:08,61.69,54.6688888888889
2026-01-28 16:21:09,62.35,54.7525
2026-01-28 16:26:10,62.8,54.8361111111111
2026-01-28 16:31:10,63.15,54.9194444444444
2026-01-28 16:36:11,63.49,55.0030555555556
2026-01-28 16:41:12,63.86,55.0866666666667
2026-01-28 16:46:12,64.14,55.17
2026-01-28 16:51:13,64.38,55.2536111111111
2026-01-28 16:56:14,64.67,55.3372222222222
2026-01-28 17:01:15,65,55.4208333333333
2026-01-28 17:06:15,65.24,55.5041666666667
2026-01-28 17:11:16,65.41,55.5877777777778
2026-01-28 17:16:16,65.57,55.6711111111111
2026-01-28 17:21:17,65.1,55.7547222222222
2026-01-28 17:26:18,65.39,55.8383333333333
2026-01-28 17:31:19,65.57,55.9219444444444
2026-01-28 17:36:22,65.8,56.0061111111111
2026-01-28 17:41:23,66,56.0897222222222
2026-01-28 17:46:23,66.17,56.1730555555556
2026-01-28 17:51:24,66.33,56.2566666666667
2026-01-28 17:56:25,66.47,56.3402777777778
2026-01-28 18:01:26,66.68,56.4238888888889
2026-01-28 18:06:26,66.94,56.5072222222222
2026-01-28 18:11:27,67.07,56.5908333333333
2026-01-28 18:16:27,67.14,56.6741666666667
2026-01-28 18:21:28,67.21,56.7577777777778
2026-01-28 18:26:29,67.39,56.8413888888889
2026-01-28 18:31:29,67.42,56.9247222222222
2026-01-28 18:36:30,67.44,57.0083333333333
2026-01-28 18:41:31,67.49,57.0919444444444
2026-01-28 18:46:32,67.68,57.1755555555556
2026-01-28 18:51:32,67.82,57.2588888888889
2026-01-28 18:56:33,67.94,57.3425
2026-01-28 19:01:34,68.06,57.4261111111111
2026-01-28 19:06:35,68.28,57.5097222222222
2026-01-28 19:11:35,68.38,57.5930555555556
2026-01-28 19:16:36,68.52,57.6766666666667
2026-01-28 19:21:37,68.57,57.7602777777778
2026-01-28 19:26:37,68.57,57.8436111111111
2026-01-28 19:31:38,68.64,57.9272222222222
2026-01-28 19:36:39,68.72,58.0108333333333
2026-01-28 19:41:39,68.79,58.0941666666667
2026-01-28 19:46:40,68.83,58.1777777777778
2026-01-28 19:51:41,68.94,58.2613888888889
2026-01-28 19:56:41,69.14,58.3447222222222
2026-01-28 20:01:42,69.31,58.4283333333333
2026-01-28 20:06:43,69.39,58.5119444444444
2026-01-28 20:11:44,69.47,58.5955555555556
2026-01-28 20:16:44,69.6,58.6788888888889
2026-01-28 20:21:45,69.64,58.7625
2026-01-28 20:26:46,69.64,58.8461111111111
2026-01-28 20:31:47,69.63,58.9297222222222
2026-01-28 20:36:47,69.69,59.0130555555556
2026-01-28 20:41:48,69.82,59.0966666666667
2026-01-28 20:46:49,69.96,59.1802777777778
2026-01-28 20:51:49,69.99,59.2636111111111
2026-01-28 20:56:50,70.11,59.3472222222222
2026-01-28 21:01:50,70.28,59.4305555555556
2026-01-28 21:06:51,70.43,59.5141666666667
2026-01-28 21:11:52,70.5,59.5977777777778
2026-01-28 21:16:53,70.5,59.6813888888889
2026-01-28 21:21:53,70.58,59.7647222222222
2026-01-28 21:26:54,70.67,59.8483333333333
2026-01-28 21:31:55,70.64,59.9319444444444
2026-01-28 21:36:56,70.57,60.0155555555556
2026-01-28 21:41:57,70.04,60.0991666666667
2026-01-28 21:46:57,69.28,60.1825
2026-01-28 21:51:58,69.17,60.2661111111111
2026-01-28 21:56:59,69.78,60.3497222222222
2026-01-28 22:01:59,70.22,60.4330555555556
2026-01-28 22:07:00,70.57,60.5166666666667
2026-01-28 22:12:01,70.78,60.6002777777778
2026-01-28 22:17:01,70.91,60.6836111111111
2026-01-28 22:22:02,71.1,60.7672222222222
2026-01-28 22:27:02,71.24,60.8505555555556
2026-01-28 22:32:03,71.27,60.9341666666667
2026-01-28 22:37:04,71.31,61.0177777777778
2026-01-28 22:42:05,71.42,61.1013888888889
2026-01-28 22:47:05,71.58,61.1847222222222
2026-01-28 22:52:06,71.71,61.2683333333333
2026-01-28 22:57:07,71.81,61.3519444444444
2026-01-28 23:02:08,71.96,61.4355555555556
2026-01-28 23:07:08,72.17,61.5188888888889
2026-01-28 23:12:09,72.26,61.6025
2026-01-28 23:17:10,72.26,61.6861111111111
2026-01-28 23:22:11,72.28,61.7697222222222
2026-01-28 23:27:11,72.32,61.8530555555556
2026-01-28 23:32:12,72.39,61.9366666666667
2026-01-28 23:37:13,72.44,62.0202777777778
2026-01-28 23:42:13,72.5,62.1036111111111
2026-01-28 23:47:14,72.6,62.1872222222222
2026-01-28 23:52:15,72.72,62.2708333333333
2026-01-28 23:57:15,72.94,62.3541666666667
2026-01-29 00:02:16,73.1,62.4377777777778
2026-01-29 00:07:17,73.17,62.5213888888889
2026-01-29 00:12:17,73.21,62.6047222222222
2026-01-29 00:17:18,73.33,62.6883333333333
2026-01-29 00:22:19,73.33,62.7719444444444
2026-01-29 00:27:20,73.28,62.8555555555556
2026-01-29 00:32:20,73.22,62.9388888888889
2026-01-29 00:37:21,73.26,63.0225
2026-01-29 00:42:22,73.39,63.1061111111111
2026-01-29 00:47:23,73.47,63.1897222222222
2026-01-29 00:52:23,73.57,63.2730555555556
2026-01-29 00:57:24,73.68,63.3566666666667
2026-01-29 01:02:25,73.77,63.4402777777778
2026-01-29 01:07:26,73.97,63.5238888888889
2026-01-29 01:12:26,74.07,63.6072222222222
2026-01-29 01:17:27,74.05,63.6908333333333
2026-01-29 01:22:27,74.06,63.7741666666667
2026-01-29 01:27:28,74.14,63.8577777777778
2026-01-29 01:32:29,74.14,63.9413888888889
2026-01-29 01:37:29,74.13,64.0247222222222
2026-01-29 01:42:30,74.14,64.1083333333333
2026-01-29 01:47:31,74.21,64.1919444444444
2026-01-29 01:52:32,74.36,64.2755555555556
2026-01-29 01:57:32,74.56,64.3588888888889
2026-01-29 02:02:33,74.69,64.4425
2026-01-29 02:07:34,74.77,64.5261111111111
2026-01-29 02:12:35,74.85,64.6097222222222
2026-01-29 02:17:36,74.96,64.6933333333333
2026-01-29 02:22:39,74.97,64.7775
2026-01-29 02:27:39,74.91,64.8608333333333
2026-01-29 02:32:40,74.86,64.9444444444444
2026-01-29 02:37:41,74.92,65.0280555555556
2026-01-29 02:42:42,74.99,65.1116666666667
2026-01-29 02:47:42,75.08,65.195
2026-01-29 02:52:43,75.17,65.2786111111111
2026-01-29 02:57:43,75.27,65.3619444444444
2026-01-29 03:02:44,75.39,65.4455555555556
2026-01-29 03:07:45,75.53,65.5291666666667
2026-01-29 03:12:46,75.6,65.6127777777778
2026-01-29 03:17:46,75.61,65.6961111111111
2026-01-29 03:22:47,75.56,65.7797222222222
2026-01-29 03:27:48,75.57,65.8633333333333
2026-01-29 03:32:49,75.58,65.9469444444444
2026-01-29 03:37:49,75.58,66.0302777777778
2026-01-29 03:42:50,75.61,66.1138888888889
2026-01-29 03:47:51,75.69,66.1975
2026-01-29 03:52:52,75.75,66.2811111111111
2026-01-29 03:57:52,75.89,66.3644444444444
2026-01-29 04:02:53,76.1,66.4480555555556
2026-01-29 04:07:53,76.19,66.5313888888889
2026-01-29 04:12:54,76.19,66.615
2026-01-29 04:17:55,76.27,66.6986111111111
2026-01-29 04:22:55,76.33,66.7819444444444
2026-01-29 04:27:57,76.28,66.8658333333333
2026-01-29 04:33:00,76.21,66.95
2026-01-29 04:38:00,76.22,67.0333333333333
2026-01-29 04:43:01,76.27,67.1169444444444
2026-01-29 04:48:02,76.39,67.2005555555556
2026-01-29 04:53:03,76.44,67.2841666666667
2026-01-29 04:58:03,76.55,67.3675
2026-01-29 05:03:04,76.61,67.4511111111111
2026-01-29 05:08:05,76.72,67.5347222222222
2026-01-29 05:13:05,76.83,67.6180555555556
2026-01-29 05:18:06,76.83,67.7016666666667
2026-01-29 05:23:06,76.77,67.785
2026-01-29 05:28:07,76.78,67.8686111111111
2026-01-29 05:33:08,76.76,67.9522222222222
2026-01-29 05:38:09,76.74,68.0358333333333
2026-01-29 05:43:09,76.76,68.1191666666667
2026-01-29 05:48:10,76.85,68.2027777777778
2026-01-29 05:53:11,76.94,68.2863888888889
2026-01-29 05:58:12,77.08,68.37
2026-01-29 06:03:12,77.22,68.4533333333333
2026-01-29 06:08:13,77.25,68.5369444444444
2026-01-29 06:13:14,77.29,68.6205555555556
2026-01-29 06:18:15,77.33,68.7041666666667
2026-01-29 06:23:15,77.39,68.7875
2026-01-29 06:28:16,77.33,68.8711111111111
2026-01-29 06:33:17,77.22,68.9547222222222
2026-01-29 06:38:18,77.18,69.0383333333333
2026-01-29 06:43:18,77.21,69.1216666666667
2026-01-29 06:48:19,77.32,69.2052777777778
2026-01-29 06:53:19,77.39,69.2886111111111
2026-01-29 06:58:20,77.49,69.3722222222222
2026-01-29 07:03:21,77.58,69.4558333333333
2026-01-29 07:08:22,77.66,69.5394444444444
2026-01-29 07:13:22,77.69,69.6227777777778
2026-01-29 07:18:23,77.78,69.7063888888889
2026-01-29 07:23:24,77.74,69.79
2026-01-29 07:28:25,77.65,69.8736111111111
2026-01-29 07:33:25,77.58,69.9569444444444
2026-01-29 07:38:26,77.6,70.0405555555556
2026-01-29 07:43:27,77.66,70.1241666666667
2026-01-29 07:46:21,77.67,70.1725
2026-01-29 07:46:24,77.65,70.1733333333333
2026-01-29 07:46:26,77.66,70.1738888888889
2026-01-29 07:46:29,77.67,70.1747222222222
2026-01-29 07:46:32,77.67,70.1755555555556
2026-01-29 07:46:34,77.67,70.1761111111111
2026-01-29 07:46:37,77.67,70.1769444444444
2026-01-29 07:46:39,77.67,70.1775
2026-01-29 07:46:42,77.66,70.1783333333333
2026-01-29 07:46:45,77.68,70.1791666666667
2026-01-29 07:46:47,77.69,70.1797222222222
2026-01-29 07:46:50,77.68,70.1805555555556
2026-01-29 07:46:52,77.68,70.1811111111111
2026-01-29 07:46:55,77.68,70.1819444444444
2026-01-29 07:46:58,77.69,70.1827777777778
2026-01-29 07:47:10,77.69,70.1861111111111
2026-01-29 07:47:13,77.69,70.1869444444444
2026-01-29 07:47:15,77.69,70.1875
2026-01-29 07:47:18,77.69,70.1883333333333
2026-01-29 07:47:20,77.71,70.1888888888889
2026-01-29 07:47:23,77.71,70.1897222222222
2026-01-29 07:47:26,77.71,70.1905555555556
2026-01-29 07:47:31,77.72,70.1919444444444
2026-01-29 07:47:33,77.71,70.1925
2026-01-29 07:47:37,77.71,70.1936111111111
2026-01-29 07:47:41,77.72,70.1947222222222
2026-01-29 07:47:44,77.72,70.1955555555556
2026-01-29 07:47:46,77.72,70.1961111111111
2026-01-29 07:47:49,77.72,70.1969444444444
2026-01-29 07:47:51,77.72,70.1975
2026-01-29 07:47:54,77.74,70.1983333333333
