Date,Temp,Hours
2026-01-26 09:59:12,24.36,0.386666666666667
2026-01-26 09:59:14,24.35,0.387222222222222
2026-01-26 09:59:16,24.36,0.387777777777778
2026-01-26 09:59:18,24.38,0.388333333333333
2026-01-26 09:59:21,24.38,0.389166666666667
2026-01-26 09:59:23,24.38,0.389722222222222
2026-01-26 09:59:26,24.39,0.390555555555556
2026-01-26 10:00:01,24.43,0.400277777777778
2026-01-26 10:00:14,24.46,0.403888888888889
2026-01-26 10:00:16,24.44,0.404444444444444
2026-01-26 10:00:19,24.46,0.405277777777778
2026-01-26 10:00:20,24.46,0.405555555555556
2026-01-26 10:00:23,24.47,0.406388888888889
2026-01-26 10:00:25,24.49,0.406944444444444
2026-01-26 10:00:28,24.49,0.407777777777778
2026-01-26 10:00:32,24.48,0.408888888888889
2026-01-26 10:00:33,24.48,0.409166666666667
2026-01-26 10:00:35,24.48,0.409722222222222
2026-01-26 10:00:38,24.48,0.410555555555556
2026-01-26 10:00:40,24.49,0.411111111111111
2026-01-26 10:00:46,24.49,0.412777777777778
2026-01-26 10:00:51,24.49,0.414166666666667
2026-01-26 10:00:57,24.5,0.415833333333333
2026-01-26 10:01:00,24.51,0.416666666666667
2026-01-26 10:01:01,24.51,0.416944444444444
2026-01-26 10:01:04,24.52,0.417777777777778
2026-01-26 10:01:07,24.5,0.418611111111111
2026-01-26 10:01:11,24.52,0.419722222222222
2026-01-26 10:01:18,24.53,0.421666666666667
2026-01-26 10:01:27,24.52,0.424166666666667
2026-01-26 10:01:27,24.55,0.424166666666667
2026-01-26 10:01:31,24.54,0.425277777777778
2026-01-26 10:01:32,24.54,0.425555555555556
2026-01-26 10:01:36,24.56,0.426666666666667
2026-01-26 10:01:41,24.56,0.428055555555556
2026-01-26 10:01:42,24.57,0.428333333333333
2026-01-26 10:01:45,24.57,0.429166666666667
2026-01-26 10:01:47,24.57,0.429722222222222
2026-01-26 10:01:50,24.57,0.430555555555556
2026-01-26 10:01:56,24.58,0.432222222222222
2026-01-26 10:01:59,24.57,0.433055555555556
2026-01-26 10:02:00,24.57,0.433333333333333
2026-01-26 10:02:05,24.6,0.434722222222222
2026-01-26 10:02:08,24.59,0.435555555555556
2026-01-26 10:02:13,24.59,0.436944444444444
2026-01-26 10:02:17,24.6,0.438055555555556
2026-01-26 10:02:19,24.59,0.438611111111111
2026-01-26 10:02:22,24.6,0.439444444444444
2026-01-26 10:02:25,24.59,0.440277777777778
2026-01-26 10:02:26,24.6,0.440555555555556
2026-01-26 10:02:28,24.61,0.441111111111111
2026-01-26 10:02:31,24.61,0.441944444444444
2026-01-26 10:02:34,24.6,0.442777777777778
2026-01-26 10:02:36,24.61,0.443333333333333
2026-01-26 10:02:40,24.6,0.444444444444444
2026-01-26 10:02:41,24.61,0.444722222222222
2026-01-26 10:02:49,24.62,0.446944444444444
2026-01-26 10:02:53,24.62,0.448055555555556
2026-01-26 10:02:58,24.63,0.449444444444444
2026-01-26 10:03:01,24.63,0.450277777777778
2026-01-26 10:03:03,24.64,0.450833333333333
2026-01-26 10:03:04,24.64,0.451111111111111
2026-01-26 10:03:07,24.64,0.451944444444444
2026-01-26 10:03:10,24.64,0.452777777777778
2026-01-26 10:03:13,24.64,0.453611111111111
2026-01-26 10:03:15,24.66,0.454166666666667
2026-01-26 10:03:19,24.64,0.455277777777778
2026-01-26 10:03:22,24.66,0.456111111111111
2026-01-26 10:03:28,24.67,0.457777777777778
2026-01-26 10:03:30,24.66,0.458333333333333
2026-01-26 10:03:33,24.67,0.459166666666667
2026-01-26 10:03:37,24.67,0.460277777777778
2026-01-26 10:03:39,24.67,0.460833333333333
2026-01-26 10:03:42,24.67,0.461666666666667
2026-01-26 10:03:43,24.67,0.461944444444444
2026-01-26 10:03:49,24.67,0.463611111111111
2026-01-26 10:03:52,24.67,0.464444444444444
2026-01-26 10:03:53,24.69,0.464722222222222
2026-01-26 10:03:56,24.69,0.465555555555556
2026-01-26 10:04:01,24.69,0.466944444444444
2026-01-26 10:04:04,24.69,0.467777777777778
2026-01-26 10:04:28,24.71,0.474444444444444
2026-01-26 10:04:29,24.71,0.474722222222222
2026-01-26 10:04:33,24.72,0.475833333333333
2026-01-26 10:04:34,24.72,0.476111111111111
2026-01-26 10:04:37,24.72,0.476944444444444
2026-01-26 10:04:41,24.73,0.478055555555556
2026-01-26 10:04:48,24.73,0.48
2026-01-26 10:04:51,24.74,0.480833333333333
2026-01-26 10:04:54,24.74,0.481666666666667
2026-01-26 10:04:57,24.74,0.4825
2026-01-26 10:05:01,24.75,0.483611111111111
2026-01-26 10:05:03,24.74,0.484166666666667
2026-01-26 10:05:05,24.74,0.484722222222222
2026-01-26 10:05:10,24.76,0.486111111111111
2026-01-26 10:05:14,24.76,0.487222222222222
2026-01-26 10:05:15,24.75,0.4875
2026-01-26 10:05:18,24.76,0.488333333333333
2026-01-26 10:05:21,24.74,0.489166666666667
2026-01-26 10:05:26,24.76,0.490555555555556
2026-01-26 10:05:32,24.77,0.492222222222222
2026-01-26 10:05:35,24.77,0.493055555555556
2026-01-26 10:05:36,24.78,0.493333333333333
2026-01-26 10:05:39,24.78,0.494166666666667
2026-01-26 10:05:41,24.78,0.494722222222222
2026-01-26 10:05:46,24.78,0.496111111111111
2026-01-26 10:05:53,24.79,0.498055555555556
2026-01-26 10:05:54,24.78,0.498333333333333
2026-01-26 10:05:58,24.79,0.499444444444444
2026-01-26 10:06:02,24.79,0.500555555555556
2026-01-26 10:06:04,24.78,0.501111111111111
2026-01-26 10:06:07,24.8,0.501944444444444
2026-01-26 10:06:09,24.81,0.5025
2026-01-26 10:06:12,24.78,0.503333333333333
2026-01-26 10:06:15,24.79,0.504166666666667
2026-01-26 10:06:17,24.81,0.504722222222222
2026-01-26 10:06:20,24.82,0.505555555555556
2026-01-26 10:06:22,24.81,0.506111111111111
2026-01-26 10:06:25,24.81,0.506944444444444
2026-01-26 10:06:27,24.81,0.5075
2026-01-26 10:06:33,24.82,0.509166666666667
2026-01-26 10:06:35,24.83,0.509722222222222
2026-01-26 10:06:38,24.82,0.510555555555556
2026-01-26 10:06:40,24.82,0.511111111111111
2026-01-26 10:06:44,24.83,0.512222222222222
2026-01-26 10:06:47,24.82,0.513055555555556
2026-01-26 10:06:48,24.83,0.513333333333333
2026-01-26 10:06:51,24.82,0.514166666666667
2026-01-26 10:06:54,24.83,0.515
2026-01-26 10:06:57,24.83,0.515833333333333
2026-01-26 10:06:58,24.84,0.516111111111111
2026-01-26 10:07:01,24.84,0.516944444444444
2026-01-26 10:07:05,24.84,0.518055555555556
2026-01-26 10:07:07,24.83,0.518611111111111
2026-01-26 10:07:10,24.83,0.519444444444444
2026-01-26 10:07:11,24.85,0.519722222222222
2026-01-26 10:07:14,24.85,0.520555555555556
2026-01-26 10:07:16,24.85,0.521111111111111
2026-01-26 10:07:27,24.85,0.524166666666667
2026-01-26 10:07:30,24.85,0.525
2026-01-26 10:08:18,24.89,0.538333333333333
2026-01-26 10:08:23,24.89,0.539722222222222
2026-01-26 10:08:26,24.89,0.540555555555556
2026-01-26 10:08:28,24.9,0.541111111111111
2026-01-26 10:08:31,24.92,0.541944444444444
2026-01-26 10:08:33,24.91,0.5425
2026-01-26 10:08:37,24.9,0.543611111111111
2026-01-26 10:08:39,24.91,0.544166666666667
2026-01-26 10:08:41,24.92,0.544722222222222
2026-01-26 10:08:44,24.91,0.545555555555556
2026-01-26 10:08:50,24.91,0.547222222222222
2026-01-26 10:08:53,24.92,0.548055555555556
2026-01-26 10:08:56,24.91,0.548888888888889
2026-01-26 10:08:59,24.91,0.549722222222222
2026-01-26 10:09:02,24.91,0.550555555555556
2026-01-26 10:09:05,24.91,0.551388888888889
2026-01-26 10:09:08,24.93,0.552222222222222
2026-01-26 10:09:09,24.93,0.5525
2026-01-26 10:09:12,24.93,0.553333333333333
2026-01-26 10:09:22,24.94,0.556111111111111
2026-01-26 10:09:26,24.94,0.557222222222222
2026-01-26 10:09:27,24.93,0.5575
2026-01-26 10:09:31,24.95,0.558611111111111
2026-01-26 10:09:34,24.94,0.559444444444444
2026-01-26 10:09:38,24.96,0.560555555555556
2026-01-26 10:09:40,24.93,0.561111111111111
2026-01-26 10:09:44,24.95,0.562222222222222
2026-01-26 10:09:49,24.95,0.563611111111111
2026-01-26 10:09:52,24.95,0.564444444444444
2026-01-26 10:09:53,24.96,0.564722222222222
2026-01-26 10:09:56,24.96,0.565555555555556
2026-01-26 10:09:58,24.95,0.566111111111111
2026-01-26 10:10:01,24.97,0.566944444444444
2026-01-26 10:10:03,24.96,0.5675
2026-01-26 10:10:07,24.97,0.568611111111111
2026-01-26 10:10:08,24.95,0.568888888888889
2026-01-26 10:10:11,24.96,0.569722222222222
2026-01-26 10:10:15,24.97,0.570833333333333
2026-01-26 10:10:16,24.97,0.571111111111111
2026-01-26 10:10:19,24.96,0.571944444444444
2026-01-26 10:10:21,24.96,0.5725
2026-01-26 10:10:33,24.98,0.575833333333333
2026-01-26 10:10:35,24.99,0.576388888888889
2026-01-26 10:10:39,24.97,0.5775
2026-01-26 10:10:42,24.99,0.578333333333333
2026-01-26 10:10:44,24.99,0.578888888888889
2026-01-26 10:10:48,24.99,0.58
2026-01-26 10:10:51,24.99,0.580833333333333
2026-01-26 10:10:53,24.99,0.581388888888889
2026-01-26 10:10:55,25,0.581944444444444
2026-01-26 10:10:59,24.99,0.583055555555556
2026-01-26 10:11:00,25,0.583333333333333
2026-01-26 10:11:02,24.99,0.583888888888889
2026-01-26 10:11:06,25,0.585
2026-01-26 10:11:08,25,0.585555555555556
2026-01-26 10:11:10,24.99,0.586111111111111
2026-01-26 10:11:14,24.99,0.587222222222222
2026-01-26 10:11:15,25.01,0.5875
2026-01-26 10:11:18,25,0.588333333333333
2026-01-26 10:11:20,25,0.588888888888889
2026-01-26 10:11:23,25.01,0.589722222222222
2026-01-26 10:11:27,25,0.590833333333333
2026-01-26 10:11:29,25.02,0.591388888888889
2026-01-26 10:11:32,25.02,0.592222222222222
2026-01-26 10:11:33,25,0.5925
2026-01-26 10:11:36,25.02,0.593333333333333
2026-01-26 10:11:47,25.03,0.596388888888889
2026-01-26 10:11:49,25.03,0.596944444444444
2026-01-26 10:11:51,25.02,0.5975
2026-01-26 10:11:55,25.03,0.598611111111111
2026-01-26 10:11:58,25.02,0.599444444444444
2026-01-26 10:11:59,25.03,0.599722222222222
2026-01-26 10:12:01,25.03,0.600277777777778
2026-01-26 10:12:04,25.03,0.601111111111111
2026-01-26 10:12:07,25.03,0.601944444444444
2026-01-26 10:12:09,25.03,0.6025
2026-01-26 10:12:12,25.04,0.603333333333333
2026-01-26 10:12:14,25.04,0.603888888888889
2026-01-26 10:12:21,25.04,0.605833333333333
2026-01-26 10:12:23,25.05,0.606388888888889
2026-01-26 10:12:26,25.04,0.607222222222222
2026-01-26 10:12:27,25.06,0.6075
2026-01-26 10:12:30,25.04,0.608333333333333
2026-01-26 10:12:32,25.04,0.608888888888889
2026-01-26 10:12:35,25.06,0.609722222222222
2026-01-26 10:12:37,25.06,0.610277777777778
2026-01-26 10:12:40,25.05,0.611111111111111
2026-01-26 10:12:43,25.05,0.611944444444444
2026-01-26 10:12:45,25.05,0.6125
2026-01-26 10:12:50,25.06,0.613888888888889
2026-01-26 10:12:53,25.05,0.614722222222222
2026-01-26 10:12:57,25.07,0.615833333333333
2026-01-26 10:13:01,25.07,0.616944444444444
2026-01-26 10:13:03,25.07,0.6175
2026-01-26 10:13:06,25.06,0.618333333333333
2026-01-26 10:13:10,25.07,0.619444444444444
2026-01-26 10:13:11,25.06,0.619722222222222
2026-01-26 10:13:13,25.07,0.620277777777778
2026-01-26 10:13:17,25.07,0.621388888888889
2026-01-26 10:13:19,25.07,0.621944444444444
2026-01-26 10:13:21,25.07,0.6225
2026-01-26 10:13:28,25.07,0.624444444444444
2026-01-26 10:13:29,25.08,0.624722222222222
2026-01-26 10:13:31,25.09,0.625277777777778
2026-01-26 10:13:38,25.09,0.627222222222222
2026-01-26 10:13:39,25.09,0.6275
2026-01-26 10:13:42,25.08,0.628333333333333
2026-01-26 10:13:44,25.09,0.628888888888889
2026-01-26 10:13:48,25.09,0.63
2026-01-26 10:13:51,25.1,0.630833333333333
2026-01-26 10:13:52,25.1,0.631111111111111
2026-01-26 10:13:55,25.09,0.631944444444444
2026-01-26 10:13:57,25.1,0.6325
2026-01-26 10:14:00,25.1,0.633333333333333
2026-01-26 10:14:02,25.1,0.633888888888889
2026-01-26 10:14:05,25.1,0.634722222222222
2026-01-26 10:14:10,25.1,0.636111111111111
2026-01-26 10:14:13,25.1,0.636944444444444
2026-01-26 10:14:15,25.1,0.6375
2026-01-26 10:14:19,25.11,0.638611111111111
2026-01-26 10:14:20,25.12,0.638888888888889
2026-01-26 10:14:23,25.11,0.639722222222222
2026-01-26 10:14:27,25.12,0.640833333333333
2026-01-26 10:14:29,25.11,0.641388888888889
2026-01-26 10:14:30,25.1,0.641666666666667
2026-01-26 10:14:37,25.11,0.643611111111111
2026-01-26 10:14:38,25.12,0.643888888888889
2026-01-26 10:14:41,25.12,0.644722222222222
2026-01-26 10:14:43,25.13,0.645277777777778
2026-01-26 10:14:46,25.13,0.646111111111111
2026-01-26 10:14:48,25.1,0.646666666666667
2026-01-26 10:14:56,25.13,0.648888888888889
2026-01-26 10:14:59,25.12,0.649722222222222
2026-01-26 10:15:01,25.12,0.650277777777778
2026-01-26 10:15:04,25.13,0.651111111111111
2026-01-26 10:15:06,25.13,0.651666666666667
2026-01-26 10:15:09,25.14,0.6525
2026-01-26 10:15:13,25.13,0.653611111111111
2026-01-26 10:15:14,25.14,0.653888888888889
2026-01-26 10:15:17,25.14,0.654722222222222
2026-01-26 10:15:21,25.16,0.655833333333333
2026-01-26 10:15:22,25.13,0.656111111111111
2026-01-26 10:15:24,25.15,0.656666666666667
2026-01-26 10:15:31,25.15,0.658611111111111
2026-01-26 10:15:37,25.15,0.660277777777778
2026-01-26 10:15:40,25.15,0.661111111111111
2026-01-26 10:15:44,25.15,0.662222222222222
2026-01-26 10:15:46,25.15,0.662777777777778
2026-01-26 10:15:50,25.17,0.663888888888889
2026-01-26 10:15:53,25.16,0.664722222222222
2026-01-26 10:15:55,25.17,0.665277777777778
2026-01-26 10:15:58,25.16,0.666111111111111
2026-01-26 10:16:00,25.16,0.666666666666667
2026-01-26 10:16:04,25.17,0.667777777777778
2026-01-26 10:16:08,25.17,0.668888888888889
2026-01-26 10:16:12,25.17,0.67
2026-01-26 10:16:13,25.17,0.670277777777778
2026-01-26 10:16:16,25.18,0.671111111111111
2026-01-26 10:17:24,25.2,0.69
2026-01-26 10:17:25,25.22,0.690277777777778
2026-01-26 10:17:28,25.22,0.691111111111111
2026-01-26 10:17:30,25.21,0.691666666666667
2026-01-26 10:17:34,25.21,0.692777777777778
2026-01-26 10:17:37,25.22,0.693611111111111
2026-01-26 10:17:38,25.22,0.693888888888889
2026-01-26 10:17:42,25.2,0.695
2026-01-26 10:17:43,25.2,0.695277777777778
2026-01-26 10:17:47,25.22,0.696388888888889
2026-01-26 10:17:48,25.21,0.696666666666667
2026-01-26 10:17:52,25.23,0.697777777777778
2026-01-26 10:17:54,25.21,0.698333333333333
2026-01-26 10:17:56,25.21,0.698888888888889
2026-01-26 10:17:59,25.22,0.699722222222222
2026-01-26 10:18:01,25.23,0.700277777777778
2026-01-26 10:18:05,25.24,0.701388888888889
2026-01-26 10:18:08,25.23,0.702222222222222
2026-01-26 10:18:09,25.22,0.7025
2026-01-26 10:18:12,25.23,0.703333333333333
2026-01-26 10:18:14,25.21,0.703888888888889
2026-01-26 10:18:17,25.23,0.704722222222222
2026-01-26 10:18:22,25.24,0.706111111111111
2026-01-26 10:18:26,25.22,0.707222222222222
2026-01-26 10:18:27,25.22,0.7075
2026-01-26 10:18:29,25.23,0.708055555555556
2026-01-26 10:18:32,25.24,0.708888888888889
2026-01-26 10:18:35,25.23,0.709722222222222
2026-01-26 10:18:37,25.21,0.710277777777778
2026-01-26 10:18:40,25.23,0.711111111111111
2026-01-26 10:19:31,25.25,0.725277777777778
2026-01-26 10:19:34,25.26,0.726111111111111
2026-01-26 10:19:37,25.25,0.726944444444444
2026-01-26 10:19:39,25.26,0.7275
2026-01-26 10:19:42,25.27,0.728333333333333
2026-01-26 10:19:47,25.26,0.729722222222222
2026-01-26 10:19:50,25.27,0.730555555555556
2026-01-26 10:19:53,25.27,0.731388888888889
2026-01-26 10:19:57,25.28,0.7325
2026-01-26 10:20:00,25.28,0.733333333333333
2026-01-26 10:20:02,25.28,0.733888888888889
2026-01-26 10:20:05,25.28,0.734722222222222
2026-01-26 10:20:08,25.28,0.735555555555556
2026-01-26 10:20:12,25.29,0.736666666666667
2026-01-26 10:20:15,25.28,0.7375
2026-01-26 10:20:18,25.28,0.738333333333333
2026-01-26 10:20:23,25.28,0.739722222222222
2026-01-26 10:20:25,25.29,0.740277777777778
2026-01-26 10:20:28,25.28,0.741111111111111
2026-01-26 10:20:31,25.28,0.741944444444444
2026-01-26 10:20:33,25.29,0.7425
2026-01-26 10:20:36,25.28,0.743333333333333
2026-01-26 10:20:38,25.28,0.743888888888889
2026-01-26 10:20:41,25.29,0.744722222222222
2026-01-26 10:20:44,25.29,0.745555555555556
2026-01-26 10:20:47,25.29,0.746388888888889
2026-01-26 10:20:51,25.31,0.7475
2026-01-26 10:20:53,25.29,0.748055555555556
2026-01-26 10:20:56,25.31,0.748888888888889
2026-01-26 10:20:59,25.3,0.749722222222222
2026-01-26 10:21:01,25.3,0.750277777777778
2026-01-26 10:21:04,25.31,0.751111111111111
2026-01-26 10:21:06,25.3,0.751666666666667
2026-01-26 10:21:09,25.31,0.7525
2026-01-26 10:21:12,25.32,0.753333333333333
2026-01-26 10:21:53,25.32,0.764722222222222
2026-01-26 10:21:55,25.34,0.765277777777778
2026-01-26 10:21:58,25.31,0.766111111111111
2026-01-26 10:22:00,25.33,0.766666666666667
2026-01-26 10:22:03,25.32,0.7675
2026-01-26 10:22:06,25.32,0.768333333333333
2026-01-26 10:22:08,25.34,0.768888888888889
2026-01-26 10:22:11,25.34,0.769722222222222
2026-01-26 10:22:13,25.34,0.770277777777778
2026-01-26 10:22:16,25.33,0.771111111111111
2026-01-26 10:22:19,25.32,0.771944444444444
2026-01-26 10:22:21,25.34,0.7725
2026-01-26 10:22:24,25.34,0.773333333333333
2026-01-26 10:25:18,25.71,0.821666666666667
2026-01-26 10:25:21,25.71,0.8225
2026-01-26 10:25:23,25.71,0.823055555555556
2026-01-26 10:25:26,25.73,0.823888888888889
2026-01-26 10:25:29,25.73,0.824722222222222
2026-01-26 10:25:32,25.72,0.825555555555556
2026-01-26 10:25:36,25.74,0.826666666666667
2026-01-26 10:25:39,25.74,0.8275
2026-01-26 10:30:40,26.21,0.911111111111111
2026-01-26 10:32:17,26.35,0.938055555555556
2026-01-26 10:32:20,26.37,0.938888888888889
2026-01-26 10:32:22,26.36,0.939444444444444
2026-01-26 10:32:25,26.39,0.940277777777778
2026-01-26 10:32:27,26.38,0.940833333333333
2026-01-26 10:32:30,26.39,0.941666666666667
2026-01-26 10:32:33,26.39,0.9425
2026-01-26 10:32:35,26.4,0.943055555555556
2026-01-26 10:32:38,26.41,0.943888888888889
2026-01-26 10:37:41,27.15,1.02805555555556
2026-01-26 10:42:42,27.64,1.11166666666667
2026-01-26 10:44:45,27.8,1.14583333333333
2026-01-26 10:44:48,27.79,1.14666666666667
2026-01-26 10:44:51,27.8,1.1475
2026-01-26 10:44:53,27.81,1.14805555555556
2026-01-26 10:44:56,27.81,1.14888888888889
2026-01-26 10:44:58,27.82,1.14944444444444
2026-01-26 10:45:01,27.82,1.15027777777778
2026-01-26 10:45:03,27.82,1.15083333333333
2026-01-26 10:45:06,27.82,1.15166666666667
2026-01-26 10:45:08,27.82,1.15222222222222
2026-01-26 10:45:11,27.83,1.15305555555556
2026-01-26 10:45:13,27.82,1.15361111111111
2026-01-26 10:45:16,27.83,1.15444444444444
2026-01-26 10:45:19,27.83,1.15527777777778
2026-01-26 10:45:21,27.83,1.15583333333333
2026-01-26 10:45:24,27.83,1.15666666666667
2026-01-26 10:45:26,27.84,1.15722222222222
2026-01-26 10:45:29,27.84,1.15805555555556
2026-01-26 10:45:32,27.85,1.15888888888889
2026-01-26 10:45:34,27.85,1.15944444444444
2026-01-26 10:45:37,27.84,1.16027777777778
2026-01-26 10:45:39,27.86,1.16083333333333
2026-01-26 10:45:42,27.85,1.16166666666667
2026-01-26 10:45:45,27.85,1.1625
2026-01-26 10:45:47,27.88,1.16305555555556
2026-01-26 10:45:49,27.86,1.16361111111111
2026-01-26 10:45:52,27.87,1.16444444444444
2026-01-26 10:45:57,27.87,1.16583333333333
2026-01-26 10:46:00,27.87,1.16666666666667
2026-01-26 10:46:02,27.88,1.16722222222222
2026-01-26 10:46:05,27.89,1.16805555555556
2026-01-26 10:46:07,27.88,1.16861111111111
2026-01-26 10:46:10,27.88,1.16944444444444
2026-01-26 10:46:13,27.88,1.17027777777778
2026-01-26 10:46:15,27.9,1.17083333333333
2026-01-26 10:46:18,27.89,1.17166666666667
2026-01-26 10:46:20,27.9,1.17222222222222
2026-01-26 10:46:23,27.91,1.17305555555556
2026-01-26 10:46:26,27.9,1.17388888888889
2026-01-26 10:46:28,27.91,1.17444444444444
2026-01-26 10:46:31,27.89,1.17527777777778
2026-01-26 10:46:33,27.92,1.17583333333333
2026-01-26 10:46:35,27.92,1.17638888888889
2026-01-26 10:46:38,27.91,1.17722222222222
2026-01-26 10:46:41,27.91,1.17805555555556
2026-01-26 10:46:43,27.92,1.17861111111111
2026-01-26 10:46:46,27.92,1.17944444444444
2026-01-26 10:46:48,27.92,1.18
2026-01-26 10:46:51,27.91,1.18083333333333
2026-01-26 10:46:54,27.93,1.18166666666667
2026-01-26 10:46:56,27.92,1.18222222222222
2026-01-26 10:46:59,27.94,1.18305555555556
2026-01-26 10:47:01,27.94,1.18361111111111
2026-01-26 10:47:04,27.94,1.18444444444444
2026-01-26 10:47:07,27.95,1.18527777777778
2026-01-26 10:47:09,27.95,1.18583333333333
2026-01-26 10:47:12,27.94,1.18666666666667
2026-01-26 10:47:14,27.96,1.18722222222222
2026-01-26 10:47:17,27.94,1.18805555555556
2026-01-26 10:47:20,27.96,1.18888888888889
2026-01-26 10:47:23,27.95,1.18972222222222
2026-01-26 10:47:27,27.96,1.19083333333333
2026-01-26 10:47:29,27.96,1.19138888888889
2026-01-26 10:47:32,27.96,1.19222222222222
2026-01-26 10:47:35,27.97,1.19305555555556
2026-01-26 10:47:37,27.98,1.19361111111111
2026-01-26 10:47:40,27.96,1.19444444444444
2026-01-26 10:47:42,27.96,1.195
2026-01-26 10:47:45,27.97,1.19583333333333
2026-01-26 10:47:48,27.99,1.19666666666667
2026-01-26 10:47:50,27.98,1.19722222222222
2026-01-26 10:47:53,27.99,1.19805555555556
2026-01-26 10:47:55,27.98,1.19861111111111
2026-01-26 10:47:58,28,1.19944444444444
2026-01-26 10:48:01,27.99,1.20027777777778
2026-01-26 10:48:03,27.99,1.20083333333333
2026-01-26 10:48:06,27.99,1.20166666666667
2026-01-26 10:48:08,27.99,1.20222222222222
2026-01-26 10:48:11,28.01,1.20305555555556
2026-01-26 10:48:14,28.01,1.20388888888889
2026-01-26 10:48:16,28,1.20444444444444
2026-01-26 10:48:18,28.01,1.205
2026-01-26 10:48:21,28,1.20583333333333
2026-01-26 10:48:23,28.01,1.20638888888889
2026-01-26 10:48:26,28.01,1.20722222222222
2026-01-26 10:48:29,28,1.20805555555556
2026-01-26 10:48:31,28.02,1.20861111111111
2026-01-26 10:48:34,28.01,1.20944444444444
2026-01-26 10:48:36,28.03,1.21
2026-01-26 10:48:39,28.01,1.21083333333333
2026-01-26 10:48:42,28.02,1.21166666666667
2026-01-26 10:48:44,28.02,1.21222222222222
2026-01-26 10:48:47,28.03,1.21305555555556
2026-01-26 10:48:49,28.03,1.21361111111111
2026-01-26 10:48:52,28.03,1.21444444444444
2026-01-26 10:48:55,28.03,1.21527777777778
2026-01-26 10:48:57,28.04,1.21583333333333
2026-01-26 10:49:00,28.04,1.21666666666667
2026-01-26 10:49:02,28.03,1.21722222222222
2026-01-26 10:49:05,28.04,1.21805555555556
2026-01-26 10:49:07,28.05,1.21861111111111
2026-01-26 10:49:10,28.04,1.21944444444444
2026-01-26 10:49:12,28.06,1.22
2026-01-26 10:49:15,28.06,1.22083333333333
2026-01-26 10:49:18,28.05,1.22166666666667
2026-01-26 10:49:23,28.05,1.22305555555556
2026-01-26 10:49:25,28.05,1.22361111111111
2026-01-26 10:49:28,28.06,1.22444444444444
2026-01-26 10:49:31,28.05,1.22527777777778
2026-01-26 10:49:33,28.07,1.22583333333333
2026-01-26 10:49:36,28.06,1.22666666666667
2026-01-26 10:49:38,28.06,1.22722222222222
2026-01-26 10:49:41,28.07,1.22805555555556
2026-01-26 10:49:43,28.07,1.22861111111111
2026-01-26 10:54:44,28.25,1.31222222222222
2026-01-26 10:59:45,28.41,1.39583333333333
2026-01-26 11:01:23,28.47,1.42305555555556
2026-01-26 11:01:25,28.48,1.42361111111111
2026-01-26 11:01:28,28.48,1.42444444444444
2026-01-26 11:01:32,28.49,1.42555555555556
2026-01-26 11:01:36,28.49,1.42666666666667
2026-01-26 11:01:40,28.49,1.42777777777778
2026-01-26 11:01:43,28.5,1.42861111111111
2026-01-26 11:01:45,28.49,1.42916666666667
2026-01-26 11:01:48,28.49,1.43
2026-01-26 11:01:52,28.49,1.43111111111111
2026-01-26 11:01:56,28.49,1.43222222222222
2026-01-26 11:02:01,28.49,1.43361111111111
2026-01-26 11:02:04,28.5,1.43444444444444
2026-01-26 11:02:06,28.51,1.435
2026-01-26 11:02:09,28.51,1.43583333333333
2026-01-26 11:02:14,28.51,1.43722222222222
2026-01-26 11:02:17,28.51,1.43805555555556
2026-01-26 11:02:19,28.52,1.43861111111111
2026-01-26 11:02:21,28.51,1.43916666666667
2026-01-26 11:02:24,28.51,1.44
2026-01-26 11:02:26,28.51,1.44055555555556
2026-01-26 11:02:29,28.52,1.44138888888889
2026-01-26 11:02:32,28.53,1.44222222222222
2026-01-26 11:07:32,29.27,1.52555555555556
2026-01-26 11:12:33,30,1.60916666666667
2026-01-26 11:17:34,30.5,1.69277777777778
2026-01-26 11:22:34,30.85,1.77611111111111
2026-01-26 11:27:35,31.1,1.85972222222222
2026-01-26 11:32:36,31.87,1.94333333333333
2026-01-26 11:35:33,32.08,1.9925
2026-01-26 11:35:36,32.09,1.99333333333333
2026-01-26 11:35:38,32.09,1.99388888888889
2026-01-26 11:35:41,32.08,1.99472222222222
2026-01-26 11:35:43,32.1,1.99527777777778
2026-01-26 11:35:46,32.1,1.99611111111111
2026-01-26 11:35:49,32.1,1.99694444444444
2026-01-26 11:35:51,32.1,1.9975
2026-01-26 11:35:54,32.1,1.99833333333333
2026-01-26 11:35:56,32.11,1.99888888888889
2026-01-26 11:35:59,32.1,1.99972222222222
2026-01-26 11:36:02,32.1,2.00055555555556
2026-01-26 11:36:04,32.1,2.00111111111111
2026-01-26 11:36:07,32.11,2.00194444444444
2026-01-26 11:36:09,32.11,2.0025
2026-01-26 11:36:12,32.11,2.00333333333333
2026-01-26 11:36:15,32.1,2.00416666666667
2026-01-26 11:36:17,32.12,2.00472222222222
2026-01-26 11:36:19,32.11,2.00527777777778
2026-01-26 11:36:22,32.13,2.00611111111111
2026-01-26 11:36:24,32.12,2.00666666666667
2026-01-26 11:36:27,32.12,2.0075
2026-01-26 11:36:30,32.13,2.00833333333333
2026-01-26 11:36:32,32.14,2.00888888888889
2026-01-26 11:36:35,32.13,2.00972222222222
2026-01-26 11:36:37,32.13,2.01027777777778
2026-01-26 11:36:41,32.14,2.01138888888889
2026-01-26 11:36:45,32.14,2.0125
2026-01-26 11:36:48,32.14,2.01333333333333
2026-01-26 11:36:50,32.15,2.01388888888889
2026-01-26 11:36:53,32.16,2.01472222222222
2026-01-26 11:36:56,32.14,2.01555555555556
2026-01-26 11:36:58,32.16,2.01611111111111
2026-01-26 11:37:01,32.15,2.01694444444444
2026-01-26 11:37:03,32.17,2.0175
2026-01-26 11:37:05,32.15,2.01805555555556
2026-01-26 11:37:08,32.17,2.01888888888889
2026-01-26 11:37:11,32.17,2.01972222222222
2026-01-26 11:37:13,32.17,2.02027777777778
2026-01-26 11:37:16,32.17,2.02111111111111
2026-01-26 11:37:18,32.17,2.02166666666667
2026-01-26 11:37:21,32.17,2.0225
2026-01-26 11:37:24,32.17,2.02333333333333
2026-01-26 11:37:26,32.18,2.02388888888889
2026-01-26 11:37:29,32.18,2.02472222222222
2026-01-26 11:37:31,32.18,2.02527777777778
2026-01-26 11:37:34,32.17,2.02611111111111
2026-01-26 11:37:37,32.2,2.02694444444444
2026-01-26 11:37:39,32.19,2.0275
2026-01-26 11:37:42,32.2,2.02833333333333
2026-01-26 11:37:44,32.17,2.02888888888889
2026-01-26 11:37:50,32.19,2.03055555555556
2026-01-26 11:37:52,32.18,2.03111111111111
2026-01-26 11:37:55,32.2,2.03194444444444
2026-01-26 11:37:57,32.21,2.0325
2026-01-26 11:38:00,32.21,2.03333333333333
2026-01-26 11:38:02,32.21,2.03388888888889
2026-01-26 11:38:05,32.21,2.03472222222222
2026-01-26 11:38:07,32.21,2.03527777777778
2026-01-26 11:38:10,32.19,2.03611111111111
2026-01-26 11:38:12,32.21,2.03666666666667
2026-01-26 11:38:15,32.21,2.0375
2026-01-26 11:38:18,32.21,2.03833333333333
2026-01-26 11:38:20,32.21,2.03888888888889
2026-01-26 11:38:23,32.21,2.03972222222222
2026-01-26 11:38:25,32.24,2.04027777777778
2026-01-26 11:38:28,32.23,2.04111111111111
2026-01-26 11:38:31,32.23,2.04194444444444
2026-01-26 11:38:33,32.24,2.0425
2026-01-26 11:38:36,32.24,2.04333333333333
2026-01-26 11:38:38,32.24,2.04388888888889
2026-01-26 11:42:04,32.99,2.10111111111111
2026-01-26 11:42:06,32.99,2.10166666666667
2026-01-26 11:42:09,33.01,2.1025
2026-01-26 11:42:11,33.03,2.10305555555556
2026-01-26 11:42:14,33.03,2.10388888888889
2026-01-26 11:42:17,33.04,2.10472222222222
2026-01-26 11:42:19,33.05,2.10527777777778
2026-01-26 11:42:22,33.06,2.10611111111111
2026-01-26 11:42:24,33.08,2.10666666666667
2026-01-26 11:42:27,33.09,2.1075
2026-01-26 11:42:30,33.08,2.10833333333333
2026-01-26 11:42:32,33.1,2.10888888888889
2026-01-26 11:46:49,33.96,2.18027777777778
2026-01-26 11:46:52,33.96,2.18111111111111
2026-01-26 11:46:54,33.96,2.18166666666667
2026-01-26 11:46:57,33.98,2.1825
2026-01-26 11:47:00,33.98,2.18333333333333
2026-01-26 11:47:02,33.99,2.18388888888889
2026-01-26 11:47:04,33.98,2.18444444444444
2026-01-26 11:47:07,33.99,2.18527777777778
2026-01-26 11:47:10,34,2.18611111111111
2026-01-26 11:47:12,33.99,2.18666666666667
2026-01-26 11:47:15,34.02,2.1875
2026-01-26 11:47:17,34.02,2.18805555555556
2026-01-26 11:52:18,34.57,2.27166666666667
2026-01-26 11:57:19,34.98,2.35527777777778
2026-01-26 12:00:14,35.36,2.40388888888889
2026-01-26 12:00:18,35.36,2.405
2026-01-26 12:00:21,35.39,2.40583333333333
2026-01-26 12:00:24,35.37,2.40666666666667
2026-01-26 12:00:27,35.37,2.4075
2026-01-26 12:00:29,35.39,2.40805555555556
2026-01-26 12:00:34,35.39,2.40944444444444
2026-01-26 12:00:37,35.39,2.41027777777778
2026-01-26 12:00:39,35.41,2.41083333333333
2026-01-26 12:00:42,35.42,2.41166666666667
2026-01-26 12:00:44,35.41,2.41222222222222
2026-01-26 12:05:45,35.7,2.49583333333333
2026-01-26 12:10:46,35.87,2.57944444444444
2026-01-26 12:13:53,35.93,2.63138888888889
2026-01-26 12:13:56,35.95,2.63222222222222
2026-01-26 12:13:59,35.95,2.63305555555556
2026-01-26 12:14:01,35.94,2.63361111111111
2026-01-26 12:14:04,35.95,2.63444444444444
2026-01-26 12:14:06,35.95,2.635
2026-01-26 12:14:09,35.95,2.63583333333333
2026-01-26 12:14:12,35.94,2.63666666666667
2026-01-26 12:14:14,35.96,2.63722222222222
2026-01-26 12:14:17,35.94,2.63805555555556
2026-01-26 12:14:19,35.95,2.63861111111111
2026-01-26 12:14:21,35.94,2.63916666666667
2026-01-26 12:14:25,35.96,2.64027777777778
2026-01-26 12:14:29,35.96,2.64138888888889
2026-01-26 12:14:32,35.96,2.64222222222222
2026-01-26 12:14:34,35.96,2.64277777777778
2026-01-26 12:14:37,35.96,2.64361111111111
2026-01-26 12:14:40,35.95,2.64444444444444
2026-01-26 12:14:42,35.96,2.645
2026-01-26 12:14:45,35.96,2.64583333333333
2026-01-26 12:14:47,35.96,2.64638888888889
2026-01-26 12:14:50,35.96,2.64722222222222
2026-01-26 12:14:53,35.97,2.64805555555556
2026-01-26 12:14:55,35.96,2.64861111111111
2026-01-26 12:14:58,35.96,2.64944444444444
2026-01-26 12:15:00,35.98,2.65
2026-01-26 12:15:03,35.98,2.65083333333333
2026-01-26 12:15:06,35.97,2.65166666666667
2026-01-26 12:15:08,35.99,2.65222222222222
2026-01-26 12:15:10,35.99,2.65277777777778
2026-01-26 12:20:11,36.92,2.73638888888889
2026-01-26 12:25:12,37.33,2.82
2026-01-26 12:25:53,37.4,2.83138888888889
2026-01-26 12:25:55,37.39,2.83194444444444
2026-01-26 12:25:58,37.39,2.83277777777778
2026-01-26 12:26:00,37.4,2.83333333333333
2026-01-26 12:26:04,37.41,2.83444444444444
2026-01-26 12:26:08,37.4,2.83555555555556
2026-01-26 12:26:11,37.41,2.83638888888889
2026-01-26 12:26:13,37.42,2.83694444444444
2026-01-26 12:26:16,37.41,2.83777777777778
2026-01-26 12:26:19,37.41,2.83861111111111
2026-01-26 12:26:21,37.43,2.83916666666667
2026-01-26 12:26:24,37.42,2.84
2026-01-26 12:26:26,37.41,2.84055555555556
2026-01-26 12:26:29,37.42,2.84138888888889
2026-01-26 12:26:32,37.42,2.84222222222222
2026-01-26 12:30:28,37.41,2.90777777777778
2026-01-26 12:30:31,37.4,2.90861111111111
2026-01-26 12:30:33,37.41,2.90916666666667
2026-01-26 12:30:36,37.42,2.91
2026-01-26 12:30:38,37.4,2.91055555555556
2026-01-26 12:30:41,37.41,2.91138888888889
2026-01-26 12:30:43,37.42,2.91194444444444
2026-01-26 12:30:46,37.41,2.91277777777778
2026-01-26 12:30:48,37.41,2.91333333333333
2026-01-26 12:30:51,37.42,2.91416666666667
2026-01-26 12:30:53,37.42,2.91472222222222
2026-01-26 12:30:56,37.4,2.91555555555556
2026-01-26 12:30:59,37.42,2.91638888888889
2026-01-26 12:31:01,37.4,2.91694444444444
2026-01-26 12:31:04,37.4,2.91777777777778
2026-01-26 12:31:06,37.4,2.91833333333333
2026-01-26 12:32:44,37.42,2.94555555555556
2026-01-26 12:32:47,37.42,2.94638888888889
2026-01-26 12:32:52,37.42,2.94777777777778
2026-01-26 12:32:54,37.42,2.94833333333333
2026-01-26 12:32:57,37.43,2.94916666666667
2026-01-26 12:33:00,37.43,2.95
2026-01-26 12:33:03,37.46,2.95083333333333
2026-01-26 12:33:07,37.46,2.95194444444444
2026-01-26 12:33:10,37.46,2.95277777777778
2026-01-26 12:33:12,37.47,2.95333333333333
2026-01-26 12:33:15,37.48,2.95416666666667
2026-01-26 12:33:17,37.49,2.95472222222222
2026-01-26 12:33:20,37.51,2.95555555555556
2026-01-26 12:33:23,37.49,2.95638888888889
2026-01-26 12:33:25,37.52,2.95694444444444
2026-01-26 12:33:30,37.5,2.95833333333333
2026-01-26 12:33:33,37.53,2.95916666666667
2026-01-26 12:33:36,37.52,2.96
2026-01-26 12:33:39,37.53,2.96083333333333
2026-01-26 12:33:43,37.54,2.96194444444444
2026-01-26 12:33:48,37.56,2.96333333333333
2026-01-26 12:33:48,37.57,2.96333333333333
2026-01-26 12:33:52,37.56,2.96444444444444
2026-01-26 12:33:56,37.58,2.96555555555556
2026-01-26 12:33:59,37.59,2.96638888888889
2026-01-26 12:34:02,37.57,2.96722222222222
2026-01-26 12:34:05,37.6,2.96805555555556
2026-01-26 12:34:09,37.62,2.96916666666667
2026-01-26 12:34:12,37.62,2.97
2026-01-26 12:34:18,37.63,2.97166666666667
2026-01-26 12:34:23,37.63,2.97305555555556
2026-01-26 12:34:27,37.65,2.97416666666667
2026-01-26 12:34:29,37.67,2.97472222222222
2026-01-26 12:34:33,37.67,2.97583333333333
2026-01-26 12:34:38,37.67,2.97722222222222
2026-01-26 12:34:42,37.7,2.97833333333333
2026-01-26 12:34:45,37.67,2.97916666666667
2026-01-26 12:34:48,37.7,2.98
2026-01-26 12:34:50,37.71,2.98055555555556
2026-01-26 12:34:53,37.71,2.98138888888889
2026-01-26 12:34:58,37.72,2.98277777777778
2026-01-26 12:35:00,37.73,2.98333333333333
2026-01-26 12:35:03,37.74,2.98416666666667
2026-01-26 12:35:05,37.72,2.98472222222222
2026-01-26 12:35:08,37.74,2.98555555555556
2026-01-26 12:35:11,37.74,2.98638888888889
2026-01-26 12:35:16,37.77,2.98777777777778
2026-01-26 12:35:18,37.75,2.98833333333333
2026-01-26 12:35:21,37.76,2.98916666666667
2026-01-26 12:35:23,37.76,2.98972222222222
2026-01-26 12:35:27,37.78,2.99083333333333
2026-01-26 12:35:31,37.78,2.99194444444444
2026-01-26 12:35:34,37.78,2.99277777777778
2026-01-26 12:35:36,37.8,2.99333333333333
2026-01-26 12:40:01,38.06,3.06694444444444
2026-01-26 12:40:04,38.07,3.06777777777778
2026-01-26 12:40:14,38.07,3.07055555555556
2026-01-26 12:40:23,38.09,3.07305555555556
2026-01-26 12:40:28,38.11,3.07444444444444
2026-01-26 12:40:32,38.11,3.07555555555556
2026-01-26 12:42:41,38.24,3.11138888888889
2026-01-26 12:42:45,38.24,3.1125
2026-01-26 12:42:48,38.24,3.11333333333333
2026-01-26 12:42:51,38.24,3.11416666666667
2026-01-26 12:42:54,38.24,3.115
2026-01-26 12:42:58,38.24,3.11611111111111
2026-01-26 12:45:17,38.35,3.15472222222222
2026-01-26 12:45:20,38.34,3.15555555555556
2026-01-26 12:45:25,38.35,3.15694444444444
2026-01-26 12:45:30,38.33,3.15833333333333
2026-01-26 12:45:33,38.35,3.15916666666667
2026-01-26 12:45:35,38.35,3.15972222222222
2026-01-26 12:45:38,38.36,3.16055555555556
2026-01-26 12:50:39,38.4,3.24416666666667
2026-01-26 12:54:31,38.35,3.30861111111111
2026-01-26 12:54:31,38.35,3.30861111111111
2026-01-26 12:54:36,38.35,3.31
2026-01-26 12:54:39,38.35,3.31083333333333
2026-01-26 12:59:41,38.23,3.39472222222222
2026-01-26 13:01:03,38.18,3.4175
2026-01-26 13:01:08,38.19,3.41888888888889
2026-01-26 13:01:11,38.19,3.41972222222222
2026-01-26 13:01:15,38.17,3.42083333333333
2026-01-26 13:01:18,38.18,3.42166666666667
2026-01-26 13:01:21,38.2,3.4225
2026-01-26 13:01:24,38.2,3.42333333333333
2026-01-26 13:01:27,38.17,3.42416666666667
2026-01-26 13:01:31,38.16,3.42527777777778
2026-01-26 13:01:34,38.17,3.42611111111111
2026-01-26 13:05:38,38.22,3.49388888888889
2026-01-26 13:05:40,38.2,3.49444444444444
2026-01-26 13:05:43,38.22,3.49527777777778
2026-01-26 13:05:48,38.21,3.49666666666667
2026-01-26 13:05:52,38.21,3.49777777777778
2026-01-26 13:05:57,38.21,3.49916666666667
2026-01-26 13:06:01,38.21,3.50027777777778
2026-01-26 13:11:02,38.21,3.58388888888889
2026-01-26 13:11:07,38.21,3.58527777777778
2026-01-26 13:11:10,38.24,3.58611111111111
2026-01-26 13:11:13,38.21,3.58694444444444
2026-01-26 13:13:26,38.28,3.62388888888889
2026-01-26 13:13:28,38.28,3.62444444444444
2026-01-26 13:13:31,38.29,3.62527777777778
2026-01-26 13:13:33,38.27,3.62583333333333
2026-01-26 13:13:36,38.28,3.62666666666667
2026-01-26 13:13:39,38.28,3.6275
2026-01-26 13:13:41,38.27,3.62805555555556
2026-01-26 13:13:44,38.28,3.62888888888889
2026-01-26 13:13:46,38.27,3.62944444444444
2026-01-26 13:13:49,38.28,3.63027777777778
2026-01-26 13:13:51,38.28,3.63083333333333
2026-01-26 13:13:54,38.28,3.63166666666667
2026-01-26 13:13:56,38.28,3.63222222222222
2026-01-26 13:13:59,38.28,3.63305555555556
2026-01-26 13:14:01,38.28,3.63361111111111
2026-01-26 13:14:04,38.29,3.63444444444444
2026-01-26 13:14:07,38.28,3.63527777777778
2026-01-26 13:14:09,38.28,3.63583333333333
2026-01-26 13:14:12,38.28,3.63666666666667
2026-01-26 13:14:14,38.28,3.63722222222222
2026-01-26 13:14:17,38.27,3.63805555555556
2026-01-26 13:14:20,38.28,3.63888888888889
2026-01-26 13:14:22,38.28,3.63944444444444
2026-01-26 13:14:25,38.28,3.64027777777778
2026-01-26 13:14:27,38.29,3.64083333333333
2026-01-26 13:14:30,38.28,3.64166666666667
2026-01-26 13:14:33,38.28,3.6425
2026-01-26 13:14:35,38.28,3.64305555555556
2026-01-26 13:14:38,38.27,3.64388888888889
2026-01-26 13:14:40,38.28,3.64444444444444
2026-01-26 13:14:42,38.28,3.645
2026-01-26 13:14:45,38.27,3.64583333333333
2026-01-26 13:14:48,38.27,3.64666666666667
2026-01-26 13:14:50,38.29,3.64722222222222
2026-01-26 13:14:53,38.28,3.64805555555556
2026-01-26 13:14:55,38.27,3.64861111111111
2026-01-26 13:14:58,38.27,3.64944444444444
2026-01-26 13:15:01,38.26,3.65027777777778
2026-01-26 13:15:03,38.28,3.65083333333333
2026-01-26 13:15:06,38.28,3.65166666666667
2026-01-26 13:15:08,38.27,3.65222222222222
2026-01-26 13:15:11,38.28,3.65305555555556
2026-01-26 13:15:14,38.28,3.65388888888889
2026-01-26 13:15:16,38.28,3.65444444444444
2026-01-26 13:15:19,38.28,3.65527777777778
2026-01-26 13:15:21,38.29,3.65583333333333
2026-01-26 13:15:24,38.28,3.65666666666667
2026-01-26 13:15:27,38.28,3.6575
2026-01-26 13:15:29,38.28,3.65805555555556
2026-01-26 13:15:32,38.28,3.65888888888889
2026-01-26 13:15:36,38.27,3.66
2026-01-26 13:15:39,38.27,3.66083333333333
2026-01-26 13:15:42,38.28,3.66166666666667
2026-01-26 13:15:44,38.27,3.66222222222222
2026-01-26 13:15:47,38.27,3.66305555555556
2026-01-26 13:15:49,38.28,3.66361111111111
2026-01-26 13:15:52,38.27,3.66444444444444
2026-01-26 13:15:55,38.27,3.66527777777778
2026-01-26 13:15:57,38.28,3.66583333333333
2026-01-26 13:16:00,38.26,3.66666666666667
2026-01-26 13:16:02,38.27,3.66722222222222
2026-01-26 13:16:05,38.27,3.66805555555556
2026-01-26 13:16:08,38.27,3.66888888888889
2026-01-26 13:16:10,38.26,3.66944444444444
2026-01-26 13:16:13,38.27,3.67027777777778
2026-01-26 13:16:15,38.28,3.67083333333333
2026-01-26 13:16:18,38.27,3.67166666666667
2026-01-26 13:16:20,38.27,3.67222222222222
2026-01-26 13:16:23,38.27,3.67305555555556
2026-01-26 13:16:25,38.28,3.67361111111111
2026-01-26 13:16:28,38.28,3.67444444444444
2026-01-26 13:16:30,38.28,3.675
2026-01-26 13:16:33,38.27,3.67583333333333
2026-01-26 13:16:36,38.27,3.67666666666667
2026-01-26 13:16:38,38.28,3.67722222222222
2026-01-26 13:16:41,38.27,3.67805555555556
2026-01-26 13:16:43,38.28,3.67861111111111
2026-01-26 13:16:46,38.26,3.67944444444444
2026-01-26 13:16:49,38.27,3.68027777777778
2026-01-26 13:16:51,38.28,3.68083333333333
2026-01-26 13:16:54,38.27,3.68166666666667
2026-01-26 13:16:56,38.27,3.68222222222222
2026-01-26 13:16:59,38.26,3.68305555555556
2026-01-26 13:17:02,38.27,3.68388888888889
2026-01-26 13:17:04,38.25,3.68444444444444
2026-01-26 13:17:07,38.27,3.68527777777778
2026-01-26 13:17:09,38.26,3.68583333333333
2026-01-26 13:17:11,38.27,3.68638888888889
2026-01-26 13:17:14,38.25,3.68722222222222
2026-01-26 13:17:17,38.27,3.68805555555556
2026-01-26 13:17:19,38.25,3.68861111111111
2026-01-26 13:17:22,38.26,3.68944444444444
2026-01-26 13:17:24,38.27,3.69
2026-01-26 13:17:27,38.27,3.69083333333333
2026-01-26 13:17:30,38.25,3.69166666666667
2026-01-26 13:17:32,38.26,3.69222222222222
2026-01-26 13:17:35,38.24,3.69305555555556
2026-01-26 13:17:37,38.23,3.69361111111111
2026-01-26 13:17:40,38.25,3.69444444444444
2026-01-26 13:17:43,38.26,3.69527777777778
2026-01-26 13:17:45,38.26,3.69583333333333
2026-01-26 13:17:48,38.27,3.69666666666667
2026-01-26 13:17:53,38.26,3.69805555555556
2026-01-26 13:17:56,38.25,3.69888888888889
2026-01-26 13:17:58,38.26,3.69944444444444
2026-01-26 13:18:00,38.24,3.7
2026-01-26 13:18:03,38.25,3.70083333333333
2026-01-26 13:18:06,38.25,3.70166666666667
2026-01-26 13:18:08,38.25,3.70222222222222
2026-01-26 13:18:11,38.24,3.70305555555556
2026-01-26 13:18:14,38.26,3.70388888888889
2026-01-26 13:18:17,38.24,3.70472222222222
2026-01-26 13:18:22,38.25,3.70611111111111
2026-01-26 13:21:10,38.4,3.75277777777778
2026-01-26 13:21:13,38.39,3.75361111111111
2026-01-26 13:21:16,38.39,3.75444444444444
2026-01-26 13:21:19,38.41,3.75527777777778
2026-01-26 13:21:24,38.41,3.75666666666667
2026-01-26 13:21:29,38.41,3.75805555555556
2026-01-26 13:21:32,38.41,3.75888888888889
2026-01-26 13:21:36,38.43,3.76
2026-01-26 13:21:40,38.43,3.76111111111111
2026-01-26 13:25:30,38.48,3.825
2026-01-26 13:25:33,38.47,3.82583333333333
2026-01-26 13:25:35,38.49,3.82638888888889
2026-01-26 13:25:38,38.49,3.82722222222222
2026-01-26 13:30:39,38.54,3.91083333333333
2026-01-26 13:35:19,38.57,3.98861111111111
2026-01-26 13:35:22,38.58,3.98944444444444
2026-01-26 13:35:26,38.59,3.99055555555556
2026-01-26 13:35:29,38.58,3.99138888888889
2026-01-26 13:35:32,38.57,3.99222222222222
2026-01-26 13:35:34,38.57,3.99277777777778
2026-01-26 13:35:37,38.56,3.99361111111111
2026-01-26 13:35:40,38.57,3.99444444444444
2026-01-26 13:35:45,38.59,3.99583333333333
2026-01-26 13:40:45,38.6,4.07916666666667
2026-01-26 13:40:48,38.58,4.08
2026-01-26 13:40:50,38.59,4.08055555555556
2026-01-26 13:40:53,38.59,4.08138888888889
2026-01-26 13:40:56,38.58,4.08222222222222
2026-01-26 13:40:58,38.59,4.08277777777778
2026-01-26 13:41:01,38.59,4.08361111111111
2026-01-26 13:46:02,38.59,4.16722222222222
2026-01-26 13:51:02,38.54,4.25055555555556
2026-01-26 13:56:02,38.49,4.33388888888889
2026-01-26 13:58:19,38.43,4.37194444444444
2026-01-26 13:58:22,38.45,4.37277777777778
2026-01-26 13:58:24,38.43,4.37333333333333
2026-01-26 13:58:27,38.44,4.37416666666667
2026-01-26 13:58:29,38.44,4.37472222222222
2026-01-26 13:58:32,38.42,4.37555555555556
2026-01-26 13:58:34,38.43,4.37611111111111
2026-01-26 13:58:37,38.43,4.37694444444444
2026-01-26 13:58:39,38.41,4.3775
2026-01-26 13:58:42,38.42,4.37833333333333
2026-01-26 13:58:44,38.42,4.37888888888889
2026-01-26 13:58:47,38.43,4.37972222222222
2026-01-26 13:58:50,38.42,4.38055555555556
2026-01-26 13:58:52,38.42,4.38111111111111
2026-01-26 13:58:55,38.42,4.38194444444444
2026-01-26 13:58:58,38.42,4.38277777777778
2026-01-26 14:03:58,38.79,4.46611111111111
2026-01-26 14:08:59,38.89,4.54972222222222
2026-01-26 14:09:27,38.9,4.5575
2026-01-26 14:09:30,38.91,4.55833333333333
2026-01-26 14:09:32,38.89,4.55888888888889
2026-01-26 14:09:35,38.9,4.55972222222222
2026-01-26 14:09:37,38.91,4.56027777777778
2026-01-26 14:09:40,38.89,4.56111111111111
2026-01-26 14:09:43,38.91,4.56194444444444
2026-01-26 14:09:45,38.91,4.5625
2026-01-26 14:09:48,38.9,4.56333333333333
2026-01-26 14:09:50,38.91,4.56388888888889
2026-01-26 14:09:53,38.91,4.56472222222222
2026-01-26 14:09:56,38.9,4.56555555555556
2026-01-26 14:09:58,38.89,4.56611111111111
2026-01-26 14:10:01,38.9,4.56694444444444
2026-01-26 14:10:03,38.9,4.5675
2026-01-26 14:10:05,38.91,4.56805555555556
2026-01-26 14:10:08,38.92,4.56888888888889
2026-01-26 14:10:11,38.92,4.56972222222222
2026-01-26 14:10:13,38.92,4.57027777777778
2026-01-26 14:10:16,38.92,4.57111111111111
2026-01-26 14:10:18,38.92,4.57166666666667
2026-01-26 14:10:21,38.92,4.5725
2026-01-26 14:10:24,38.95,4.57333333333333
2026-01-26 14:10:26,38.92,4.57388888888889
2026-01-26 14:10:29,38.93,4.57472222222222
2026-01-26 14:10:31,38.94,4.57527777777778
2026-01-26 14:10:34,38.94,4.57611111111111
2026-01-26 14:10:37,38.96,4.57694444444444
2026-01-26 14:10:39,38.94,4.5775
2026-01-26 14:10:42,38.96,4.57833333333333
2026-01-26 14:10:44,38.96,4.57888888888889
2026-01-26 14:10:47,38.98,4.57972222222222
2026-01-26 14:10:50,38.96,4.58055555555556
2026-01-26 14:10:52,38.98,4.58111111111111
2026-01-26 14:10:54,38.96,4.58166666666667
2026-01-26 14:10:57,38.99,4.5825
2026-01-26 14:10:59,38.99,4.58305555555556
2026-01-26 14:11:02,38.99,4.58388888888889
2026-01-26 14:11:05,38.98,4.58472222222222
2026-01-26 14:11:07,38.98,4.58527777777778
2026-01-26 14:11:10,38.99,4.58611111111111
2026-01-26 14:11:12,39,4.58666666666667
2026-01-26 14:11:15,39.02,4.5875
2026-01-26 14:11:18,39.02,4.58833333333333
2026-01-26 14:11:20,39,4.58888888888889
2026-01-26 14:11:23,39.01,4.58972222222222
2026-01-26 14:11:25,39,4.59027777777778
2026-01-26 14:11:28,39.02,4.59111111111111
2026-01-26 14:11:31,39.03,4.59194444444444
2026-01-26 14:11:33,39.03,4.5925
2026-01-26 14:11:36,39.03,4.59333333333333
2026-01-26 14:11:38,39.03,4.59388888888889
2026-01-26 14:11:41,39.04,4.59472222222222
2026-01-26 14:11:43,39.04,4.59527777777778
2026-01-26 14:11:46,39.03,4.59611111111111
2026-01-26 14:11:48,39.05,4.59666666666667
2026-01-26 14:11:51,39.05,4.5975
2026-01-26 14:11:53,39.05,4.59805555555556
2026-01-26 14:11:56,39.07,4.59888888888889
2026-01-26 14:11:59,39.05,4.59972222222222
2026-01-26 14:12:01,39.07,4.60027777777778
2026-01-26 14:12:04,39.06,4.60111111111111
2026-01-26 14:12:06,39.07,4.60166666666667
2026-01-26 14:12:09,39.07,4.6025
2026-01-26 14:12:12,39.07,4.60333333333333
2026-01-26 14:12:14,39.07,4.60388888888889
2026-01-26 14:12:17,39.07,4.60472222222222
2026-01-26 14:12:19,39.08,4.60527777777778
2026-01-26 14:12:22,39.08,4.60611111111111
2026-01-26 14:12:25,39.08,4.60694444444444
2026-01-26 14:12:27,39.09,4.6075
2026-01-26 14:12:30,39.09,4.60833333333333
2026-01-26 14:12:32,39.09,4.60888888888889
2026-01-26 14:12:34,39.1,4.60944444444444
2026-01-26 14:12:37,39.1,4.61027777777778
2026-01-26 14:12:40,39.1,4.61111111111111
2026-01-26 14:12:42,39.1,4.61166666666667
2026-01-26 14:12:45,39.1,4.6125
2026-01-26 14:12:47,39.08,4.61305555555556
2026-01-26 14:12:50,39.1,4.61388888888889
2026-01-26 14:12:53,39.12,4.61472222222222
2026-01-26 14:12:55,39.1,4.61527777777778
2026-01-26 14:12:58,39.12,4.61611111111111
2026-01-26 14:13:00,39.1,4.61666666666667
2026-01-26 14:13:03,39.1,4.6175
2026-01-26 14:13:06,39.11,4.61833333333333
2026-01-26 14:13:08,39.11,4.61888888888889
2026-01-26 14:13:11,39.12,4.61972222222222
2026-01-26 14:13:13,39.13,4.62027777777778
2026-01-26 14:13:16,39.11,4.62111111111111
2026-01-26 14:13:19,39.14,4.62194444444444
2026-01-26 14:13:21,39.13,4.6225
2026-01-26 14:13:23,39.14,4.62305555555556
2026-01-26 14:13:26,39.14,4.62388888888889
2026-01-26 14:13:28,39.14,4.62444444444444
2026-01-26 14:13:31,39.13,4.62527777777778
2026-01-26 14:13:34,39.14,4.62611111111111
2026-01-26 14:13:36,39.13,4.62666666666667
2026-01-26 14:13:39,39.12,4.6275
2026-01-26 14:13:41,39.14,4.62805555555556
2026-01-26 14:13:44,39.14,4.62888888888889
2026-01-26 14:13:47,39.15,4.62972222222222
2026-01-26 14:13:49,39.13,4.63027777777778
2026-01-26 14:13:52,39.14,4.63111111111111
2026-01-26 14:13:54,39.13,4.63166666666667
2026-01-26 14:13:57,39.14,4.6325
2026-01-26 14:14:00,39.14,4.63333333333333
2026-01-26 14:14:02,39.15,4.63388888888889
2026-01-26 14:14:05,39.15,4.63472222222222
2026-01-26 14:14:07,39.15,4.63527777777778
2026-01-26 14:14:10,39.15,4.63611111111111
2026-01-26 14:14:12,39.16,4.63666666666667
2026-01-26 14:14:15,39.15,4.6375
2026-01-26 14:14:17,39.16,4.63805555555556
2026-01-26 14:14:20,39.14,4.63888888888889
2026-01-26 14:14:22,39.15,4.63944444444444
2026-01-26 14:14:26,39.15,4.64055555555556
2026-01-26 14:14:30,39.16,4.64166666666667
2026-01-26 14:14:33,39.15,4.6425
2026-01-26 14:14:35,39.16,4.64305555555556
2026-01-26 14:14:38,39.15,4.64388888888889
2026-01-26 14:14:41,39.14,4.64472222222222
2026-01-26 14:14:43,39.16,4.64527777777778
2026-01-26 14:14:46,39.16,4.64611111111111
2026-01-26 14:14:48,39.16,4.64666666666667
2026-01-26 14:14:51,39.15,4.6475
2026-01-26 14:14:54,39.15,4.64833333333333
2026-01-26 14:14:56,39.16,4.64888888888889
2026-01-26 14:14:59,39.16,4.64972222222222
2026-01-26 14:15:01,39.17,4.65027777777778
2026-01-26 14:19:13,39.1,4.72027777777778
2026-01-26 14:19:15,39.1,4.72083333333333
2026-01-26 14:19:18,39.1,4.72166666666667
2026-01-26 14:19:21,39.1,4.7225
2026-01-26 14:19:23,39.08,4.72305555555556
2026-01-26 14:19:26,39.07,4.72388888888889
2026-01-26 14:19:28,39.07,4.72444444444444
2026-01-26 14:19:31,39.08,4.72527777777778
2026-01-26 14:19:34,39.07,4.72611111111111
2026-01-26 14:19:36,39.1,4.72666666666667
2026-01-26 14:19:39,39.08,4.7275
2026-01-26 14:19:41,39.07,4.72805555555556
2026-01-26 14:19:44,39.07,4.72888888888889
2026-01-26 14:19:47,39.08,4.72972222222222
2026-01-26 14:19:49,39.07,4.73027777777778
2026-01-26 14:19:52,39.08,4.73111111111111
2026-01-26 14:19:54,39.08,4.73166666666667
2026-01-26 14:19:57,39.07,4.7325
2026-01-26 14:19:59,39.09,4.73305555555556
2026-01-26 14:20:02,39.07,4.73388888888889
2026-01-26 14:20:04,39.07,4.73444444444444
2026-01-26 14:20:07,39.07,4.73527777777778
2026-01-26 14:20:09,39.07,4.73583333333333
2026-01-26 14:20:12,39.07,4.73666666666667
2026-01-26 14:24:29,39.42,4.80805555555556
2026-01-26 14:24:32,39.4,4.80888888888889
2026-01-26 14:24:34,39.42,4.80944444444444
2026-01-26 14:24:37,39.42,4.81027777777778
2026-01-26 14:24:40,39.42,4.81111111111111
2026-01-26 14:24:42,39.42,4.81166666666667
2026-01-26 14:24:45,39.44,4.8125
2026-01-26 14:24:47,39.44,4.81305555555556
2026-01-26 14:24:50,39.43,4.81388888888889
2026-01-26 14:24:52,39.44,4.81444444444444
2026-01-26 14:24:55,39.46,4.81527777777778
2026-01-26 14:24:57,39.45,4.81583333333333
2026-01-26 14:25:00,39.45,4.81666666666667
2026-01-26 14:25:02,39.45,4.81722222222222
2026-01-26 14:25:05,39.46,4.81805555555556
2026-01-26 14:25:08,39.45,4.81888888888889
2026-01-26 14:25:10,39.46,4.81944444444444
2026-01-26 14:25:13,39.46,4.82027777777778
2026-01-26 14:25:15,39.46,4.82083333333333
2026-01-26 14:25:18,39.45,4.82166666666667
2026-01-26 14:25:21,39.47,4.8225
2026-01-26 14:25:23,39.49,4.82305555555556
2026-01-26 14:25:26,39.47,4.82388888888889
2026-01-26 14:25:28,39.47,4.82444444444444
2026-01-26 14:25:31,39.48,4.82527777777778
2026-01-26 14:25:34,39.48,4.82611111111111
2026-01-26 14:26:20,39.52,4.83888888888889
2026-01-26 14:26:22,39.53,4.83944444444444
2026-01-26 14:31:23,39.13,4.92305555555556
2026-01-26 14:34:31,38.93,4.97527777777778
2026-01-26 14:34:36,38.94,4.97666666666667
2026-01-26 14:34:38,38.91,4.97722222222222
2026-01-26 14:34:42,38.92,4.97833333333333
2026-01-26 14:34:46,38.92,4.97944444444444
2026-01-26 14:34:48,38.91,4.98
2026-01-26 14:34:51,38.91,4.98083333333333
2026-01-26 14:34:53,38.91,4.98138888888889
2026-01-26 14:34:56,38.89,4.98222222222222
2026-01-26 14:34:59,38.91,4.98305555555556
2026-01-26 14:35:01,38.91,4.98361111111111
2026-01-26 14:35:04,38.9,4.98444444444444
2026-01-26 14:35:06,38.9,4.985
2026-01-26 14:35:09,38.89,4.98583333333333
2026-01-26 14:35:12,38.89,4.98666666666667
2026-01-26 14:35:17,38.89,4.98805555555556
2026-01-26 14:35:19,38.89,4.98861111111111
2026-01-26 14:35:22,38.89,4.98944444444444
2026-01-26 14:35:25,38.89,4.99027777777778
2026-01-26 14:40:28,39.24,5.07444444444444
2026-01-26 14:45:29,39.46,5.15805555555556
2026-01-26 14:50:29,39.52,5.24138888888889
2026-01-26 14:55:30,39.45,5.325
2026-01-26 15:00:30,39.3,5.40833333333333
2026-01-26 15:05:31,39.14,5.49194444444444
2026-01-26 15:10:32,38.96,5.57555555555556
2026-01-26 15:15:32,38.76,5.65888888888889
2026-01-26 15:20:33,38.54,5.7425
2026-01-26 15:25:34,38.35,5.82611111111111
2026-01-26 15:30:35,38.14,5.90972222222222
2026-01-26 15:35:35,37.96,5.99305555555556
2026-01-26 15:40:36,37.74,6.07666666666667
2026-01-26 15:45:37,37.57,6.16027777777778
2026-01-26 15:50:37,37.39,6.24361111111111
2026-01-26 15:55:38,37.23,6.32722222222222
2026-01-26 16:00:39,37.09,6.41083333333333
2026-01-26 16:05:39,36.93,6.49416666666667
2026-01-26 16:10:40,36.81,6.57777777777778
2026-01-26 16:15:41,36.67,6.66138888888889
2026-01-26 16:20:41,36.56,6.74472222222222
2026-01-26 16:25:42,36.43,6.82833333333333
2026-01-26 16:30:43,36.31,6.91194444444444
2026-01-26 16:35:43,36.21,6.99527777777778
2026-01-26 16:40:44,36.07,7.07888888888889
2026-01-26 16:45:45,35.96,7.1625
2026-01-26 16:50:46,35.86,7.24611111111111
2026-01-26 16:55:49,35.78,7.33027777777778
2026-01-26 17:00:50,35.7,7.41388888888889
2026-01-26 17:05:50,35.61,7.49722222222222
2026-01-26 17:10:51,35.56,7.58083333333333
2026-01-26 17:15:52,35.48,7.66444444444444
2026-01-26 17:20:55,35.4,7.74861111111111
2026-01-26 17:25:55,35.33,7.83194444444444
2026-01-26 17:30:56,35.27,7.91555555555556
2026-01-26 17:35:57,35.19,7.99916666666667
2026-01-26 17:41:00,35.1,8.08333333333333
2026-01-26 17:46:01,35.04,8.16694444444444
2026-01-26 17:51:01,34.97,8.25027777777778
2026-01-26 17:56:02,34.92,8.33388888888889
2026-01-26 18:01:03,34.86,8.4175
2026-01-26 18:06:04,34.82,8.50111111111111
2026-01-26 18:11:05,34.79,8.58472222222222
2026-01-26 18:16:08,34.74,8.66888888888889
2026-01-26 18:21:08,34.69,8.75222222222222
2026-01-26 18:26:09,34.66,8.83583333333333
2026-01-26 18:31:10,34.6,8.91944444444444
2026-01-26 18:36:10,34.57,9.00277777777778
2026-01-26 18:41:11,34.5,9.08638888888889
2026-01-26 18:46:11,34.48,9.16972222222222
2026-01-26 18:51:12,34.45,9.25333333333333
2026-01-26 18:56:13,34.4,9.33694444444444
2026-01-26 19:01:13,34.39,9.42027777777778
2026-01-26 19:06:14,34.35,9.50388888888889
2026-01-26 19:11:15,34.34,9.5875
2026-01-26 19:16:16,34.32,9.67111111111111
2026-01-26 19:21:16,34.27,9.75444444444445
2026-01-26 19:26:17,34.25,9.83805555555556
2026-01-26 19:31:18,34.21,9.92166666666667
2026-01-26 19:36:18,34.19,10.005
2026-01-26 19:41:20,34.14,10.0888888888889
2026-01-26 19:46:23,34.1,10.1730555555556
2026-01-26 19:51:23,34.09,10.2563888888889
2026-01-26 19:56:24,34.07,10.34
2026-01-26 20:01:25,34.04,10.4236111111111
2026-01-26 20:06:27,34.01,10.5075
2026-01-26 20:11:28,34,10.5911111111111
2026-01-26 20:16:29,33.96,10.6747222222222
2026-01-26 20:21:30,33.96,10.7583333333333
2026-01-26 20:26:31,33.92,10.8419444444444
2026-01-26 20:31:31,33.89,10.9252777777778
2026-01-26 20:36:32,33.85,11.0088888888889
2026-01-26 20:41:32,33.82,11.0922222222222
2026-01-26 20:46:33,33.79,11.1758333333333
2026-01-26 20:51:34,33.77,11.2594444444444
2026-01-26 20:56:35,33.75,11.3430555555556
2026-01-26 21:01:36,33.73,11.4266666666667
2026-01-26 21:06:36,33.71,11.51
2026-01-26 21:11:36,33.73,11.5933333333333
2026-01-26 21:16:37,33.71,11.6769444444444
2026-01-26 21:21:38,33.7,11.7605555555556
2026-01-26 21:26:39,33.67,11.8441666666667
2026-01-26 21:31:39,33.64,11.9275
2026-01-26 21:36:40,33.63,12.0111111111111
2026-01-26 21:41:43,33.61,12.0952777777778
2026-01-26 21:46:44,33.58,12.1788888888889
2026-01-26 21:51:45,33.57,12.2625
2026-01-26 21:56:45,33.57,12.3458333333333
2026-01-26 22:01:46,33.56,12.4294444444444
2026-01-26 22:06:47,33.57,12.5130555555556
2026-01-26 22:11:47,33.57,12.5963888888889
2026-01-26 22:16:48,33.55,12.68
2026-01-26 22:21:49,33.54,12.7636111111111
2026-01-26 22:26:50,33.53,12.8472222222222
2026-01-26 22:31:50,33.52,12.9305555555556
2026-01-26 22:36:51,33.49,13.0141666666667
2026-01-26 22:41:51,33.48,13.0975
2026-01-26 22:46:52,33.47,13.1811111111111
2026-01-26 22:51:53,33.46,13.2647222222222
2026-01-26 22:56:53,33.46,13.3480555555556
2026-01-26 23:01:54,33.46,13.4316666666667
2026-01-26 23:06:55,33.46,13.5152777777778
2026-01-26 23:11:55,33.49,13.5986111111111
2026-01-26 23:16:56,33.49,13.6822222222222
2026-01-26 23:21:57,33.46,13.7658333333333
2026-01-26 23:26:58,33.45,13.8494444444444
2026-01-26 23:31:58,33.45,13.9327777777778
2026-01-26 23:36:59,33.42,14.0163888888889
2026-01-26 23:42:00,33.41,14.1
2026-01-26 23:47:00,33.39,14.1833333333333
2026-01-26 23:52:01,33.39,14.2669444444444
2026-01-26 23:57:02,33.38,14.3505555555556
2026-01-27 00:02:03,33.39,14.4341666666667
2026-01-27 00:07:03,33.4,14.5175
2026-01-27 00:12:03,33.41,14.6008333333333
2026-01-27 00:17:04,33.41,14.6844444444444
2026-01-27 00:22:05,33.39,14.7680555555556
2026-01-27 00:27:06,33.39,14.8516666666667
2026-01-27 00:32:09,33.37,14.9358333333333
2026-01-27 00:37:10,33.35,15.0194444444444
2026-01-27 00:42:10,33.34,15.1027777777778
2026-01-27 00:47:11,33.31,15.1863888888889
2026-01-27 00:52:12,33.32,15.27
2026-01-27 00:57:15,33.31,15.3541666666667
2026-01-27 01:02:16,33.32,15.4377777777778
2026-01-27 01:07:17,33.31,15.5213888888889
2026-01-27 01:12:17,33.32,15.6047222222222
2026-01-27 01:17:18,33.32,15.6883333333333
2026-01-27 01:22:18,33.32,15.7716666666667
2026-01-27 01:27:19,33.31,15.8552777777778
2026-01-27 01:32:20,33.31,15.9388888888889
2026-01-27 01:37:20,33.28,16.0222222222222
2026-01-27 01:42:21,33.25,16.1058333333333
2026-01-27 01:47:22,33.25,16.1894444444444
2026-01-27 01:52:22,33.25,16.2727777777778
2026-01-27 01:57:23,33.24,16.3563888888889
2026-01-27 02:02:24,33.24,16.44
2026-01-27 02:07:25,33.26,16.5236111111111
2026-01-27 02:12:25,33.27,16.6069444444444
2026-01-27 02:17:26,33.24,16.6905555555556
2026-01-27 02:22:27,33.27,16.7741666666667
2026-01-27 02:27:27,33.25,16.8575
2026-01-27 02:32:28,33.24,16.9411111111111
2026-01-27 02:37:29,33.24,17.0247222222222
2026-01-27 02:42:30,33.21,17.1083333333333
2026-01-27 02:47:30,33.21,17.1916666666667
2026-01-27 02:52:31,33.2,17.2752777777778
2026-01-27 02:57:34,33.21,17.3594444444444
2026-01-27 03:02:35,33.21,17.4430555555556
2026-01-27 03:07:36,33.21,17.5266666666667
2026-01-27 03:12:39,33.23,17.6108333333333
2026-01-27 03:17:39,33.24,17.6941666666667
2026-01-27 03:22:40,33.24,17.7777777777778
2026-01-27 03:27:41,33.21,17.8613888888889
2026-01-27 03:32:41,33.21,17.9447222222222
2026-01-27 03:37:42,33.2,18.0283333333333
2026-01-27 03:42:43,33.19,18.1119444444444
2026-01-27 03:47:44,33.19,18.1955555555556
2026-01-27 03:52:44,33.18,18.2788888888889
2026-01-27 03:57:45,33.17,18.3625
2026-01-27 04:02:46,33.19,18.4461111111111
2026-01-27 04:07:46,33.21,18.5294444444444
2026-01-27 04:12:47,33.21,18.6130555555556
2026-01-27 04:17:47,33.21,18.6963888888889
2026-01-27 04:22:48,33.2,18.78
2026-01-27 04:27:49,33.21,18.8636111111111
2026-01-27 04:32:49,33.21,18.9469444444444
2026-01-27 04:37:50,33.21,19.0305555555556
2026-01-27 04:42:51,33.17,19.1141666666667
2026-01-27 04:47:52,33.17,19.1977777777778
2026-01-27 04:52:52,33.17,19.2811111111111
2026-01-27 04:57:53,33.17,19.3647222222222
2026-01-27 05:02:54,33.18,19.4483333333333
2026-01-27 05:07:54,33.2,19.5316666666667
2026-01-27 05:12:55,33.2,19.6152777777778
2026-01-27 05:17:56,33.19,19.6988888888889
2026-01-27 05:22:57,33.2,19.7825
2026-01-27 05:27:57,33.19,19.8658333333333
2026-01-27 05:32:58,33.17,19.9494444444444
2026-01-27 05:37:58,33.17,20.0327777777778
2026-01-27 05:42:59,33.17,20.1163888888889
2026-01-27 05:48:00,33.16,20.2
2026-01-27 05:53:00,33.16,20.2833333333333
2026-01-27 05:58:01,33.14,20.3669444444444
2026-01-27 06:03:02,33.17,20.4505555555556
2026-01-27 06:08:02,33.17,20.5338888888889
2026-01-27 06:13:03,33.2,20.6175
2026-01-27 06:18:04,33.19,20.7011111111111
2026-01-27 06:23:05,33.2,20.7847222222222
2026-01-27 06:28:05,33.2,20.8680555555556
2026-01-27 06:33:06,33.21,20.9516666666667
2026-01-27 06:38:07,33.18,21.0352777777778
2026-01-27 06:43:07,33.17,21.1186111111111
2026-01-27 06:48:08,33.18,21.2022222222222
2026-01-27 06:53:08,33.18,21.2855555555556
2026-01-27 06:58:09,33.19,21.3691666666667
2026-01-27 07:03:10,33.22,21.4527777777778
2026-01-27 07:08:11,33.23,21.5363888888889
2026-01-27 07:13:11,33.24,21.6197222222222
2026-01-27 07:18:12,33.25,21.7033333333333
2026-01-27 07:23:13,33.26,21.7869444444444
2026-01-27 07:28:16,33.26,21.8711111111111
2026-01-27 07:33:17,33.26,21.9547222222222
2026-01-27 07:38:17,33.27,22.0380555555556
2026-01-27 07:43:18,33.27,22.1216666666667
2026-01-27 07:48:19,33.7,22.2052777777778
2026-01-27 07:53:20,34.96,22.2888888888889
2026-01-27 07:58:20,35.65,22.3722222222222
2026-01-27 08:03:21,36.05,22.4558333333333
2026-01-27 08:08:22,36.23,22.5394444444444
2026-01-27 08:13:22,36.32,22.6227777777778
2026-01-27 08:18:23,36.3,22.7063888888889
2026-01-27 08:23:23,36.25,22.7897222222222
2026-01-27 08:28:24,36.19,22.8733333333333
2026-01-27 08:33:25,36.08,22.9569444444444
2026-01-27 08:38:25,36.03,23.0402777777778
2026-01-27 08:43:26,35.96,23.1238888888889
2026-01-27 08:48:27,35.92,23.2075
2026-01-27 08:53:28,35.88,23.2911111111111
2026-01-27 08:58:28,35.88,23.3744444444444
2026-01-27 09:03:29,35.85,23.4580555555556
2026-01-27 09:08:30,35.86,23.5416666666667
2026-01-27 09:13:30,35.85,23.625
2026-01-27 09:18:31,35.85,23.7086111111111
2026-01-27 09:23:32,35.83,23.7922222222222
2026-01-27 09:28:33,35.82,23.8758333333333
2026-01-27 09:33:33,35.83,23.9591666666667
2026-01-27 09:38:34,35.83,24.0427777777778
2026-01-27 09:43:34,35.85,24.1261111111111
2026-01-27 09:48:35,35.88,24.2097222222222
2026-01-27 09:53:36,35.9,24.2933333333333
2026-01-27 09:58:36,35.95,24.3766666666667
2026-01-27 10:03:37,35.98,24.4602777777778
2026-01-27 10:08:38,36.03,24.5438888888889
2026-01-27 10:13:39,36.07,24.6275
2026-01-27 10:18:39,36.07,24.7108333333333
2026-01-27 10:23:40,36.1,24.7944444444444
2026-01-27 10:28:41,36.11,24.8780555555556
2026-01-27 10:33:41,36.15,24.9613888888889
2026-01-27 10:38:42,36.17,25.045
2026-01-27 10:43:43,36.19,25.1286111111111
2026-01-27 10:48:44,36.23,25.2122222222222
2026-01-27 10:53:44,36.27,25.2955555555556
2026-01-27 10:58:45,36.33,25.3791666666667
2026-01-27 11:03:46,36.35,25.4627777777778
2026-01-27 11:08:46,36.41,25.5461111111111
2026-01-27 11:13:47,36.43,25.6297222222222
2026-01-27 11:18:47,36.47,25.7130555555556
2026-01-27 11:23:48,36.49,25.7966666666667
2026-01-27 11:28:49,36.53,25.8802777777778
2026-01-27 11:33:49,36.56,25.9636111111111
2026-01-27 11:38:50,36.57,26.0472222222222
2026-01-27 11:43:51,36.6,26.1308333333333
2026-01-27 11:48:52,36.65,26.2144444444444
2026-01-27 11:53:53,36.68,26.2980555555556
2026-01-27 11:58:53,36.72,26.3813888888889
2026-01-27 12:03:54,36.76,26.465
2026-01-27 12:08:55,36.82,26.5486111111111
2026-01-27 12:13:55,36.85,26.6319444444444
2026-01-27 12:18:56,36.88,26.7155555555556
2026-01-27 12:23:57,36.9,26.7991666666667
2026-01-27 12:28:57,36.93,26.8825
2026-01-27 12:33:58,36.96,26.9661111111111
2026-01-27 12:38:58,36.98,27.0494444444444
2026-01-27 12:43:59,37.02,27.1330555555556
2026-01-27 12:49:00,37.06,27.2166666666667
2026-01-27 12:54:00,37.08,27.3
2026-01-27 12:59:01,37.11,27.3836111111111
2026-01-27 13:04:02,37.13,27.4672222222222
2026-01-27 13:09:03,37.19,27.5508333333333
2026-01-27 13:14:03,37.21,27.6341666666667
2026-01-27 13:19:04,37.24,27.7177777777778
2026-01-27 13:24:05,37.28,27.8013888888889
2026-01-27 13:29:05,37.28,27.8847222222222
2026-01-27 13:34:06,37.5,27.9683333333333
2026-01-27 13:39:07,38.85,28.0519444444444
2026-01-27 13:44:08,39.47,28.1355555555556
2026-01-27 13:49:08,39.81,28.2188888888889
2026-01-27 13:54:09,39.92,28.3025
2026-01-27 13:59:10,39.92,28.3861111111111
2026-01-27 14:04:10,39.86,28.4694444444444
2026-01-27 14:09:11,39.78,28.5530555555556
2026-01-27 14:14:11,39.67,28.6363888888889
2026-01-27 14:19:12,39.56,28.72
2026-01-27 14:24:13,39.44,28.8036111111111
2026-01-27 14:29:13,39.33,28.8869444444444
2026-01-27 14:34:14,39.24,28.9705555555556
2026-01-27 14:39:15,39.14,29.0541666666667
2026-01-27 14:44:16,39.04,29.1377777777778
2026-01-27 14:49:16,38.98,29.2211111111111
2026-01-27 14:54:17,38.92,29.3047222222222
2026-01-27 14:59:18,38.89,29.3883333333333
2026-01-27 15:04:19,38.84,29.4719444444444
2026-01-27 15:09:19,38.82,29.5552777777778
2026-01-27 15:14:19,38.78,29.6386111111111
2026-01-27 15:19:20,38.74,29.7222222222222
2026-01-27 15:24:21,38.71,29.8058333333333
2026-01-27 15:29:22,38.67,29.8894444444444
2026-01-27 15:34:22,38.64,29.9727777777778
2026-01-27 15:39:23,38.6,30.0563888888889
2026-01-27 15:44:24,38.57,30.14
2026-01-27 15:49:24,38.58,30.2233333333333
2026-01-27 15:54:25,38.56,30.3069444444444
2026-01-27 15:59:26,38.57,30.3905555555556
2026-01-27 16:04:27,38.55,30.4741666666667
2026-01-27 16:09:27,38.56,30.5575
2026-01-27 16:14:28,38.57,30.6411111111111
2026-01-27 16:19:29,38.54,30.7247222222222
2026-01-27 16:24:29,38.53,30.8080555555556
2026-01-27 16:29:30,38.51,30.8916666666667
2026-01-27 16:34:31,38.5,30.9752777777778
2026-01-27 16:39:32,38.49,31.0588888888889
2026-01-27 16:44:32,38.49,31.1422222222222
2026-01-27 16:49:33,38.46,31.2258333333333
2026-01-27 16:54:33,38.45,31.3091666666667
2026-01-27 16:59:34,38.47,31.3927777777778
2026-01-27 17:04:35,38.47,31.4763888888889
2026-01-27 17:09:35,38.48,31.5597222222222
2026-01-27 17:14:36,38.47,31.6433333333333
2026-01-27 17:19:37,38.47,31.7269444444444
2026-01-27 17:24:38,38.45,31.8105555555556
2026-01-27 17:29:38,38.44,31.8938888888889
2026-01-27 17:34:39,38.42,31.9775
2026-01-27 17:39:40,38.4,32.0611111111111
2026-01-27 17:44:40,38.39,32.1444444444444
2026-01-27 17:49:41,38.39,32.2280555555556
2026-01-27 17:54:42,38.39,32.3116666666667
2026-01-27 17:59:43,38.39,32.3952777777778
2026-01-27 18:04:43,38.39,32.4786111111111
2026-01-27 18:09:43,38.39,32.5619444444444
2026-01-27 18:14:44,38.39,32.6455555555556
2026-01-27 18:19:45,38.37,32.7291666666667
2026-01-27 18:24:46,38.35,32.8127777777778
2026-01-27 18:29:46,38.34,32.8961111111111
2026-01-27 18:34:47,38.32,32.9797222222222
2026-01-27 18:39:48,38.31,33.0633333333333
2026-01-27 18:44:48,38.29,33.1466666666667
2026-01-27 18:49:49,38.28,33.2302777777778
2026-01-27 18:54:50,38.27,33.3138888888889
2026-01-27 18:59:51,38.26,33.3975
2026-01-27 19:04:51,38.25,33.4808333333333
2026-01-27 19:09:52,38.24,33.5644444444444
2026-01-27 19:14:53,38.24,33.6480555555556
2026-01-27 19:19:53,38.21,33.7313888888889
2026-01-27 19:24:54,38.18,33.815
2026-01-27 19:29:55,38.19,33.8986111111111
2026-01-27 19:34:55,38.15,33.9819444444444
2026-01-27 19:39:56,38.14,34.0655555555556
2026-01-27 19:44:57,38.11,34.1491666666667
2026-01-27 19:49:57,38.1,34.2325
2026-01-27 19:54:58,38.1,34.3161111111111
2026-01-27 19:59:59,38.09,34.3997222222222
2026-01-27 20:04:59,38.08,34.4830555555556
2026-01-27 20:10:00,38.09,34.5666666666667
2026-01-27 20:15:01,38.08,34.6502777777778
2026-01-27 20:20:02,38.05,34.7338888888889
2026-01-27 20:25:02,38.03,34.8172222222222
2026-01-27 20:30:03,38.02,34.9008333333333
2026-01-27 20:35:04,37.99,34.9844444444444
2026-01-27 20:40:04,37.97,35.0677777777778
2026-01-27 20:45:05,37.95,35.1513888888889
2026-01-27 20:50:06,37.92,35.235
2026-01-27 20:55:07,37.92,35.3186111111111
2026-01-27 21:00:07,37.92,35.4019444444444
2026-01-27 21:05:07,37.91,35.4852777777778
2026-01-27 21:10:08,37.9,35.5688888888889
2026-01-27 21:15:09,37.89,35.6525
2026-01-27 21:20:10,37.87,35.7361111111111
2026-01-27 21:25:10,37.84,35.8194444444444
2026-01-27 21:30:11,37.83,35.9030555555556
2026-01-27 21:35:12,37.79,35.9866666666667
2026-01-27 21:40:12,37.75,36.07
2026-01-27 21:45:13,37.74,36.1536111111111
2026-01-27 21:50:14,37.73,36.2372222222222
2026-01-27 21:55:15,37.71,36.3208333333333
2026-01-27 22:00:15,37.7,36.4041666666667
2026-01-27 22:05:16,37.71,36.4877777777778
2026-01-27 22:10:17,37.71,36.5713888888889
2026-01-27 22:15:17,37.67,36.6547222222222
2026-01-27 22:20:18,37.67,36.7383333333333
2026-01-27 22:25:18,37.63,36.8216666666667
2026-01-27 22:30:19,37.63,36.9052777777778
2026-01-27 22:35:20,37.58,36.9888888888889
2026-01-27 22:40:21,37.57,37.0725
2026-01-27 22:45:21,37.55,37.1558333333333
2026-01-27 22:50:22,37.55,37.2394444444444
2026-01-27 22:55:23,37.53,37.3230555555556
2026-01-27 23:00:23,37.52,37.4063888888889
2026-01-27 23:05:24,37.52,37.49
2026-01-27 23:10:25,37.5,37.5736111111111
2026-01-27 23:15:26,37.49,37.6572222222222
2026-01-27 23:20:26,37.46,37.7405555555556
2026-01-27 23:25:27,37.44,37.8241666666667
2026-01-27 23:30:28,37.41,37.9077777777778
2026-01-27 23:35:28,37.39,37.9911111111111
2026-01-27 23:40:29,37.38,38.0747222222222
2026-01-27 23:45:29,37.35,38.1580555555556
2026-01-27 23:50:30,37.33,38.2416666666667
2026-01-27 23:55:31,37.33,38.3252777777778
2026-01-28 00:00:32,37.32,38.4088888888889
2026-01-28 00:05:32,37.32,38.4922222222222
2026-01-28 00:10:33,37.32,38.5758333333333
2026-01-28 00:15:34,37.3,38.6594444444444
2026-01-28 00:20:34,37.28,38.7427777777778
2026-01-28 00:25:35,37.25,38.8263888888889
2026-01-28 00:30:36,37.23,38.91
2026-01-28 00:35:37,37.21,38.9936111111111
2026-01-28 00:40:37,37.18,39.0769444444444
2026-01-28 00:45:38,37.17,39.1605555555556
2026-01-28 00:50:39,37.15,39.2441666666667
2026-01-28 00:55:39,37.16,39.3275
2026-01-28 01:00:40,37.17,39.4111111111111
2026-01-28 01:05:41,37.17,39.4947222222222
2026-01-28 01:10:41,37.14,39.5780555555556
2026-01-28 01:15:42,37.16,39.6616666666667
2026-01-28 01:20:42,37.14,39.745
2026-01-28 01:25:43,37.1,39.8286111111111
2026-01-28 01:30:44,37.08,39.9122222222222
2026-01-28 01:35:45,37.07,39.9958333333333
2026-01-28 01:40:45,37.07,40.0791666666667
2026-01-28 01:45:46,37.04,40.1627777777778
2026-01-28 01:50:47,37.03,40.2463888888889
2026-01-28 01:55:47,37.03,40.3297222222222
2026-01-28 02:00:48,37.03,40.4133333333333
2026-01-28 02:05:49,37.03,40.4969444444444
2026-01-28 02:10:50,37.03,40.5805555555556
2026-01-28 02:15:50,37.03,40.6638888888889
2026-01-28 02:20:51,37.01,40.7475
2026-01-28 02:25:52,36.99,40.8311111111111
2026-01-28 02:30:52,36.99,40.9144444444444
2026-01-28 02:35:53,36.97,40.9980555555556
2026-01-28 02:40:53,36.94,41.0813888888889
2026-01-28 02:45:54,36.92,41.165
2026-01-28 02:50:55,36.92,41.2486111111111
2026-01-28 02:55:56,36.92,41.3322222222222
2026-01-28 03:00:56,36.92,41.4155555555556
2026-01-28 03:05:57,36.91,41.4991666666667
2026-01-28 03:10:58,36.92,41.5827777777778
2026-01-28 03:15:58,36.89,41.6661111111111
2026-01-28 03:20:59,36.9,41.7497222222222
2026-01-28 03:26:00,36.86,41.8333333333333
2026-01-28 03:31:01,36.85,41.9169444444444
2026-01-28 03:36:01,36.84,42.0002777777778
2026-01-28 03:41:02,36.83,42.0838888888889
2026-01-28 03:46:03,36.82,42.1675
2026-01-28 03:51:03,36.82,42.2508333333333
2026-01-28 03:56:04,36.82,42.3344444444444
2026-01-28 04:01:04,36.81,42.4177777777778
2026-01-28 04:06:05,36.82,42.5013888888889
2026-01-28 04:11:06,36.82,42.585
2026-01-28 04:16:06,36.79,42.6683333333333
2026-01-28 04:21:07,36.78,42.7519444444444
2026-01-28 04:26:08,36.77,42.8355555555556
2026-01-28 04:31:09,36.75,42.9191666666667
2026-01-28 04:36:09,36.71,43.0025
2026-01-28 04:41:10,36.71,43.0861111111111
2026-01-28 04:46:11,36.71,43.1697222222222
2026-01-28 04:51:11,36.7,43.2530555555556
2026-01-28 04:56:12,36.68,43.3366666666667
2026-01-28 05:01:13,36.69,43.4202777777778
2026-01-28 05:06:14,36.69,43.5038888888889
2026-01-28 05:11:14,36.68,43.5872222222222
2026-01-28 05:16:15,36.68,43.6708333333333
2026-01-28 05:21:15,36.66,43.7541666666667
2026-01-28 05:26:16,36.65,43.8377777777778
2026-01-28 05:31:17,36.66,43.9213888888889
2026-01-28 05:36:17,36.62,44.0047222222222
2026-01-28 05:41:18,36.61,44.0883333333333
2026-01-28 05:46:19,36.61,44.1719444444444
2026-01-28 05:51:20,36.61,44.2555555555556
2026-01-28 05:56:20,36.61,44.3388888888889
2026-01-28 06:01:21,36.62,44.4225
2026-01-28 06:06:22,36.64,44.5061111111111
2026-01-28 06:11:22,36.62,44.5894444444444
2026-01-28 06:16:23,36.64,44.6730555555556
2026-01-28 06:21:24,36.61,44.7566666666667
2026-01-28 06:26:25,36.6,44.8402777777778
2026-01-28 06:31:25,36.58,44.9236111111111
2026-01-28 06:36:25,36.56,45.0069444444444
2026-01-28 06:41:26,36.57,45.0905555555556
2026-01-28 06:46:27,36.55,45.1741666666667
2026-01-28 06:51:28,36.55,45.2577777777778
2026-01-28 06:56:28,36.55,45.3411111111111
2026-01-28 07:01:29,36.55,45.4247222222222
2026-01-28 07:06:30,36.56,45.5083333333333
2026-01-28 07:11:31,36.57,45.5919444444444
2026-01-28 07:16:34,36.56,45.6761111111111
2026-01-28 07:21:35,36.53,45.7597222222222
2026-01-28 07:26:35,36.53,45.8430555555556
2026-01-28 07:31:36,36.5,45.9266666666667
2026-01-28 07:36:37,36.49,46.0102777777778
2026-01-28 07:41:37,36.48,46.0936111111111
2026-01-28 07:42:22,36.48,46.1061111111111
2026-01-28 07:42:26,36.49,46.1072222222222
2026-01-28 07:42:29,36.49,46.1080555555556
2026-01-28 07:42:31,36.48,46.1086111111111
2026-01-28 07:42:34,36.48,46.1094444444444
2026-01-28 07:42:37,36.46,46.1102777777778
2026-01-28 07:42:39,36.49,46.1108333333333
2026-01-28 07:42:41,36.48,46.1113888888889
2026-01-28 07:42:44,36.48,46.1122222222222
2026-01-28 07:42:46,36.48,46.1127777777778
2026-01-28 07:42:49,36.49,46.1136111111111
2026-01-28 07:42:52,36.48,46.1144444444444
2026-01-28 07:42:54,36.49,46.115
2026-01-28 07:42:57,36.47,46.1158333333333
2026-01-28 07:42:59,36.48,46.1163888888889
2026-01-28 07:43:02,36.48,46.1172222222222
2026-01-28 07:43:05,36.46,46.1180555555556
2026-01-28 07:43:07,36.49,46.1186111111111
2026-01-28 07:43:10,36.48,46.1194444444444
2026-01-28 07:43:12,36.49,46.12
2026-01-28 07:43:15,36.48,46.1208333333333
2026-01-28 07:43:18,36.47,46.1216666666667
2026-01-28 07:43:20,36.48,46.1222222222222
2026-01-28 07:43:23,36.46,46.1230555555556
2026-01-28 07:43:25,36.49,46.1236111111111
2026-01-28 07:43:28,36.48,46.1244444444444
2026-01-28 07:48:28,36.85,46.2077777777778
2026-01-28 07:51:08,36.99,46.2522222222222
2026-01-28 07:51:10,37,46.2527777777778
2026-01-28 07:51:13,36.99,46.2536111111111
2026-01-28 07:51:16,37.01,46.2544444444444
2026-01-28 07:51:18,36.99,46.255
2026-01-28 07:51:21,36.99,46.2558333333333
2026-01-28 07:51:23,37.01,46.2563888888889
2026-01-28 07:51:26,37,46.2572222222222
2026-01-28 07:51:28,37.01,46.2577777777778
2026-01-28 07:51:31,37.01,46.2586111111111
2026-01-28 07:51:34,37,46.2594444444444
2026-01-28 07:51:36,37.01,46.26
2026-01-28 07:51:39,36.99,46.2608333333333
2026-01-28 07:51:42,37.01,46.2616666666667
2026-01-28 07:51:44,37,46.2622222222222
2026-01-28 07:51:49,37.01,46.2636111111111
2026-01-28 07:51:52,37,46.2644444444444
2026-01-28 07:51:54,36.99,46.265
2026-01-28 07:51:59,37.01,46.2663888888889
2026-01-28 07:52:02,37.01,46.2672222222222
2026-01-28 07:52:43,37.03,46.2786111111111
2026-01-28 07:52:45,37.03,46.2791666666667
2026-01-28 07:52:48,37.02,46.28
2026-01-28 07:52:50,37.03,46.2805555555556
2026-01-28 07:52:53,37.01,46.2813888888889
2026-01-28 07:52:56,37.03,46.2822222222222
2026-01-28 07:52:58,37.03,46.2827777777778
2026-01-28 07:53:01,37.03,46.2836111111111
2026-01-28 07:53:03,37.03,46.2841666666667
2026-01-28 07:53:06,37.03,46.285
2026-01-28 07:53:09,37.03,46.2858333333333
2026-01-28 07:53:11,37.03,46.2863888888889
2026-01-28 07:53:14,37.03,46.2872222222222
2026-01-28 07:53:16,37.04,46.2877777777778
2026-01-28 07:53:19,37.03,46.2886111111111
2026-01-28 07:53:21,37.04,46.2891666666667
2026-01-28 07:53:24,37.03,46.29
2026-01-28 07:53:26,37.04,46.2905555555556
2026-01-28 07:53:29,37.03,46.2913888888889
2026-01-28 07:53:32,37.03,46.2922222222222
2026-01-28 07:53:34,37.03,46.2927777777778
2026-01-28 07:53:37,37.03,46.2936111111111
2026-01-28 07:53:39,37.03,46.2941666666667
2026-01-28 07:53:42,37.04,46.295
2026-01-28 07:53:45,37.04,46.2958333333333
2026-01-28 07:53:47,37.03,46.2963888888889
2026-01-28 07:53:50,37.03,46.2972222222222
2026-01-28 07:53:52,37.03,46.2977777777778
2026-01-28 07:53:55,37.03,46.2986111111111
2026-01-28 07:53:57,37.04,46.2991666666667
2026-01-28 07:54:00,37.03,46.3
2026-01-28 07:54:03,37.06,46.3008333333333
2026-01-28 07:54:05,37.04,46.3013888888889
2026-01-28 07:54:08,37.04,46.3022222222222
2026-01-28 07:54:10,37.03,46.3027777777778
2026-01-28 07:54:13,37.04,46.3036111111111
2026-01-28 07:54:15,37.03,46.3041666666667
2026-01-28 07:54:18,37.03,46.305
2026-01-28 07:54:20,37.06,46.3055555555556
2026-01-28 07:54:23,37.03,46.3063888888889
2026-01-28 07:54:26,37.04,46.3072222222222
2026-01-28 07:54:28,37.04,46.3077777777778
2026-01-28 07:54:31,37.05,46.3086111111111
2026-01-28 07:54:33,37.05,46.3091666666667
2026-01-28 07:54:36,37.04,46.31
2026-01-28 07:54:39,37.04,46.3108333333333
2026-01-28 07:54:41,37.05,46.3113888888889
2026-01-28 07:54:44,37.03,46.3122222222222
2026-01-28 07:54:46,37.03,46.3127777777778
2026-01-28 07:54:49,37.06,46.3136111111111
2026-01-28 07:54:52,37.05,46.3144444444444
2026-01-28 07:54:54,37.05,46.315
2026-01-28 07:54:57,37.06,46.3158333333333
2026-01-28 07:54:59,37.03,46.3163888888889
2026-01-28 07:55:01,37.04,46.3169444444444
2026-01-28 07:55:04,37.05,46.3177777777778
2026-01-28 07:55:07,37.03,46.3186111111111
2026-01-28 07:55:10,37.05,46.3194444444444
2026-01-28 07:55:13,37.04,46.3202777777778
2026-01-28 07:55:17,37.06,46.3213888888889
2026-01-28 07:55:20,37.06,46.3222222222222
2026-01-28 07:55:22,37.05,46.3227777777778
2026-01-28 07:55:25,37.05,46.3236111111111
2026-01-28 07:55:27,37.04,46.3241666666667
2026-01-28 07:55:30,37.05,46.325
2026-01-28 07:55:33,37.05,46.3258333333333
2026-01-28 07:55:35,37.05,46.3263888888889
2026-01-28 07:55:38,37.05,46.3272222222222
2026-01-28 07:55:40,37.03,46.3277777777778
2026-01-28 07:55:43,37.04,46.3286111111111
2026-01-28 07:55:46,37.05,46.3294444444444
2026-01-28 07:55:48,37.06,46.33
2026-01-28 07:55:51,37.06,46.3308333333333
2026-01-28 07:55:55,37.05,46.3319444444444
2026-01-28 07:55:58,37.03,46.3327777777778
2026-01-28 07:56:01,37.04,46.3336111111111
2026-01-28 07:56:03,37.05,46.3341666666667
2026-01-28 07:56:06,37.04,46.335
2026-01-28 07:56:08,37.05,46.3355555555556
2026-01-28 07:56:11,37.03,46.3363888888889
2026-01-28 07:56:14,37.03,46.3372222222222
2026-01-28 07:56:16,37.03,46.3377777777778
2026-01-28 07:56:19,37.05,46.3386111111111
2026-01-28 07:56:21,37.04,46.3391666666667
2026-01-28 07:56:24,37.05,46.34
2026-01-28 07:56:27,37.03,46.3408333333333
2026-01-28 07:56:29,37.04,46.3413888888889
2026-01-28 07:56:32,37.03,46.3422222222222
2026-01-28 07:56:37,37.05,46.3436111111111
2026-01-28 07:56:39,37.04,46.3441666666667
2026-01-28 07:56:42,37.04,46.345
2026-01-28 07:56:44,37.05,46.3455555555556
2026-01-28 07:56:47,37.03,46.3463888888889
2026-01-28 07:56:49,37.05,46.3469444444444
2026-01-28 07:56:52,37.05,46.3477777777778
2026-01-28 07:56:55,37.03,46.3486111111111
2026-01-28 07:56:57,37.06,46.3491666666667
2026-01-28 07:57:00,37.04,46.35
2026-01-28 07:57:03,37.05,46.3508333333333
2026-01-28 07:57:08,37.03,46.3522222222222
2026-01-28 07:57:10,37.04,46.3527777777778
2026-01-28 07:57:13,37.04,46.3536111111111
2026-01-28 07:57:15,37.04,46.3541666666667
2026-01-28 07:57:18,37.04,46.355
2026-01-28 07:57:21,37.03,46.3558333333333
2026-01-28 07:57:26,37.04,46.3572222222222
2026-01-28 07:57:28,37.05,46.3577777777778
2026-01-28 07:57:30,37.04,46.3583333333333
2026-01-28 07:57:33,37.05,46.3591666666667
2026-01-28 07:57:36,37.06,46.36
2026-01-28 07:57:38,37.06,46.3605555555556
2026-01-28 07:57:41,37.07,46.3613888888889
2026-01-28 07:57:43,37.06,46.3619444444444
2026-01-28 07:57:47,37.05,46.3630555555556
2026-01-28 07:57:52,37.04,46.3644444444444
2026-01-28 07:57:56,37.05,46.3655555555556
2026-01-28 07:57:59,37.06,46.3663888888889
2026-01-28 07:58:02,37.05,46.3672222222222
2026-01-28 07:58:07,37.06,46.3686111111111
2026-01-28 07:58:10,37.05,46.3694444444444
2026-01-28 07:58:13,37.06,46.3702777777778
2026-01-28 07:58:17,37.05,46.3713888888889
2026-01-28 07:58:19,37.06,46.3719444444444
2026-01-28 07:58:22,37.07,46.3727777777778
2026-01-28 07:58:24,37.06,46.3733333333333
2026-01-28 07:58:27,37.06,46.3741666666667
2026-01-28 07:58:30,37.07,46.375
2026-01-28 07:58:32,37.06,46.3755555555556
2026-01-28 07:58:35,37.07,46.3763888888889
2026-01-28 07:58:37,37.07,46.3769444444444
2026-01-28 07:58:41,37.06,46.3780555555556
2026-01-28 07:58:45,37.07,46.3791666666667
2026-01-28 07:58:48,37.07,46.38
2026-01-28 07:58:50,37.07,46.3805555555556
2026-01-28 07:58:53,37.06,46.3813888888889
2026-01-28 07:58:56,37.07,46.3822222222222
2026-01-28 07:58:58,37.07,46.3827777777778
2026-01-28 07:59:01,37.06,46.3836111111111
2026-01-28 07:59:03,37.07,46.3841666666667
2026-01-28 07:59:06,37.06,46.385
2026-01-28 07:59:08,37.07,46.3855555555556
2026-01-28 07:59:11,37.07,46.3863888888889
2026-01-28 07:59:16,37.06,46.3877777777778
2026-01-28 07:59:21,37.07,46.3891666666667
2026-01-28 07:59:24,37.07,46.39
2026-01-28 07:59:26,37.09,46.3905555555556
2026-01-28 07:59:29,37.06,46.3913888888889
2026-01-28 07:59:31,37.07,46.3919444444444
2026-01-28 07:59:34,37.07,46.3927777777778
2026-01-28 07:59:37,37.08,46.3936111111111
2026-01-28 07:59:39,37.07,46.3941666666667
2026-01-28 07:59:42,37.07,46.395
2026-01-28 07:59:45,37.07,46.3958333333333
2026-01-28 07:59:50,37.07,46.3972222222222
2026-01-28 07:59:55,37.07,46.3986111111111
2026-01-28 07:59:57,37.09,46.3991666666667
2026-01-28 08:00:00,37.08,46.4
2026-01-28 08:00:02,37.07,46.4005555555556
2026-01-28 08:00:05,37.09,46.4013888888889
2026-01-28 08:00:07,37.07,46.4019444444444
2026-01-28 08:00:10,37.08,46.4027777777778
2026-01-28 08:00:13,37.09,46.4036111111111
2026-01-28 08:00:15,37.08,46.4041666666667
2026-01-28 08:00:18,37.08,46.405
2026-01-28 08:00:20,37.08,46.4055555555556
2026-01-28 08:02:24,37.11,46.44
2026-01-28 08:02:27,37.11,46.4408333333333
2026-01-28 08:02:31,37.11,46.4419444444444
2026-01-28 08:02:34,37.1,46.4427777777778
2026-01-28 08:02:36,37.1,46.4433333333333
2026-01-28 08:02:39,37.11,46.4441666666667
2026-01-28 08:02:42,37.11,46.445
2026-01-28 08:02:44,37.11,46.4455555555556
2026-01-28 08:02:47,37.1,46.4463888888889
2026-01-28 08:02:49,37.11,46.4469444444444
2026-01-28 08:02:52,37.1,46.4477777777778
2026-01-28 08:02:55,37.12,46.4486111111111
2026-01-28 08:02:57,37.1,46.4491666666667
2026-01-28 08:03:00,37.12,46.45
2026-01-28 08:03:02,37.12,46.4505555555556
2026-01-28 08:03:05,37.11,46.4513888888889
2026-01-28 08:03:08,37.1,46.4522222222222
2026-01-28 08:03:11,37.11,46.4530555555556
2026-01-28 08:03:15,37.11,46.4541666666667
2026-01-28 08:03:17,37.12,46.4547222222222
2026-01-28 08:03:20,37.11,46.4555555555556
2026-01-28 08:03:23,37.14,46.4563888888889
2026-01-28 08:03:25,37.12,46.4569444444444
2026-01-28 08:03:28,37.11,46.4577777777778
2026-01-28 08:03:30,37.12,46.4583333333333
2026-01-28 08:03:33,37.11,46.4591666666667
2026-01-28 08:03:36,37.1,46.46
2026-01-28 08:03:39,37.12,46.4608333333333
2026-01-28 08:03:43,37.12,46.4619444444444
2026-01-28 08:03:46,37.12,46.4627777777778
2026-01-28 08:03:49,37.11,46.4636111111111
2026-01-28 08:03:51,37.13,46.4641666666667
2026-01-28 08:03:54,37.11,46.465
2026-01-28 08:03:57,37.13,46.4658333333333
2026-01-28 08:04:02,37.14,46.4672222222222
2026-01-28 08:04:05,37.13,46.4680555555556
2026-01-28 08:04:09,37.12,46.4691666666667
2026-01-28 08:04:11,37.11,46.4697222222222
2026-01-28 08:04:14,37.11,46.4705555555556
2026-01-28 08:04:17,37.13,46.4713888888889
2026-01-28 08:04:19,37.12,46.4719444444444
2026-01-28 08:04:22,37.13,46.4727777777778
2026-01-28 08:04:24,37.14,46.4733333333333
2026-01-28 08:04:27,37.12,46.4741666666667
2026-01-28 08:04:30,37.12,46.475
2026-01-28 08:04:32,37.14,46.4755555555556
2026-01-28 08:04:35,37.13,46.4763888888889
2026-01-28 08:04:37,37.14,46.4769444444444
2026-01-28 08:04:40,37.13,46.4777777777778
2026-01-28 08:04:43,37.13,46.4786111111111
2026-01-28 08:04:45,37.12,46.4791666666667
2026-01-28 08:04:48,37.13,46.48
2026-01-28 08:04:50,37.12,46.4805555555556
2026-01-28 08:04:53,37.12,46.4813888888889
2026-01-28 08:04:55,37.13,46.4819444444444
2026-01-28 08:04:58,37.12,46.4827777777778
2026-01-28 08:05:00,37.11,46.4833333333333
2026-01-28 08:05:03,37.12,46.4841666666667
2026-01-28 08:05:05,37.1,46.4847222222222
2026-01-28 08:05:08,37.12,46.4855555555556
2026-01-28 08:05:11,37.1,46.4863888888889
2026-01-28 08:05:13,37.11,46.4869444444444
2026-01-28 08:05:16,37.1,46.4877777777778
2026-01-28 08:05:18,37.1,46.4883333333333
2026-01-28 08:05:21,37.08,46.4891666666667
2026-01-28 08:05:24,37.1,46.49
2026-01-28 08:05:26,37.1,46.4905555555556
2026-01-28 08:05:29,37.09,46.4913888888889
2026-01-28 08:05:31,37.07,46.4919444444444
2026-01-28 08:05:34,37.07,46.4927777777778
2026-01-28 08:05:37,37.07,46.4936111111111
2026-01-28 08:05:39,37.07,46.4941666666667
2026-01-28 08:05:42,37.08,46.495
2026-01-28 08:05:44,37.06,46.4955555555556
2026-01-28 08:05:46,37.07,46.4961111111111
2026-01-28 08:05:49,37.07,46.4969444444444
2026-01-28 08:05:52,37.06,46.4977777777778
2026-01-28 08:05:54,37.03,46.4983333333333
2026-01-28 08:05:57,37.05,46.4991666666667
2026-01-28 08:05:59,37.04,46.4997222222222
2026-01-28 08:06:02,37.05,46.5005555555556
2026-01-28 08:06:05,37.03,46.5013888888889
2026-01-28 08:06:07,37.02,46.5019444444444
2026-01-28 08:06:10,37.03,46.5027777777778
2026-01-28 08:06:13,37.01,46.5036111111111
2026-01-28 08:06:15,37.02,46.5041666666667
2026-01-28 08:06:18,37.01,46.505
2026-01-28 08:06:20,37,46.5055555555556
2026-01-28 08:06:23,37.01,46.5063888888889
2026-01-28 08:06:25,36.99,46.5069444444444
2026-01-28 08:06:28,36.99,46.5077777777778
2026-01-28 08:06:31,36.99,46.5086111111111
2026-01-28 08:06:33,36.99,46.5091666666667
2026-01-28 08:06:35,36.99,46.5097222222222
2026-01-28 08:06:38,36.99,46.5105555555556
2026-01-28 08:06:40,36.96,46.5111111111111
2026-01-28 08:06:43,36.97,46.5119444444444
2026-01-28 08:06:46,36.96,46.5127777777778
2026-01-28 08:06:48,36.96,46.5133333333333
2026-01-28 08:06:51,36.96,46.5141666666667
2026-01-28 08:06:53,36.94,46.5147222222222
2026-01-28 08:06:56,36.96,46.5155555555556
2026-01-28 08:06:59,36.96,46.5163888888889
2026-01-28 08:07:01,36.94,46.5169444444444
2026-01-28 08:07:04,36.92,46.5177777777778
2026-01-28 08:07:06,36.93,46.5183333333333
2026-01-28 08:07:09,36.92,46.5191666666667
2026-01-28 08:07:13,36.92,46.5202777777778
2026-01-28 08:07:17,36.92,46.5213888888889
2026-01-28 08:07:19,36.92,46.5219444444444
2026-01-28 08:07:22,36.9,46.5227777777778
2026-01-28 08:07:24,36.91,46.5233333333333
2026-01-28 08:07:27,36.9,46.5241666666667
2026-01-28 08:07:29,36.88,46.5247222222222
2026-01-28 08:07:32,36.89,46.5255555555556
2026-01-28 08:07:34,36.89,46.5261111111111
2026-01-28 08:07:37,36.88,46.5269444444444
2026-01-28 08:07:40,36.87,46.5277777777778
2026-01-28 08:07:42,36.86,46.5283333333333
2026-01-28 08:12:43,36.52,46.6119444444444
2026-01-28 08:14:54,36.44,46.6483333333333
2026-01-28 08:14:59,36.44,46.6497222222222
2026-01-28 08:15:02,36.43,46.6505555555556
2026-01-28 08:15:05,36.42,46.6513888888889
2026-01-28 08:15:09,36.45,46.6525
2026-01-28 08:15:13,36.42,46.6536111111111
2026-01-28 08:15:17,36.42,46.6547222222222
2026-01-28 08:15:20,36.43,46.6555555555556
2026-01-28 08:15:22,36.42,46.6561111111111
2026-01-28 08:15:25,36.42,46.6569444444444
2026-01-28 08:15:28,36.42,46.6577777777778
2026-01-28 08:15:30,36.43,46.6583333333333
2026-01-28 08:15:33,36.42,46.6591666666667
2026-01-28 08:15:35,36.42,46.6597222222222
2026-01-28 08:15:38,36.4,46.6605555555556
2026-01-28 08:15:40,36.41,46.6611111111111
2026-01-28 08:15:43,36.42,46.6619444444444
2026-01-28 08:15:45,36.42,46.6625
2026-01-28 08:15:48,36.4,46.6633333333333
2026-01-28 08:15:51,36.42,46.6641666666667
2026-01-28 08:15:53,36.4,46.6647222222222
2026-01-28 08:15:56,36.41,46.6655555555556
2026-01-28 08:15:58,36.41,46.6661111111111
2026-01-28 08:16:01,36.4,46.6669444444444
2026-01-28 08:16:03,36.41,46.6675
2026-01-28 08:16:06,36.4,46.6683333333333
2026-01-28 08:16:09,36.39,46.6691666666667
2026-01-28 08:16:11,36.39,46.6697222222222
2026-01-28 08:16:14,36.41,46.6705555555556
2026-01-28 08:16:16,36.4,46.6711111111111
2026-01-28 08:16:19,36.39,46.6719444444444
2026-01-28 08:16:22,36.39,46.6727777777778
2026-01-28 08:16:24,36.39,46.6733333333333
2026-01-28 08:16:27,36.39,46.6741666666667
2026-01-28 08:16:29,36.39,46.6747222222222
2026-01-28 08:16:32,36.39,46.6755555555556
2026-01-28 08:16:34,36.37,46.6761111111111
2026-01-28 08:16:37,36.39,46.6769444444444
2026-01-28 08:16:39,36.39,46.6775
2026-01-28 08:16:42,36.39,46.6783333333333
2026-01-28 08:16:45,36.39,46.6791666666667
2026-01-28 08:16:47,36.38,46.6797222222222
2026-01-28 08:16:50,36.37,46.6805555555556
2026-01-28 08:16:52,36.37,46.6811111111111
2026-01-28 08:16:55,36.38,46.6819444444444
2026-01-28 08:16:57,36.37,46.6825
2026-01-28 08:17:00,36.38,46.6833333333333
2026-01-28 08:17:03,36.39,46.6841666666667
2026-01-28 08:17:05,36.36,46.6847222222222
2026-01-28 08:17:08,36.38,46.6855555555556
2026-01-28 08:17:10,36.36,46.6861111111111
2026-01-28 08:17:13,36.36,46.6869444444444
2026-01-28 08:17:16,36.35,46.6877777777778
2026-01-28 08:17:18,36.37,46.6883333333333
2026-01-28 08:17:23,36.37,46.6897222222222
2026-01-28 08:17:26,36.35,46.6905555555556
2026-01-28 08:17:28,36.35,46.6911111111111
2026-01-28 08:17:31,36.34,46.6919444444444
2026-01-28 08:17:36,36.36,46.6933333333333
2026-01-28 08:17:39,36.35,46.6941666666667
2026-01-28 08:17:41,36.35,46.6947222222222
2026-01-28 08:17:44,36.35,46.6955555555556
2026-01-28 08:17:46,36.35,46.6961111111111
2026-01-28 08:17:49,36.35,46.6969444444444
2026-01-28 08:17:52,36.35,46.6977777777778
2026-01-28 08:17:54,36.33,46.6983333333333
2026-01-28 08:17:57,36.35,46.6991666666667
2026-01-28 08:17:59,36.35,46.6997222222222
2026-01-28 08:18:02,36.33,46.7005555555556
2026-01-28 08:18:04,36.34,46.7011111111111
2026-01-28 08:18:07,36.34,46.7019444444444
2026-01-28 08:18:09,36.33,46.7025
2026-01-28 08:18:12,36.32,46.7033333333333
2026-01-28 08:18:14,36.35,46.7038888888889
2026-01-28 08:18:17,36.32,46.7047222222222
2026-01-28 08:18:20,36.34,46.7055555555556
2026-01-28 08:18:22,36.34,46.7061111111111
2026-01-28 08:18:25,36.32,46.7069444444444
2026-01-28 08:18:27,36.33,46.7075
2026-01-28 08:18:30,36.32,46.7083333333333
2026-01-28 08:18:33,36.32,46.7091666666667
2026-01-28 08:18:35,36.32,46.7097222222222
2026-01-28 08:18:38,36.32,46.7105555555556
2026-01-28 08:18:40,36.32,46.7111111111111
2026-01-28 08:18:43,36.32,46.7119444444444
2026-01-28 08:18:47,36.32,46.7130555555556
2026-01-28 08:18:51,36.32,46.7141666666667
2026-01-28 08:18:54,36.31,46.715
2026-01-28 08:18:56,36.32,46.7155555555556
2026-01-28 08:18:58,36.32,46.7161111111111
2026-01-28 08:19:01,36.32,46.7169444444444
2026-01-28 08:19:03,36.32,46.7175
2026-01-28 08:19:06,36.32,46.7183333333333
2026-01-28 08:19:08,36.29,46.7188888888889
2026-01-28 08:19:11,36.32,46.7197222222222
2026-01-28 08:19:14,36.3,46.7205555555556
2026-01-28 08:19:17,36.32,46.7213888888889
2026-01-28 08:19:21,36.32,46.7225
2026-01-28 08:19:24,36.32,46.7233333333333
2026-01-28 08:19:27,36.29,46.7241666666667
2026-01-28 08:19:29,36.31,46.7247222222222
2026-01-28 08:19:32,36.3,46.7255555555556
2026-01-28 08:19:34,36.3,46.7261111111111
2026-01-28 08:19:37,36.29,46.7269444444444
2026-01-28 08:19:40,36.3,46.7277777777778
2026-01-28 08:19:42,36.3,46.7283333333333
2026-01-28 08:19:45,36.3,46.7291666666667
2026-01-28 08:19:47,36.3,46.7297222222222
2026-01-28 08:19:49,36.3,46.7302777777778
2026-01-28 08:19:52,36.3,46.7311111111111
2026-01-28 08:23:10,36.23,46.7861111111111
2026-01-28 08:23:12,36.22,46.7866666666667
2026-01-28 08:23:15,36.23,46.7875
2026-01-28 08:23:18,36.22,46.7883333333333
2026-01-28 08:23:20,36.22,46.7888888888889
2026-01-28 08:23:24,36.22,46.79
2026-01-28 08:23:28,36.21,46.7911111111111
2026-01-28 08:23:31,36.21,46.7919444444444
2026-01-28 08:23:33,36.24,46.7925
2026-01-28 08:23:36,36.22,46.7933333333333
2026-01-28 08:23:38,36.21,46.7938888888889
2026-01-28 08:23:41,36.22,46.7947222222222
2026-01-28 08:23:44,36.22,46.7955555555556
2026-01-28 08:23:46,36.22,46.7961111111111
2026-01-28 08:23:49,36.22,46.7969444444444
2026-01-28 08:23:51,36.21,46.7975
2026-01-28 08:23:54,36.21,46.7983333333333
2026-01-28 08:23:56,36.21,46.7988888888889
2026-01-28 08:23:59,36.21,46.7997222222222
2026-01-28 08:24:01,36.22,46.8002777777778
2026-01-28 08:24:04,36.22,46.8011111111111
2026-01-28 08:24:07,36.21,46.8019444444444
2026-01-28 08:24:09,36.21,46.8025
2026-01-28 08:24:12,36.21,46.8033333333333
2026-01-28 08:24:14,36.22,46.8038888888889
2026-01-28 08:24:17,36.19,46.8047222222222
2026-01-28 08:24:19,36.21,46.8052777777778
2026-01-28 08:24:23,36.21,46.8063888888889
2026-01-28 08:24:28,36.19,46.8077777777778
2026-01-28 08:24:33,36.21,46.8091666666667
2026-01-28 08:24:35,36.21,46.8097222222222
2026-01-28 08:24:38,36.22,46.8105555555556
2026-01-28 08:24:40,36.21,46.8111111111111
2026-01-28 08:24:43,36.22,46.8119444444444
2026-01-28 08:24:45,36.21,46.8125
2026-01-28 08:24:48,36.23,46.8133333333333
2026-01-28 08:24:50,36.23,46.8138888888889
2026-01-28 08:24:53,36.22,46.8147222222222
2026-01-28 08:24:56,36.21,46.8155555555556
2026-01-28 08:25:01,36.23,46.8169444444444
2026-01-28 08:25:03,36.22,46.8175
2026-01-28 08:25:06,36.21,46.8183333333333
2026-01-28 08:25:11,36.22,46.8197222222222
2026-01-28 08:25:14,36.22,46.8205555555556
2026-01-28 08:25:16,36.24,46.8211111111111
2026-01-28 08:25:19,36.23,46.8219444444444
2026-01-28 08:25:22,36.23,46.8227777777778
2026-01-28 08:25:26,36.23,46.8238888888889
2026-01-28 08:25:29,36.24,46.8247222222222
2026-01-28 08:25:32,36.24,46.8255555555556
2026-01-28 08:25:34,36.23,46.8261111111111
2026-01-28 08:25:36,36.24,46.8266666666667
2026-01-28 08:25:39,36.25,46.8275
2026-01-28 08:25:42,36.26,46.8283333333333
2026-01-28 08:25:44,36.25,46.8288888888889
2026-01-28 08:25:47,36.26,46.8297222222222
2026-01-28 08:25:49,36.25,46.8302777777778
2026-01-28 08:25:52,36.26,46.8311111111111
2026-01-28 08:25:55,36.27,46.8319444444444
2026-01-28 08:25:57,36.25,46.8325
2026-01-28 08:26:00,36.25,46.8333333333333
2026-01-28 08:26:02,36.27,46.8338888888889
2026-01-28 08:26:05,36.26,46.8347222222222
2026-01-28 08:26:08,36.26,46.8355555555556
2026-01-28 08:26:10,36.27,46.8361111111111
2026-01-28 08:26:13,36.27,46.8369444444444
2026-01-28 08:26:15,36.27,46.8375
2026-01-28 08:26:18,36.27,46.8383333333333
2026-01-28 08:26:21,36.27,46.8391666666667
2026-01-28 08:26:23,36.28,46.8397222222222
2026-01-28 08:26:25,36.28,46.8402777777778
2026-01-28 08:26:28,36.27,46.8411111111111
2026-01-28 08:26:30,36.28,46.8416666666667
2026-01-28 08:26:33,36.27,46.8425
2026-01-28 08:26:36,36.28,46.8433333333333
2026-01-28 08:26:38,36.28,46.8438888888889
2026-01-28 08:26:41,36.28,46.8447222222222
2026-01-28 08:26:43,36.28,46.8452777777778
2026-01-28 08:26:46,36.27,46.8461111111111
2026-01-28 08:26:49,36.29,46.8469444444444
2026-01-28 08:26:51,36.29,46.8475
2026-01-28 08:26:54,36.3,46.8483333333333
2026-01-28 08:26:56,36.29,46.8488888888889
2026-01-28 08:26:59,36.3,46.8497222222222
2026-01-28 08:27:02,36.28,46.8505555555556
2026-01-28 08:27:04,36.31,46.8511111111111
2026-01-28 08:27:07,36.3,46.8519444444444
2026-01-28 08:27:09,36.31,46.8525
2026-01-28 08:27:12,36.31,46.8533333333333
2026-01-28 08:27:14,36.3,46.8538888888889
2026-01-28 08:27:17,36.3,46.8547222222222
2026-01-28 08:27:19,36.31,46.8552777777778
2026-01-28 08:27:22,36.31,46.8561111111111
2026-01-28 08:27:24,36.32,46.8566666666667
2026-01-28 08:27:27,36.32,46.8575
2026-01-28 08:27:30,36.32,46.8583333333333
2026-01-28 08:27:32,36.32,46.8588888888889
2026-01-28 08:27:35,36.32,46.8597222222222
2026-01-28 08:27:37,36.32,46.8602777777778
2026-01-28 08:27:41,36.32,46.8613888888889
2026-01-28 08:27:43,36.32,46.8619444444444
2026-01-28 08:27:46,36.32,46.8627777777778
2026-01-28 08:27:51,36.32,46.8641666666667
2026-01-28 08:27:56,36.33,46.8655555555556
2026-01-28 08:27:58,36.32,46.8661111111111
2026-01-28 08:28:01,36.33,46.8669444444444
2026-01-28 08:28:03,36.33,46.8675
2026-01-28 08:28:05,36.32,46.8680555555556
2026-01-28 08:28:08,36.34,46.8688888888889
2026-01-28 08:28:11,36.32,46.8697222222222
2026-01-28 08:28:13,36.33,46.8702777777778
2026-01-28 08:28:16,36.34,46.8711111111111
2026-01-28 08:28:18,36.35,46.8716666666667
2026-01-28 08:28:21,36.32,46.8725
2026-01-28 08:28:24,36.35,46.8733333333333
2026-01-28 08:28:26,36.35,46.8738888888889
2026-01-28 08:28:29,36.33,46.8747222222222
2026-01-28 08:28:31,36.34,46.8752777777778
2026-01-28 08:28:34,36.35,46.8761111111111
2026-01-28 08:28:37,36.35,46.8769444444444
2026-01-28 08:28:39,36.34,46.8775
2026-01-28 08:28:42,36.35,46.8783333333333
2026-01-28 08:28:44,36.36,46.8788888888889
2026-01-28 08:28:47,36.35,46.8797222222222
2026-01-28 08:28:50,36.35,46.8805555555556
2026-01-28 08:28:52,36.35,46.8811111111111
2026-01-28 08:28:54,36.35,46.8816666666667
2026-01-28 08:28:57,36.35,46.8825
2026-01-28 08:28:59,36.35,46.8830555555556
2026-01-28 08:29:02,36.35,46.8838888888889
2026-01-28 08:29:05,36.37,46.8847222222222
2026-01-28 08:29:07,36.35,46.8852777777778
2026-01-28 08:29:10,36.35,46.8861111111111
2026-01-28 08:29:12,36.36,46.8866666666667
2026-01-28 08:29:15,36.36,46.8875
2026-01-28 08:29:18,36.37,46.8883333333333
2026-01-28 08:29:20,36.36,46.8888888888889
2026-01-28 08:29:23,36.37,46.8897222222222
2026-01-28 08:29:25,36.37,46.8902777777778
2026-01-28 08:29:28,36.37,46.8911111111111
2026-01-28 08:29:31,36.36,46.8919444444444
2026-01-28 08:29:33,36.38,46.8925
2026-01-28 08:29:36,36.37,46.8933333333333
2026-01-28 08:29:38,36.38,46.8938888888889
2026-01-28 08:29:41,36.39,46.8947222222222
2026-01-28 08:29:43,36.36,46.8952777777778
2026-01-28 08:29:46,36.38,46.8961111111111
2026-01-28 08:29:48,36.39,46.8966666666667
2026-01-28 08:29:51,36.39,46.8975
2026-01-28 08:29:53,36.39,46.8980555555556
2026-01-28 08:29:56,36.39,46.8988888888889
2026-01-28 08:29:59,36.38,46.8997222222222
2026-01-28 08:30:01,36.39,46.9002777777778
2026-01-28 08:30:04,36.39,46.9011111111111
2026-01-28 08:30:06,36.39,46.9016666666667
2026-01-28 08:30:09,36.39,46.9025
2026-01-28 08:30:12,36.4,46.9033333333333
2026-01-28 08:30:14,36.39,46.9038888888889
2026-01-28 08:30:17,36.39,46.9047222222222
2026-01-28 08:30:19,36.39,46.9052777777778
2026-01-28 08:30:23,36.39,46.9063888888889
2026-01-28 08:30:27,36.4,46.9075
2026-01-28 08:30:30,36.41,46.9083333333333
2026-01-28 08:30:32,36.39,46.9088888888889
2026-01-28 08:30:34,36.4,46.9094444444444
2026-01-28 08:30:37,36.39,46.9102777777778
2026-01-28 08:30:40,36.4,46.9111111111111
2026-01-28 08:30:42,36.4,46.9116666666667
2026-01-28 08:30:45,36.39,46.9125
2026-01-28 08:33:55,36.46,46.9652777777778
2026-01-28 08:33:58,36.46,46.9661111111111
2026-01-28 08:34:00,36.47,46.9666666666667
2026-01-28 08:34:03,36.46,46.9675
2026-01-28 08:39:03,36.84,47.0508333333333
2026-01-28 08:44:04,37.17,47.1344444444444
2026-01-28 08:49:05,37.38,47.2180555555556
2026-01-28 08:54:06,37.49,47.3016666666667
2026-01-28 08:58:59,37.56,47.3830555555556
2026-01-28 08:59:01,37.55,47.3836111111111
2026-01-28 08:59:04,37.56,47.3844444444444
2026-01-28 08:59:06,37.55,47.385
2026-01-28 08:59:09,37.56,47.3858333333333
2026-01-28 08:59:12,37.55,47.3866666666667
2026-01-28 08:59:14,37.55,47.3872222222222
2026-01-28 08:59:18,37.55,47.3883333333333
2026-01-28 08:59:22,37.54,47.3894444444444
2026-01-28 08:59:24,37.55,47.39
2026-01-28 08:59:27,37.55,47.3908333333333
2026-01-28 08:59:29,37.55,47.3913888888889
2026-01-28 08:59:32,37.56,47.3922222222222
2026-01-28 08:59:34,37.55,47.3927777777778
2026-01-28 08:59:37,37.56,47.3936111111111
2026-01-28 08:59:40,37.56,47.3944444444444
2026-01-28 08:59:42,37.55,47.395
2026-01-28 08:59:45,37.55,47.3958333333333
2026-01-28 08:59:47,37.57,47.3963888888889
2026-01-28 08:59:50,37.55,47.3972222222222
2026-01-28 08:59:53,37.56,47.3980555555556
2026-01-28 08:59:55,37.57,47.3986111111111
2026-01-28 08:59:58,37.55,47.3994444444444
2026-01-28 09:00:01,37.57,47.4002777777778
2026-01-28 09:00:06,37.55,47.4016666666667
2026-01-28 09:00:09,37.57,47.4025
2026-01-28 09:00:13,37.59,47.4036111111111
2026-01-28 09:00:15,37.58,47.4041666666667
2026-01-28 09:00:19,37.58,47.4052777777778
2026-01-28 09:00:23,37.6,47.4063888888889
2026-01-28 09:00:26,37.6,47.4072222222222
2026-01-28 09:00:28,37.61,47.4077777777778
2026-01-28 09:00:31,37.62,47.4086111111111
2026-01-28 09:00:34,37.62,47.4094444444444
2026-01-28 09:00:36,37.64,47.41
2026-01-28 09:00:39,37.65,47.4108333333333
2026-01-28 09:00:41,37.66,47.4113888888889
2026-01-28 09:00:44,37.66,47.4122222222222
2026-01-28 09:00:47,37.67,47.4130555555556
2026-01-28 09:00:49,37.7,47.4136111111111
2026-01-28 09:00:52,37.71,47.4144444444444
2026-01-28 09:00:54,37.69,47.415
2026-01-28 09:00:57,37.71,47.4158333333333
2026-01-28 09:01:00,37.72,47.4166666666667
2026-01-28 09:01:04,37.74,47.4177777777778
2026-01-28 09:01:07,37.74,47.4186111111111
2026-01-28 09:01:09,37.75,47.4191666666667
2026-01-28 09:01:12,37.76,47.42
2026-01-28 09:01:15,37.76,47.4208333333333
2026-01-28 09:01:17,37.78,47.4213888888889
2026-01-28 09:01:20,37.8,47.4222222222222
2026-01-28 09:01:22,37.79,47.4227777777778
2026-01-28 09:01:25,37.82,47.4236111111111
2026-01-28 09:01:28,37.82,47.4244444444444
2026-01-28 09:01:30,37.83,47.425
2026-01-28 09:01:33,37.85,47.4258333333333
2026-01-28 09:01:35,37.85,47.4263888888889
2026-01-28 09:01:38,37.86,47.4272222222222
2026-01-28 09:01:41,37.89,47.4280555555556
2026-01-28 09:01:46,37.89,47.4294444444444
2026-01-28 09:01:48,37.9,47.43
2026-01-28 09:01:50,37.91,47.4305555555556
2026-01-28 09:01:53,37.92,47.4313888888889
2026-01-28 09:05:08,38.44,47.4855555555556
2026-01-28 09:05:11,38.43,47.4863888888889
2026-01-28 09:05:14,38.44,47.4872222222222
2026-01-28 09:05:16,38.45,47.4877777777778
2026-01-28 09:05:19,38.47,47.4886111111111
2026-01-28 09:07:28,38.65,47.5244444444444
2026-01-28 09:09:00,38.75,47.55
2026-01-28 09:09:03,38.76,47.5508333333333
2026-01-28 09:13:40,38.96,47.6277777777778
2026-01-28 09:13:43,38.96,47.6286111111111
2026-01-28 09:13:45,38.96,47.6291666666667
2026-01-28 09:13:48,38.96,47.63
2026-01-28 09:13:51,38.96,47.6308333333333
2026-01-28 09:13:56,38.98,47.6322222222222
2026-01-28 09:13:59,38.96,47.6330555555556
2026-01-28 09:14:03,38.97,47.6341666666667
2026-01-28 09:14:06,38.98,47.635
2026-01-28 09:14:09,38.97,47.6358333333333
2026-01-28 09:14:12,38.98,47.6366666666667
2026-01-28 09:14:16,38.96,47.6377777777778
2026-01-28 09:14:18,38.97,47.6383333333333
2026-01-28 09:19:19,39.46,47.7219444444444
2026-01-28 09:19:32,39.47,47.7255555555556
2026-01-28 09:19:35,39.46,47.7263888888889
2026-01-28 09:19:37,39.46,47.7269444444444
2026-01-28 09:19:40,39.48,47.7277777777778
2026-01-28 09:19:42,39.48,47.7283333333333
2026-01-28 09:19:46,39.47,47.7294444444444
2026-01-28 09:19:50,39.48,47.7305555555556
2026-01-28 09:19:53,39.49,47.7313888888889
2026-01-28 09:19:55,39.49,47.7319444444444
2026-01-28 09:19:58,39.49,47.7327777777778
2026-01-28 09:20:00,39.5,47.7333333333333
2026-01-28 09:20:03,39.5,47.7341666666667
2026-01-28 09:21:36,39.56,47.76
2026-01-28 09:21:38,39.56,47.7605555555556
2026-01-28 09:21:40,39.56,47.7611111111111
2026-01-28 09:21:43,39.56,47.7619444444444
2026-01-28 09:21:46,39.56,47.7627777777778
2026-01-28 09:21:48,39.56,47.7633333333333
2026-01-28 09:21:51,39.56,47.7641666666667
2026-01-28 09:21:56,39.57,47.7655555555556
2026-01-28 09:21:59,39.58,47.7663888888889
2026-01-28 09:22:01,39.57,47.7669444444444
2026-01-28 09:22:04,39.58,47.7677777777778
2026-01-28 09:22:07,39.58,47.7686111111111
2026-01-28 09:24:59,39.64,47.8163888888889
2026-01-28 09:25:03,39.63,47.8175
2026-01-28 09:25:06,39.64,47.8183333333333
2026-01-28 09:25:09,39.62,47.8191666666667
2026-01-28 09:25:11,39.65,47.8197222222222
2026-01-28 09:25:14,39.65,47.8205555555556
2026-01-28 09:25:16,39.64,47.8211111111111
2026-01-28 09:27:07,39.64,47.8519444444444
2026-01-28 09:27:10,39.64,47.8527777777778
2026-01-28 09:27:12,39.63,47.8533333333333
2026-01-28 09:27:15,39.64,47.8541666666667
2026-01-28 09:27:18,39.64,47.855
2026-01-28 09:27:20,39.64,47.8555555555556
2026-01-28 09:27:23,39.64,47.8563888888889
2026-01-28 09:27:25,39.64,47.8569444444444
2026-01-28 09:27:27,39.64,47.8575
2026-01-28 09:27:30,39.63,47.8583333333333
2026-01-28 09:27:33,39.64,47.8591666666667
2026-01-28 09:27:35,39.63,47.8597222222222
2026-01-28 09:27:38,39.64,47.8605555555556
2026-01-28 09:27:40,39.63,47.8611111111111
2026-01-28 09:27:43,39.63,47.8619444444444
2026-01-28 09:27:46,39.64,47.8627777777778
2026-01-28 09:27:48,39.63,47.8633333333333
2026-01-28 09:27:51,39.64,47.8641666666667
2026-01-28 09:27:54,39.63,47.865
2026-01-28 09:27:58,39.64,47.8661111111111
2026-01-28 09:28:01,39.64,47.8669444444444
2026-01-28 09:28:04,39.64,47.8677777777778
2026-01-28 09:28:06,39.64,47.8683333333333
2026-01-28 09:28:09,39.63,47.8691666666667
2026-01-28 09:28:11,39.63,47.8697222222222
2026-01-28 09:28:14,39.63,47.8705555555556
2026-01-28 09:28:16,39.64,47.8711111111111
2026-01-28 09:28:19,39.64,47.8719444444444
2026-01-28 09:28:21,39.64,47.8725
2026-01-28 09:28:24,39.63,47.8733333333333
2026-01-28 09:28:27,39.64,47.8741666666667
2026-01-28 09:28:29,39.64,47.8747222222222
2026-01-28 09:28:32,39.62,47.8755555555556
2026-01-28 09:28:34,39.64,47.8761111111111
2026-01-28 09:28:37,39.63,47.8769444444444
2026-01-28 09:28:40,39.63,47.8777777777778
2026-01-28 09:28:42,39.64,47.8783333333333
2026-01-28 09:28:45,39.63,47.8791666666667
2026-01-28 09:28:47,39.62,47.8797222222222
2026-01-28 09:28:50,39.62,47.8805555555556
2026-01-28 09:28:52,39.63,47.8811111111111
2026-01-28 09:28:55,39.64,47.8819444444444
2026-01-28 09:28:58,39.63,47.8827777777778
2026-01-28 09:29:00,39.62,47.8833333333333
2026-01-28 09:29:03,39.63,47.8841666666667
2026-01-28 09:29:05,39.64,47.8847222222222
2026-01-28 09:32:23,39.58,47.9397222222222
2026-01-28 09:32:25,39.59,47.9402777777778
2026-01-28 09:32:28,39.58,47.9411111111111
2026-01-28 09:32:31,39.58,47.9419444444444
2026-01-28 09:32:33,39.58,47.9425
2026-01-28 09:32:36,39.57,47.9433333333333
2026-01-28 09:32:39,39.58,47.9441666666667
2026-01-28 09:32:41,39.6,47.9447222222222
2026-01-28 09:32:44,39.58,47.9455555555556
2026-01-28 09:32:46,39.59,47.9461111111111
2026-01-28 09:32:49,39.59,47.9469444444444
2026-01-28 09:32:51,39.58,47.9475
2026-01-28 09:32:54,39.59,47.9483333333333
2026-01-28 09:32:57,39.56,47.9491666666667
2026-01-28 09:32:59,39.57,47.9497222222222
2026-01-28 09:33:02,39.57,47.9505555555556
2026-01-28 09:33:05,39.58,47.9513888888889
2026-01-28 09:33:08,39.57,47.9522222222222
2026-01-28 09:33:12,39.58,47.9533333333333
2026-01-28 09:33:14,39.58,47.9538888888889
2026-01-28 09:33:17,39.57,47.9547222222222
2026-01-28 09:33:19,39.58,47.9552777777778
2026-01-28 09:33:22,39.57,47.9561111111111
2026-01-28 09:33:25,39.57,47.9569444444444
2026-01-28 09:33:27,39.57,47.9575
2026-01-28 09:34:13,39.57,47.9702777777778
2026-01-28 09:34:16,39.58,47.9711111111111
2026-01-28 09:34:19,39.59,47.9719444444444
2026-01-28 09:34:21,39.58,47.9725
2026-01-28 09:34:24,39.59,47.9733333333333
2026-01-28 09:34:26,39.59,47.9738888888889
2026-01-28 09:34:29,39.59,47.9747222222222
2026-01-28 09:34:32,39.6,47.9755555555556
2026-01-28 09:34:34,39.6,47.9761111111111
2026-01-28 09:34:37,39.6,47.9769444444444
2026-01-28 09:34:39,39.61,47.9775
2026-01-28 09:34:42,39.6,47.9783333333333
2026-01-28 09:34:45,39.61,47.9791666666667
2026-01-28 09:34:47,39.6,47.9797222222222
2026-01-28 09:34:50,39.61,47.9805555555556
2026-01-28 09:34:52,39.63,47.9811111111111
2026-01-28 09:34:55,39.62,47.9819444444444
2026-01-28 09:34:57,39.64,47.9825
2026-01-28 09:35:00,39.64,47.9833333333333
2026-01-28 09:35:02,39.64,47.9838888888889
2026-01-28 09:36:37,39.76,48.0102777777778
2026-01-28 09:36:40,39.77,48.0111111111111
2026-01-28 09:36:43,39.78,48.0119444444444
2026-01-28 09:36:45,39.78,48.0125
2026-01-28 09:36:48,39.78,48.0133333333333
2026-01-28 09:36:50,39.78,48.0138888888889
2026-01-28 09:36:53,39.77,48.0147222222222
2026-01-28 09:36:56,39.78,48.0155555555556
2026-01-28 09:36:58,39.79,48.0161111111111
2026-01-28 09:37:01,39.8,48.0169444444444
2026-01-28 09:37:03,39.79,48.0175
2026-01-28 09:37:06,39.8,48.0183333333333
2026-01-28 09:37:09,39.8,48.0191666666667
2026-01-28 09:37:11,39.81,48.0197222222222
2026-01-28 09:37:14,39.8,48.0205555555556
2026-01-28 09:37:16,39.81,48.0211111111111
2026-01-28 09:37:19,39.81,48.0219444444444
2026-01-28 09:37:21,39.81,48.0225
2026-01-28 09:37:24,39.82,48.0233333333333
2026-01-28 09:37:26,39.82,48.0238888888889
2026-01-28 09:37:29,39.82,48.0247222222222
2026-01-28 09:37:32,39.82,48.0255555555556
2026-01-28 09:37:37,39.82,48.0269444444444
2026-01-28 09:37:40,39.83,48.0277777777778
2026-01-28 09:37:44,39.83,48.0288888888889
2026-01-28 09:37:47,39.84,48.0297222222222
2026-01-28 09:37:50,39.83,48.0305555555556
2026-01-28 09:37:52,39.84,48.0311111111111
2026-01-28 09:37:55,39.84,48.0319444444444
2026-01-28 09:37:57,39.85,48.0325
2026-01-28 09:38:00,39.84,48.0333333333333
2026-01-28 09:38:03,39.84,48.0341666666667
2026-01-28 09:38:05,39.85,48.0347222222222
2026-01-28 09:38:08,39.84,48.0355555555556
2026-01-28 09:38:10,39.85,48.0361111111111
2026-01-28 09:38:15,39.85,48.0375
2026-01-28 09:38:18,39.85,48.0383333333333
2026-01-28 09:38:21,39.85,48.0391666666667
2026-01-28 09:38:25,39.85,48.0402777777778
2026-01-28 09:38:28,39.86,48.0411111111111
2026-01-28 09:38:31,39.87,48.0419444444444
2026-01-28 09:38:33,39.85,48.0425
2026-01-28 09:38:36,39.86,48.0433333333333
2026-01-28 09:38:38,39.85,48.0438888888889
2026-01-28 09:38:41,39.87,48.0447222222222
2026-01-28 09:38:44,39.86,48.0455555555556
2026-01-28 09:38:47,39.87,48.0463888888889
2026-01-28 09:38:51,39.87,48.0475
2026-01-28 09:38:54,39.88,48.0483333333333
2026-01-28 09:38:57,39.89,48.0491666666667
2026-01-28 09:38:59,39.88,48.0497222222222
2026-01-28 09:39:01,39.87,48.0502777777778
2026-01-28 09:39:04,39.88,48.0511111111111
2026-01-28 09:39:06,39.88,48.0516666666667
2026-01-28 09:39:09,39.87,48.0525
2026-01-28 09:39:12,39.88,48.0533333333333
2026-01-28 09:39:14,39.89,48.0538888888889
2026-01-28 09:39:17,39.89,48.0547222222222
2026-01-28 09:39:20,39.89,48.0555555555556
2026-01-28 09:39:25,39.89,48.0569444444444
2026-01-28 09:39:27,39.89,48.0575
2026-01-28 09:39:30,39.91,48.0583333333333
2026-01-28 09:39:32,39.89,48.0588888888889
2026-01-28 09:39:35,39.9,48.0597222222222
2026-01-28 09:39:38,39.89,48.0605555555556
2026-01-28 09:39:40,39.89,48.0611111111111
2026-01-28 09:39:43,39.89,48.0619444444444
2026-01-28 09:39:45,39.9,48.0625
2026-01-28 09:39:47,39.9,48.0630555555556
2026-01-28 09:39:50,39.91,48.0638888888889
2026-01-28 09:39:53,39.9,48.0647222222222
2026-01-28 09:39:55,39.91,48.0652777777778
2026-01-28 09:39:58,39.9,48.0661111111111
2026-01-28 09:40:00,39.91,48.0666666666667
2026-01-28 09:40:03,39.91,48.0675
2026-01-28 09:40:06,39.91,48.0683333333333
2026-01-28 09:40:08,39.92,48.0688888888889
2026-01-28 09:40:11,39.9,48.0697222222222
2026-01-28 09:40:13,39.91,48.0702777777778
2026-01-28 09:40:16,39.92,48.0711111111111
2026-01-28 09:40:19,39.92,48.0719444444444
2026-01-28 09:40:24,39.9,48.0733333333333
2026-01-28 09:40:27,39.91,48.0741666666667
2026-01-28 09:40:30,39.91,48.075
2026-01-28 09:40:34,39.92,48.0761111111111
2026-01-28 09:40:36,39.92,48.0766666666667
2026-01-28 09:40:39,39.92,48.0775
2026-01-28 09:40:41,39.92,48.0780555555556
2026-01-28 09:40:44,39.92,48.0788888888889
2026-01-28 09:40:47,39.93,48.0797222222222
2026-01-28 09:40:49,39.92,48.0802777777778
2026-01-28 09:40:52,39.92,48.0811111111111
2026-01-28 09:40:54,39.91,48.0816666666667
2026-01-28 09:40:57,39.92,48.0825
2026-01-28 09:41:00,39.92,48.0833333333333
2026-01-28 09:41:02,39.91,48.0838888888889
2026-01-28 09:41:05,39.92,48.0847222222222
2026-01-28 09:41:07,39.93,48.0852777777778
2026-01-28 09:41:10,39.92,48.0861111111111
2026-01-28 09:41:13,39.92,48.0869444444444
2026-01-28 09:41:15,39.92,48.0875
2026-01-28 09:41:18,39.93,48.0883333333333
2026-01-28 09:41:21,39.92,48.0891666666667
2026-01-28 09:41:23,39.92,48.0897222222222
2026-01-28 09:41:26,39.93,48.0905555555556
2026-01-28 09:41:28,39.93,48.0911111111111
2026-01-28 09:41:30,39.92,48.0916666666667
2026-01-28 09:41:33,39.92,48.0925
2026-01-28 09:41:35,39.92,48.0930555555556
2026-01-28 09:41:38,39.93,48.0938888888889
2026-01-28 09:41:41,39.92,48.0947222222222
2026-01-28 09:41:43,39.91,48.0952777777778
2026-01-28 09:41:46,39.94,48.0961111111111
2026-01-28 09:41:48,39.94,48.0966666666667
2026-01-28 09:42:04,39.93,48.1011111111111
2026-01-28 09:42:07,39.94,48.1019444444444
2026-01-28 09:42:09,39.94,48.1025
2026-01-28 09:42:12,39.93,48.1033333333333
2026-01-28 09:42:14,39.96,48.1038888888889
2026-01-28 09:42:17,39.93,48.1047222222222
2026-01-28 09:42:19,39.94,48.1052777777778
2026-01-28 09:46:28,39.92,48.1744444444444
2026-01-28 09:46:31,39.93,48.1752777777778
2026-01-28 09:46:34,39.93,48.1761111111111
2026-01-28 09:46:36,39.91,48.1766666666667
2026-01-28 09:46:39,39.92,48.1775
2026-01-28 09:49:46,39.88,48.2294444444444
2026-01-28 09:49:49,39.88,48.2302777777778
2026-01-28 09:49:51,39.88,48.2308333333333
2026-01-28 09:49:54,39.89,48.2316666666667
2026-01-28 09:49:57,39.87,48.2325
2026-01-28 09:49:59,39.87,48.2330555555556
2026-01-28 09:50:02,39.89,48.2338888888889
2026-01-28 09:50:04,39.88,48.2344444444444
2026-01-28 09:50:07,39.88,48.2352777777778
2026-01-28 09:50:10,39.88,48.2361111111111
2026-01-28 09:50:12,39.86,48.2366666666667
2026-01-28 09:50:15,39.87,48.2375
2026-01-28 09:50:17,39.87,48.2380555555556
2026-01-28 09:50:20,39.87,48.2388888888889
2026-01-28 09:50:23,39.86,48.2397222222222
2026-01-28 09:50:25,39.87,48.2402777777778
2026-01-28 09:50:28,39.87,48.2411111111111
2026-01-28 09:50:30,39.86,48.2416666666667
2026-01-28 09:50:33,39.86,48.2425
2026-01-28 09:50:35,39.86,48.2430555555556
2026-01-28 09:50:38,39.86,48.2438888888889
2026-01-28 09:50:40,39.86,48.2444444444444
2026-01-28 09:50:43,39.85,48.2452777777778
2026-01-28 09:50:46,39.86,48.2461111111111
2026-01-28 09:50:48,39.88,48.2466666666667
2026-01-28 09:50:51,39.86,48.2475
2026-01-28 09:50:53,39.87,48.2480555555556
2026-01-28 09:50:56,39.85,48.2488888888889
2026-01-28 09:50:58,39.85,48.2494444444444
2026-01-28 09:51:01,39.86,48.2502777777778
2026-01-28 09:51:04,39.86,48.2511111111111
2026-01-28 09:51:06,39.86,48.2516666666667
2026-01-28 09:51:09,39.85,48.2525
2026-01-28 09:51:11,39.85,48.2530555555556
2026-01-28 09:51:14,39.85,48.2538888888889
2026-01-28 09:51:17,39.85,48.2547222222222
2026-01-28 09:51:19,39.85,48.2552777777778
2026-01-28 09:51:21,39.85,48.2558333333333
2026-01-28 09:51:24,39.84,48.2566666666667
2026-01-28 09:51:27,39.85,48.2575
2026-01-28 09:51:29,39.84,48.2580555555556
2026-01-28 09:51:32,39.83,48.2588888888889
2026-01-28 09:51:34,39.85,48.2594444444444
2026-01-28 09:51:37,39.85,48.2602777777778
2026-01-28 09:51:40,39.85,48.2611111111111
2026-01-28 09:51:42,39.85,48.2616666666667
2026-01-28 09:51:45,39.85,48.2625
2026-01-28 09:51:48,39.85,48.2633333333333
2026-01-28 09:51:52,39.84,48.2644444444444
2026-01-28 09:51:55,39.84,48.2652777777778
2026-01-28 09:51:58,39.85,48.2661111111111
2026-01-28 09:52:00,39.84,48.2666666666667
2026-01-28 09:52:03,39.83,48.2675
2026-01-28 09:52:05,39.85,48.2680555555556
2026-01-28 09:52:08,39.82,48.2688888888889
2026-01-28 09:52:10,39.83,48.2694444444444
2026-01-28 09:52:13,39.85,48.2702777777778
2026-01-28 09:52:15,39.82,48.2708333333333
2026-01-28 09:52:18,39.84,48.2716666666667
2026-01-28 09:52:21,39.84,48.2725
2026-01-28 09:52:23,39.83,48.2730555555556
2026-01-28 09:52:26,39.84,48.2738888888889
2026-01-28 09:52:28,39.83,48.2744444444444
2026-01-28 09:52:31,39.82,48.2752777777778
2026-01-28 09:52:34,39.83,48.2761111111111
2026-01-28 09:52:36,39.83,48.2766666666667
2026-01-28 09:52:39,39.82,48.2775
2026-01-28 09:52:41,39.82,48.2780555555556
2026-01-28 09:52:44,39.83,48.2788888888889
2026-01-28 09:52:47,39.82,48.2797222222222
2026-01-28 09:52:49,39.81,48.2802777777778
2026-01-28 09:52:52,39.84,48.2811111111111
2026-01-28 09:52:54,39.82,48.2816666666667
2026-01-28 09:52:57,39.82,48.2825
2026-01-28 09:52:59,39.82,48.2830555555556
2026-01-28 09:53:02,39.81,48.2838888888889
2026-01-28 09:53:04,39.81,48.2844444444444
2026-01-28 09:53:07,39.82,48.2852777777778
2026-01-28 09:53:09,39.81,48.2858333333333
2026-01-28 09:53:12,39.82,48.2866666666667
2026-01-28 09:53:15,39.82,48.2875
2026-01-28 09:53:17,39.82,48.2880555555556
2026-01-28 09:53:20,39.81,48.2888888888889
2026-01-28 09:53:22,39.82,48.2894444444444
2026-01-28 09:53:25,39.82,48.2902777777778
2026-01-28 09:53:28,39.81,48.2911111111111
2026-01-28 09:56:45,39.74,48.3458333333333
2026-01-28 09:56:48,39.74,48.3466666666667
2026-01-28 09:56:51,39.73,48.3475
2026-01-28 09:56:53,39.74,48.3480555555556
2026-01-28 09:56:56,39.74,48.3488888888889
2026-01-28 09:56:58,39.74,48.3494444444444
2026-01-28 09:57:01,39.74,48.3502777777778
2026-01-28 09:57:04,39.73,48.3511111111111
2026-01-28 09:57:06,39.74,48.3516666666667
2026-01-28 09:59:14,39.67,48.3872222222222
2026-01-28 09:59:17,39.67,48.3880555555556
2026-01-28 09:59:20,39.67,48.3888888888889
2026-01-28 09:59:25,39.66,48.3902777777778
2026-01-28 09:59:27,39.66,48.3908333333333
2026-01-28 09:59:30,39.65,48.3916666666667
2026-01-28 09:59:33,39.67,48.3925
2026-01-28 09:59:35,39.67,48.3930555555556
2026-01-28 09:59:40,39.66,48.3944444444444
2026-01-28 09:59:43,39.66,48.3952777777778
2026-01-28 09:59:45,39.64,48.3958333333333
2026-01-28 09:59:48,39.67,48.3966666666667
2026-01-28 09:59:50,39.65,48.3972222222222
2026-01-28 09:59:53,39.65,48.3980555555556
2026-01-28 09:59:56,39.65,48.3988888888889
2026-01-28 09:59:58,39.65,48.3994444444444
2026-01-28 10:00:01,39.66,48.4002777777778
2026-01-28 10:01:23,39.62,48.4230555555556
2026-01-28 10:01:25,39.62,48.4236111111111
2026-01-28 10:01:28,39.62,48.4244444444444
2026-01-28 10:01:31,39.6,48.4252777777778
2026-01-28 10:01:33,39.6,48.4258333333333
2026-01-28 10:01:36,39.6,48.4266666666667
2026-01-28 10:01:38,39.6,48.4272222222222
2026-01-28 10:01:41,39.6,48.4280555555556
2026-01-28 10:01:44,39.6,48.4288888888889
2026-01-28 10:01:46,39.6,48.4294444444444
2026-01-28 10:01:49,39.59,48.4302777777778
2026-01-28 10:01:51,39.59,48.4308333333333
2026-01-28 10:01:54,39.6,48.4316666666667
2026-01-28 10:01:57,39.6,48.4325
2026-01-28 10:01:59,39.59,48.4330555555556
2026-01-28 10:02:02,39.6,48.4338888888889
2026-01-28 10:02:04,39.6,48.4344444444444
2026-01-28 10:02:06,39.6,48.435
2026-01-28 10:02:09,39.6,48.4358333333333
2026-01-28 10:02:12,39.58,48.4366666666667
2026-01-28 10:02:15,39.59,48.4375
2026-01-28 10:02:19,39.59,48.4386111111111
2026-01-28 10:02:22,39.58,48.4394444444444
2026-01-28 10:02:25,39.58,48.4402777777778
2026-01-28 10:02:27,39.59,48.4408333333333
2026-01-28 10:05:27,39.49,48.4908333333333
2026-01-28 10:05:29,39.49,48.4913888888889
2026-01-28 10:05:32,39.48,48.4922222222222
2026-01-28 10:05:35,39.48,48.4930555555556
2026-01-28 10:05:37,39.49,48.4936111111111
2026-01-28 10:05:40,39.48,48.4944444444444
2026-01-28 10:05:42,39.48,48.495
2026-01-28 10:10:28,39.35,48.5744444444444
2026-01-28 10:10:30,39.36,48.575
2026-01-28 10:10:33,39.35,48.5758333333333
2026-01-28 10:10:35,39.34,48.5763888888889
2026-01-28 10:10:38,39.35,48.5772222222222
2026-01-28 10:10:41,39.35,48.5780555555556
2026-01-28 10:10:43,39.36,48.5786111111111
2026-01-28 10:10:46,39.35,48.5794444444444
2026-01-28 10:10:49,39.34,48.5802777777778
2026-01-28 10:14:58,39.26,48.6494444444444
2026-01-28 10:15:00,39.24,48.65
2026-01-28 10:15:03,39.25,48.6508333333333
2026-01-28 10:15:06,39.26,48.6516666666667
2026-01-28 10:15:08,39.23,48.6522222222222
2026-01-28 10:15:11,39.24,48.6530555555556
2026-01-28 10:15:13,39.24,48.6536111111111
2026-01-28 10:15:16,39.23,48.6544444444444
2026-01-28 10:15:18,39.22,48.655
2026-01-28 10:15:21,39.24,48.6558333333333
2026-01-28 10:15:23,39.24,48.6563888888889
2026-01-28 10:15:26,39.24,48.6572222222222
2026-01-28 10:15:28,39.24,48.6577777777778
2026-01-28 10:15:31,39.24,48.6586111111111
2026-01-28 10:15:34,39.23,48.6594444444444
2026-01-28 10:15:36,39.22,48.66
2026-01-28 10:15:39,39.23,48.6608333333333
2026-01-28 10:15:41,39.23,48.6613888888889
2026-01-28 10:15:44,39.22,48.6622222222222
2026-01-28 10:15:47,39.22,48.6630555555556
2026-01-28 10:15:49,39.22,48.6636111111111
2026-01-28 10:15:52,39.23,48.6644444444444
2026-01-28 10:15:54,39.23,48.665
2026-01-28 10:15:57,39.22,48.6658333333333
2026-01-28 10:15:59,39.21,48.6663888888889
2026-01-28 10:16:02,39.24,48.6672222222222
2026-01-28 10:16:05,39.23,48.6680555555556
2026-01-28 10:16:07,39.23,48.6686111111111
2026-01-28 10:16:09,39.22,48.6691666666667
2026-01-28 10:16:12,39.23,48.67
2026-01-28 10:16:15,39.22,48.6708333333333
2026-01-28 10:16:17,39.22,48.6713888888889
2026-01-28 10:16:20,39.21,48.6722222222222
2026-01-28 10:16:22,39.21,48.6727777777778
2026-01-28 10:16:25,39.22,48.6736111111111
2026-01-28 10:16:28,39.21,48.6744444444444
2026-01-28 10:16:30,39.21,48.675
2026-01-28 10:16:33,39.21,48.6758333333333
2026-01-28 10:16:35,39.2,48.6763888888889
2026-01-28 10:16:38,39.21,48.6772222222222
2026-01-28 10:16:41,39.22,48.6780555555556
2026-01-28 10:16:43,39.21,48.6786111111111
2026-01-28 10:16:46,39.22,48.6794444444444
2026-01-28 10:16:48,39.21,48.68
2026-01-28 10:16:51,39.21,48.6808333333333
2026-01-28 10:16:54,39.21,48.6816666666667
2026-01-28 10:16:56,39.2,48.6822222222222
2026-01-28 10:16:58,39.21,48.6827777777778
2026-01-28 10:17:01,39.21,48.6836111111111
2026-01-28 10:17:03,39.21,48.6841666666667
2026-01-28 10:17:06,39.2,48.685
2026-01-28 10:17:09,39.21,48.6858333333333
2026-01-28 10:17:11,39.19,48.6863888888889
2026-01-28 10:17:14,39.18,48.6872222222222
2026-01-28 10:17:16,39.2,48.6877777777778
2026-01-28 10:17:19,39.19,48.6886111111111
2026-01-28 10:17:22,39.21,48.6894444444444
2026-01-28 10:17:24,39.21,48.69
2026-01-28 10:17:27,39.21,48.6908333333333
2026-01-28 10:17:29,39.21,48.6913888888889
2026-01-28 10:17:32,39.21,48.6922222222222
2026-01-28 10:17:35,39.2,48.6930555555556
2026-01-28 10:17:37,39.19,48.6936111111111
2026-01-28 10:17:40,39.2,48.6944444444444
2026-01-28 10:17:42,39.18,48.695
2026-01-28 10:17:45,39.19,48.6958333333333
2026-01-28 10:17:47,39.19,48.6963888888889
2026-01-28 10:17:50,39.2,48.6972222222222
2026-01-28 10:17:52,39.18,48.6977777777778
2026-01-28 10:17:55,39.19,48.6986111111111
2026-01-28 10:17:57,39.18,48.6991666666667
2026-01-28 10:18:00,39.19,48.7
2026-01-28 10:18:03,39.19,48.7008333333333
2026-01-28 10:18:05,39.19,48.7013888888889
2026-01-28 10:18:08,39.17,48.7022222222222
2026-01-28 10:18:10,39.19,48.7027777777778
2026-01-28 10:18:13,39.17,48.7036111111111
2026-01-28 10:18:16,39.17,48.7044444444444
2026-01-28 10:18:18,39.17,48.705
2026-01-28 10:18:21,39.19,48.7058333333333
2026-01-28 10:18:23,39.18,48.7063888888889
2026-01-28 10:18:26,39.17,48.7072222222222
2026-01-28 10:18:29,39.19,48.7080555555556
2026-01-28 10:18:31,39.18,48.7086111111111
2026-01-28 10:18:34,39.18,48.7094444444444
2026-01-28 10:18:36,39.17,48.71
2026-01-28 10:18:38,39.17,48.7105555555556
2026-01-28 10:18:41,39.17,48.7113888888889
2026-01-28 10:18:44,39.16,48.7122222222222
2026-01-28 10:18:46,39.17,48.7127777777778
2026-01-28 10:18:49,39.17,48.7136111111111
2026-01-28 10:18:51,39.17,48.7141666666667
2026-01-28 10:18:54,39.16,48.715
2026-01-28 10:18:57,39.15,48.7158333333333
2026-01-28 10:18:59,39.16,48.7163888888889
2026-01-28 10:23:29,39.1,48.7913888888889
2026-01-28 10:23:31,39.09,48.7919444444444
2026-01-28 10:23:34,39.1,48.7927777777778
2026-01-28 10:23:37,39.1,48.7936111111111
2026-01-28 10:23:39,39.1,48.7941666666667
2026-01-28 10:23:42,39.1,48.795
2026-01-28 10:23:44,39.1,48.7955555555556
2026-01-28 10:23:47,39.09,48.7963888888889
2026-01-28 10:23:50,39.1,48.7972222222222
2026-01-28 10:23:55,39.1,48.7986111111111
2026-01-28 10:28:55,39.07,48.8819444444444
2026-01-28 10:32:06,39.07,48.935
2026-01-28 10:32:08,39.07,48.9355555555556
2026-01-28 10:32:11,39.07,48.9363888888889
2026-01-28 10:32:13,39.07,48.9369444444444
2026-01-28 10:32:16,39.07,48.9377777777778
2026-01-28 10:32:19,39.07,48.9386111111111
2026-01-28 10:32:21,39.06,48.9391666666667
2026-01-28 10:32:24,39.07,48.94
2026-01-28 10:32:26,39.09,48.9405555555556
2026-01-28 10:32:29,39.07,48.9413888888889
2026-01-28 10:32:32,39.07,48.9422222222222
2026-01-28 10:32:34,39.07,48.9427777777778
2026-01-28 10:32:37,39.07,48.9436111111111
2026-01-28 10:32:39,39.09,48.9441666666667
2026-01-28 10:32:41,39.08,48.9447222222222
2026-01-28 10:32:44,39.07,48.9455555555556
2026-01-28 10:32:47,39.07,48.9463888888889
2026-01-28 10:32:49,39.06,48.9469444444444
2026-01-28 10:32:52,39.07,48.9477777777778
2026-01-28 10:32:54,39.08,48.9483333333333
2026-01-28 10:32:57,39.07,48.9491666666667
2026-01-28 10:33:00,39.08,48.95
2026-01-28 10:33:02,39.08,48.9505555555556
2026-01-28 10:33:05,39.07,48.9513888888889
2026-01-28 10:33:07,39.08,48.9519444444444
2026-01-28 10:33:10,39.07,48.9527777777778
2026-01-28 10:33:13,39.07,48.9536111111111
2026-01-28 10:33:15,39.07,48.9541666666667
2026-01-28 10:33:18,39.07,48.955
2026-01-28 10:33:20,39.07,48.9555555555556
2026-01-28 10:33:23,39.07,48.9563888888889
2026-01-28 10:33:26,39.08,48.9572222222222
2026-01-28 10:33:30,39.07,48.9583333333333
2026-01-28 10:33:33,39.09,48.9591666666667
2026-01-28 10:33:35,39.07,48.9597222222222
2026-01-28 10:33:38,39.08,48.9605555555556
2026-01-28 10:33:41,39.07,48.9613888888889
2026-01-28 10:33:43,39.07,48.9619444444444
2026-01-28 10:33:46,39.07,48.9627777777778
2026-01-28 10:33:51,39.09,48.9641666666667
2026-01-28 10:33:54,39.08,48.965
2026-01-28 10:33:56,39.08,48.9655555555556
2026-01-28 10:33:59,39.09,48.9663888888889
2026-01-28 10:34:01,39.07,48.9669444444444
2026-01-28 10:34:04,39.08,48.9677777777778
2026-01-28 10:34:07,39.08,48.9686111111111
2026-01-28 10:34:09,39.07,48.9691666666667
2026-01-28 10:34:12,39.07,48.97
2026-01-28 10:34:14,39.08,48.9705555555556
2026-01-28 10:34:17,39.07,48.9713888888889
2026-01-28 10:34:19,39.08,48.9719444444444
2026-01-28 10:34:22,39.09,48.9727777777778
2026-01-28 10:34:24,39.08,48.9733333333333
2026-01-28 10:34:27,39.08,48.9741666666667
2026-01-28 10:34:29,39.08,48.9747222222222
2026-01-28 10:34:32,39.1,48.9755555555556
2026-01-28 10:34:35,39.08,48.9763888888889
2026-01-28 10:34:37,39.08,48.9769444444444
2026-01-28 10:34:40,39.09,48.9777777777778
2026-01-28 10:34:45,39.1,48.9791666666667
2026-01-28 10:34:48,39.09,48.98
2026-01-28 10:34:50,39.09,48.9805555555556
2026-01-28 10:34:53,39.08,48.9813888888889
2026-01-28 10:34:55,39.08,48.9819444444444
2026-01-28 10:34:58,39.08,48.9827777777778
2026-01-28 10:35:01,39.09,48.9836111111111
2026-01-28 10:35:03,39.1,48.9841666666667
2026-01-28 10:35:06,39.08,48.985
2026-01-28 10:35:08,39.1,48.9855555555556
2026-01-28 10:40:09,39.14,49.0691666666667
2026-01-28 10:44:36,39.19,49.1433333333333
2026-01-28 10:44:39,39.2,49.1441666666667
2026-01-28 10:44:41,39.2,49.1447222222222
2026-01-28 10:44:44,39.19,49.1455555555556
2026-01-28 10:44:46,39.19,49.1461111111111
2026-01-28 10:44:49,39.18,49.1469444444444
2026-01-28 10:44:52,39.19,49.1477777777778
2026-01-28 10:44:54,39.18,49.1483333333333
2026-01-28 10:44:57,39.19,49.1491666666667
2026-01-28 10:45:00,39.21,49.15
2026-01-28 10:45:02,39.2,49.1505555555556
2026-01-28 10:45:05,39.18,49.1513888888889
2026-01-28 10:45:09,39.19,49.1525
2026-01-28 10:45:12,39.2,49.1533333333333
2026-01-28 10:45:14,39.2,49.1538888888889
2026-01-28 10:45:17,39.18,49.1547222222222
2026-01-28 10:45:20,39.2,49.1555555555556
2026-01-28 10:45:22,39.2,49.1561111111111
2026-01-28 10:45:25,39.19,49.1569444444444
2026-01-28 10:45:30,39.2,49.1583333333333
2026-01-28 10:45:33,39.21,49.1591666666667
2026-01-28 10:45:36,39.21,49.16
2026-01-28 10:45:41,39.2,49.1613888888889
2026-01-28 10:45:45,39.21,49.1625
2026-01-28 10:45:49,39.21,49.1636111111111
2026-01-28 10:45:54,39.21,49.165
2026-01-28 10:45:56,39.21,49.1655555555556
2026-01-28 10:45:59,39.21,49.1663888888889
2026-01-28 10:46:03,39.2,49.1675
2026-01-28 10:46:06,39.21,49.1683333333333
2026-01-28 10:46:09,39.21,49.1691666666667
2026-01-28 10:46:11,39.21,49.1697222222222
2026-01-28 10:46:15,39.21,49.1708333333333
2026-01-28 10:46:19,39.21,49.1719444444444
2026-01-28 10:46:21,39.21,49.1725
2026-01-28 10:46:25,39.21,49.1736111111111
2026-01-28 10:46:29,39.21,49.1747222222222
2026-01-28 10:46:32,39.21,49.1755555555556
2026-01-28 10:46:35,39.21,49.1763888888889
2026-01-28 10:46:38,39.21,49.1772222222222
2026-01-28 10:46:43,39.23,49.1786111111111
2026-01-28 10:46:46,39.21,49.1794444444444
2026-01-28 10:46:52,39.24,49.1811111111111
2026-01-28 10:46:55,39.22,49.1819444444444
2026-01-28 10:46:58,39.21,49.1827777777778
2026-01-28 10:47:00,39.22,49.1833333333333
2026-01-28 10:47:03,39.22,49.1841666666667
2026-01-28 10:47:08,39.22,49.1855555555556
2026-01-28 10:47:08,39.22,49.1855555555556
2026-01-28 10:47:13,39.23,49.1869444444444
2026-01-28 10:47:16,39.23,49.1877777777778
2026-01-28 10:47:20,39.23,49.1888888888889
2026-01-28 10:47:24,39.22,49.19
2026-01-28 10:47:28,39.24,49.1911111111111
2026-01-28 10:47:32,39.23,49.1922222222222
2026-01-28 10:47:36,39.23,49.1933333333333
2026-01-28 10:47:38,39.24,49.1938888888889
2026-01-28 10:47:41,39.24,49.1947222222222
2026-01-28 10:47:44,39.24,49.1955555555556
2026-01-28 10:47:46,39.23,49.1961111111111
2026-01-28 10:47:49,39.24,49.1969444444444
2026-01-28 10:47:52,39.23,49.1977777777778
2026-01-28 10:47:57,39.24,49.1991666666667
2026-01-28 10:48:02,39.23,49.2005555555556
2026-01-28 10:48:07,39.24,49.2019444444444
2026-01-28 10:48:10,39.24,49.2027777777778
2026-01-28 10:48:15,39.24,49.2041666666667
2026-01-28 10:48:17,39.25,49.2047222222222
2026-01-28 10:48:19,39.24,49.2052777777778
2026-01-28 10:48:23,39.26,49.2063888888889
2026-01-28 10:48:27,39.25,49.2075
2026-01-28 10:48:30,39.25,49.2083333333333
2026-01-28 10:48:32,39.24,49.2088888888889
2026-01-28 10:48:35,39.24,49.2097222222222
2026-01-28 10:48:38,39.26,49.2105555555556
2026-01-28 10:48:40,39.25,49.2111111111111
2026-01-28 10:48:43,39.25,49.2119444444444
2026-01-28 10:48:45,39.25,49.2125
2026-01-28 10:48:48,39.25,49.2133333333333
2026-01-28 10:48:51,39.26,49.2141666666667
2026-01-28 10:48:53,39.26,49.2147222222222
2026-01-28 10:48:56,39.25,49.2155555555556
2026-01-28 10:48:58,39.25,49.2161111111111
2026-01-28 10:49:01,39.26,49.2169444444444
2026-01-28 10:49:04,39.26,49.2177777777778
2026-01-28 10:49:06,39.27,49.2183333333333
2026-01-28 10:49:08,39.25,49.2188888888889
2026-01-28 10:49:11,39.25,49.2197222222222
2026-01-28 10:49:16,39.26,49.2211111111111
2026-01-28 10:49:20,39.27,49.2222222222222
2026-01-28 10:49:24,39.27,49.2233333333333
2026-01-28 10:49:26,39.26,49.2238888888889
2026-01-28 10:49:29,39.26,49.2247222222222
2026-01-28 10:49:32,39.27,49.2255555555556
2026-01-28 10:49:37,39.28,49.2269444444444
2026-01-28 10:49:41,39.28,49.2280555555556
2026-01-28 10:49:45,39.26,49.2291666666667
2026-01-28 10:49:48,39.28,49.23
2026-01-28 10:49:50,39.27,49.2305555555556
2026-01-28 10:49:53,39.28,49.2313888888889
2026-01-28 10:54:53,39.33,49.3147222222222
2026-01-28 10:56:23,39.35,49.3397222222222
2026-01-28 10:56:26,39.35,49.3405555555556
2026-01-28 10:56:28,39.33,49.3411111111111
2026-01-28 10:56:31,39.34,49.3419444444444
2026-01-28 10:56:34,39.35,49.3427777777778
2026-01-28 10:56:38,39.34,49.3438888888889
2026-01-28 10:56:41,39.35,49.3447222222222
2026-01-28 10:56:43,39.34,49.3452777777778
2026-01-28 10:56:46,39.32,49.3461111111111
2026-01-28 10:56:48,39.35,49.3466666666667
2026-01-28 10:56:51,39.35,49.3475
2026-01-28 10:56:54,39.35,49.3483333333333
2026-01-28 10:56:56,39.33,49.3488888888889
2026-01-28 10:56:59,39.33,49.3497222222222
2026-01-28 10:57:01,39.35,49.3502777777778
2026-01-28 10:57:04,39.35,49.3511111111111
2026-01-28 10:57:07,39.35,49.3519444444444
2026-01-28 10:57:09,39.35,49.3525
2026-01-28 10:57:12,39.35,49.3533333333333
2026-01-28 10:57:14,39.35,49.3538888888889
2026-01-28 10:57:17,39.35,49.3547222222222
2026-01-28 10:57:20,39.36,49.3555555555556
2026-01-28 10:57:22,39.35,49.3561111111111
2026-01-28 10:57:25,39.36,49.3569444444444
2026-01-28 10:57:27,39.36,49.3575
2026-01-28 10:57:32,39.37,49.3588888888889
2026-01-28 10:57:35,39.38,49.3597222222222
2026-01-28 10:57:37,39.38,49.3602777777778
2026-01-28 10:57:40,39.4,49.3611111111111
2026-01-28 10:57:45,39.39,49.3625
2026-01-28 10:57:48,39.42,49.3633333333333
2026-01-28 10:57:50,39.42,49.3638888888889
2026-01-28 10:57:53,39.43,49.3647222222222
2026-01-28 10:57:55,39.46,49.3652777777778
2026-01-28 10:57:58,39.44,49.3661111111111
2026-01-28 10:58:01,39.45,49.3669444444444
2026-01-28 10:58:03,39.46,49.3675
2026-01-28 10:58:06,39.49,49.3683333333333
2026-01-28 10:58:08,39.48,49.3688888888889
2026-01-28 10:58:11,39.48,49.3697222222222
2026-01-28 10:58:14,39.51,49.3705555555556
2026-01-28 10:58:16,39.51,49.3711111111111
2026-01-28 10:58:21,39.53,49.3725
2026-01-28 10:58:23,39.55,49.3730555555556
2026-01-28 10:58:26,39.55,49.3738888888889
2026-01-28 10:58:29,39.57,49.3747222222222
2026-01-28 10:58:31,39.56,49.3752777777778
2026-01-28 10:58:34,39.58,49.3761111111111
2026-01-28 10:58:36,39.59,49.3766666666667
2026-01-28 10:58:39,39.61,49.3775
2026-01-28 10:58:42,39.61,49.3783333333333
2026-01-28 10:58:44,39.63,49.3788888888889
2026-01-28 10:58:47,39.62,49.3797222222222
2026-01-28 10:58:49,39.64,49.3802777777778
2026-01-28 10:58:52,39.65,49.3811111111111
2026-01-28 10:58:55,39.65,49.3819444444444
2026-01-28 10:58:57,39.67,49.3825
2026-01-28 10:59:00,39.68,49.3833333333333
2026-01-28 10:59:02,39.68,49.3838888888889
2026-01-28 10:59:04,39.69,49.3844444444444
2026-01-28 10:59:07,39.71,49.3852777777778
2026-01-28 10:59:10,39.71,49.3861111111111
2026-01-28 10:59:12,39.73,49.3866666666667
2026-01-28 10:59:15,39.73,49.3875
2026-01-28 10:59:17,39.74,49.3880555555556
2026-01-28 10:59:20,39.74,49.3888888888889
2026-01-28 10:59:23,39.76,49.3897222222222
2026-01-28 10:59:25,39.78,49.3902777777778
2026-01-28 10:59:28,39.78,49.3911111111111
2026-01-28 10:59:30,39.79,49.3916666666667
2026-01-28 10:59:33,39.8,49.3925
2026-01-28 10:59:36,39.8,49.3933333333333
2026-01-28 10:59:38,39.81,49.3938888888889
2026-01-28 10:59:41,39.82,49.3947222222222
2026-01-28 10:59:43,39.82,49.3952777777778
2026-01-28 10:59:46,39.85,49.3961111111111
2026-01-28 10:59:49,39.85,49.3969444444444
2026-01-28 10:59:51,39.85,49.3975
2026-01-28 10:59:54,39.86,49.3983333333333
2026-01-28 10:59:56,39.87,49.3988888888889
2026-01-28 10:59:58,39.85,49.3994444444444
2026-01-28 11:00:01,39.87,49.4002777777778
2026-01-28 11:00:04,39.89,49.4011111111111
2026-01-28 11:00:07,39.89,49.4019444444444
2026-01-28 11:00:12,39.91,49.4033333333333
2026-01-28 11:00:14,39.91,49.4038888888889
2026-01-28 11:00:17,39.92,49.4047222222222
2026-01-28 11:00:22,39.93,49.4061111111111
2026-01-28 11:00:24,39.92,49.4066666666667
2026-01-28 11:00:28,39.93,49.4077777777778
2026-01-28 11:00:32,39.95,49.4088888888889
2026-01-28 11:00:35,39.96,49.4097222222222
2026-01-28 11:00:38,39.96,49.4105555555556
2026-01-28 11:00:40,39.97,49.4111111111111
2026-01-28 11:00:43,39.97,49.4119444444444
2026-01-28 11:00:45,39.98,49.4125
2026-01-28 11:00:47,39.99,49.4130555555556
2026-01-28 11:00:50,39.99,49.4138888888889
2026-01-28 11:00:52,40.01,49.4144444444444
2026-01-28 11:00:56,40,49.4155555555556
2026-01-28 11:00:58,40.01,49.4161111111111
2026-01-28 11:01:03,40.01,49.4175
2026-01-28 11:01:05,40.02,49.4180555555556
2026-01-28 11:01:09,40.03,49.4191666666667
2026-01-28 11:01:13,40.03,49.4202777777778
2026-01-28 11:01:16,40.04,49.4211111111111
2026-01-28 11:01:19,40.06,49.4219444444444
2026-01-28 11:01:21,40.06,49.4225
2026-01-28 11:01:24,40.07,49.4233333333333
2026-01-28 11:01:27,40.06,49.4241666666667
2026-01-28 11:01:31,40.07,49.4252777777778
2026-01-28 11:01:35,40.07,49.4263888888889
2026-01-28 11:01:39,40.08,49.4275
2026-01-28 11:01:41,40.1,49.4280555555556
2026-01-28 11:01:44,40.09,49.4288888888889
2026-01-28 11:01:47,40.11,49.4297222222222
2026-01-28 11:01:52,40.11,49.4311111111111
2026-01-28 11:01:55,40.11,49.4319444444444
2026-01-28 11:01:59,40.12,49.4330555555556
2026-01-28 11:02:02,40.13,49.4338888888889
2026-01-28 11:02:05,40.13,49.4347222222222
2026-01-28 11:02:10,40.13,49.4361111111111
2026-01-28 11:02:12,40.13,49.4366666666667
2026-01-28 11:02:15,40.16,49.4375
2026-01-28 11:02:18,40.15,49.4383333333333
2026-01-28 11:02:20,40.16,49.4388888888889
2026-01-28 11:02:22,40.17,49.4394444444444
2026-01-28 11:02:25,40.17,49.4402777777778
2026-01-28 11:02:28,40.17,49.4411111111111
2026-01-28 11:02:30,40.16,49.4416666666667
2026-01-28 11:02:33,40.17,49.4425
2026-01-28 11:02:35,40.19,49.4430555555556
2026-01-28 11:02:38,40.18,49.4438888888889
2026-01-28 11:02:41,40.18,49.4447222222222
2026-01-28 11:02:43,40.19,49.4452777777778
2026-01-28 11:02:46,40.19,49.4461111111111
2026-01-28 11:02:48,40.2,49.4466666666667
2026-01-28 11:02:51,40.2,49.4475
2026-01-28 11:02:54,40.2,49.4483333333333
2026-01-28 11:02:56,40.21,49.4488888888889
2026-01-28 11:02:59,40.21,49.4497222222222
2026-01-28 11:03:01,40.23,49.4502777777778
2026-01-28 11:03:04,40.21,49.4511111111111
2026-01-28 11:03:09,40.23,49.4525
2026-01-28 11:03:12,40.23,49.4533333333333
2026-01-28 11:03:17,40.23,49.4547222222222
2026-01-28 11:03:23,40.24,49.4563888888889
2026-01-28 11:03:27,40.25,49.4575
2026-01-28 11:03:29,40.25,49.4580555555556
2026-01-28 11:03:32,40.25,49.4588888888889
2026-01-28 11:06:06,40.42,49.5016666666667
2026-01-28 11:06:09,40.43,49.5025
2026-01-28 11:06:11,40.44,49.5030555555556
2026-01-28 11:06:14,40.45,49.5038888888889
2026-01-28 11:06:17,40.44,49.5047222222222
2026-01-28 11:06:19,40.45,49.5052777777778
2026-01-28 11:06:22,40.46,49.5061111111111
2026-01-28 11:11:23,40.66,49.5897222222222
2026-01-28 11:16:08,40.79,49.6688888888889
2026-01-28 11:16:10,40.8,49.6694444444444
2026-01-28 11:16:13,40.8,49.6702777777778
2026-01-28 11:16:15,40.8,49.6708333333333
2026-01-28 11:16:18,40.8,49.6716666666667
2026-01-28 11:21:19,40.85,49.7552777777778
2026-01-28 11:21:21,40.85,49.7558333333333
2026-01-28 11:21:23,40.85,49.7563888888889
2026-01-28 11:21:26,40.87,49.7572222222222
2026-01-28 11:21:29,40.86,49.7580555555556
2026-01-28 11:21:31,40.85,49.7586111111111
2026-01-28 11:25:05,40.88,49.8180555555556
2026-01-28 11:25:07,40.87,49.8186111111111
2026-01-28 11:25:10,40.87,49.8194444444444
2026-01-28 11:27:47,40.87,49.8630555555556
2026-01-28 11:27:49,40.88,49.8636111111111
2026-01-28 11:30:21,40.88,49.9058333333333
2026-01-28 11:30:24,40.87,49.9066666666667
2026-01-28 11:35:24,40.86,49.99
2026-01-28 11:40:25,40.84,50.0736111111111
2026-01-28 11:45:26,40.79,50.1572222222222
2026-01-28 11:50:29,40.78,50.2413888888889
2026-01-28 11:55:31,40.76,50.3252777777778
2026-01-28 12:00:33,40.73,50.4091666666667
2026-01-28 12:05:33,40.71,50.4925
2026-01-28 12:10:34,40.67,50.5761111111111
2026-01-28 12:15:35,40.64,50.6597222222222
2026-01-28 12:20:38,40.61,50.7438888888889
2026-01-28 12:25:39,40.57,50.8275
2026-01-28 12:30:39,40.54,50.9108333333333
2026-01-28 12:35:40,40.52,50.9944444444444
2026-01-28 12:40:41,40.5,51.0780555555556
2026-01-28 12:45:41,40.5,51.1613888888889
2026-01-28 12:50:42,40.51,51.245
2026-01-28 12:55:43,40.51,51.3286111111111
2026-01-28 13:00:43,40.52,51.4119444444444
2026-01-28 13:05:44,40.51,51.4955555555556
2026-01-28 13:10:45,40.52,51.5791666666667
2026-01-28 13:15:45,40.5,51.6625
2026-01-28 13:20:46,40.5,51.7461111111111
2026-01-28 13:25:47,40.5,51.8297222222222
2026-01-28 13:30:48,40.5,51.9133333333333
2026-01-28 13:35:48,40.5,51.9966666666667
2026-01-28 13:40:49,40.5,52.0802777777778
2026-01-28 13:45:50,40.52,52.1638888888889
2026-01-28 13:50:50,40.53,52.2472222222222
2026-01-28 13:55:51,40.56,52.3308333333333
2026-01-28 14:00:52,40.57,52.4144444444444
2026-01-28 14:05:52,40.57,52.4977777777778
2026-01-28 14:10:53,40.6,52.5813888888889
2026-01-28 14:15:54,40.62,52.665
2026-01-28 14:20:54,40.62,52.7483333333333
2026-01-28 14:25:55,40.63,52.8319444444444
2026-01-28 14:30:56,40.63,52.9155555555556
2026-01-28 14:35:56,40.65,52.9988888888889
2026-01-28 14:40:57,40.66,53.0825
2026-01-28 14:45:58,40.68,53.1661111111111
2026-01-28 14:50:59,40.69,53.2497222222222
2026-01-28 14:55:59,40.71,53.3330555555556
2026-01-28 15:01:00,40.71,53.4166666666667
2026-01-28 15:06:01,40.74,53.5002777777778
2026-01-28 15:11:01,40.72,53.5836111111111
2026-01-28 15:16:03,40.7,53.6675
2026-01-28 15:21:05,40.66,53.7513888888889
2026-01-28 15:26:06,40.6,53.835
2026-01-28 15:31:06,40.54,53.9183333333333
2026-01-28 15:36:07,40.52,54.0019444444444
2026-01-28 15:41:08,40.49,54.0855555555556
2026-01-28 15:46:08,40.47,54.1688888888889
2026-01-28 15:51:09,40.39,54.2525
2026-01-28 15:56:10,40.32,54.3361111111111
2026-01-28 16:01:11,40.27,54.4197222222222
2026-01-28 16:06:11,40.26,54.5030555555556
2026-01-28 16:11:12,40.27,54.5866666666667
2026-01-28 16:16:13,40.28,54.6702777777778
2026-01-28 16:21:14,40.25,54.7538888888889
2026-01-28 16:26:14,40.23,54.8372222222222
2026-01-28 16:31:15,40.22,54.9208333333333
2026-01-28 16:36:16,40.2,55.0044444444444
2026-01-28 16:41:16,40.2,55.0877777777778
2026-01-28 16:46:17,40.21,55.1713888888889
2026-01-28 16:51:18,40.22,55.255
2026-01-28 16:56:18,40.25,55.3383333333333
2026-01-28 17:01:19,40.28,55.4219444444444
2026-01-28 17:06:20,40.3,55.5055555555556
2026-01-28 17:11:20,40.33,55.5888888888889
2026-01-28 17:16:21,40.36,55.6725
2026-01-28 17:21:22,40.41,55.7561111111111
2026-01-28 17:26:22,40.39,55.8394444444444
2026-01-28 17:31:23,40.45,55.9230555555556
2026-01-28 17:36:24,40.49,56.0066666666667
2026-01-28 17:41:24,40.53,56.09
2026-01-28 17:46:25,40.57,56.1736111111111
2026-01-28 17:51:26,40.63,56.2572222222222
2026-01-28 17:56:27,40.67,56.3408333333333
2026-01-28 18:01:27,40.72,56.4241666666667
2026-01-28 18:06:28,40.77,56.5077777777778
2026-01-28 18:11:29,40.79,56.5913888888889
2026-01-28 18:16:30,40.84,56.675
2026-01-28 18:21:32,40.89,56.7588888888889
2026-01-28 18:26:33,40.92,56.8425
2026-01-28 18:31:34,40.96,56.9261111111111
2026-01-28 18:36:34,40.99,57.0094444444444
2026-01-28 18:41:35,41.03,57.0930555555556
2026-01-28 18:46:36,41.07,57.1766666666667
2026-01-28 18:51:37,41.11,57.2602777777778
2026-01-28 18:56:37,41.16,57.3436111111111
2026-01-28 19:01:38,41.2,57.4272222222222
2026-01-28 19:06:39,41.24,57.5108333333333
2026-01-28 19:11:39,41.28,57.5941666666667
2026-01-28 19:16:41,41.32,57.6780555555556
2026-01-28 19:21:43,41.35,57.7619444444444
2026-01-28 19:26:44,41.38,57.8455555555556
2026-01-28 19:31:45,41.39,57.9291666666667
2026-01-28 19:36:45,41.42,58.0125
2026-01-28 19:41:46,41.45,58.0961111111111
2026-01-28 19:46:47,41.49,58.1797222222222
2026-01-28 19:51:48,41.53,58.2633333333333
2026-01-28 19:56:51,41.55,58.3475
2026-01-28 20:01:51,41.6,58.4308333333333
2026-01-28 20:06:52,41.64,58.5144444444444
2026-01-28 20:11:53,41.67,58.5980555555556
2026-01-28 20:16:53,41.68,58.6813888888889
2026-01-28 20:21:54,41.71,58.765
2026-01-28 20:26:55,41.74,58.8486111111111
2026-01-28 20:31:56,41.76,58.9322222222222
2026-01-28 20:36:56,41.77,59.0155555555556
2026-01-28 20:41:57,41.8,59.0991666666667
2026-01-28 20:46:57,41.82,59.1825
2026-01-28 20:51:58,41.85,59.2661111111111
2026-01-28 20:56:59,41.87,59.3497222222222
2026-01-28 21:01:59,41.89,59.4330555555556
2026-01-28 21:07:01,41.92,59.5169444444444
2026-01-28 21:12:03,41.94,59.6008333333333
2026-01-28 21:17:04,41.96,59.6844444444444
2026-01-28 21:22:05,41.96,59.7680555555556
2026-01-28 21:27:06,41.98,59.8516666666667
2026-01-28 21:32:06,41.99,59.935
2026-01-28 21:37:07,42.01,60.0186111111111
2026-01-28 21:42:08,42.01,60.1022222222222
2026-01-28 21:47:08,42,60.1855555555556
2026-01-28 21:52:09,41.99,60.2691666666667
2026-01-28 21:57:10,42.03,60.3527777777778
2026-01-28 22:02:11,42.07,60.4363888888889
2026-01-28 22:07:11,42.09,60.5197222222222
2026-01-28 22:12:11,42.1,60.6030555555556
2026-01-28 22:17:12,42.1,60.6866666666667
2026-01-28 22:22:13,42.09,60.7702777777778
2026-01-28 22:27:14,42.09,60.8538888888889
2026-01-28 22:32:17,42.1,60.9380555555556
2026-01-28 22:37:18,42.11,61.0216666666667
2026-01-28 22:42:18,42.12,61.105
2026-01-28 22:47:19,42.12,61.1886111111111
2026-01-28 22:52:20,42.14,61.2722222222222
2026-01-28 22:57:21,42.14,61.3558333333333
2026-01-28 23:02:21,42.16,61.4391666666667
2026-01-28 23:07:22,42.18,61.5227777777778
2026-01-28 23:12:23,42.19,61.6063888888889
2026-01-28 23:17:23,42.2,61.6897222222222
2026-01-28 23:22:24,42.2,61.7733333333333
2026-01-28 23:27:25,42.18,61.8569444444444
2026-01-28 23:32:26,42.19,61.9405555555556
2026-01-28 23:37:26,42.19,62.0238888888889
2026-01-28 23:42:26,42.21,62.1072222222222
2026-01-28 23:47:27,42.22,62.1908333333333
2026-01-28 23:52:28,42.24,62.2744444444444
2026-01-28 23:57:29,42.24,62.3580555555556
2026-01-29 00:02:29,42.28,62.4413888888889
2026-01-29 00:07:30,42.28,62.525
2026-01-29 00:12:31,42.29,62.6086111111111
2026-01-29 00:17:31,42.28,62.6919444444444
2026-01-29 00:22:32,42.28,62.7755555555556
2026-01-29 00:27:33,42.3,62.8591666666667
2026-01-29 00:32:34,42.29,62.9427777777778
2026-01-29 00:37:37,42.31,63.0269444444444
2026-01-29 00:42:38,42.3,63.1105555555556
2026-01-29 00:47:38,42.32,63.1938888888889
2026-01-29 00:52:39,42.32,63.2775
2026-01-29 00:57:39,42.35,63.3608333333333
2026-01-29 01:02:40,42.35,63.4444444444444
2026-01-29 01:07:41,42.38,63.5280555555556
2026-01-29 01:12:41,42.39,63.6113888888889
2026-01-29 01:17:42,42.39,63.695
2026-01-29 01:22:43,42.4,63.7786111111111
2026-01-29 01:27:44,42.4,63.8622222222222
2026-01-29 01:32:44,42.39,63.9455555555556
2026-01-29 01:37:45,42.39,64.0291666666667
2026-01-29 01:42:46,42.42,64.1127777777778
2026-01-29 01:47:46,42.42,64.1961111111111
2026-01-29 01:52:47,42.43,64.2797222222222
2026-01-29 01:57:48,42.46,64.3633333333333
2026-01-29 02:02:49,42.47,64.4469444444444
2026-01-29 02:07:49,42.49,64.5302777777778
2026-01-29 02:12:50,42.49,64.6138888888889
2026-01-29 02:17:51,42.48,64.6975
2026-01-29 02:22:54,42.49,64.7816666666667
2026-01-29 02:27:57,42.48,64.8658333333333
2026-01-29 02:32:58,42.5,64.9494444444444
2026-01-29 02:37:58,42.49,65.0327777777778
2026-01-29 02:42:59,42.5,65.1163888888889
2026-01-29 02:48:00,42.51,65.2
2026-01-29 02:53:01,42.53,65.2836111111111
2026-01-29 02:58:01,42.53,65.3669444444444
2026-01-29 03:03:02,42.58,65.4505555555556
2026-01-29 03:08:03,42.59,65.5341666666667
2026-01-29 03:13:04,42.59,65.6177777777778
2026-01-29 03:18:04,42.59,65.7011111111111
2026-01-29 03:23:05,42.59,65.7847222222222
2026-01-29 03:28:06,42.58,65.8683333333333
2026-01-29 03:33:06,42.6,65.9516666666667
2026-01-29 03:38:07,42.6,66.0352777777778
2026-01-29 03:43:07,42.61,66.1186111111111
2026-01-29 03:48:08,42.61,66.2022222222222
2026-01-29 03:53:09,42.64,66.2858333333333
2026-01-29 03:58:09,42.65,66.3691666666667
2026-01-29 04:03:10,42.68,66.4527777777778
2026-01-29 04:08:11,42.67,66.5363888888889
2026-01-29 04:13:11,42.7,66.6197222222222
2026-01-29 04:18:12,42.71,66.7033333333333
2026-01-29 04:23:13,42.71,66.7869444444444
2026-01-29 04:28:14,42.72,66.8705555555556
2026-01-29 04:33:14,42.73,66.9538888888889
2026-01-29 04:38:15,42.74,67.0375
2026-01-29 04:43:16,42.77,67.1211111111111
2026-01-29 04:48:19,42.77,67.2052777777778
2026-01-29 04:53:20,42.79,67.2888888888889
2026-01-29 04:58:23,42.81,67.3730555555556
2026-01-29 05:03:23,42.83,67.4563888888889
2026-01-29 05:08:24,42.83,67.54
2026-01-29 05:13:25,42.85,67.6236111111111
2026-01-29 05:18:26,42.85,67.7072222222222
2026-01-29 05:23:26,42.87,67.7905555555556
2026-01-29 05:28:27,42.88,67.8741666666667
2026-01-29 05:33:28,42.88,67.9577777777778
2026-01-29 05:38:28,42.91,68.0411111111111
2026-01-29 05:43:29,42.92,68.1247222222222
2026-01-29 05:48:30,42.94,68.2083333333333
2026-01-29 05:53:30,42.96,68.2916666666667
2026-01-29 05:58:31,42.99,68.3752777777778
2026-01-29 06:03:32,43,68.4588888888889
2026-01-29 06:08:33,43.03,68.5425
2026-01-29 06:13:33,43.04,68.6258333333333
2026-01-29 06:18:34,43.05,68.7094444444444
2026-01-29 06:23:34,43.06,68.7927777777778
2026-01-29 06:28:35,43.07,68.8763888888889
2026-01-29 06:33:36,43.08,68.96
2026-01-29 06:38:36,43.08,69.0433333333333
2026-01-29 06:43:37,43.1,69.1269444444444
2026-01-29 06:48:38,43.12,69.2105555555556
2026-01-29 06:53:39,43.16,69.2941666666667
2026-01-29 06:58:42,43.17,69.3783333333333
2026-01-29 07:03:43,43.18,69.4619444444444
2026-01-29 07:08:43,43.21,69.5452777777778
2026-01-29 07:13:44,43.21,69.6288888888889
2026-01-29 07:18:45,43.21,69.7125
2026-01-29 07:23:45,43.23,69.7958333333333
2026-01-29 07:28:46,43.25,69.8794444444444
2026-01-29 07:33:47,43.26,69.9630555555556
2026-01-29 07:38:47,43.24,70.0463888888889
2026-01-29 07:43:48,43.27,70.13
2026-01-29 07:46:22,43.28,70.1727777777778
2026-01-29 07:46:25,43.28,70.1736111111111
2026-01-29 07:46:27,43.29,70.1741666666667
2026-01-29 07:46:30,43.29,70.175
2026-01-29 07:46:32,43.28,70.1755555555556
2026-01-29 07:46:35,43.28,70.1763888888889
2026-01-29 07:46:38,43.29,70.1772222222222
2026-01-29 07:46:40,43.28,70.1777777777778
2026-01-29 07:46:43,43.29,70.1786111111111
2026-01-29 07:46:45,43.28,70.1791666666667
2026-01-29 07:46:48,43.28,70.18
2026-01-29 07:46:51,43.28,70.1808333333333
2026-01-29 07:46:53,43.28,70.1813888888889
2026-01-29 07:46:56,43.28,70.1822222222222
2026-01-29 07:46:58,43.28,70.1827777777778
2026-01-29 07:47:11,43.28,70.1863888888889
2026-01-29 07:47:13,43.28,70.1869444444444
2026-01-29 07:47:16,43.28,70.1877777777778
2026-01-29 07:47:19,43.28,70.1886111111111
2026-01-29 07:47:21,43.28,70.1891666666667
2026-01-29 07:47:24,43.28,70.19
2026-01-29 07:47:29,43.28,70.1913888888889
2026-01-29 07:47:32,43.3,70.1922222222222
2026-01-29 07:47:34,43.29,70.1927777777778
2026-01-29 07:47:37,43.28,70.1936111111111
2026-01-29 07:47:39,43.29,70.1941666666667
2026-01-29 07:47:42,43.28,70.195
2026-01-29 07:47:45,43.28,70.1958333333333
2026-01-29 07:47:47,43.28,70.1963888888889
2026-01-29 07:47:50,43.28,70.1972222222222
2026-01-29 07:47:52,43.29,70.1977777777778
2026-01-29 07:47:54,43.28,70.1983333333333
2026-01-29 07:47:57,43.28,70.1991666666667
2026-01-29 07:48:00,43.29,70.2
2026-01-29 07:48:02,43.28,70.2005555555556
2026-01-29 07:48:05,43.28,70.2013888888889
2026-01-29 07:48:07,43.28,70.2019444444445
2026-01-29 07:48:10,43.3,70.2027777777778
2026-01-29 07:48:13,43.29,70.2036111111111
2026-01-29 07:48:15,43.28,70.2041666666667
2026-01-29 07:48:18,43.3,70.205
2026-01-29 07:48:20,43.28,70.2055555555555
2026-01-29 07:48:23,43.28,70.2063888888889
2026-01-29 07:48:26,43.29,70.2072222222222
2026-01-29 07:48:28,43.28,70.2077777777778
