Datum,Temperatur (°C),Feuchtigkeit (°C),Druck (hPa),RSSI (dBm),Spannung (V),Beschleunigung X (g),Beschleunigung Y (g),Beschleunigung Z (g),Bewegungszähler (Bewegungen),TX-Leistung (dBm),Messsequenznummer
2026-01-26 07:49:18,20.53,34.85,,-55,3.006,0.02,0.06,1.016,166,4,34747
2026-01-26 07:49:19,20.55,34.84,,-49,3.006,0.024,0.052,1.02,166,4,34748
2026-01-26 07:49:21,20.55,34.8,,-51,3.006,0.024,0.06,1.02,166,4,34749
2026-01-26 07:49:25,20.56,34.78,,-52,3.006,0.028,0.056,1.02,166,4,34750
2026-01-26 07:49:26,20.57,34.74,,-49,3.006,0.024,0.056,1.016,166,4,34751
2026-01-26 07:49:29,20.56,34.73,,-51,3.006,0.02,0.056,1.02,166,4,34752
2026-01-26 07:49:31,20.56,34.72,,-54,3.006,0.016,0.052,1.016,166,4,34753
2026-01-26 07:49:35,20.55,34.73,,-59,3.006,0.028,0.052,1.024,166,4,34754
2026-01-26 07:49:37,20.56,34.73,,-58,2.999,0.02,0.056,1.016,166,4,34755
2026-01-26 07:49:39,20.55,34.69,,-58,2.999,0.02,0.052,1.016,166,4,34756
2026-01-26 07:49:47,20.54,34.71,,-58,2.999,0.024,0.06,1.016,166,4,34759
2026-01-26 07:49:49,20.56,34.71,,-56,2.999,0.032,0.056,1.02,166,4,34760
2026-01-26 07:49:52,20.55,34.71,,-61,2.999,0.02,0.06,1.02,166,4,34761
2026-01-26 07:49:56,20.57,34.72,,-68,2.999,0.02,0.052,1.012,166,4,34762
2026-01-26 07:49:58,20.57,34.71,,-57,2.999,0.024,0.052,1.02,166,4,34763
2026-01-26 07:50:01,20.57,34.73,,-61,2.999,0.024,0.048,1.024,166,4,34764
2026-01-26 07:50:03,20.55,34.71,,-54,2.999,0.02,0.06,1.02,166,4,34765
2026-01-26 07:50:05,20.57,34.73,,-59,2.999,0.02,0.056,1.02,166,4,34766
2026-01-26 07:50:07,20.57,34.71,,-55,2.999,0.024,0.052,1.02,166,4,34767
2026-01-26 07:50:10,20.57,34.72,,-61,2.999,0.02,0.06,1.012,166,4,34768
2026-01-26 07:50:12,20.57,34.73,,-54,2.999,0.028,0.052,1.02,166,4,34769
2026-01-26 07:50:15,20.56,34.71,,-57,2.999,0.024,0.056,1.012,166,4,34770
2026-01-26 07:50:23,20.56,34.71,,-63,2.999,0.028,0.056,1.02,166,4,34773
2026-01-26 07:50:27,20.57,34.69,,-70,2.999,0.012,0.056,1.016,166,4,34774
2026-01-26 07:50:29,20.57,34.69,,-56,2.999,0.024,0.056,1.02,166,4,34775
2026-01-26 07:50:32,20.57,34.7,,-61,2.999,0.02,0.06,1.016,166,4,34776
2026-01-26 07:50:34,20.57,34.67,,-70,2.999,0.024,0.056,1.016,166,4,34777
2026-01-26 07:50:37,20.56,34.66,,-59,2.995,0.02,0.052,1.02,166,4,34778
2026-01-26 07:50:39,20.57,34.67,,-66,2.995,0.024,0.052,1.016,166,4,34779
2026-01-26 07:50:41,20.57,34.67,,-62,2.995,0.028,0.056,1.012,166,4,34780
2026-01-26 07:50:43,20.57,34.65,,-80,2.995,0.028,0.06,1.02,166,4,34781
2026-01-26 07:50:47,20.58,34.66,,-56,2.995,0.024,0.06,1.016,166,4,34782
2026-01-26 07:50:50,20.57,34.66,,-60,2.995,0.024,0.052,1.02,166,4,34783
2026-01-26 07:50:51,20.58,34.67,,-56,2.995,0.02,0.052,1.02,166,4,34784
2026-01-26 07:50:55,20.59,34.67,,-58,2.995,0.028,0.056,1.02,166,4,34785
2026-01-26 07:50:56,20.57,34.65,,-59,2.995,0.02,0.056,1.016,166,4,34786
2026-01-26 07:50:59,20.58,34.66,,-60,2.995,0.024,0.056,1.02,166,4,34787
2026-01-26 07:51:01,20.58,34.66,,-61,2.995,0.028,0.06,1.02,166,4,34788
2026-01-26 07:51:05,20.56,34.64,,-60,2.995,0.024,0.06,1.012,166,4,34789
2026-01-26 07:51:06,20.58,34.7,,-79,2.995,0.028,0.056,1.016,166,4,34790
2026-01-26 07:51:09,20.57,34.67,,-55,2.995,0.024,0.06,1.012,166,4,34791
2026-01-26 07:51:12,20.57,34.67,,-68,2.995,0.024,0.06,1.02,166,4,34792
2026-01-26 07:51:15,20.58,34.68,,-68,2.995,0.024,0.056,1.02,166,4,34793
2026-01-26 07:51:18,20.57,34.68,,-55,2.995,0.02,0.056,1.024,166,4,34794
2026-01-26 07:51:21,20.57,34.68,,-61,2.995,0.024,0.052,1.02,166,4,34795
2026-01-26 07:51:23,20.58,34.64,,-85,2.995,0.024,0.06,1.016,166,4,34796
2026-01-26 07:51:24,20.59,34.68,,-73,2.995,0.024,0.052,1.02,166,4,34797
2026-01-26 07:51:30,20.57,34.68,,-60,2.995,0.02,0.056,1.016,166,4,34799
2026-01-26 07:51:32,20.59,34.67,,-56,2.995,0.016,0.064,1.024,166,4,34800
2026-01-26 07:51:35,20.57,34.65,,-56,2.995,0.024,0.056,1.016,166,4,34801
2026-01-26 07:51:37,20.59,34.66,,-61,3.006,0.024,0.052,1.008,166,4,34802
2026-01-26 07:51:40,20.58,34.69,,-55,3.006,0.02,0.056,1.02,166,4,34803
2026-01-26 07:51:42,20.59,34.64,,-59,3.006,0.024,0.056,1.02,166,4,34804
2026-01-26 07:51:45,20.58,34.66,,-63,3.006,0.024,0.052,1.008,166,4,34805
2026-01-26 07:51:49,20.6,34.65,,-55,3.006,0.02,0.06,1.016,166,4,34806
2026-01-26 07:51:51,20.59,34.63,,-58,3.006,0.02,0.056,1.016,166,4,34807
2026-01-26 07:51:53,20.59,34.61,,-67,3.006,0.02,0.06,1.02,166,4,34808
2026-01-26 07:51:55,20.58,34.62,,-57,3.006,0.024,0.06,1.02,166,4,34809
2026-01-26 07:51:58,20.6,34.65,,-68,3.006,0.024,0.056,1.016,166,4,34810
2026-01-26 07:52:02,20.59,34.6,,-65,3.006,0.024,0.06,1.024,166,4,34811
2026-01-26 07:52:03,20.59,34.64,,-61,3.006,0.02,0.056,1.016,166,4,34812
2026-01-26 07:52:06,20.6,34.63,,-55,3.006,0.024,0.056,1.02,166,4,34813
2026-01-26 08:49:07,21.32,34.22,,-60,3.009,0.024,0.06,1.016,171,4,36144
2026-01-26 08:49:09,21.31,34.22,,-63,3.009,0.024,0.056,1.016,171,4,36145
2026-01-26 09:59:12,24.36,34.19,,-92,3.055,0.04,0.256,0.98,176,4,37780
2026-01-26 09:59:14,24.35,34.17,,-86,3.055,0.032,0.248,0.98,176,4,37781
2026-01-26 09:59:16,24.36,34.17,,-86,3.055,0.012,0.252,0.988,176,4,37782
2026-01-26 09:59:18,24.38,34.18,,-92,3.059,0.04,0.256,0.98,176,4,37783
2026-01-26 09:59:21,24.38,34.19,,-93,3.059,0.036,0.24,0.976,176,4,37784
2026-01-26 09:59:23,24.38,34.17,,-89,3.059,0.012,0.26,1,176,4,37785
2026-01-26 09:59:26,24.39,34.19,,-93,3.059,0.036,0.248,0.98,176,4,37786
2026-01-26 10:00:01,24.43,34.15,,-69,3.059,0.012,0.252,1.004,176,4,37799
2026-01-26 10:00:14,24.46,34.17,,-68,3.059,0.032,0.252,0.98,176,4,37804
2026-01-26 10:00:16,24.44,34.13,,-77,3.059,0.016,0.228,0.992,176,4,37805
2026-01-26 10:00:19,24.46,34.12,,-77,3.059,0,0.248,1.012,176,4,37806
2026-01-26 10:00:20,24.46,34.13,,-71,2.999,0.012,0.236,0.988,176,4,37807
2026-01-26 10:00:23,24.47,34.13,,-79,2.999,0.008,0.216,0.992,176,4,37808
2026-01-26 10:00:25,24.49,34.14,,-90,2.999,0.008,0.236,0.988,176,4,37809
2026-01-26 10:00:28,24.49,34.13,,-84,2.999,0.008,0.24,0.988,176,4,37810
2026-01-26 10:00:32,24.48,34.13,,-81,2.999,-0.004,0.244,1.016,176,4,37811
2026-01-26 10:00:33,24.48,34.14,,-75,2.999,0.024,0.24,0.98,176,4,37812
2026-01-26 10:00:35,24.48,34.13,,-76,2.999,0.008,0.236,1.004,176,4,37813
2026-01-26 10:00:38,24.48,34.13,,-74,2.999,0.012,0.22,0.988,176,4,37814
2026-01-26 10:00:40,24.49,34.13,,-72,2.999,0.012,0.22,1,176,4,37815
2026-01-26 10:00:46,24.49,34.11,,-72,2.999,0.004,0.228,1,176,4,37817
2026-01-26 10:00:51,24.49,34.12,,-72,2.999,0,0.24,1.008,176,4,37819
2026-01-26 10:00:57,24.5,34.1,,-73,2.999,0.004,0.22,1,176,4,37821
2026-01-26 10:01:00,24.51,34.11,,-72,2.999,-0.012,0.22,0.992,176,4,37822
2026-01-26 10:01:01,24.51,34.1,,-72,2.999,0.008,0.232,0.992,176,4,37823
2026-01-26 10:01:04,24.52,34.1,,-72,2.999,0.004,0.228,1.008,176,4,37824
2026-01-26 10:01:07,24.5,34.12,,-72,2.999,-0.008,0.224,1,176,4,37825
2026-01-26 10:01:11,24.52,34.14,,-71,2.999,-0.004,0.232,0.996,176,4,37827
2026-01-26 10:01:18,24.53,34.12,,-72,2.999,0.004,0.208,0.992,176,4,37829
2026-01-26 10:01:27,24.52,34.1,,-74,2.988,0,0.216,1.004,176,4,37832
2026-01-26 10:01:27,24.55,34.09,,-73,2.988,-0.004,0.212,0.996,176,4,37833
2026-01-26 10:01:31,24.54,34.09,,-73,2.988,-0.012,0.216,1.004,176,4,37834
2026-01-26 10:01:32,24.54,34.09,,-72,2.988,0.016,0.236,0.988,176,4,37835
2026-01-26 10:01:36,24.56,34.1,,-71,2.988,-0.008,0.216,1.004,176,4,37836
2026-01-26 10:01:41,24.56,34.09,,-71,2.988,0,0.208,0.992,176,4,37838
2026-01-26 10:01:42,24.57,34.1,,-72,2.988,0.004,0.228,0.988,176,4,37839
2026-01-26 10:01:45,24.57,34.08,,-71,2.988,-0.008,0.22,1.008,176,4,37840
2026-01-26 10:01:47,24.57,34.11,,-76,2.988,0.008,0.204,0.976,176,4,37841
2026-01-26 10:01:50,24.57,34.1,,-75,2.988,-0.004,0.224,1,176,4,37842
2026-01-26 10:01:56,24.58,34.08,,-96,2.988,-0.012,0.22,1.008,176,4,37844
2026-01-26 10:01:59,24.57,34.09,,-81,2.988,0,0.208,0.992,176,4,37845
2026-01-26 10:02:00,24.57,34.09,,-83,2.988,-0.016,0.22,1.012,176,4,37846
2026-01-26 10:02:05,24.6,34.08,,-79,2.988,-0.012,0.228,0.992,176,4,37848
2026-01-26 10:02:08,24.59,34.07,,-78,2.988,-0.004,0.212,1.008,176,4,37849
2026-01-26 10:02:13,24.59,34.09,,-76,2.988,0.016,0.24,0.996,176,4,37851
2026-01-26 10:02:17,24.6,34.07,,-70,2.988,-0.016,0.232,1.016,176,4,37852
2026-01-26 10:02:19,24.59,34.09,,-70,2.988,-0.016,0.216,0.992,176,4,37853
2026-01-26 10:02:22,24.6,34.08,,-68,2.992,-0.016,0.216,0.992,176,4,37854
2026-01-26 10:02:25,24.59,34.07,,-69,2.992,-0.02,0.196,1.004,176,4,37855
2026-01-26 10:02:26,24.6,34.08,,-69,2.992,0.004,0.228,0.968,176,4,37856
2026-01-26 10:02:28,24.61,34.08,,-68,2.992,-0.016,0.208,1.008,176,4,37857
2026-01-26 10:02:31,24.61,34.08,,-68,2.992,-0.02,0.22,1.016,176,4,37858
2026-01-26 10:02:34,24.6,34.08,,-68,2.992,-0.004,0.22,0.98,176,4,37859
2026-01-26 10:02:36,24.61,34.08,,-68,2.992,-0.012,0.208,0.996,176,4,37860
2026-01-26 10:02:40,24.6,34.07,,-67,2.992,-0.008,0.216,1.008,176,4,37861
2026-01-26 10:02:41,24.61,34.06,,-70,2.992,-0.012,0.212,0.992,176,4,37862
2026-01-26 10:02:49,24.62,34.07,,-66,2.992,-0.016,0.22,1.004,176,4,37865
2026-01-26 10:02:53,24.62,34.1,,-72,2.992,0.004,0.208,0.984,176,4,37866
2026-01-26 10:02:58,24.63,34.06,,-85,2.992,-0.02,0.216,1.02,176,4,37868
2026-01-26 10:03:01,24.63,34.06,,-86,2.992,0.008,0.228,0.996,176,4,37869
2026-01-26 10:03:03,24.64,34.06,,-87,2.992,-0.016,0.216,1.02,176,4,37870
2026-01-26 10:03:04,24.64,34.06,,-85,2.992,-0.008,0.204,1,176,4,37871
2026-01-26 10:03:07,24.64,34.06,,-66,2.992,-0.016,0.204,0.996,176,4,37872
2026-01-26 10:03:10,24.64,34.08,,-68,2.992,-0.028,0.224,1.012,176,4,37873
2026-01-26 10:03:13,24.64,34.08,,-69,2.992,0.008,0.228,0.968,176,4,37874
2026-01-26 10:03:15,24.66,34.06,,-66,2.992,-0.008,0.212,1.008,176,4,37875
2026-01-26 10:03:19,24.64,34.07,,-69,2.992,-0.016,0.22,1.02,176,4,37876
2026-01-26 10:03:22,24.66,34.07,,-68,2.992,-0.012,0.212,1.004,176,4,37878
2026-01-26 10:03:28,24.67,34.05,,-66,2.992,-0.016,0.216,1.016,176,4,37880
2026-01-26 10:03:30,24.66,34.06,,-66,2.992,-0.012,0.204,1.008,176,4,37881
2026-01-26 10:03:33,24.67,34.05,,-68,2.992,-0.012,0.196,1.008,176,4,37882
2026-01-26 10:03:37,24.67,34.05,,-67,2.992,-0.012,0.216,0.992,176,4,37883
2026-01-26 10:03:39,24.67,34.06,,-67,2.992,-0.012,0.212,1.008,176,4,37884
2026-01-26 10:03:42,24.67,34.07,,-68,2.992,-0.012,0.2,0.992,176,4,37885
2026-01-26 10:03:43,24.67,34.05,,-68,2.992,-0.008,0.212,1.016,176,4,37886
2026-01-26 10:03:49,24.67,34.05,,-69,2.992,-0.02,0.204,1.008,176,4,37888
2026-01-26 10:03:52,24.67,34.06,,-68,2.992,-0.02,0.208,0.996,176,4,37889
2026-01-26 10:03:53,24.69,34.05,,-68,2.992,0.004,0.228,0.984,176,4,37890
2026-01-26 10:03:56,24.69,34.06,,-68,2.992,0.004,0.22,0.988,176,4,37891
2026-01-26 10:04:01,24.69,34.04,,-66,2.992,0.004,0.212,0.996,176,4,37893
2026-01-26 10:04:04,24.69,34.04,,-67,2.992,-0.02,0.212,0.996,176,4,37894
2026-01-26 10:04:28,24.71,34.03,,-69,3.006,0,0.22,0.988,176,4,37903
2026-01-26 10:04:29,24.71,34.03,,-68,3.006,-0.016,0.204,1.008,176,4,37904
2026-01-26 10:04:33,24.72,34.03,,-70,3.006,-0.008,0.192,0.992,176,4,37905
2026-01-26 10:04:34,24.72,34.04,,-75,3.006,-0.016,0.2,1.008,176,4,37906
2026-01-26 10:04:37,24.72,34.05,,-91,3.006,-0.02,0.184,0.996,176,4,37907
2026-01-26 10:04:41,24.73,34.04,,-80,3.006,-0.012,0.2,1.004,176,4,37908
2026-01-26 10:04:48,24.73,34.04,,-75,3.006,-0.016,0.208,1,176,4,37911
2026-01-26 10:04:51,24.74,34.03,,-80,3.006,-0.012,0.212,1.012,176,4,37912
2026-01-26 10:04:54,24.74,34.05,,-76,3.006,-0.016,0.192,1.008,176,4,37913
2026-01-26 10:04:57,24.74,34.03,,-77,3.006,-0.012,0.192,1.004,176,4,37915
2026-01-26 10:05:01,24.75,34.05,,-78,3.006,-0.02,0.192,1.008,176,4,37916
2026-01-26 10:05:03,24.74,34.02,,-76,3.006,-0.016,0.2,0.996,176,4,37917
2026-01-26 10:05:05,24.74,34.02,,-76,3.006,-0.016,0.196,0.996,176,4,37918
2026-01-26 10:05:10,24.76,34.02,,-75,3.006,-0.008,0.192,1,176,4,37920
2026-01-26 10:05:14,24.76,34.03,,-76,3.006,-0.02,0.204,1.004,176,4,37921
2026-01-26 10:05:15,24.75,34.03,,-76,3.006,0,0.224,0.972,176,4,37922
2026-01-26 10:05:18,24.76,34.01,,-77,3.006,0.004,0.228,0.976,176,4,37923
2026-01-26 10:05:21,24.74,34.04,,-74,3.038,-0.02,0.208,1,176,4,37924
2026-01-26 10:05:26,24.76,34.03,,-75,3.038,-0.024,0.196,0.992,176,4,37926
2026-01-26 10:05:32,24.77,34.03,,-75,3.038,-0.012,0.212,1,176,4,37928
2026-01-26 10:05:35,24.77,34.02,,-76,3.038,-0.012,0.208,1.008,176,4,37929
2026-01-26 10:05:36,24.78,34.03,,-75,3.038,-0.024,0.204,1.012,176,4,37930
2026-01-26 10:05:39,24.78,34.03,,-73,3.038,-0.024,0.216,1.02,176,4,37931
2026-01-26 10:05:41,24.78,34.02,,-76,3.038,-0.008,0.216,1.016,176,4,37932
2026-01-26 10:05:46,24.78,34.03,,-77,3.038,-0.016,0.208,1.016,176,4,37934
2026-01-26 10:05:53,24.79,34.02,,-77,3.038,-0.012,0.192,1,176,4,37936
2026-01-26 10:05:54,24.78,34.01,,-77,3.038,-0.012,0.212,1.004,176,4,37937
2026-01-26 10:05:58,24.79,34.01,,-75,3.038,-0.024,0.212,1.024,176,4,37938
2026-01-26 10:06:02,24.79,33.99,,-79,3.038,-0.004,0.22,0.976,176,4,37940
2026-01-26 10:06:04,24.78,34.03,,-78,3.038,-0.004,0.212,1.008,176,4,37941
2026-01-26 10:06:07,24.8,34.03,,-74,3.038,-0.02,0.2,1,176,4,37942
2026-01-26 10:06:09,24.81,34.01,,-73,3.038,-0.028,0.196,0.992,176,4,37943
2026-01-26 10:06:12,24.78,33.99,,-76,3.038,-0.016,0.2,1.012,176,4,37944
2026-01-26 10:06:15,24.79,34,,-75,3.038,-0.02,0.204,1.016,176,4,37945
2026-01-26 10:06:17,24.81,34.01,,-76,3.038,-0.028,0.208,1.016,176,4,37946
2026-01-26 10:06:20,24.82,34.01,,-76,3.038,-0.024,0.188,1,176,4,37947
2026-01-26 10:06:22,24.81,34.01,,-74,3.038,-0.016,0.2,0.996,176,4,37948
2026-01-26 10:06:25,24.81,33.99,,-72,3.038,-0.012,0.22,1,176,4,37949
2026-01-26 10:06:27,24.81,34.01,,-75,3.038,0.004,0.22,0.996,176,4,37950
2026-01-26 10:06:33,24.82,34,,-74,3.038,-0.024,0.204,1.004,176,4,37952
2026-01-26 10:06:35,24.83,34.01,,-80,3.038,-0.02,0.188,1,176,4,37953
2026-01-26 10:06:38,24.82,34.01,,-75,3.038,-0.016,0.204,1.008,176,4,37954
2026-01-26 10:06:40,24.82,34,,-77,3.038,-0.028,0.212,1.02,176,4,37955
2026-01-26 10:06:44,24.83,33.99,,-75,3.038,-0.012,0.196,0.992,176,4,37956
2026-01-26 10:06:47,24.82,34.03,,-75,3.038,-0.024,0.208,1,177,4,37957
2026-01-26 10:06:48,24.83,34.01,,-75,3.038,-0.016,0.2,1.004,177,4,37958
2026-01-26 10:06:51,24.82,34.03,,-79,3.038,-0.016,0.208,1,177,4,37959
2026-01-26 10:06:54,24.83,33.99,,-75,3.038,-0.02,0.212,1,177,4,37960
2026-01-26 10:06:57,24.83,33.99,,-79,3.038,-0.02,0.204,1.004,177,4,37961
2026-01-26 10:06:58,24.84,34,,-76,3.038,-0.02,0.204,1.004,177,4,37962
2026-01-26 10:07:01,24.84,33.99,,-78,3.038,-0.024,0.204,0.996,177,4,37963
2026-01-26 10:07:05,24.84,33.97,,-80,3.038,-0.02,0.208,0.996,177,4,37964
2026-01-26 10:07:07,24.83,33.99,,-75,3.038,-0.016,0.204,0.992,177,4,37965
2026-01-26 10:07:10,24.83,33.98,,-79,3.038,-0.012,0.208,0.996,177,4,37966
2026-01-26 10:07:11,24.85,34,,-75,3.038,-0.02,0.204,0.996,177,4,37967
2026-01-26 10:07:14,24.85,33.99,,-79,3.038,-0.02,0.212,1,177,4,37968
2026-01-26 10:07:16,24.85,34.01,,-73,3.038,-0.012,0.204,1.004,177,4,37969
2026-01-26 10:07:27,24.85,33.98,,-75,3.048,-0.016,0.2,1,177,4,37973
2026-01-26 10:07:30,24.85,33.99,,-78,3.048,-0.024,0.192,0.992,177,4,37974
2026-01-26 10:08:18,24.89,33.98,,-71,3.048,-0.012,0.2,0.996,177,4,37993
2026-01-26 10:08:23,24.89,33.99,,-74,3.062,-0.016,0.208,1,177,4,37995
2026-01-26 10:08:26,24.89,34,,-72,3.062,-0.016,0.204,1,177,4,37996
2026-01-26 10:08:28,24.9,33.99,,-70,3.062,-0.02,0.2,1,177,4,37997
2026-01-26 10:08:31,24.92,33.99,,-72,3.062,-0.012,0.204,1,177,4,37998
2026-01-26 10:08:33,24.91,33.98,,-72,3.062,-0.024,0.2,1.004,177,4,37999
2026-01-26 10:08:37,24.9,33.98,,-70,3.062,-0.02,0.208,1.004,177,4,38000
2026-01-26 10:08:39,24.91,33.99,,-94,3.062,-0.016,0.196,1.004,177,4,38001
2026-01-26 10:08:41,24.92,33.97,,-72,3.062,-0.016,0.2,1.004,177,4,38002
2026-01-26 10:08:44,24.91,33.99,,-72,3.062,-0.024,0.204,1.008,177,4,38003
2026-01-26 10:08:50,24.91,33.97,,-85,3.062,-0.02,0.208,0.992,177,4,38005
2026-01-26 10:08:53,24.92,34.02,,-72,3.062,-0.012,0.204,1,177,4,38006
2026-01-26 10:08:56,24.91,33.97,,-72,3.062,-0.016,0.204,1,177,4,38008
2026-01-26 10:08:59,24.91,33.97,,-71,3.062,-0.016,0.208,1.004,177,4,38009
2026-01-26 10:09:02,24.91,33.97,,-97,3.062,-0.02,0.204,0.996,177,4,38010
2026-01-26 10:09:05,24.91,33.98,,-93,3.062,-0.024,0.204,1,177,4,38011
2026-01-26 10:09:08,24.93,33.98,,-73,3.062,-0.016,0.212,0.996,177,4,38012
2026-01-26 10:09:09,24.93,33.97,,-73,3.062,-0.016,0.2,1,177,4,38013
2026-01-26 10:09:12,24.93,33.95,,-71,3.062,-0.012,0.2,1.004,177,4,38014
2026-01-26 10:09:22,24.94,33.97,,-85,3.002,-0.02,0.208,1,177,4,38018
2026-01-26 10:09:26,24.94,33.96,,-71,3.002,-0.016,0.208,1.008,177,4,38019
2026-01-26 10:09:27,24.93,33.97,,-71,3.002,-0.016,0.196,0.996,177,4,38020
2026-01-26 10:09:31,24.95,33.99,,-73,3.002,-0.016,0.2,1,177,4,38021
2026-01-26 10:09:34,24.94,33.98,,-85,3.002,-0.016,0.2,0.996,177,4,38022
2026-01-26 10:09:38,24.96,33.99,,-70,3.002,-0.016,0.204,1,177,4,38024
2026-01-26 10:09:40,24.93,33.97,,-73,3.002,-0.02,0.2,1,177,4,38025
2026-01-26 10:09:44,24.95,33.96,,-83,3.002,-0.02,0.2,1,177,4,38026
2026-01-26 10:09:49,24.95,33.98,,-71,3.002,-0.016,0.2,1,177,4,38028
2026-01-26 10:09:52,24.95,33.97,,-82,3.002,-0.016,0.204,1.004,177,4,38029
2026-01-26 10:09:53,24.96,33.97,,-84,3.002,-0.016,0.208,1.012,177,4,38030
2026-01-26 10:09:56,24.96,33.99,,-72,3.002,-0.02,0.2,1.004,177,4,38031
2026-01-26 10:09:58,24.95,33.98,,-71,3.002,-0.02,0.204,0.996,177,4,38032
2026-01-26 10:10:01,24.97,33.97,,-71,3.002,-0.016,0.2,1.004,177,4,38033
2026-01-26 10:10:03,24.96,33.98,,-84,3.002,-0.02,0.208,1.004,177,4,38034
2026-01-26 10:10:07,24.97,33.96,,-70,3.002,-0.012,0.204,1,177,4,38035
2026-01-26 10:10:08,24.95,33.96,,-85,3.002,-0.02,0.208,1,177,4,38036
2026-01-26 10:10:11,24.96,33.98,,-71,3.002,-0.02,0.196,1.012,177,4,38037
2026-01-26 10:10:15,24.97,33.97,,-92,3.002,-0.016,0.196,1,177,4,38038
2026-01-26 10:10:16,24.97,33.98,,-71,3.002,-0.024,0.2,1,177,4,38039
2026-01-26 10:10:19,24.96,33.98,,-84,3.002,-0.02,0.2,1.004,177,4,38040
2026-01-26 10:10:21,24.96,33.97,,-83,3.048,-0.02,0.2,1.004,177,4,38041
2026-01-26 10:10:33,24.98,33.95,,-85,3.048,-0.02,0.2,1,177,4,38045
2026-01-26 10:10:35,24.99,33.96,,-69,3.048,-0.012,0.208,1,177,4,38046
2026-01-26 10:10:39,24.97,33.95,,-70,3.048,-0.02,0.2,1,177,4,38048
2026-01-26 10:10:42,24.99,33.96,,-95,3.048,-0.02,0.212,1.004,177,4,38049
2026-01-26 10:10:44,24.99,33.96,,-70,3.048,-0.016,0.204,1,177,4,38050
2026-01-26 10:10:48,24.99,33.98,,-90,3.048,-0.016,0.196,1,177,4,38051
2026-01-26 10:10:51,24.99,33.96,,-78,3.048,-0.02,0.192,1,177,4,38052
2026-01-26 10:10:53,24.99,33.95,,-71,3.048,-0.024,0.2,1,177,4,38053
2026-01-26 10:10:55,25,33.97,,-74,3.048,-0.02,0.2,1,177,4,38054
2026-01-26 10:10:59,24.99,33.96,,-72,3.048,-0.016,0.196,1,177,4,38055
2026-01-26 10:11:00,25,33.96,,-73,3.048,-0.024,0.204,1,177,4,38056
2026-01-26 10:11:02,24.99,33.95,,-72,3.048,-0.02,0.2,1,177,4,38057
2026-01-26 10:11:06,25,33.97,,-73,3.048,-0.02,0.2,0.996,177,4,38058
2026-01-26 10:11:08,25,33.95,,-77,3.048,-0.02,0.204,1.004,177,4,38059
2026-01-26 10:11:10,24.99,33.96,,-77,3.048,-0.016,0.192,1,177,4,38060
2026-01-26 10:11:14,24.99,33.96,,-81,3.048,-0.02,0.2,1.004,177,4,38061
2026-01-26 10:11:15,25.01,33.96,,-75,3.048,-0.016,0.204,1.004,177,4,38062
2026-01-26 10:11:18,25,33.95,,-80,3.048,-0.016,0.2,1,177,4,38063
2026-01-26 10:11:20,25,33.94,,-81,3.048,-0.02,0.2,1.004,177,4,38064
2026-01-26 10:11:23,25.01,33.97,,-77,3.002,-0.024,0.204,0.996,177,4,38065
2026-01-26 10:11:27,25,33.96,,-73,3.002,-0.024,0.2,0.996,177,4,38066
2026-01-26 10:11:29,25.02,33.95,,-84,3.002,-0.028,0.2,1.004,177,4,38067
2026-01-26 10:11:32,25.02,33.95,,-76,3.002,-0.02,0.2,1.004,177,4,38068
2026-01-26 10:11:33,25,33.94,,-73,3.002,-0.028,0.196,1.004,177,4,38069
2026-01-26 10:11:36,25.02,33.95,,-72,3.002,-0.012,0.196,0.996,177,4,38070
2026-01-26 10:11:47,25.03,33.95,,-73,3.002,-0.016,0.196,0.996,177,4,38074
2026-01-26 10:11:49,25.03,33.95,,-72,3.002,-0.02,0.2,1.004,177,4,38075
2026-01-26 10:11:51,25.02,33.96,,-69,3.002,-0.016,0.2,1.004,177,4,38076
2026-01-26 10:11:55,25.03,33.92,,-99,3.002,-0.02,0.2,1,177,4,38077
2026-01-26 10:11:58,25.02,33.96,,-92,3.002,-0.016,0.204,1.008,177,4,38078
2026-01-26 10:11:59,25.03,33.94,,-74,3.002,-0.016,0.2,1.004,177,4,38079
2026-01-26 10:12:01,25.03,33.95,,-89,3.002,-0.024,0.2,0.992,177,4,38080
2026-01-26 10:12:04,25.03,33.94,,-72,3.002,-0.02,0.204,1,177,4,38081
2026-01-26 10:12:07,25.03,33.96,,-70,3.002,-0.02,0.2,1.004,177,4,38082
2026-01-26 10:12:09,25.03,33.96,,-72,3.002,-0.02,0.196,1,177,4,38083
2026-01-26 10:12:12,25.04,33.94,,-73,3.002,-0.016,0.2,1,177,4,38084
2026-01-26 10:12:14,25.04,33.95,,-90,3.002,-0.02,0.204,0.996,177,4,38085
2026-01-26 10:12:21,25.04,33.96,,-72,3.002,-0.016,0.192,1.004,177,4,38087
2026-01-26 10:12:23,25.05,33.95,,-69,3.055,-0.024,0.2,0.996,177,4,38088
2026-01-26 10:12:26,25.04,33.91,,-91,3.055,-0.02,0.2,1.004,177,4,38089
2026-01-26 10:12:27,25.06,33.95,,-81,3.055,-0.02,0.196,1.008,177,4,38090
2026-01-26 10:12:30,25.04,33.95,,-77,3.055,-0.024,0.2,1,177,4,38091
2026-01-26 10:12:32,25.04,33.94,,-74,3.055,-0.016,0.196,1.004,177,4,38092
2026-01-26 10:12:35,25.06,33.94,,-73,3.055,-0.02,0.204,1,177,4,38093
2026-01-26 10:12:37,25.06,33.92,,-68,3.055,-0.02,0.196,1.008,177,4,38094
2026-01-26 10:12:40,25.05,33.95,,-68,3.055,-0.016,0.208,1.012,177,4,38095
2026-01-26 10:12:43,25.05,33.95,,-76,3.055,-0.024,0.196,1.008,177,4,38096
2026-01-26 10:12:45,25.05,33.95,,-67,3.055,-0.016,0.204,1,177,4,38097
2026-01-26 10:12:50,25.06,33.92,,-70,3.055,-0.02,0.204,0.996,177,4,38099
2026-01-26 10:12:53,25.05,33.96,,-78,3.055,-0.02,0.2,1,177,4,38100
2026-01-26 10:12:57,25.07,33.93,,-70,3.055,-0.02,0.2,1.004,177,4,38101
2026-01-26 10:13:01,25.07,33.94,,-79,3.055,-0.024,0.196,1.004,177,4,38103
2026-01-26 10:13:03,25.07,33.94,,-69,3.055,-0.024,0.196,0.992,177,4,38104
2026-01-26 10:13:06,25.06,33.94,,-69,3.055,-0.02,0.2,1.004,177,4,38105
2026-01-26 10:13:10,25.07,33.94,,-79,3.055,-0.016,0.2,1,177,4,38106
2026-01-26 10:13:11,25.06,33.94,,-70,3.055,-0.024,0.204,1,177,4,38107
2026-01-26 10:13:13,25.07,33.94,,-78,3.055,-0.02,0.204,1.004,177,4,38108
2026-01-26 10:13:17,25.07,33.94,,-68,3.055,-0.02,0.196,0.996,177,4,38109
2026-01-26 10:13:19,25.07,33.94,,-78,3.055,-0.02,0.2,1,177,4,38110
2026-01-26 10:13:21,25.07,33.96,,-75,3.055,-0.024,0.2,1,177,4,38111
2026-01-26 10:13:28,25.07,33.96,,-76,2.995,-0.024,0.204,0.996,177,4,38113
2026-01-26 10:13:29,25.08,33.94,,-77,2.995,-0.02,0.196,1.012,177,4,38114
2026-01-26 10:13:31,25.09,33.94,,-69,2.995,-0.016,0.2,1,177,4,38115
2026-01-26 10:13:38,25.09,33.94,,-70,2.995,-0.016,0.2,1,177,4,38117
2026-01-26 10:13:39,25.09,33.92,,-71,2.995,-0.02,0.2,1,177,4,38118
2026-01-26 10:13:42,25.08,33.95,,-70,2.995,-0.024,0.2,1,177,4,38119
2026-01-26 10:13:44,25.09,33.93,,-73,2.995,-0.02,0.2,1,177,4,38120
2026-01-26 10:13:48,25.09,33.95,,-70,2.995,-0.024,0.196,1.008,177,4,38121
2026-01-26 10:13:51,25.1,33.92,,-73,2.995,-0.028,0.2,1.004,177,4,38122
2026-01-26 10:13:52,25.1,33.93,,-80,2.995,-0.02,0.196,1.008,177,4,38123
2026-01-26 10:13:55,25.09,33.95,,-70,2.995,-0.02,0.196,1.004,177,4,38124
2026-01-26 10:13:57,25.1,33.95,,-74,2.995,-0.028,0.2,1.008,177,4,38125
2026-01-26 10:14:00,25.1,33.95,,-78,2.995,-0.028,0.196,1.004,177,4,38126
2026-01-26 10:14:02,25.1,33.94,,-78,2.995,-0.02,0.192,1.012,177,4,38127
2026-01-26 10:14:05,25.1,33.92,,-71,2.995,-0.016,0.196,1.008,177,4,38128
2026-01-26 10:14:10,25.1,33.94,,-70,2.995,-0.024,0.188,0.996,177,4,38130
2026-01-26 10:14:13,25.1,33.94,,-79,2.995,-0.02,0.196,1,177,4,38131
2026-01-26 10:14:15,25.1,33.92,,-71,2.995,-0.028,0.196,0.996,177,4,38132
2026-01-26 10:14:19,25.11,33.93,,-70,2.995,-0.024,0.192,1.004,177,4,38133
2026-01-26 10:14:20,25.12,33.93,,-72,2.995,-0.024,0.2,1,177,4,38134
2026-01-26 10:14:23,25.11,33.92,,-70,2.992,-0.028,0.192,1,177,4,38135
2026-01-26 10:14:27,25.12,33.92,,-70,2.992,-0.024,0.192,1,177,4,38136
2026-01-26 10:14:29,25.11,33.94,,-70,2.992,-0.02,0.196,1,177,4,38137
2026-01-26 10:14:30,25.1,33.95,,-69,2.992,-0.02,0.196,1.004,177,4,38138
2026-01-26 10:14:37,25.11,33.92,,-78,2.992,-0.024,0.196,1.004,177,4,38140
2026-01-26 10:14:38,25.12,33.92,,-69,2.992,-0.024,0.192,1,177,4,38141
2026-01-26 10:14:41,25.12,33.91,,-71,2.992,-0.02,0.188,0.996,177,4,38142
2026-01-26 10:14:43,25.13,33.95,,-77,2.992,-0.02,0.192,1.004,177,4,38143
2026-01-26 10:14:46,25.13,33.94,,-71,2.992,-0.02,0.192,1.004,177,4,38144
2026-01-26 10:14:48,25.1,33.94,,-71,2.992,-0.024,0.2,1.008,177,4,38145
2026-01-26 10:14:56,25.13,33.91,,-71,2.992,-0.028,0.196,1,177,4,38148
2026-01-26 10:14:59,25.12,33.92,,-78,2.992,-0.028,0.192,1.008,177,4,38149
2026-01-26 10:15:01,25.12,33.91,,-69,2.992,-0.028,0.192,1,177,4,38150
2026-01-26 10:15:04,25.13,33.93,,-69,2.992,-0.028,0.192,0.996,177,4,38151
2026-01-26 10:15:06,25.13,33.92,,-80,2.992,-0.024,0.196,1.008,177,4,38152
2026-01-26 10:15:09,25.14,33.92,,-70,2.992,-0.024,0.2,1.008,177,4,38153
2026-01-26 10:15:13,25.13,33.94,,-70,2.992,-0.02,0.196,0.996,177,4,38154
2026-01-26 10:15:14,25.14,33.93,,-70,2.992,-0.024,0.196,1,177,4,38155
2026-01-26 10:15:17,25.14,33.94,,-70,2.992,-0.028,0.192,1,177,4,38156
2026-01-26 10:15:21,25.16,33.91,,-76,2.992,-0.028,0.184,1.004,177,4,38157
2026-01-26 10:15:22,25.13,33.93,,-76,2.992,-0.02,0.196,1,177,4,38158
2026-01-26 10:15:24,25.15,33.92,,-69,3.009,-0.028,0.192,1,177,4,38159
2026-01-26 10:15:31,25.15,33.93,,-77,3.009,-0.016,0.2,1.008,177,4,38161
2026-01-26 10:15:37,25.15,33.93,,-69,3.009,-0.024,0.188,1.004,177,4,38164
2026-01-26 10:15:40,25.15,33.92,,-77,3.009,-0.024,0.192,0.992,177,4,38165
2026-01-26 10:15:44,25.15,33.94,,-69,3.009,-0.028,0.196,1,177,4,38166
2026-01-26 10:15:46,25.15,33.92,,-69,3.009,-0.024,0.192,0.996,177,4,38167
2026-01-26 10:15:50,25.17,33.92,,-77,3.009,-0.024,0.2,1,177,4,38169
2026-01-26 10:15:53,25.16,33.92,,-69,3.009,-0.028,0.196,1.004,177,4,38170
2026-01-26 10:15:55,25.17,33.93,,-69,3.009,-0.02,0.2,1,177,4,38171
2026-01-26 10:15:58,25.16,33.93,,-69,3.009,-0.024,0.192,1.004,177,4,38172
2026-01-26 10:16:00,25.16,33.9,,-69,3.009,-0.024,0.188,0.996,177,4,38173
2026-01-26 10:16:04,25.17,33.92,,-77,3.009,-0.024,0.2,1.004,177,4,38174
2026-01-26 10:16:08,25.17,33.91,,-77,3.009,-0.028,0.192,1,177,4,38176
2026-01-26 10:16:12,25.17,33.94,,-69,3.009,-0.024,0.188,1,177,4,38177
2026-01-26 10:16:13,25.17,33.94,,-68,3.009,-0.028,0.192,1.004,177,4,38178
2026-01-26 10:16:16,25.18,33.92,,-69,3.009,-0.028,0.196,1.008,177,4,38179
2026-01-26 10:17:24,25.2,33.9,,-69,3.009,-0.028,0.192,0.996,177,4,38205
2026-01-26 10:17:25,25.22,33.9,,-81,3.016,-0.028,0.192,1.004,177,4,38206
2026-01-26 10:17:28,25.22,33.92,,-70,3.016,-0.028,0.188,1.004,177,4,38207
2026-01-26 10:17:30,25.21,33.89,,-68,3.016,-0.036,0.188,1.008,177,4,38208
2026-01-26 10:17:34,25.21,33.9,,-70,3.016,-0.032,0.18,1.004,177,4,38209
2026-01-26 10:17:37,25.22,33.91,,-79,3.016,-0.028,0.188,1.004,177,4,38210
2026-01-26 10:17:38,25.22,33.89,,-71,3.016,-0.028,0.192,0.996,177,4,38211
2026-01-26 10:17:42,25.2,33.92,,-71,3.016,-0.032,0.184,1.008,177,4,38212
2026-01-26 10:17:43,25.2,33.91,,-82,3.016,-0.036,0.188,1.004,177,4,38213
2026-01-26 10:17:47,25.22,33.91,,-69,3.016,-0.036,0.188,1.008,177,4,38214
2026-01-26 10:17:48,25.21,33.91,,-69,3.016,-0.032,0.192,1.004,177,4,38215
2026-01-26 10:17:52,25.23,33.91,,-70,3.016,-0.036,0.18,1,177,4,38216
2026-01-26 10:17:54,25.21,33.88,,-71,3.016,-0.028,0.184,1.004,177,4,38217
2026-01-26 10:17:56,25.21,33.91,,-70,3.016,-0.036,0.188,1.004,177,4,38218
2026-01-26 10:17:59,25.22,33.92,,-78,3.016,-0.032,0.184,1.012,177,4,38219
2026-01-26 10:18:01,25.23,33.9,,-69,3.016,-0.032,0.188,1.004,177,4,38220
2026-01-26 10:18:05,25.24,33.9,,-83,3.016,-0.028,0.18,1.004,177,4,38221
2026-01-26 10:18:08,25.23,33.91,,-72,3.016,-0.036,0.188,1.004,177,4,38222
2026-01-26 10:18:09,25.22,33.92,,-72,3.016,-0.032,0.184,1,177,4,38223
2026-01-26 10:18:12,25.23,33.9,,-69,3.016,-0.036,0.184,1.004,177,4,38224
2026-01-26 10:18:14,25.21,33.93,,-77,3.016,-0.028,0.192,1.004,177,4,38225
2026-01-26 10:18:17,25.23,33.91,,-72,3.016,-0.04,0.192,1.008,177,4,38226
2026-01-26 10:18:22,25.24,33.92,,-70,3.016,-0.04,0.184,1,177,4,38228
2026-01-26 10:18:26,25.22,33.92,,-69,3.023,-0.028,0.188,1.008,177,4,38229
2026-01-26 10:18:27,25.22,33.9,,-70,3.023,-0.032,0.192,1.008,177,4,38230
2026-01-26 10:18:29,25.23,33.92,,,3.023,-0.028,0.184,1,177,4,38231
2026-01-26 10:18:32,25.24,33.89,,,3.023,-0.032,0.192,1.008,177,4,38232
2026-01-26 10:18:35,25.23,33.9,,,3.023,-0.04,0.184,1,177,4,38233
2026-01-26 10:18:37,25.21,33.91,,,3.023,-0.036,0.188,0.996,177,4,38234
2026-01-26 10:18:40,25.23,33.88,,,3.023,-0.028,0.184,1,177,4,38235
2026-01-26 10:19:31,25.25,33.91,,,3.059,-0.036,0.184,1.004,177,4,38255
2026-01-26 10:19:34,25.26,33.9,,,3.059,-0.036,0.188,1,177,4,38256
2026-01-26 10:19:37,25.25,33.89,,,3.059,-0.036,0.184,1.008,177,4,38257
2026-01-26 10:19:39,25.26,33.89,,,3.059,-0.036,0.188,1.004,177,4,38258
2026-01-26 10:19:42,25.27,33.89,,,3.059,-0.032,0.188,1,177,4,38259
2026-01-26 10:19:47,25.26,33.89,,,3.059,-0.032,0.188,1,177,4,38261
2026-01-26 10:19:50,25.27,33.88,,,3.059,-0.032,0.184,1,177,4,38262
2026-01-26 10:19:53,25.27,33.89,,,3.059,-0.036,0.18,1.004,177,4,38263
2026-01-26 10:19:57,25.28,33.9,,,3.059,-0.036,0.184,1.008,177,4,38265
2026-01-26 10:20:00,25.28,33.91,,,3.059,-0.028,0.18,1,177,4,38266
2026-01-26 10:20:02,25.28,33.89,,,3.059,-0.028,0.184,1,177,4,38267
2026-01-26 10:20:05,25.28,33.9,,,3.059,-0.036,0.18,1,177,4,38268
2026-01-26 10:20:08,25.28,33.9,,,3.059,-0.032,0.184,1,177,4,38269
2026-01-26 10:20:12,25.29,33.89,,,3.059,-0.036,0.188,0.996,177,4,38271
2026-01-26 10:20:15,25.28,33.9,,,3.059,-0.028,0.184,1.008,177,4,38272
2026-01-26 10:20:18,25.28,33.87,,,3.059,-0.036,0.184,1,177,4,38273
2026-01-26 10:20:23,25.28,33.9,,,3.059,-0.036,0.184,1.004,177,4,38275
2026-01-26 10:20:25,25.29,33.88,,,2.995,-0.036,0.188,1.004,177,4,38276
2026-01-26 10:20:28,25.28,33.9,,,2.995,-0.032,0.184,1.008,177,4,38277
2026-01-26 10:20:31,25.28,33.91,,,2.995,-0.04,0.184,1.004,177,4,38278
2026-01-26 10:20:33,25.29,33.89,,,2.995,-0.028,0.18,1.008,177,4,38279
2026-01-26 10:20:36,25.28,33.89,,,2.995,-0.036,0.188,1,177,4,38280
2026-01-26 10:20:38,25.28,33.87,,,2.995,-0.036,0.18,1.004,177,4,38281
2026-01-26 10:20:41,25.29,33.89,,,2.995,-0.04,0.188,0.996,177,4,38282
2026-01-26 10:20:44,25.29,33.88,,,2.995,-0.032,0.176,1.004,177,4,38283
2026-01-26 10:20:47,25.29,33.89,,,2.995,-0.036,0.184,1,177,4,38284
2026-01-26 10:20:51,25.31,33.91,,,2.995,-0.044,0.18,1.008,177,4,38286
2026-01-26 10:20:53,25.29,33.87,,,2.995,-0.036,0.18,1,177,4,38287
2026-01-26 10:20:56,25.31,33.88,,,2.995,-0.032,0.184,1.004,177,4,38288
2026-01-26 10:20:59,25.3,33.89,,,2.995,-0.036,0.184,1.004,177,4,38289
2026-01-26 10:21:01,25.3,33.87,,,2.995,-0.028,0.184,1,177,4,38290
2026-01-26 10:21:04,25.31,33.87,,,2.995,-0.036,0.184,0.996,177,4,38291
2026-01-26 10:21:06,25.3,33.9,,,2.995,-0.036,0.192,1.008,177,4,38292
2026-01-26 10:21:09,25.31,33.9,,,2.995,-0.036,0.176,1.004,177,4,38293
2026-01-26 10:21:12,25.32,33.91,,,2.995,-0.036,0.184,1,177,4,38294
2026-01-26 10:21:53,25.32,33.88,,,3.062,-0.036,0.184,1.004,177,4,38310
2026-01-26 10:21:55,25.34,33.89,,,3.062,-0.036,0.188,1,177,4,38311
2026-01-26 10:21:58,25.31,33.9,,,3.062,-0.032,0.184,1.008,177,4,38312
2026-01-26 10:22:00,25.33,33.9,,,3.062,-0.032,0.18,1.008,177,4,38313
2026-01-26 10:22:03,25.32,33.91,,,3.062,-0.036,0.188,1,177,4,38314
2026-01-26 10:22:06,25.32,33.88,,,3.062,-0.032,0.184,1,177,4,38315
2026-01-26 10:22:08,25.34,33.87,,,3.062,-0.032,0.188,1.008,177,4,38316
2026-01-26 10:22:11,25.34,33.87,,,3.062,-0.032,0.184,1,177,4,38317
2026-01-26 10:22:13,25.34,33.89,,,3.062,-0.032,0.184,1,177,4,38318
2026-01-26 10:22:16,25.33,33.9,,,3.062,-0.036,0.18,1.004,177,4,38319
2026-01-26 10:22:19,25.32,33.86,,,3.062,-0.04,0.184,1.004,177,4,38320
2026-01-26 10:22:21,25.34,33.88,,,3.062,-0.032,0.176,0.996,177,4,38321
2026-01-26 10:22:24,25.34,33.87,,,3.062,-0.036,0.18,1.004,177,4,38322
2026-01-26 10:25:18,25.71,34.09,,,3.002,0.628,0.756,0.324,182,4,38390
2026-01-26 10:25:21,25.71,34.09,,,3.002,0.624,0.756,0.316,182,4,38391
2026-01-26 10:25:23,25.71,34.08,,,3.002,0.628,0.76,0.328,182,4,38392
2026-01-26 10:25:26,25.73,34.06,,,3.002,0.628,0.756,0.328,182,4,38393
2026-01-26 10:25:29,25.73,34.1,,,3.002,0.628,0.756,0.328,182,4,38394
2026-01-26 10:25:32,25.72,34.07,,,3.002,0.632,0.752,0.34,182,4,38395
2026-01-26 10:25:36,25.74,34.08,,,3.002,0.588,0.74,0.42,182,4,38397
2026-01-26 10:25:39,25.74,34.07,,,3.002,0.588,0.732,0.42,182,4,38398
2026-01-26 10:30:40,26.21,33.9,,,2.995,0.58,0.732,0.448,182,4,38515
2026-01-26 10:32:17,26.35,34.07,,,3.006,0.208,0.432,0.9,185,4,38553
2026-01-26 10:32:20,26.37,34.08,,,3.006,0.208,0.428,0.904,185,4,38554
2026-01-26 10:32:22,26.36,34.07,,,3.006,0.208,0.428,0.904,185,4,38555
2026-01-26 10:32:25,26.39,34.11,,,3.006,0.212,0.432,0.9,185,4,38556
2026-01-26 10:32:27,26.38,34.1,,,3.006,0.216,0.428,0.9,185,4,38557
2026-01-26 10:32:30,26.39,34.11,,,2.999,0.216,0.432,0.904,185,4,38558
2026-01-26 10:32:33,26.39,34.09,,,2.999,0.212,0.424,0.908,185,4,38559
2026-01-26 10:32:35,26.4,34.12,,,2.999,0.216,0.432,0.904,185,4,38560
2026-01-26 10:32:38,26.41,34.12,,,2.999,0.204,0.42,0.908,185,4,38561
2026-01-26 10:37:41,27.15,34.11,,,3.002,0.208,0.424,0.908,186,4,38679
2026-01-26 10:42:42,27.64,34.02,,,3.009,0.22,0.432,0.9,186,4,38796
2026-01-26 10:44:45,27.8,34.02,,,3.052,0.204,0.432,0.904,191,4,38844
2026-01-26 10:44:48,27.79,34,,,3.052,0.212,0.428,0.896,191,4,38845
2026-01-26 10:44:51,27.8,34.01,,,3.052,0.216,0.432,0.9,191,4,38846
2026-01-26 10:44:53,27.81,34.02,,,3.052,0.212,0.424,0.908,191,4,38847
2026-01-26 10:44:56,27.81,33.99,,,3.052,0.208,0.424,0.904,191,4,38848
2026-01-26 10:44:58,27.82,34.02,,,3.052,0.212,0.432,0.912,191,4,38849
2026-01-26 10:45:01,27.82,34,,,3.052,0.212,0.428,0.904,191,4,38850
2026-01-26 10:45:03,27.82,34.01,,,3.052,0.208,0.432,0.904,191,4,38851
2026-01-26 10:45:06,27.82,34.01,,,3.052,0.216,0.432,0.908,191,4,38852
2026-01-26 10:45:08,27.82,34,,,3.052,0.208,0.428,0.908,191,4,38853
2026-01-26 10:45:11,27.83,33.99,,,3.052,0.208,0.432,0.904,191,4,38854
2026-01-26 10:45:13,27.82,34.03,,,3.052,0.212,0.428,0.904,191,4,38855
2026-01-26 10:45:16,27.83,34.02,,,3.052,0.212,0.424,0.9,191,4,38856
2026-01-26 10:45:19,27.83,34.03,,,3.052,0.216,0.424,0.908,191,4,38857
2026-01-26 10:45:21,27.83,33.99,,,3.052,0.212,0.424,0.9,191,4,38858
2026-01-26 10:45:24,27.83,33.99,,,3.052,0.212,0.428,0.9,191,4,38859
2026-01-26 10:45:26,27.84,34.01,,,3.052,0.212,0.424,0.9,191,4,38860
2026-01-26 10:45:29,27.84,34,,,3.052,0.216,0.432,0.908,191,4,38861
2026-01-26 10:45:32,27.85,33.99,,,3.052,0.212,0.428,0.908,191,4,38862
2026-01-26 10:45:34,27.85,33.99,,,3.052,0.212,0.42,0.904,191,4,38863
2026-01-26 10:45:37,27.84,33.99,,,3.009,0.216,0.428,0.896,191,4,38864
2026-01-26 10:45:39,27.86,33.99,,,3.009,0.212,0.424,0.904,191,4,38865
2026-01-26 10:45:42,27.85,33.99,,,3.009,0.212,0.432,0.904,191,4,38866
2026-01-26 10:45:45,27.85,34,,,3.009,0.212,0.424,0.9,191,4,38867
2026-01-26 10:45:47,27.88,34.01,,,3.009,0.208,0.432,0.904,191,4,38868
2026-01-26 10:45:49,27.86,34,,,3.009,0.216,0.428,0.9,191,4,38869
2026-01-26 10:45:52,27.87,34.02,,,3.009,0.216,0.432,0.904,191,4,38870
2026-01-26 10:45:57,27.87,33.99,,,3.009,0.212,0.428,0.908,191,4,38872
2026-01-26 10:46:00,27.87,34,,,3.009,0.208,0.432,0.912,191,4,38873
2026-01-26 10:46:02,27.88,33.99,,,3.009,0.208,0.432,0.904,191,4,38874
2026-01-26 10:46:05,27.89,34,,,3.009,0.212,0.428,0.904,191,4,38875
2026-01-26 10:46:07,27.88,34.01,,,3.009,0.204,0.428,0.908,191,4,38876
2026-01-26 10:46:10,27.88,34,,,3.009,0.216,0.424,0.9,191,4,38877
2026-01-26 10:46:13,27.88,33.98,,,3.009,0.216,0.424,0.908,191,4,38878
2026-01-26 10:46:15,27.9,34,,,3.009,0.212,0.428,0.908,191,4,38879
2026-01-26 10:46:18,27.89,33.99,,,3.009,0.212,0.428,0.904,191,4,38880
2026-01-26 10:46:20,27.9,33.99,,,3.009,0.208,0.436,0.9,191,4,38881
2026-01-26 10:46:23,27.91,33.98,,,3.009,0.212,0.428,0.904,191,4,38882
2026-01-26 10:46:26,27.9,33.97,,,3.009,0.208,0.428,0.9,191,4,38883
2026-01-26 10:46:28,27.91,33.98,,,3.009,0.216,0.424,0.904,191,4,38884
2026-01-26 10:46:31,27.89,33.99,,,3.009,0.212,0.428,0.912,191,4,38885
2026-01-26 10:46:33,27.92,33.98,,,3.009,0.208,0.436,0.908,191,4,38886
2026-01-26 10:46:35,27.92,33.99,,,3.006,0.216,0.432,0.904,191,4,38887
2026-01-26 10:46:38,27.91,33.98,,,3.006,0.208,0.432,0.908,191,4,38888
2026-01-26 10:46:41,27.91,33.99,,,3.006,0.22,0.432,0.9,191,4,38889
2026-01-26 10:46:43,27.92,33.99,,,3.006,0.212,0.432,0.908,191,4,38890
2026-01-26 10:46:46,27.92,33.97,,,3.006,0.208,0.432,0.904,191,4,38891
2026-01-26 10:46:48,27.92,33.98,,,3.006,0.212,0.428,0.912,191,4,38892
2026-01-26 10:46:51,27.91,33.98,,,3.006,0.216,0.428,0.904,191,4,38893
2026-01-26 10:46:54,27.93,34,,,3.006,0.212,0.428,0.908,191,4,38894
2026-01-26 10:46:56,27.92,33.99,,,3.006,0.216,0.428,0.908,191,4,38895
2026-01-26 10:46:59,27.94,33.99,,,3.006,0.216,0.428,0.908,191,4,38896
2026-01-26 10:47:01,27.94,33.98,,,3.006,0.208,0.428,0.896,191,4,38897
2026-01-26 10:47:04,27.94,33.97,,,3.006,0.212,0.432,0.904,191,4,38898
2026-01-26 10:47:07,27.95,33.97,,,3.006,0.212,0.432,0.904,191,4,38899
2026-01-26 10:47:09,27.95,33.98,,,3.006,0.212,0.424,0.912,191,4,38900
2026-01-26 10:47:12,27.94,33.97,,,3.006,0.212,0.432,0.904,191,4,38901
2026-01-26 10:47:14,27.96,33.97,,,3.006,0.216,0.428,0.904,191,4,38902
2026-01-26 10:47:17,27.94,34,,,3.006,0.212,0.432,0.904,191,4,38903
2026-01-26 10:47:20,27.96,33.99,,,3.006,0.196,0.412,0.908,191,4,38904
2026-01-26 10:47:23,27.95,33.95,,,3.006,0.208,0.428,0.908,191,4,38905
2026-01-26 10:47:27,27.96,33.99,,,3.006,0.208,0.424,0.904,191,4,38907
2026-01-26 10:47:29,27.96,33.97,,,3.006,0.212,0.428,0.908,191,4,38908
2026-01-26 10:47:32,27.96,33.97,,,3.006,0.212,0.424,0.904,191,4,38909
2026-01-26 10:47:35,27.97,33.97,,,3.006,0.212,0.424,0.904,191,4,38910
2026-01-26 10:47:37,27.98,33.97,,,3.009,0.204,0.428,0.908,191,4,38911
2026-01-26 10:47:40,27.96,33.98,,,3.009,0.212,0.42,0.904,191,4,38912
2026-01-26 10:47:42,27.96,33.96,,,3.009,0.212,0.428,0.908,191,4,38913
2026-01-26 10:47:45,27.97,33.98,,,3.009,0.22,0.432,0.908,191,4,38914
2026-01-26 10:47:48,27.99,33.97,,,3.009,0.2,0.424,0.9,191,4,38915
2026-01-26 10:47:50,27.98,33.97,,,3.009,0.216,0.432,0.9,191,4,38916
2026-01-26 10:47:53,27.99,33.96,,,3.009,0.212,0.432,0.9,191,4,38917
2026-01-26 10:47:55,27.98,33.96,,,3.009,0.216,0.424,0.9,191,4,38918
2026-01-26 10:47:58,28,33.99,,,3.009,0.216,0.428,0.896,191,4,38919
2026-01-26 10:48:01,27.99,33.94,,,3.009,0.18,0.448,0.948,191,4,38920
2026-01-26 10:48:03,27.99,33.97,,,3.009,0.212,0.432,0.896,191,4,38921
2026-01-26 10:48:06,27.99,33.97,,,3.009,0.212,0.432,0.904,191,4,38922
2026-01-26 10:48:08,27.99,33.97,,,3.009,0.208,0.424,0.9,191,4,38923
2026-01-26 10:48:11,28.01,33.97,,,3.009,0.208,0.424,0.908,191,4,38924
2026-01-26 10:48:14,28.01,33.98,,,3.009,0.22,0.428,0.908,191,4,38925
2026-01-26 10:48:16,28,33.97,,,3.009,0.22,0.424,0.912,191,4,38926
2026-01-26 10:48:18,28.01,33.96,,,3.009,0.216,0.432,0.904,191,4,38927
2026-01-26 10:48:21,28,33.97,,,3.009,0.208,0.424,0.908,191,4,38928
2026-01-26 10:48:23,28.01,33.95,,,3.009,0.208,0.432,0.904,191,4,38929
2026-01-26 10:48:26,28.01,33.97,,,3.009,0.216,0.428,0.908,191,4,38930
2026-01-26 10:48:29,28,33.97,,,3.009,0.212,0.424,0.896,191,4,38931
2026-01-26 10:48:31,28.02,33.96,,,3.009,0.208,0.428,0.908,191,4,38932
2026-01-26 10:48:34,28.01,33.96,,,3.009,0.212,0.42,0.896,191,4,38933
2026-01-26 10:48:36,28.03,33.95,,,3.006,0.208,0.424,0.912,191,4,38934
2026-01-26 10:48:39,28.01,33.95,,,3.006,0.212,0.428,0.9,191,4,38935
2026-01-26 10:48:42,28.02,33.95,,,3.006,0.204,0.424,0.9,191,4,38936
2026-01-26 10:48:44,28.02,33.97,,,3.006,0.212,0.42,0.904,191,4,38937
2026-01-26 10:48:47,28.03,33.96,,,3.006,0.216,0.432,0.912,191,4,38938
2026-01-26 10:48:49,28.03,33.97,,,3.006,0.212,0.424,0.904,191,4,38939
2026-01-26 10:48:52,28.03,33.96,,,3.006,0.212,0.436,0.904,191,4,38940
2026-01-26 10:48:55,28.03,33.96,,,3.006,0.22,0.424,0.9,191,4,38941
2026-01-26 10:48:57,28.04,33.96,,,3.006,0.208,0.432,0.904,191,4,38942
2026-01-26 10:49:00,28.04,33.96,,,3.006,0.208,0.428,0.908,191,4,38943
2026-01-26 10:49:02,28.03,33.96,,,3.006,0.212,0.428,0.916,191,4,38944
2026-01-26 10:49:05,28.04,33.96,,,3.006,0.216,0.424,0.904,191,4,38945
2026-01-26 10:49:07,28.05,33.92,,,3.006,0.204,0.428,0.904,191,4,38946
2026-01-26 10:49:10,28.04,33.94,,,3.006,0.212,0.424,0.904,191,4,38947
2026-01-26 10:49:12,28.06,33.96,,,3.006,0.216,0.428,0.9,191,4,38948
2026-01-26 10:49:15,28.06,33.94,,,3.006,0.208,0.428,0.908,191,4,38949
2026-01-26 10:49:18,28.05,33.93,,,3.006,0.208,0.424,0.908,191,4,38950
2026-01-26 10:49:23,28.05,33.94,,,3.006,0.22,0.428,0.904,191,4,38952
2026-01-26 10:49:25,28.05,33.95,,,3.006,0.204,0.424,0.904,191,4,38953
2026-01-26 10:49:28,28.06,33.95,,,3.006,0.208,0.424,0.904,191,4,38954
2026-01-26 10:49:31,28.05,33.97,,,3.006,0.212,0.424,0.9,191,4,38955
2026-01-26 10:49:33,28.07,33.96,,,3.006,0.216,0.424,0.9,191,4,38956
2026-01-26 10:49:36,28.06,33.92,,,3.006,0.196,0.42,0.912,191,4,38957
2026-01-26 10:49:38,28.06,33.96,,,3.006,0.2,0.436,0.904,191,4,38958
2026-01-26 10:49:41,28.07,33.94,,,3.006,0.196,0.432,0.904,191,4,38959
2026-01-26 10:49:43,28.07,33.98,,,3.006,0.22,0.416,0.908,191,4,38960
2026-01-26 10:54:44,28.25,33.89,,,3.006,0.224,0.424,0.892,191,4,39077
2026-01-26 10:59:45,28.41,33.87,,,3.073,0.216,0.432,0.928,191,4,39194
2026-01-26 11:01:23,28.47,33.86,,,3.009,0.204,0.42,0.9,191,4,39232
2026-01-26 11:01:25,28.48,33.85,,,3.009,0.232,0.42,0.884,191,4,39233
2026-01-26 11:01:28,28.48,33.84,,,3.009,0.192,0.436,0.928,191,4,39234
2026-01-26 11:01:32,28.49,33.85,,,3.009,0.2,0.424,0.912,191,4,39236
2026-01-26 11:01:36,28.49,33.88,,,3.009,0.216,0.428,0.904,191,4,39237
2026-01-26 11:01:40,28.49,33.86,,,3.009,0.212,0.424,0.904,191,4,39239
2026-01-26 11:01:43,28.5,33.85,,,3.013,0.216,0.428,0.888,191,4,39240
2026-01-26 11:01:45,28.49,33.85,,,3.013,0.2,0.432,0.904,191,4,39241
2026-01-26 11:01:48,28.49,33.83,,,3.013,0.22,0.436,0.92,191,4,39242
2026-01-26 11:01:52,28.49,33.85,,,3.013,0.216,0.42,0.912,191,4,39243
2026-01-26 11:01:56,28.49,33.86,,,3.013,0.228,0.428,0.884,191,4,39245
2026-01-26 11:02:01,28.49,33.86,,,3.013,0.212,0.432,0.924,191,4,39247
2026-01-26 11:02:04,28.5,33.86,,,3.013,0.196,0.42,0.916,191,4,39248
2026-01-26 11:02:06,28.51,33.83,,,3.013,0.232,0.436,0.888,191,4,39249
2026-01-26 11:02:09,28.51,33.85,,,3.013,0.196,0.436,0.92,191,4,39250
2026-01-26 11:02:14,28.51,33.85,,,3.013,0.216,0.428,0.884,191,4,39252
2026-01-26 11:02:17,28.51,33.85,,,3.013,0.216,0.432,0.916,191,4,39253
2026-01-26 11:02:19,28.52,33.84,,,3.013,0.216,0.42,0.9,191,4,39254
2026-01-26 11:02:21,28.51,33.86,,,3.013,0.212,0.424,0.904,191,4,39255
2026-01-26 11:02:24,28.51,33.85,,,3.013,0.216,0.428,0.916,191,4,39256
2026-01-26 11:02:26,28.51,33.82,,,3.013,0.208,0.428,0.904,191,4,39257
2026-01-26 11:02:29,28.52,33.85,,,3.013,0.204,0.432,0.912,191,4,39258
2026-01-26 11:02:32,28.53,33.83,,,3.013,0.216,0.432,0.916,191,4,39259
2026-01-26 11:07:32,29.27,34.2,,,3.016,0.512,0.704,0.556,202,4,39376
2026-01-26 11:12:33,30,33.94,,,3.013,0.516,0.704,0.564,202,4,39493
2026-01-26 11:17:34,30.5,33.83,,,3.013,0.52,0.672,0.556,202,4,39610
2026-01-26 11:22:34,30.85,33.74,,,3.006,0.528,0.672,0.572,202,4,39727
2026-01-26 11:27:35,31.1,33.84,,,3.013,0.632,0.74,0.184,205,4,39844
2026-01-26 11:32:36,31.87,33.84,,,3.016,0.552,0.724,0.46,206,4,39961
2026-01-26 11:35:33,32.08,33.74,,,3.073,0.588,0.72,0.448,206,4,40030
2026-01-26 11:35:36,32.09,33.76,,,3.073,0.588,0.716,0.444,206,4,40031
2026-01-26 11:35:38,32.09,33.77,,,3.073,0.584,0.72,0.452,206,4,40032
2026-01-26 11:35:41,32.08,33.74,,,3.073,0.58,0.72,0.448,206,4,40033
2026-01-26 11:35:43,32.1,33.74,,,3.073,0.584,0.72,0.444,206,4,40034
2026-01-26 11:35:46,32.1,33.76,,,3.073,0.588,0.712,0.452,206,4,40035
2026-01-26 11:35:49,32.1,33.77,,,3.073,0.584,0.72,0.444,206,4,40036
2026-01-26 11:35:51,32.1,33.74,,,3.073,0.584,0.72,0.448,206,4,40037
2026-01-26 11:35:54,32.1,33.77,,,3.073,0.588,0.72,0.444,206,4,40038
2026-01-26 11:35:56,32.11,33.74,,,3.016,0.58,0.72,0.456,206,4,40039
2026-01-26 11:35:59,32.1,33.76,,,3.016,0.588,0.716,0.444,206,4,40040
2026-01-26 11:36:02,32.1,33.76,,,3.016,0.588,0.716,0.452,206,4,40041
2026-01-26 11:36:04,32.1,33.74,,,3.016,0.58,0.72,0.448,206,4,40042
2026-01-26 11:36:07,32.11,33.76,,,3.016,0.588,0.716,0.444,206,4,40043
2026-01-26 11:36:09,32.11,33.76,,,3.016,0.588,0.724,0.448,206,4,40044
2026-01-26 11:36:12,32.11,33.73,,,3.016,0.592,0.716,0.448,206,4,40045
2026-01-26 11:36:15,32.1,33.73,,,3.016,0.58,0.712,0.452,206,4,40046
2026-01-26 11:36:17,32.12,33.74,,,3.016,0.588,0.716,0.448,206,4,40047
2026-01-26 11:36:19,32.11,33.76,,,3.016,0.584,0.72,0.452,206,4,40048
2026-01-26 11:36:22,32.13,33.77,,,3.016,0.588,0.716,0.452,206,4,40049
2026-01-26 11:36:24,32.12,33.74,,,3.016,0.58,0.716,0.452,206,4,40050
2026-01-26 11:36:27,32.12,33.75,,,3.016,0.592,0.72,0.444,206,4,40051
2026-01-26 11:36:30,32.13,33.73,,,3.016,0.584,0.716,0.452,206,4,40052
2026-01-26 11:36:32,32.14,33.74,,,3.016,0.588,0.716,0.452,206,4,40053
2026-01-26 11:36:35,32.13,33.74,,,3.016,0.588,0.716,0.452,206,4,40054
2026-01-26 11:36:37,32.13,33.74,,,3.016,0.584,0.72,0.456,206,4,40055
2026-01-26 11:36:41,32.14,33.74,,,3.016,0.584,0.716,0.452,206,4,40056
2026-01-26 11:36:45,32.14,33.75,,,3.016,0.588,0.716,0.452,206,4,40058
2026-01-26 11:36:48,32.14,33.75,,,3.016,0.588,0.724,0.452,206,4,40059
2026-01-26 11:36:50,32.15,33.74,,,3.016,0.584,0.716,0.448,206,4,40060
2026-01-26 11:36:53,32.16,33.74,,,3.016,0.584,0.716,0.448,206,4,40061
2026-01-26 11:36:56,32.14,33.74,,,3.08,0.584,0.72,0.456,206,4,40062
2026-01-26 11:36:58,32.16,33.75,,,3.08,0.584,0.716,0.448,206,4,40063
2026-01-26 11:37:01,32.15,33.75,,,3.08,0.584,0.72,0.444,206,4,40064
2026-01-26 11:37:03,32.17,33.71,,,3.08,0.584,0.724,0.448,206,4,40065
2026-01-26 11:37:05,32.15,33.72,,,3.08,0.592,0.724,0.456,206,4,40066
2026-01-26 11:37:08,32.17,33.72,,,3.08,0.588,0.72,0.444,206,4,40067
2026-01-26 11:37:11,32.17,33.74,,,3.08,0.584,0.72,0.452,206,4,40068
2026-01-26 11:37:13,32.17,33.72,,,3.08,0.584,0.72,0.448,206,4,40069
2026-01-26 11:37:16,32.17,33.73,,,3.08,0.584,0.712,0.448,206,4,40070
2026-01-26 11:37:18,32.17,33.72,,,3.08,0.584,0.716,0.448,206,4,40071
2026-01-26 11:37:21,32.17,33.73,,,3.08,0.58,0.712,0.448,206,4,40072
2026-01-26 11:37:24,32.17,33.74,,,3.08,0.58,0.716,0.44,206,4,40073
2026-01-26 11:37:26,32.18,33.74,,,3.08,0.588,0.716,0.452,206,4,40074
2026-01-26 11:37:29,32.18,33.72,,,3.08,0.584,0.712,0.448,206,4,40075
2026-01-26 11:37:31,32.18,33.74,,,3.08,0.58,0.716,0.452,206,4,40076
2026-01-26 11:37:34,32.17,33.73,,,3.08,0.58,0.724,0.444,206,4,40077
2026-01-26 11:37:37,32.2,33.73,,,3.08,0.588,0.72,0.444,206,4,40078
2026-01-26 11:37:39,32.19,33.73,,,3.08,0.588,0.716,0.452,206,4,40079
2026-01-26 11:37:42,32.2,33.73,,,3.08,0.58,0.716,0.448,206,4,40080
2026-01-26 11:37:44,32.17,33.71,,,3.08,0.584,0.716,0.444,206,4,40081
2026-01-26 11:37:50,32.19,33.74,,,3.08,0.584,0.72,0.448,206,4,40083
2026-01-26 11:37:52,32.18,33.72,,,3.08,0.584,0.712,0.448,206,4,40084
2026-01-26 11:37:55,32.2,33.74,,,3.08,0.592,0.716,0.448,206,4,40085
2026-01-26 11:37:57,32.21,33.72,,,3.013,0.58,0.716,0.44,206,4,40086
2026-01-26 11:38:00,32.21,33.72,,,3.013,0.588,0.72,0.448,206,4,40087
2026-01-26 11:38:02,32.21,33.74,,,3.013,0.72,0.696,-0.152,207,4,40088
2026-01-26 11:38:05,32.21,33.72,,,3.013,-0.488,-0.392,0.08,207,4,40089
2026-01-26 11:38:07,32.21,33.72,,,3.013,0.204,-0.036,-0.896,207,4,40090
2026-01-26 11:38:10,32.19,33.76,,,3.013,0.648,0.796,0.376,207,4,40091
2026-01-26 11:38:12,32.21,33.73,,,3.013,0.624,0.864,0.592,207,4,40092
2026-01-26 11:38:15,32.21,33.78,,,3.013,0.492,0.892,1.136,207,4,40093
2026-01-26 11:38:18,32.21,33.78,,,3.013,0.692,0.756,0.136,207,4,40094
2026-01-26 11:38:20,32.21,33.81,,,3.013,0.696,0.76,0.116,207,4,40095
2026-01-26 11:38:23,32.21,33.84,,,3.013,0.692,0.756,0.124,207,4,40096
2026-01-26 11:38:25,32.24,33.85,,,3.013,0.688,0.752,0.136,207,4,40097
2026-01-26 11:38:28,32.23,33.9,,,3.013,0.696,0.752,0.128,207,4,40098
2026-01-26 11:38:31,32.23,33.92,,,3.013,0.696,0.76,0.128,207,4,40099
2026-01-26 11:38:33,32.24,33.94,,,3.013,0.688,0.752,0.128,207,4,40100
2026-01-26 11:38:36,32.24,33.95,,,3.013,0.692,0.752,0.132,207,4,40101
2026-01-26 11:38:38,32.24,33.97,,,3.013,0.688,0.752,0.128,207,4,40102
2026-01-26 11:42:04,32.99,34.08,,,3.02,0.672,0.752,0.212,210,4,40182
2026-01-26 11:42:06,32.99,34.1,,,3.02,0.668,0.752,0.208,210,4,40183
2026-01-26 11:42:09,33.01,34.12,,,3.02,0.672,0.752,0.208,210,4,40184
2026-01-26 11:42:11,33.03,34.11,,,3.02,0.672,0.748,0.212,210,4,40185
2026-01-26 11:42:14,33.03,34.13,,,3.02,0.672,0.748,0.216,210,4,40186
2026-01-26 11:42:17,33.04,34.13,,,3.02,0.676,0.748,0.208,210,4,40187
2026-01-26 11:42:19,33.05,34.13,,,3.02,0.676,0.748,0.208,210,4,40188
2026-01-26 11:42:22,33.06,34.13,,,3.02,0.676,0.748,0.212,210,4,40189
2026-01-26 11:42:24,33.08,34.13,,,3.02,0.676,0.752,0.22,210,4,40190
2026-01-26 11:42:27,33.09,34.13,,,3.02,0.668,0.752,0.22,210,4,40191
2026-01-26 11:42:30,33.08,34.17,,,3.02,0.672,0.74,0.208,210,4,40192
2026-01-26 11:42:32,33.1,34.14,,,3.02,0.676,0.756,0.216,210,4,40193
2026-01-26 11:46:49,33.96,33.97,,,3.02,0.676,0.752,0.212,210,4,40293
2026-01-26 11:46:52,33.96,33.96,,,3.02,0.664,0.748,0.212,210,4,40294
2026-01-26 11:46:54,33.96,33.95,,,3.02,0.676,0.752,0.212,210,4,40295
2026-01-26 11:46:57,33.98,33.99,,,3.02,0.672,0.756,0.208,210,4,40296
2026-01-26 11:47:00,33.98,33.97,,,3.073,0.676,0.756,0.208,210,4,40297
2026-01-26 11:47:02,33.99,33.97,,,3.073,0.676,0.748,0.216,210,4,40298
2026-01-26 11:47:04,33.98,33.96,,,3.073,0.676,0.748,0.212,210,4,40299
2026-01-26 11:47:07,33.99,33.94,,,3.073,0.672,0.756,0.212,210,4,40300
2026-01-26 11:47:10,34,33.94,,,3.073,0.672,0.748,0.212,210,4,40301
2026-01-26 11:47:12,33.99,33.97,,,3.073,0.672,0.752,0.208,210,4,40302
2026-01-26 11:47:15,34.02,33.95,,,3.073,0.672,0.748,0.216,210,4,40303
2026-01-26 11:47:17,34.02,33.96,,,3.073,0.672,0.752,0.216,210,4,40304
2026-01-26 11:52:18,34.57,33.81,,,3.016,0.672,0.744,0.208,210,4,40421
2026-01-26 11:57:19,34.98,34.01,,,3.076,0.608,0.708,0.448,211,4,40538
2026-01-26 12:00:14,35.36,33.84,,,3.027,0.608,0.72,0.44,212,4,40606
2026-01-26 12:00:18,35.36,33.85,,,3.027,0.576,0.704,0.468,212,4,40608
2026-01-26 12:00:21,35.39,33.83,,,3.027,0.544,0.692,0.456,212,4,40609
2026-01-26 12:00:24,35.37,33.82,,,3.027,0.584,0.712,0.452,212,4,40610
2026-01-26 12:00:27,35.37,33.84,,,3.027,0.592,0.728,0.476,212,4,40611
2026-01-26 12:00:29,35.39,33.83,,,3.027,0.58,0.708,0.472,212,4,40612
2026-01-26 12:00:34,35.39,33.85,,,3.027,0.544,0.684,0.452,212,4,40614
2026-01-26 12:00:37,35.39,33.84,,,3.027,0.572,0.712,0.448,212,4,40615
2026-01-26 12:00:39,35.41,33.82,,,3.027,0.604,0.716,0.46,212,4,40616
2026-01-26 12:00:42,35.42,33.82,,,3.027,0.584,0.72,0.472,212,4,40617
2026-01-26 12:00:44,35.41,33.84,,,3.027,0.564,0.684,0.452,212,4,40618
2026-01-26 12:05:45,35.7,33.74,,,3.023,0.54,0.688,0.448,212,4,40735
2026-01-26 12:10:46,35.87,33.72,,,3.03,0.544,0.688,0.456,212,4,40852
2026-01-26 12:13:53,35.93,33.71,,,3.023,0.6,0.716,0.456,212,4,40925
2026-01-26 12:13:56,35.95,33.7,,,3.023,0.54,0.692,0.46,212,4,40926
2026-01-26 12:13:59,35.95,33.71,,,3.023,0.588,0.704,0.48,212,4,40927
2026-01-26 12:14:01,35.94,33.72,,,3.023,0.596,0.716,0.464,212,4,40928
2026-01-26 12:14:04,35.95,33.72,,,3.023,0.552,0.688,0.452,212,4,40929
2026-01-26 12:14:06,35.95,33.71,,,3.023,0.576,0.696,0.464,212,4,40930
2026-01-26 12:14:09,35.95,33.7,,,3.023,0.592,0.72,0.468,212,4,40931
2026-01-26 12:14:12,35.94,33.72,,,3.03,0.552,0.692,0.452,212,4,40932
2026-01-26 12:14:14,35.96,33.73,,,3.03,0.584,0.704,0.468,212,4,40933
2026-01-26 12:14:17,35.94,33.7,,,3.03,0.604,0.716,0.468,212,4,40934
2026-01-26 12:14:19,35.95,33.73,,,3.03,0.548,0.692,0.46,212,4,40935
2026-01-26 12:14:21,35.94,33.71,,,3.03,0.584,0.716,0.484,212,4,40936
2026-01-26 12:14:25,35.96,33.72,,,3.03,0.6,0.716,0.46,212,4,40937
2026-01-26 12:14:29,35.96,33.72,,,3.03,0.572,0.696,0.452,212,4,40939
2026-01-26 12:14:32,35.96,33.72,,,3.03,0.58,0.708,0.48,212,4,40940
2026-01-26 12:14:34,35.96,33.71,,,3.03,-0.224,-0.032,1.468,213,4,40941
2026-01-26 12:14:37,35.96,33.69,,,3.03,-0.272,-0.288,1.084,213,4,40942
2026-01-26 12:14:40,35.95,33.72,,,3.03,-0.116,0.092,0.892,213,4,40943
2026-01-26 12:14:42,35.96,33.71,,,3.03,-0.776,-0.94,0.36,213,4,40944
2026-01-26 12:14:45,35.96,33.74,,,3.03,0.66,0.78,0.236,213,4,40945
2026-01-26 12:14:47,35.96,33.78,,,3.03,0.696,0.716,0.18,214,4,40946
2026-01-26 12:14:50,35.96,33.8,,,3.03,0.628,0.764,0.224,214,4,40947
2026-01-26 12:14:53,35.97,33.83,,,3.03,0.7,0.712,0.172,214,4,40948
2026-01-26 12:14:55,35.96,33.85,,,3.03,0.676,0.768,0.236,214,4,40949
2026-01-26 12:14:58,35.96,33.87,,,3.03,0.708,0.756,0.188,214,4,40950
2026-01-26 12:15:00,35.98,33.91,,,3.03,0.644,0.716,0.2,214,4,40951
2026-01-26 12:15:03,35.98,33.91,,,3.03,0.68,0.768,0.208,214,4,40952
2026-01-26 12:15:06,35.97,33.97,,,3.03,0.696,0.744,0.208,214,4,40953
2026-01-26 12:15:08,35.99,33.96,,,3.03,0.652,0.752,0.22,214,4,40954
2026-01-26 12:15:10,35.99,34,,,3.027,0.684,0.716,0.176,214,4,40955
2026-01-26 12:20:11,36.92,33.99,,,3.02,0.648,0.716,0.196,214,4,41072
2026-01-26 12:25:12,37.33,33.89,,,3.023,0.68,0.748,0.204,214,4,41189
2026-01-26 12:25:53,37.4,33.89,,,3.027,0.672,0.744,0.208,214,4,41205
2026-01-26 12:25:55,37.39,33.9,,,3.027,0.676,0.748,0.208,214,4,41206
2026-01-26 12:25:58,37.39,33.87,,,3.027,0.368,-0.004,-0.964,215,4,41207
2026-01-26 12:26:00,37.4,33.89,,,3.027,-0.508,-0.448,0.624,217,4,41208
2026-01-26 12:26:04,37.41,33.91,,,3.027,-0.288,-0.152,0.96,217,4,41209
2026-01-26 12:26:08,37.4,33.89,,,3.027,-0.024,0.156,1,219,4,41211
2026-01-26 12:26:11,37.41,33.9,,,3.027,0.188,0.352,0.916,221,4,41212
2026-01-26 12:26:13,37.42,33.88,,,3.027,0.184,0.368,0.916,221,4,41213
2026-01-26 12:26:16,37.41,33.91,,,3.027,0.18,0.368,0.92,221,4,41214
2026-01-26 12:26:19,37.41,33.9,,,3.027,0.18,0.368,0.916,221,4,41215
2026-01-26 12:26:21,37.43,33.87,,,3.027,0.176,0.36,0.924,221,4,41216
2026-01-26 12:26:24,37.42,33.9,,,3.027,0.18,0.372,0.92,221,4,41217
2026-01-26 12:26:26,37.41,33.9,,,3.027,0.184,0.356,0.92,221,4,41218
2026-01-26 12:26:29,37.42,33.88,,,3.027,0.176,0.368,0.924,221,4,41219
2026-01-26 12:26:32,37.42,33.85,,,3.027,0.172,0.368,0.92,221,4,41220
2026-01-26 12:30:28,37.41,33.74,,,3.038,0.18,0.368,0.916,221,4,41312
2026-01-26 12:30:31,37.4,33.7,,,3.038,0.184,0.368,0.924,221,4,41313
2026-01-26 12:30:33,37.41,33.73,,,3.038,0.18,0.368,0.916,221,4,41314
2026-01-26 12:30:36,37.42,33.72,,,3.038,0.184,0.368,0.916,221,4,41315
2026-01-26 12:30:38,37.4,33.74,,,3.038,0.18,0.372,0.924,221,4,41316
2026-01-26 12:30:41,37.41,33.74,,,3.038,0.184,0.368,0.92,221,4,41317
2026-01-26 12:30:43,37.42,33.74,,,3.038,0.172,0.364,0.92,221,4,41318
2026-01-26 12:30:46,37.41,33.71,,,3.038,0.176,0.364,0.928,221,4,41319
2026-01-26 12:30:48,37.41,33.72,,,3.038,0.18,0.368,0.912,221,4,41320
2026-01-26 12:30:51,37.42,33.72,,,3.038,0.188,0.368,0.92,221,4,41321
2026-01-26 12:30:53,37.42,33.72,,,3.038,0.172,0.364,0.92,221,4,41322
2026-01-26 12:30:56,37.4,33.73,,,3.038,0.172,0.364,0.916,221,4,41323
2026-01-26 12:30:59,37.42,33.74,,,3.038,0.184,0.364,0.92,221,4,41324
2026-01-26 12:31:01,37.4,33.72,,,3.038,0.184,0.372,0.928,221,4,41325
2026-01-26 12:31:04,37.4,33.73,,,3.038,0.176,0.364,0.924,221,4,41326
2026-01-26 12:31:06,37.4,33.72,,,3.038,0.176,0.36,0.924,221,4,41327
2026-01-26 12:32:44,37.42,33.98,,,3.03,-0.62,-0.588,0.58,225,4,41365
2026-01-26 12:32:47,37.42,33.96,,,3.03,-0.628,-0.596,0.58,225,4,41366
2026-01-26 12:32:52,37.42,34,,,3.03,-0.624,-0.596,0.58,225,4,41368
2026-01-26 12:32:54,37.42,33.99,,,3.03,-0.624,-0.588,0.584,225,4,41369
2026-01-26 12:32:57,37.43,34.01,,,3.03,-0.624,-0.592,0.58,225,4,41370
2026-01-26 12:33:00,37.43,34.03,,,3.03,-0.62,-0.596,0.58,225,4,41371
2026-01-26 12:33:03,37.46,34.03,,,3.03,-0.624,-0.588,0.58,225,4,41372
2026-01-26 12:33:07,37.46,34.02,,,3.03,-0.624,-0.6,0.584,225,4,41374
2026-01-26 12:33:10,37.46,34.05,,,3.03,-0.624,-0.588,0.58,225,4,41375
2026-01-26 12:33:12,37.47,34.05,,,3.03,-0.624,-0.596,0.584,225,4,41376
2026-01-26 12:33:15,37.48,34.03,,,3.03,-0.616,-0.588,0.584,225,4,41377
2026-01-26 12:33:17,37.49,34.04,,,3.03,-0.62,-0.596,0.584,225,4,41378
2026-01-26 12:33:20,37.51,34.05,,,3.03,-0.624,-0.596,0.584,225,4,41379
2026-01-26 12:33:23,37.49,34.08,,,3.03,-0.62,-0.596,0.588,225,4,41380
2026-01-26 12:33:25,37.52,34.06,,,3.03,-0.62,-0.592,0.584,225,4,41381
2026-01-26 12:33:30,37.5,34.03,,,3.03,-0.624,-0.592,0.576,225,4,41382
2026-01-26 12:33:33,37.53,34.05,,,3.03,-0.624,-0.592,0.584,225,4,41384
2026-01-26 12:33:36,37.52,34.06,,,3.03,-0.616,-0.592,0.58,225,4,41385
2026-01-26 12:33:39,37.53,34.07,,,3.03,-0.624,-0.596,0.576,225,4,41386
2026-01-26 12:33:43,37.54,34.07,,,3.03,-0.62,-0.596,0.576,225,4,41388
2026-01-26 12:33:48,37.56,34.06,,,3.03,-0.62,-0.596,0.588,225,4,41389
2026-01-26 12:33:48,37.57,34.08,,,3.03,-0.624,-0.592,0.58,225,4,41390
2026-01-26 12:33:52,37.56,34.05,,,3.03,-0.624,-0.588,0.584,225,4,41391
2026-01-26 12:33:56,37.58,34.08,,,3.03,-0.628,-0.592,0.584,225,4,41393
2026-01-26 12:33:59,37.59,34.06,,,3.03,-0.624,-0.588,0.58,225,4,41394
2026-01-26 12:34:02,37.57,34.05,,,3.03,-0.616,-0.592,0.584,225,4,41395
2026-01-26 12:34:05,37.6,34.05,,,3.03,-0.628,-0.592,0.584,225,4,41396
2026-01-26 12:34:09,37.62,34.06,,,3.03,-0.62,-0.592,0.588,225,4,41398
2026-01-26 12:34:12,37.62,34.03,,,3.03,-0.624,-0.588,0.584,225,4,41399
2026-01-26 12:34:18,37.63,34.06,,,3.03,-0.624,-0.6,0.576,225,4,41401
2026-01-26 12:34:23,37.63,34.04,,,3.073,-0.62,-0.584,0.584,225,4,41402
2026-01-26 12:34:27,37.65,34.04,,,3.073,-0.624,-0.596,0.58,225,4,41405
2026-01-26 12:34:29,37.67,34.06,,,3.073,-0.624,-0.588,0.576,225,4,41406
2026-01-26 12:34:33,37.67,34.03,,,3.073,-0.62,-0.588,0.576,225,4,41407
2026-01-26 12:34:38,37.67,34.03,,,3.073,-0.628,-0.592,0.588,225,4,41409
2026-01-26 12:34:42,37.7,34.02,,,3.073,-0.62,-0.588,0.584,225,4,41411
2026-01-26 12:34:45,37.67,34.02,,,3.073,-0.624,-0.588,0.58,225,4,41412
2026-01-26 12:34:48,37.7,34.02,,,3.073,-0.62,-0.592,0.576,225,4,41413
2026-01-26 12:34:50,37.71,34.04,,,3.073,-0.628,-0.588,0.58,225,4,41414
2026-01-26 12:34:53,37.71,34.03,,,3.073,-0.624,-0.596,0.588,225,4,41415
2026-01-26 12:34:58,37.72,34,,,3.073,-0.616,-0.588,0.58,225,4,41417
2026-01-26 12:35:00,37.73,34.03,,,3.073,-0.624,-0.6,0.584,225,4,41418
2026-01-26 12:35:03,37.74,34.01,,,3.073,-0.624,-0.592,0.58,225,4,41419
2026-01-26 12:35:05,37.72,34.01,,,3.073,-0.624,-0.6,0.584,225,4,41420
2026-01-26 12:35:08,37.74,34.02,,,3.073,-0.62,-0.592,0.576,225,4,41421
2026-01-26 12:35:11,37.74,34.02,,,3.073,-0.62,-0.592,0.584,225,4,41422
2026-01-26 12:35:16,37.77,34.03,,,3.073,-0.62,-0.592,0.584,225,4,41424
2026-01-26 12:35:18,37.75,33.99,,,3.03,-0.624,-0.596,0.58,225,4,41425
2026-01-26 12:35:21,37.76,33.98,,,3.03,-0.628,-0.596,0.588,225,4,41426
2026-01-26 12:35:23,37.76,33.99,,,3.03,-0.616,-0.6,0.584,225,4,41427
2026-01-26 12:35:27,37.78,34.01,,,3.03,-0.624,-0.592,0.584,225,4,41428
2026-01-26 12:35:31,37.78,34.02,,,3.03,-0.62,-0.6,0.58,225,4,41430
2026-01-26 12:35:34,37.78,34,,,3.03,-0.624,-0.592,0.588,225,4,41431
2026-01-26 12:35:36,37.8,33.99,,,3.03,-0.628,-0.596,0.58,225,4,41432
2026-01-26 12:40:01,38.06,33.97,,,3.034,-0.416,-0.32,0.864,228,4,41535
2026-01-26 12:40:04,38.07,33.93,,,3.034,-0.448,-0.328,0.884,228,4,41536
2026-01-26 12:40:14,38.07,33.99,,-88,3.034,-0.44,-0.316,0.884,228,4,41540
2026-01-26 12:40:23,38.09,33.98,,,3.08,-0.432,-0.324,0.864,228,4,41543
2026-01-26 12:40:28,38.11,33.96,,,3.08,-0.432,-0.312,0.876,228,4,41545
2026-01-26 12:40:32,38.11,33.99,,,3.08,-0.436,-0.332,0.864,228,4,41547
2026-01-26 12:42:41,38.24,33.98,,,3.069,-0.44,-0.332,0.876,228,4,41596
2026-01-26 12:42:45,38.24,33.99,,,3.069,-0.424,-0.32,0.884,228,4,41599
2026-01-26 12:42:48,38.24,33.99,,,3.069,-0.432,-0.312,0.868,228,4,41600
2026-01-26 12:42:51,38.24,33.99,,,3.069,-0.44,-0.304,0.88,228,4,41601
2026-01-26 12:42:54,38.24,33.97,,,3.069,-0.432,-0.316,0.868,228,4,41602
2026-01-26 12:42:58,38.24,33.99,,,3.069,-0.452,-0.324,0.888,228,4,41603
2026-01-26 12:45:17,38.35,33.94,,,3.038,-0.436,-0.332,0.88,228,4,41658
2026-01-26 12:45:20,38.34,33.96,,,3.038,-0.452,-0.312,0.876,228,4,41659
2026-01-26 12:45:25,38.35,33.95,,,3.034,-0.424,-0.324,0.868,228,4,41661
2026-01-26 12:45:30,38.33,33.96,,,3.034,-0.432,-0.308,0.872,228,4,41662
2026-01-26 12:45:33,38.35,33.94,,,3.034,-0.436,-0.34,0.876,228,4,41664
2026-01-26 12:45:35,38.35,33.95,,,3.034,-0.46,-0.328,0.892,228,4,41665
2026-01-26 12:45:38,38.36,33.93,,,3.034,-0.448,-0.308,0.868,228,4,41666
2026-01-26 12:50:39,38.4,33.96,,,3.027,-0.436,-0.32,0.876,228,4,41783
2026-01-26 12:54:31,38.35,33.93,,,3.034,-0.436,-0.312,0.884,228,4,41872
2026-01-26 12:54:31,38.35,33.94,,,3.034,-0.416,-0.316,0.88,228,4,41873
2026-01-26 12:54:36,38.35,33.94,,,3.034,-0.428,-0.32,0.864,228,4,41875
2026-01-26 12:54:39,38.35,33.94,,,3.034,-0.436,-0.312,0.868,228,4,41876
2026-01-26 12:59:41,38.23,33.94,,,3.034,-0.42,-0.3,0.876,228,4,41994
2026-01-26 13:01:03,38.18,33.97,,,3.038,-0.42,-0.288,0.872,229,4,42026
2026-01-26 13:01:08,38.19,33.96,,,3.038,-0.432,-0.316,0.876,229,4,42028
2026-01-26 13:01:11,38.19,33.96,,,3.038,-0.436,-0.308,0.896,229,4,42029
2026-01-26 13:01:15,38.17,33.96,,,3.038,-0.42,-0.292,0.892,229,4,42030
2026-01-26 13:01:18,38.18,33.95,,,3.038,-0.42,-0.304,0.88,229,4,42032
2026-01-26 13:01:21,38.2,33.96,,,3.038,-0.416,-0.292,0.88,229,4,42033
2026-01-26 13:01:24,38.2,33.95,,,3.038,-0.412,-0.3,0.876,229,4,42034
2026-01-26 13:01:27,38.17,33.95,,,3.038,-0.404,-0.308,0.872,229,4,42035
2026-01-26 13:01:31,38.16,33.94,,,3.08,-0.424,-0.316,0.884,229,4,42037
2026-01-26 13:01:34,38.17,33.96,,,3.08,-0.44,-0.304,0.896,229,4,42038
2026-01-26 13:05:38,38.22,34.09,,,3.083,-0.536,-0.512,0.712,230,4,42133
2026-01-26 13:05:40,38.2,34.1,,,3.083,-0.536,-0.512,0.708,230,4,42134
2026-01-26 13:05:43,38.22,34.1,,,3.083,-0.548,-0.508,0.716,230,4,42135
2026-01-26 13:05:48,38.21,34.09,,,3.083,-0.536,-0.508,0.704,230,4,42137
2026-01-26 13:05:52,38.21,34.1,,,3.083,-0.556,-0.516,0.716,230,4,42138
2026-01-26 13:05:57,38.21,34.08,,,3.083,-0.56,-0.504,0.708,230,4,42140
2026-01-26 13:06:01,38.21,34.08,,,3.083,-0.572,-0.512,0.724,230,4,42142
2026-01-26 13:11:02,38.21,34.25,,,3.03,-0.5,-0.412,0.804,231,4,42259
2026-01-26 13:11:07,38.21,34.24,,,3.03,-0.496,-0.412,0.804,231,4,42261
2026-01-26 13:11:10,38.24,34.24,,,3.03,-0.504,-0.408,0.804,231,4,42262
2026-01-26 13:11:13,38.21,34.24,,,3.03,-0.496,-0.404,0.808,231,4,42263
2026-01-26 13:13:26,38.28,34.19,,,3.066,-0.5,-0.408,0.804,231,4,42315
2026-01-26 13:13:28,38.28,34.16,,,3.066,-0.496,-0.416,0.808,231,4,42316
2026-01-26 13:13:31,38.29,34.17,,,3.066,-0.5,-0.42,0.812,231,4,42317
2026-01-26 13:13:33,38.27,34.17,,,3.027,-0.496,-0.412,0.8,231,4,42318
2026-01-26 13:13:36,38.28,34.17,,,3.027,-0.504,-0.408,0.8,231,4,42319
2026-01-26 13:13:39,38.28,34.16,,,3.027,-0.5,-0.412,0.8,231,4,42320
2026-01-26 13:13:41,38.27,34.19,,,3.027,-0.496,-0.4,0.8,231,4,42321
2026-01-26 13:13:44,38.28,34.16,,,3.027,-0.5,-0.412,0.808,231,4,42322
2026-01-26 13:13:46,38.27,34.17,,,3.027,-0.5,-0.412,0.8,231,4,42323
2026-01-26 13:13:49,38.28,34.2,,,3.027,-0.492,-0.4,0.808,231,4,42324
2026-01-26 13:13:51,38.28,34.15,,,3.027,-0.5,-0.408,0.8,231,4,42325
2026-01-26 13:13:54,38.28,34.19,,,3.027,-0.5,-0.412,0.804,231,4,42326
2026-01-26 13:13:56,38.28,34.17,,,3.027,-0.504,-0.408,0.804,231,4,42327
2026-01-26 13:13:59,38.28,34.17,,,3.027,-0.5,-0.416,0.808,231,4,42328
2026-01-26 13:14:01,38.28,34.17,,,3.027,-0.496,-0.412,0.8,231,4,42329
2026-01-26 13:14:04,38.29,34.14,,,3.027,-0.5,-0.408,0.808,231,4,42330
2026-01-26 13:14:07,38.28,34.18,,,3.027,-0.496,-0.416,0.808,231,4,42331
2026-01-26 13:14:09,38.28,34.16,,,3.027,-0.496,-0.416,0.8,231,4,42332
2026-01-26 13:14:12,38.28,34.16,,,3.027,-0.496,-0.408,0.796,231,4,42333
2026-01-26 13:14:14,38.28,34.16,,,3.027,-0.504,-0.408,0.8,231,4,42334
2026-01-26 13:14:17,38.27,34.16,,,3.027,-0.496,-0.404,0.8,231,4,42335
2026-01-26 13:14:20,38.28,34.19,,,3.027,-0.5,-0.412,0.804,231,4,42336
2026-01-26 13:14:22,38.28,34.16,,,3.027,-0.496,-0.412,0.804,231,4,42337
2026-01-26 13:14:25,38.28,34.16,,,3.027,-0.496,-0.408,0.808,231,4,42338
2026-01-26 13:14:27,38.29,34.18,,,3.027,-0.504,-0.408,0.808,231,4,42339
2026-01-26 13:14:30,38.28,34.16,,,3.027,-0.5,-0.4,0.812,231,4,42340
2026-01-26 13:14:33,38.28,34.15,,,3.08,-0.5,-0.408,0.804,231,4,42341
2026-01-26 13:14:35,38.28,34.16,,,3.08,-0.496,-0.408,0.804,231,4,42342
2026-01-26 13:14:38,38.27,34.17,,,3.08,-0.496,-0.404,0.804,231,4,42343
2026-01-26 13:14:40,38.28,34.16,,,3.08,-0.496,-0.412,0.804,231,4,42344
2026-01-26 13:14:42,38.28,34.17,,,3.08,-0.496,-0.412,0.804,231,4,42345
2026-01-26 13:14:45,38.27,34.18,,,3.08,-0.5,-0.408,0.808,231,4,42346
2026-01-26 13:14:48,38.27,34.15,,,3.08,-0.5,-0.42,0.8,231,4,42347
2026-01-26 13:14:50,38.29,34.15,,,3.08,-0.5,-0.416,0.8,231,4,42348
2026-01-26 13:14:53,38.28,34.15,,,3.08,0.128,0.328,0.956,232,4,42349
2026-01-26 13:14:55,38.27,34.17,,,3.08,0.156,0.34,0.928,234,4,42350
2026-01-26 13:14:58,38.27,34.16,,,3.08,0.156,0.34,0.94,234,4,42351
2026-01-26 13:15:01,38.26,34.16,,,3.08,0.152,0.332,0.936,234,4,42352
2026-01-26 13:15:03,38.28,34.15,,,3.08,0.148,0.336,0.936,234,4,42353
2026-01-26 13:15:06,38.28,34.15,,,3.08,0.148,0.336,0.94,234,4,42354
2026-01-26 13:15:08,38.27,34.15,,,3.08,0.156,0.336,0.944,234,4,42355
2026-01-26 13:15:11,38.28,34.16,,,3.08,0.14,0.316,0.944,234,4,42356
2026-01-26 13:15:14,38.28,34.15,,,3.08,-0.288,-0.148,0.96,235,4,42357
2026-01-26 13:15:16,38.28,34.14,,,3.08,-0.312,-0.184,0.952,235,4,42358
2026-01-26 13:15:19,38.28,34.16,,,3.08,-0.316,-0.18,0.952,235,4,42359
2026-01-26 13:15:21,38.29,34.16,,,3.08,-0.316,-0.184,0.956,235,4,42360
2026-01-26 13:15:24,38.28,34.17,,,3.08,-0.312,-0.184,0.948,235,4,42361
2026-01-26 13:15:27,38.28,34.16,,,3.08,-0.312,-0.184,0.948,235,4,42362
2026-01-26 13:15:29,38.28,34.16,,,3.08,-0.312,-0.184,0.948,235,4,42363
2026-01-26 13:15:32,38.28,34.15,,,3.08,-0.316,-0.184,0.952,235,4,42364
2026-01-26 13:15:36,38.27,34.17,,,3.083,-0.304,-0.18,0.952,235,4,42366
2026-01-26 13:15:39,38.27,34.14,,,3.083,-0.312,-0.184,0.952,235,4,42367
2026-01-26 13:15:42,38.28,34.17,,,3.083,-0.308,-0.188,0.948,235,4,42368
2026-01-26 13:15:44,38.27,34.15,,,3.083,-0.308,-0.18,0.952,235,4,42369
2026-01-26 13:15:47,38.27,34.17,,,3.083,-0.304,-0.18,0.948,235,4,42370
2026-01-26 13:15:49,38.28,34.16,,,3.083,-0.308,-0.184,0.948,235,4,42371
2026-01-26 13:15:52,38.27,34.15,,,3.083,-0.316,-0.188,0.952,235,4,42372
2026-01-26 13:15:55,38.27,34.16,,,3.083,-0.312,-0.176,0.948,235,4,42373
2026-01-26 13:15:57,38.28,34.14,,,3.083,-0.312,-0.18,0.948,235,4,42374
2026-01-26 13:16:00,38.26,34.15,,,3.083,-0.308,-0.18,0.944,235,4,42375
2026-01-26 13:16:02,38.27,34.15,,,3.083,-0.316,-0.184,0.952,235,4,42376
2026-01-26 13:16:05,38.27,34.15,,,3.083,-0.308,-0.184,0.956,235,4,42377
2026-01-26 13:16:08,38.27,34.16,,,3.083,-0.308,-0.184,0.944,235,4,42378
2026-01-26 13:16:10,38.26,34.17,,,3.083,-0.312,-0.18,0.948,235,4,42379
2026-01-26 13:16:13,38.27,34.14,,,3.083,-0.308,-0.176,0.952,235,4,42380
2026-01-26 13:16:15,38.28,34.15,,,3.083,-0.304,-0.188,0.948,235,4,42381
2026-01-26 13:16:18,38.27,34.16,,,3.083,-0.308,-0.192,0.952,235,4,42382
2026-01-26 13:16:20,38.27,34.14,,,3.083,-0.312,-0.18,0.952,235,4,42383
2026-01-26 13:16:23,38.27,34.15,,,3.083,-0.308,-0.184,0.952,235,4,42384
2026-01-26 13:16:25,38.28,34.14,,,3.083,-0.308,-0.18,0.956,235,4,42385
2026-01-26 13:16:28,38.28,34.16,,,3.083,-0.32,-0.188,0.944,235,4,42386
2026-01-26 13:16:30,38.28,34.17,,,3.083,-0.308,-0.18,0.948,235,4,42387
2026-01-26 13:16:33,38.27,34.16,,,3.083,-0.304,-0.184,0.956,235,4,42388
2026-01-26 13:16:36,38.27,34.17,,,3.034,-0.308,-0.184,0.948,235,4,42389
2026-01-26 13:16:38,38.28,34.16,,,3.034,-0.308,-0.184,0.956,235,4,42390
2026-01-26 13:16:41,38.27,34.16,,,3.034,-0.312,-0.188,0.952,235,4,42391
2026-01-26 13:16:43,38.28,34.17,,,3.034,-0.304,-0.188,0.952,235,4,42392
2026-01-26 13:16:46,38.26,34.15,,,3.034,-0.312,-0.18,0.952,235,4,42393
2026-01-26 13:16:49,38.27,34.15,,,3.034,-0.308,-0.188,0.956,235,4,42394
2026-01-26 13:16:51,38.28,34.16,,,3.034,-0.308,-0.18,0.948,235,4,42395
2026-01-26 13:16:54,38.27,34.15,,,3.034,-0.308,-0.188,0.948,235,4,42396
2026-01-26 13:16:56,38.27,34.18,,,3.034,-0.312,-0.18,0.952,235,4,42397
2026-01-26 13:16:59,38.26,34.16,,,3.034,-0.312,-0.192,0.944,235,4,42398
2026-01-26 13:17:02,38.27,34.15,,,3.034,-0.308,-0.184,0.948,235,4,42399
2026-01-26 13:17:04,38.25,34.15,,,3.034,-0.312,-0.184,0.952,235,4,42400
2026-01-26 13:17:07,38.27,34.14,,,3.034,-0.312,-0.176,0.948,235,4,42401
2026-01-26 13:17:09,38.26,34.15,,,3.034,-0.308,-0.18,0.952,235,4,42402
2026-01-26 13:17:11,38.27,34.15,,,3.034,-0.312,-0.18,0.936,235,4,42403
2026-01-26 13:17:14,38.25,34.14,,,3.034,-0.304,-0.18,0.944,235,4,42404
2026-01-26 13:17:17,38.27,34.17,,,3.034,-0.32,-0.196,0.952,235,4,42405
2026-01-26 13:17:19,38.25,34.17,,,3.034,-0.308,-0.196,0.948,235,4,42406
2026-01-26 13:17:22,38.26,34.15,,,3.034,-0.304,-0.18,0.944,235,4,42407
2026-01-26 13:17:24,38.27,34.15,,,3.034,-0.308,-0.18,0.948,235,4,42408
2026-01-26 13:17:27,38.27,34.16,,,3.034,-0.312,-0.184,0.956,235,4,42409
2026-01-26 13:17:30,38.25,34.17,,,3.034,-0.308,-0.184,0.944,235,4,42410
2026-01-26 13:17:32,38.26,34.15,,,3.034,-0.312,-0.184,0.956,235,4,42411
2026-01-26 13:17:35,38.24,34.16,,,3.034,-0.312,-0.188,0.952,235,4,42412
2026-01-26 13:17:37,38.23,34.15,,,3.034,-0.308,-0.184,0.956,235,4,42413
2026-01-26 13:17:40,38.25,34.15,,,3.034,-0.308,-0.176,0.956,235,4,42414
2026-01-26 13:17:43,38.26,34.15,,,3.034,-0.312,-0.18,0.948,235,4,42415
2026-01-26 13:17:45,38.26,34.16,,,3.034,-0.28,-0.156,0.976,235,4,42416
2026-01-26 13:17:48,38.27,34.16,,,3.034,0.424,0.584,0.72,236,4,42417
2026-01-26 13:17:53,38.26,34.16,,,3.034,-0.48,-0.572,0.1,238,4,42419
2026-01-26 13:17:56,38.25,34.17,,,3.034,0.404,0.552,0.732,238,4,42420
2026-01-26 13:17:58,38.26,34.18,,,3.034,0.396,0.568,0.728,238,4,42421
2026-01-26 13:18:00,38.24,34.17,,,3.034,0.572,0.692,0.5,240,4,42422
2026-01-26 13:18:03,38.25,34.18,,,3.034,0.712,0.616,-0.444,241,4,42423
2026-01-26 13:18:06,38.25,34.19,,,3.034,-0.012,-0.268,-0.932,243,4,42424
2026-01-26 13:18:08,38.25,34.21,,,3.034,-0.716,-0.724,0.396,244,4,42425
2026-01-26 13:18:11,38.24,34.23,,,3.034,0.284,0.484,0.844,244,4,42426
2026-01-26 13:18:14,38.26,34.22,,,3.034,0.688,0.744,0.148,244,4,42427
2026-01-26 13:18:17,38.24,34.24,,,3.034,0.588,0.704,0.444,245,4,42428
2026-01-26 13:18:22,38.25,34.24,,,3.034,0.584,0.696,0.452,245,4,42430
2026-01-26 13:21:10,38.4,34.24,,,3.038,0.592,0.7,0.44,245,4,42496
2026-01-26 13:21:13,38.39,34.25,,,3.038,0.588,0.7,0.444,245,4,42497
2026-01-26 13:21:16,38.39,34.26,,,3.038,0.588,0.704,0.44,245,4,42498
2026-01-26 13:21:19,38.41,34.27,,,3.038,0.592,0.7,0.444,245,4,42499
2026-01-26 13:21:24,38.41,34.21,,,3.038,0.588,0.704,0.448,245,4,42501
2026-01-26 13:21:29,38.41,34.24,,,3.038,0.592,0.7,0.444,245,4,42503
2026-01-26 13:21:32,38.41,34.23,,,3.038,0.592,0.712,0.44,245,4,42504
2026-01-26 13:21:36,38.43,34.23,,,3.076,0.592,0.7,0.444,245,4,42506
2026-01-26 13:21:40,38.43,34.24,,,3.076,0.592,0.708,0.44,245,4,42507
2026-01-26 13:25:30,38.48,34.16,,,3.03,0.588,0.7,0.448,245,4,42596
2026-01-26 13:25:33,38.47,34.19,,,3.03,0.592,0.7,0.444,245,4,42598
2026-01-26 13:25:35,38.49,34.18,,,3.03,0.592,0.704,0.448,245,4,42599
2026-01-26 13:25:38,38.49,34.15,,,3.027,0.596,0.708,0.448,245,4,42600
2026-01-26 13:30:39,38.54,34.14,,,3.045,0.588,0.708,0.44,245,4,42717
2026-01-26 13:35:19,38.57,34.2,,,3.038,0.588,0.696,0.444,245,4,42826
2026-01-26 13:35:22,38.58,34.17,,,3.038,0.588,0.704,0.44,245,4,42827
2026-01-26 13:35:26,38.59,34.2,,,3.038,0.588,0.704,0.44,245,4,42829
2026-01-26 13:35:29,38.58,34.18,,,3.038,0.588,0.7,0.444,245,4,42830
2026-01-26 13:35:32,38.57,34.19,,,3.038,0.592,0.7,0.444,245,4,42831
2026-01-26 13:35:34,38.57,34.18,,,3.038,0.592,0.696,0.452,245,4,42832
2026-01-26 13:35:37,38.56,34.18,,,3.038,0.588,0.704,0.448,245,4,42833
2026-01-26 13:35:40,38.57,34.19,,,3.038,0.584,0.7,0.448,245,4,42834
2026-01-26 13:35:45,38.59,34.2,,,3.083,0.596,0.704,0.444,245,4,42836
2026-01-26 13:40:45,38.6,34.22,,,3.038,0.148,0.324,0.932,247,4,42953
2026-01-26 13:40:48,38.58,34.22,,,3.038,0.156,0.32,0.928,247,4,42954
2026-01-26 13:40:50,38.59,34.19,,,3.038,0.168,0.328,0.916,247,4,42955
2026-01-26 13:40:53,38.59,34.21,,,3.038,0.168,0.332,0.932,247,4,42956
2026-01-26 13:40:56,38.58,34.21,,,3.038,0.136,0.336,0.94,247,4,42957
2026-01-26 13:40:58,38.59,34.22,,,3.038,0.136,0.332,0.944,247,4,42958
2026-01-26 13:41:01,38.59,34.2,,,3.038,0.156,0.328,0.936,247,4,42959
2026-01-26 13:46:02,38.59,34.26,,,3.027,0.152,0.332,0.928,251,4,43076
2026-01-26 13:51:02,38.54,34.31,,,3.034,0.136,0.324,0.944,251,4,43193
2026-01-26 13:56:02,38.49,34.35,,,3.03,0.14,0.324,0.94,251,4,43310
2026-01-26 13:58:19,38.43,34.4,,,3.041,0.156,0.324,0.952,251,4,43363
2026-01-26 13:58:22,38.45,34.38,,,3.041,0.132,0.324,0.944,251,4,43364
2026-01-26 13:58:24,38.43,34.37,,,3.041,0.152,0.324,0.932,251,4,43365
2026-01-26 13:58:27,38.44,34.39,,,3.041,0.164,0.324,0.964,251,4,43366
2026-01-26 13:58:29,38.44,34.38,,,3.041,0.148,0.332,0.936,251,4,43367
2026-01-26 13:58:32,38.42,34.38,,,3.041,0.272,0.448,0.96,252,4,43368
2026-01-26 13:58:34,38.43,34.39,,,3.041,0.472,-0.004,-0.212,252,4,43369
2026-01-26 13:58:37,38.43,34.4,,,3.041,0.592,0.032,-0.916,252,4,43370
2026-01-26 13:58:39,38.41,34.41,,,3.041,-0.04,0.144,0.996,252,4,43371
2026-01-26 13:58:42,38.42,34.39,,,3.041,0.092,0.256,0.96,254,4,43372
2026-01-26 13:58:44,38.42,34.43,,,3.041,0.068,0.256,0.972,254,4,43373
2026-01-26 13:58:47,38.43,34.43,,,3.041,0.076,0.256,0.968,254,4,43374
2026-01-26 13:58:50,38.42,34.43,,,3.041,0.064,0.256,0.972,254,4,43375
2026-01-26 13:58:52,38.42,34.43,,,3.027,0.08,0.264,0.968,254,4,43376
2026-01-26 13:58:55,38.42,34.45,,,3.027,0.084,0.26,0.976,254,4,43377
2026-01-26 13:58:58,38.42,34.46,,,3.027,0.096,0.26,0.964,254,4,43378
2026-01-26 14:03:58,38.79,34.64,,,3.027,0.084,0.256,0.96,254,4,43495
2026-01-26 14:08:59,38.89,34.57,,,3.045,0.068,0.252,0.972,254,4,43612
2026-01-26 14:09:27,38.9,34.57,,,3.045,0.06,0.248,0.972,254,4,43623
2026-01-26 14:09:30,38.91,34.56,,,3.045,0.064,0.248,0.972,254,4,43624
2026-01-26 14:09:32,38.89,34.57,,,3.045,0.068,0.248,0.972,254,4,43625
2026-01-26 14:09:35,38.9,34.57,,,3.045,0.14,0.296,0.968,254,4,43626
2026-01-26 14:09:37,38.91,34.55,,,3.045,0.432,0.632,0.704,0,4,43627
2026-01-26 14:09:40,38.89,34.6,,,3.045,0.376,0.532,0.764,0,4,43628
2026-01-26 14:09:43,38.91,34.59,,,3.045,0.368,0.532,0.76,0,4,43629
2026-01-26 14:09:45,38.91,34.54,,,3.045,-0.82,-0.8,0.132,1,4,43630
2026-01-26 14:09:48,38.9,34.58,,,3.045,0.456,0.596,0.68,1,4,43631
2026-01-26 14:09:50,38.91,34.55,,,3.045,0.444,0.592,0.688,1,4,43632
2026-01-26 14:09:53,38.91,34.6,,,3.045,0.452,0.584,0.708,1,4,43633
2026-01-26 14:09:56,38.9,34.6,,,3.038,0.428,0.572,0.72,1,4,43634
2026-01-26 14:09:58,38.89,34.59,,,3.038,0.412,0.556,0.72,1,4,43635
2026-01-26 14:10:01,38.9,34.6,,,3.038,0.396,0.548,0.748,1,4,43636
2026-01-26 14:10:03,38.9,34.61,,,3.038,0.392,0.544,0.748,1,4,43637
2026-01-26 14:10:05,38.91,34.61,,,3.038,0.388,0.54,0.752,1,4,43638
2026-01-26 14:10:08,38.92,34.64,,,3.038,0.388,0.536,0.752,1,4,43639
2026-01-26 14:10:11,38.92,34.64,,,3.038,0.376,0.54,0.768,1,4,43640
2026-01-26 14:10:13,38.92,34.65,,,3.038,0.364,0.528,0.772,1,4,43641
2026-01-26 14:10:16,38.92,34.65,,,3.038,0.164,0.324,0.896,2,4,43642
2026-01-26 14:10:18,38.92,34.68,,,3.038,0.18,0.356,0.924,2,4,43643
2026-01-26 14:10:21,38.92,34.7,,,3.038,0.18,0.356,0.916,2,4,43644
2026-01-26 14:10:24,38.95,34.69,,,3.038,0.184,0.36,0.924,2,4,43645
2026-01-26 14:10:26,38.92,34.7,,,3.038,0.192,0.36,0.928,2,4,43646
2026-01-26 14:10:29,38.93,34.71,,,3.038,0.184,0.364,0.92,2,4,43647
2026-01-26 14:10:31,38.94,34.73,,,3.038,0.188,0.364,0.92,2,4,43648
2026-01-26 14:10:34,38.94,34.7,,,3.038,0.188,0.356,0.924,2,4,43649
2026-01-26 14:10:37,38.96,34.73,,,3.038,0.18,0.36,0.92,2,4,43650
2026-01-26 14:10:39,38.94,34.73,,,3.038,0.188,0.356,0.92,2,4,43651
2026-01-26 14:10:42,38.96,34.73,,,3.038,0.18,0.36,0.924,2,4,43652
2026-01-26 14:10:44,38.96,34.72,,,3.038,0.184,0.352,0.916,2,4,43653
2026-01-26 14:10:47,38.98,34.73,,,3.038,0.192,0.356,0.92,2,4,43654
2026-01-26 14:10:50,38.96,34.71,,,3.038,0.192,0.356,0.916,2,4,43655
2026-01-26 14:10:52,38.98,34.78,,,3.038,0.192,0.352,0.92,2,4,43656
2026-01-26 14:10:54,38.96,34.74,,,3.038,0.18,0.36,0.916,2,4,43657
2026-01-26 14:10:57,38.99,34.75,,,3.045,0.18,0.36,0.928,2,4,43658
2026-01-26 14:10:59,38.99,34.74,,,3.045,0.188,0.364,0.924,2,4,43659
2026-01-26 14:11:02,38.99,34.74,,,3.045,0.188,0.364,0.92,2,4,43660
2026-01-26 14:11:05,38.98,34.72,,,3.045,0.192,0.352,0.92,2,4,43661
2026-01-26 14:11:07,38.98,34.75,,,3.045,0.184,0.36,0.92,2,4,43662
2026-01-26 14:11:10,38.99,34.72,,,3.045,0.184,0.356,0.924,2,4,43663
2026-01-26 14:11:12,39,34.75,,,3.045,0.184,0.356,0.92,2,4,43664
2026-01-26 14:11:15,39.02,34.74,,,3.045,0.188,0.36,0.92,2,4,43665
2026-01-26 14:11:18,39.02,34.74,,,3.045,0.188,0.352,0.916,2,4,43666
2026-01-26 14:11:20,39,34.75,,,3.045,0.188,0.352,0.924,2,4,43667
2026-01-26 14:11:23,39.01,34.75,,,3.045,0.184,0.36,0.916,2,4,43668
2026-01-26 14:11:25,39,34.76,,,3.045,0.18,0.356,0.92,2,4,43669
2026-01-26 14:11:28,39.02,34.74,,,3.045,0.18,0.36,0.916,2,4,43670
2026-01-26 14:11:31,39.03,34.75,,,3.045,0.184,0.364,0.92,2,4,43671
2026-01-26 14:11:33,39.03,34.76,,,3.045,0.188,0.356,0.916,2,4,43672
2026-01-26 14:11:36,39.03,34.75,,,3.045,0.184,0.36,0.912,2,4,43673
2026-01-26 14:11:38,39.03,34.74,,,3.045,0.188,0.36,0.92,2,4,43674
2026-01-26 14:11:41,39.04,34.71,,,3.045,0.192,0.356,0.924,2,4,43675
2026-01-26 14:11:43,39.04,34.74,,,3.045,0.192,0.36,0.916,2,4,43676
2026-01-26 14:11:46,39.03,34.73,,,3.045,0.18,0.368,0.916,2,4,43677
2026-01-26 14:11:48,39.05,34.73,,,3.045,0.184,0.356,0.924,2,4,43678
2026-01-26 14:11:51,39.05,34.71,,,3.045,0.184,0.364,0.924,2,4,43679
2026-01-26 14:11:53,39.05,34.71,,,3.045,0.184,0.356,0.92,2,4,43680
2026-01-26 14:11:56,39.07,34.72,,,3.03,0.18,0.352,0.924,2,4,43681
2026-01-26 14:11:59,39.05,34.75,,,3.03,0.184,0.356,0.924,2,4,43682
2026-01-26 14:12:01,39.07,34.73,,,3.03,0.188,0.356,0.916,2,4,43683
2026-01-26 14:12:04,39.06,34.72,,,3.03,0.188,0.356,0.924,2,4,43684
2026-01-26 14:12:06,39.07,34.72,,,3.03,0.18,0.36,0.92,2,4,43685
2026-01-26 14:12:09,39.07,34.71,,,3.03,0.184,0.356,0.92,2,4,43686
2026-01-26 14:12:12,39.07,34.72,,,3.03,0.184,0.36,0.92,2,4,43687
2026-01-26 14:12:14,39.07,34.72,,,3.03,0.184,0.364,0.928,2,4,43688
2026-01-26 14:12:17,39.07,34.72,,,3.03,0.18,0.364,0.92,2,4,43689
2026-01-26 14:12:19,39.08,34.71,,,3.03,0.184,0.364,0.924,2,4,43690
2026-01-26 14:12:22,39.08,34.69,,,3.03,0.184,0.364,0.912,2,4,43691
2026-01-26 14:12:25,39.08,34.71,,,3.03,0.184,0.372,0.924,2,4,43692
2026-01-26 14:12:27,39.09,34.71,,,3.03,0.188,0.36,0.916,2,4,43693
2026-01-26 14:12:30,39.09,34.71,,,3.03,0.184,0.36,0.92,2,4,43694
2026-01-26 14:12:32,39.09,34.69,,,3.03,0.18,0.36,0.928,2,4,43695
2026-01-26 14:12:34,39.1,34.7,,,3.03,0.184,0.356,0.916,2,4,43696
2026-01-26 14:12:37,39.1,34.69,,,3.03,0.184,0.364,0.916,2,4,43697
2026-01-26 14:12:40,39.1,34.69,,,3.03,0.18,0.36,0.924,2,4,43698
2026-01-26 14:12:42,39.1,34.67,,,3.03,0.184,0.356,0.924,2,4,43699
2026-01-26 14:12:45,39.1,34.68,,,3.03,0.18,0.356,0.916,2,4,43700
2026-01-26 14:12:47,39.08,34.68,,,3.03,0.188,0.36,0.924,2,4,43701
2026-01-26 14:12:50,39.1,34.66,,,3.03,0.188,0.356,0.92,2,4,43702
2026-01-26 14:12:53,39.12,34.66,,,3.03,0.184,0.356,0.92,2,4,43703
2026-01-26 14:12:55,39.1,34.69,,,3.03,0.176,0.36,0.924,2,4,43704
2026-01-26 14:12:58,39.12,34.66,,,3.034,0.184,0.368,0.92,2,4,43705
2026-01-26 14:13:00,39.1,34.67,,,3.034,0.184,0.352,0.92,2,4,43706
2026-01-26 14:13:03,39.1,34.66,,,3.034,0.184,0.36,0.916,2,4,43707
2026-01-26 14:13:06,39.11,34.65,,,3.034,0.176,0.356,0.92,2,4,43708
2026-01-26 14:13:08,39.11,34.66,,,3.034,0.184,0.36,0.92,2,4,43709
2026-01-26 14:13:11,39.12,34.67,,,3.034,0.184,0.356,0.92,2,4,43710
2026-01-26 14:13:13,39.13,34.66,,,3.034,0.18,0.36,0.924,2,4,43711
2026-01-26 14:13:16,39.11,34.66,,,3.034,0.184,0.364,0.924,2,4,43712
2026-01-26 14:13:19,39.14,34.68,,,3.034,0.184,0.356,0.924,2,4,43713
2026-01-26 14:13:21,39.13,34.66,,,3.034,0.188,0.36,0.916,2,4,43714
2026-01-26 14:13:23,39.14,34.65,,,3.034,0.184,0.364,0.92,2,4,43715
2026-01-26 14:13:26,39.14,34.65,,,3.034,0.188,0.364,0.916,2,4,43716
2026-01-26 14:13:28,39.14,34.64,,,3.034,0.18,0.356,0.92,2,4,43717
2026-01-26 14:13:31,39.13,34.65,,,3.034,0.188,0.364,0.92,2,4,43718
2026-01-26 14:13:34,39.14,34.64,,,3.034,0.184,0.364,0.916,2,4,43719
2026-01-26 14:13:36,39.13,34.64,,,3.034,0.176,0.356,0.916,2,4,43720
2026-01-26 14:13:39,39.12,34.63,,,3.034,0.184,0.36,0.92,2,4,43721
2026-01-26 14:13:41,39.14,34.63,,,3.034,0.188,0.356,0.92,2,4,43722
2026-01-26 14:13:44,39.14,34.62,,,3.034,0.18,0.36,0.916,2,4,43723
2026-01-26 14:13:47,39.15,34.66,,,3.034,0.188,0.364,0.916,2,4,43724
2026-01-26 14:13:49,39.13,34.62,,,3.034,0.188,0.356,0.916,2,4,43725
2026-01-26 14:13:52,39.14,34.62,,,3.034,0.184,0.364,0.928,2,4,43726
2026-01-26 14:13:54,39.13,34.64,,,3.034,0.188,0.348,0.924,2,4,43727
2026-01-26 14:13:57,39.14,34.62,,,3.038,0.184,0.364,0.916,2,4,43728
2026-01-26 14:14:00,39.14,34.63,,,3.038,0.184,0.36,0.924,2,4,43729
2026-01-26 14:14:02,39.15,34.62,,,3.038,0.184,0.36,0.916,2,4,43730
2026-01-26 14:14:05,39.15,34.64,,,3.038,0.184,0.352,0.92,2,4,43731
2026-01-26 14:14:07,39.15,34.62,,,3.038,0.188,0.356,0.916,2,4,43732
2026-01-26 14:14:10,39.15,34.64,,,3.038,0.188,0.36,0.916,2,4,43733
2026-01-26 14:14:12,39.16,34.63,,,3.038,0.192,0.356,0.916,2,4,43734
2026-01-26 14:14:15,39.15,34.6,,,3.038,0.18,0.356,0.928,2,4,43735
2026-01-26 14:14:17,39.16,34.6,,,3.038,0.188,0.36,0.92,2,4,43736
2026-01-26 14:14:20,39.14,34.59,,,3.038,0.188,0.36,0.92,2,4,43737
2026-01-26 14:14:22,39.15,34.61,,,3.038,0.184,0.368,0.916,2,4,43738
2026-01-26 14:14:26,39.15,34.62,,,3.038,0.184,0.36,0.92,2,4,43739
2026-01-26 14:14:30,39.16,34.6,,,3.038,0.184,0.36,0.924,2,4,43741
2026-01-26 14:14:33,39.15,34.65,,,3.038,-0.512,-0.472,0.648,3,4,43742
2026-01-26 14:14:35,39.16,34.63,,,3.038,-0.304,-0.336,0.328,3,4,43743
2026-01-26 14:14:38,39.15,34.62,,,3.038,0.504,0.616,0.42,3,4,43744
2026-01-26 14:14:41,39.14,34.62,,,3.038,-0.592,-0.824,-0.596,3,4,43745
2026-01-26 14:14:43,39.16,34.64,,,3.038,0.692,0.64,-0.384,4,4,43746
2026-01-26 14:14:46,39.16,34.64,,,3.038,0.7,0.64,-0.38,4,4,43747
2026-01-26 14:14:48,39.16,34.63,,,3.038,0.272,0.444,0.864,6,4,43748
2026-01-26 14:14:51,39.15,34.66,,,3.038,0.56,0.68,0.504,7,4,43749
2026-01-26 14:14:54,39.15,34.63,,,3.038,0.156,0.324,0.944,8,4,43750
2026-01-26 14:14:56,39.16,34.64,,,3.038,0.164,0.328,0.932,8,4,43751
2026-01-26 14:14:59,39.16,34.63,,,3.03,0.192,0.356,0.92,8,4,43752
2026-01-26 14:15:01,39.17,34.64,,,3.03,0.188,0.356,0.924,8,4,43753
2026-01-26 14:19:13,39.1,34.53,,,3.083,0.192,0.364,0.916,8,4,43851
2026-01-26 14:19:15,39.1,34.56,,,3.083,0.192,0.356,0.916,8,4,43852
2026-01-26 14:19:18,39.1,34.56,,,3.083,0.188,0.364,0.916,8,4,43853
2026-01-26 14:19:21,39.1,34.56,,,3.083,0.188,0.36,0.92,8,4,43854
2026-01-26 14:19:23,39.08,34.56,,,3.083,0.188,0.364,0.92,8,4,43855
2026-01-26 14:19:26,39.07,34.57,,,3.083,0.184,0.36,0.912,8,4,43856
2026-01-26 14:19:28,39.07,34.55,,,3.083,0.192,0.364,0.92,8,4,43857
2026-01-26 14:19:31,39.08,34.55,,,3.083,0.192,0.368,0.916,8,4,43858
2026-01-26 14:19:34,39.07,34.56,,,3.083,0.196,0.36,0.912,8,4,43859
2026-01-26 14:19:36,39.1,34.57,,,3.083,0.188,0.36,0.912,8,4,43860
2026-01-26 14:19:39,39.08,34.56,,,3.083,0.192,0.364,0.916,8,4,43861
2026-01-26 14:19:41,39.07,34.55,,,3.083,0.188,0.372,0.92,8,4,43862
2026-01-26 14:19:44,39.07,34.56,,,3.083,0.188,0.368,0.92,8,4,43863
2026-01-26 14:19:47,39.08,34.56,,,3.083,0.192,0.364,0.916,8,4,43864
2026-01-26 14:19:49,39.07,34.56,,,3.083,0.188,0.364,0.916,8,4,43865
2026-01-26 14:19:52,39.08,34.54,,,3.083,0.192,0.356,0.908,8,4,43866
2026-01-26 14:19:54,39.08,34.57,,,3.083,0.188,0.352,0.924,8,4,43867
2026-01-26 14:19:57,39.07,34.56,,,3.083,-0.368,-0.388,0.876,10,4,43868
2026-01-26 14:19:59,39.09,34.55,,,3.034,0.228,0.136,-0.616,10,4,43869
2026-01-26 14:20:02,39.07,34.54,,,3.034,-0.228,-0.512,-0.972,10,4,43870
2026-01-26 14:20:04,39.07,34.58,,,3.034,0.012,0.056,0.452,10,4,43871
2026-01-26 14:20:07,39.07,34.58,,,3.034,0.344,0.516,0.792,10,4,43872
2026-01-26 14:20:09,39.07,34.59,,,3.034,0.348,0.516,0.792,10,4,43873
2026-01-26 14:20:12,39.07,34.57,,,3.034,0.348,0.512,0.792,10,4,43874
2026-01-26 14:24:29,39.42,34.83,,,3.03,0.344,0.512,0.788,11,4,43974
2026-01-26 14:24:32,39.4,34.87,,,3.03,0.348,0.508,0.8,11,4,43975
2026-01-26 14:24:34,39.42,34.85,,,3.03,0.344,0.516,0.796,11,4,43976
2026-01-26 14:24:37,39.42,34.87,,,3.03,0.344,0.512,0.792,11,4,43977
2026-01-26 14:24:40,39.42,34.86,,,3.03,0.352,0.512,0.792,11,4,43978
2026-01-26 14:24:42,39.42,34.88,,,3.03,0.356,0.508,0.8,11,4,43979
2026-01-26 14:24:45,39.44,34.86,,,3.03,0.348,0.512,0.792,11,4,43980
2026-01-26 14:24:47,39.44,34.86,,,3.03,0.356,0.512,0.788,11,4,43981
2026-01-26 14:24:50,39.43,34.86,,,3.03,0.348,0.516,0.796,11,4,43982
2026-01-26 14:24:52,39.44,34.86,,,3.03,0.344,0.512,0.796,11,4,43983
2026-01-26 14:24:55,39.46,34.85,,,3.03,0.352,0.508,0.792,11,4,43984
2026-01-26 14:24:57,39.45,34.85,,,3.03,0.344,0.508,0.796,11,4,43985
2026-01-26 14:25:00,39.45,34.87,,,3.03,0.348,0.508,0.804,11,4,43986
2026-01-26 14:25:02,39.45,34.86,,,3.027,0.348,0.508,0.8,11,4,43987
2026-01-26 14:25:05,39.46,34.89,,,3.027,0.348,0.508,0.796,11,4,43988
2026-01-26 14:25:08,39.45,34.86,,,3.027,0.348,0.512,0.804,11,4,43989
2026-01-26 14:25:10,39.46,34.85,,,3.027,0.352,0.512,0.792,11,4,43990
2026-01-26 14:25:13,39.46,34.85,,,3.027,0.348,0.512,0.796,11,4,43991
2026-01-26 14:25:15,39.46,34.87,,,3.027,0.344,0.508,0.796,11,4,43992
2026-01-26 14:25:18,39.45,34.87,,,3.027,0.348,0.512,0.8,11,4,43993
2026-01-26 14:25:21,39.47,34.88,,,3.027,0.348,0.512,0.8,11,4,43994
2026-01-26 14:25:23,39.49,34.87,,,3.027,0.344,0.512,0.8,11,4,43995
2026-01-26 14:25:26,39.47,34.85,,,3.027,0.356,0.512,0.796,11,4,43996
2026-01-26 14:25:28,39.47,34.87,,,3.027,0.344,0.512,0.792,11,4,43997
2026-01-26 14:25:31,39.48,34.87,,,3.027,0.348,0.508,0.8,11,4,43998
2026-01-26 14:25:34,39.48,34.85,,,3.027,0.352,0.512,0.796,11,4,43999
2026-01-26 14:26:20,39.52,34.84,,,3.03,0.016,0.164,0.992,20,4,44017
2026-01-26 14:26:22,39.53,34.82,,,3.03,0.016,0.168,0.996,20,4,44018
2026-01-26 14:31:23,39.13,34.7,,,3.041,0.016,0.168,0.984,20,4,44135
2026-01-26 14:34:31,38.93,34.75,,,3.083,0.016,0.164,0.992,20,4,44208
2026-01-26 14:34:36,38.94,34.76,,,3.083,0.016,0.18,0.992,20,4,44210
2026-01-26 14:34:38,38.91,34.75,,,3.083,0.012,0.16,0.988,20,4,44211
2026-01-26 14:34:42,38.92,34.74,,,3.083,0.02,0.172,0.992,20,4,44212
2026-01-26 14:34:46,38.92,34.78,,,3.083,0.024,0.172,0.992,20,4,44214
2026-01-26 14:34:48,38.91,34.75,,,3.083,0.02,0.172,0.988,20,4,44215
2026-01-26 14:34:51,38.91,34.76,,,3.083,0.02,0.172,0.992,20,4,44216
2026-01-26 14:34:53,38.91,34.77,,,3.083,0.02,0.176,0.996,20,4,44217
2026-01-26 14:34:56,38.89,34.74,,,3.083,0.012,0.168,0.992,20,4,44218
2026-01-26 14:34:59,38.91,34.76,,,3.083,0.012,0.168,1,20,4,44219
2026-01-26 14:35:01,38.91,34.76,,,3.083,0.016,0.172,0.992,20,4,44220
2026-01-26 14:35:04,38.9,34.74,,,3.087,0.02,0.172,0.996,20,4,44221
2026-01-26 14:35:06,38.9,34.77,,,3.087,0.008,0.172,0.996,20,4,44222
2026-01-26 14:35:09,38.89,34.75,,,3.087,0.256,-0.052,-1.032,21,4,44223
2026-01-26 14:35:12,38.89,34.74,,,3.087,0.276,0.404,0.884,21,4,44224
2026-01-26 14:35:17,38.89,34.77,,,3.087,0.504,0.46,0.06,24,4,44226
2026-01-26 14:35:19,38.89,34.79,,,3.087,0.28,0.424,0.892,24,4,44227
2026-01-26 14:35:22,38.89,34.78,,,3.087,0.28,0.432,0.864,24,4,44228
2026-01-26 14:35:25,38.89,34.78,,,3.087,0.276,0.432,0.872,24,4,44229
2026-01-26 14:40:28,39.24,35.05,,,3.083,0.272,0.424,0.868,24,4,44347
2026-01-26 14:45:29,39.46,35.01,,,3.038,0.284,0.444,0.888,24,4,44464
2026-01-26 14:50:29,39.52,35.01,,,3.087,0.292,0.44,0.828,24,4,44581
2026-01-26 14:55:30,39.45,34.99,,,3.041,0.296,0.44,0.836,24,4,44698
2026-01-26 15:00:30,39.3,35.03,,,3.083,0.276,0.436,0.896,24,4,44815
2026-01-26 15:05:31,39.14,35.05,,,3.034,0.292,0.44,0.836,24,4,44932
2026-01-26 15:10:32,38.96,35.1,,,3.038,0.276,0.44,0.868,24,4,45049
2026-01-26 15:15:32,38.76,35.15,,,3.041,0.284,0.44,0.868,24,4,45166
2026-01-26 15:20:33,38.54,35.19,,,3.034,0.284,0.432,0.864,24,4,45283
2026-01-26 15:25:34,38.35,35.24,,,3.034,0.316,0.468,0.836,24,4,45400
2026-01-26 15:30:35,38.14,35.26,,,3.034,0.308,0.464,0.84,24,4,45517
2026-01-26 15:35:35,37.96,35.37,,,3.083,0.308,0.468,0.84,24,4,45634
2026-01-26 15:40:36,37.74,35.38,,,3.03,0.32,0.468,0.804,24,4,45751
2026-01-26 15:45:37,37.57,35.45,,,3.027,0.296,0.46,0.84,24,4,45868
2026-01-26 15:50:37,37.39,35.49,,,3.027,0.3,0.476,0.88,24,4,45985
2026-01-26 15:55:38,37.23,35.55,,,3.087,0.308,0.48,0.864,24,4,46102
2026-01-26 16:00:39,37.09,35.6,,,3.045,0.3,0.464,0.848,24,4,46219
2026-01-26 16:05:39,36.93,35.63,,,3.038,0.312,0.464,0.84,24,4,46336
2026-01-26 16:10:40,36.81,35.68,,,3.076,0.312,0.468,0.84,24,4,46453
2026-01-26 16:15:41,36.67,35.71,,,3.034,0.312,0.476,0.84,24,4,46570
2026-01-26 16:20:41,36.56,35.73,,,3.038,0.312,0.468,0.844,24,4,46687
2026-01-26 16:25:42,36.43,35.82,,,3.023,0.312,0.468,0.844,24,4,46804
2026-01-26 16:30:43,36.31,35.83,,,3.03,0.312,0.472,0.84,24,4,46921
2026-01-26 16:35:43,36.21,35.86,,,3.034,0.308,0.472,0.84,24,4,47038
2026-01-26 16:40:44,36.07,35.91,,,3.076,0.304,0.456,0.82,24,4,47155
2026-01-26 16:45:45,35.96,35.98,,,3.027,0.304,0.464,0.876,24,4,47272
2026-01-26 16:50:46,35.86,35.99,,,3.03,0.3,0.48,0.872,24,4,47389
2026-01-26 16:55:49,35.78,36.03,,,3.027,0.304,0.464,0.84,24,4,47507
2026-01-26 17:00:50,35.7,36.08,,,3.03,0.3,0.456,0.84,24,4,47624
2026-01-26 17:05:50,35.61,36.12,,,3.027,0.3,0.48,0.888,24,4,47741
2026-01-26 17:10:51,35.56,36.17,,,3.03,0.316,0.468,0.836,24,4,47858
2026-01-26 17:15:52,35.48,36.21,,,3.083,0.308,0.472,0.836,24,4,47975
2026-01-26 17:20:55,35.4,36.25,,,3.03,0.312,0.472,0.84,24,4,48093
2026-01-26 17:25:55,35.33,36.27,,,3.062,0.304,0.472,0.836,24,4,48210
2026-01-26 17:30:56,35.27,36.34,,,3.041,0.308,0.476,0.84,24,4,48327
2026-01-26 17:35:57,35.19,36.37,,,3.08,0.312,0.464,0.84,24,4,48444
2026-01-26 17:41:00,35.1,36.39,,,3.083,0.308,0.464,0.848,24,4,48562
2026-01-26 17:46:01,35.04,36.44,,,3.076,0.304,0.48,0.88,24,4,48679
2026-01-26 17:51:01,34.97,36.49,,,3.03,0.312,0.468,0.84,24,4,48796
2026-01-26 17:56:02,34.92,36.5,,,3.073,0.304,0.468,0.852,24,4,48913
2026-01-26 18:01:03,34.86,36.55,,,3.083,0.308,0.472,0.872,24,4,49030
2026-01-26 18:06:04,34.82,36.59,,,3.02,0.304,0.48,0.888,24,4,49147
2026-01-26 18:11:05,34.79,36.59,,,3.027,0.308,0.476,0.844,24,4,49264
2026-01-26 18:16:08,34.74,36.64,,,3.034,0.308,0.468,0.844,24,4,49382
2026-01-26 18:21:08,34.69,36.7,,,3.027,0.312,0.472,0.844,24,4,49499
2026-01-26 18:26:09,34.66,36.72,,,3.034,0.308,0.464,0.844,24,4,49616
2026-01-26 18:31:10,34.6,36.77,,,3.034,0.312,0.464,0.848,24,4,49733
2026-01-26 18:36:10,34.57,36.78,,,3.034,0.308,0.476,0.848,24,4,49850
2026-01-26 18:41:11,34.5,36.83,,,3.027,0.32,0.472,0.84,24,4,49967
2026-01-26 18:46:11,34.48,36.87,,,3.034,0.312,0.476,0.844,24,4,50084
2026-01-26 18:51:12,34.45,36.9,,,3.073,0.304,0.484,0.884,24,4,50201
2026-01-26 18:56:13,34.4,36.96,,,3.073,0.308,0.468,0.816,24,4,50318
2026-01-26 19:01:13,34.39,36.99,,,3.027,0.304,0.488,0.892,24,4,50435
2026-01-26 19:06:14,34.35,37.02,,,3.023,0.32,0.488,0.824,24,4,50552
2026-01-26 19:11:15,34.34,37.03,,,3.027,0.312,0.476,0.84,24,4,50669
2026-01-26 19:16:16,34.32,37.09,,,3.08,0.312,0.472,0.852,24,4,50786
2026-01-26 19:21:16,34.27,37.13,,,3.066,0.316,0.48,0.848,24,4,50903
2026-01-26 19:26:17,34.25,37.17,,,3.034,0.312,0.472,0.844,24,4,51020
2026-01-26 19:31:18,34.21,37.21,,,3.03,0.304,0.476,0.84,24,4,51137
2026-01-26 19:36:18,34.19,37.23,,,3.03,0.316,0.468,0.844,24,4,51254
2026-01-26 19:41:20,34.14,37.27,,,3.041,0.308,0.484,0.868,24,4,51371
2026-01-26 19:46:23,34.1,37.33,,,3.027,0.32,0.468,0.804,24,4,51489
2026-01-26 19:51:23,34.09,37.35,,,3.076,0.304,0.48,0.876,24,4,51606
2026-01-26 19:56:24,34.07,37.39,,,3.023,0.312,0.472,0.88,24,4,51723
2026-01-26 20:01:25,34.04,37.41,,,3.027,0.32,0.48,0.824,24,4,51840
2026-01-26 20:06:27,34.01,37.46,,,3.08,0.308,0.46,0.832,24,4,51958
2026-01-26 20:11:28,34,37.49,,,3.08,0.312,0.476,0.84,24,4,52075
2026-01-26 20:16:29,33.96,37.49,,,3.027,0.312,0.464,0.848,24,4,52192
2026-01-26 20:21:30,33.96,37.56,,,3.034,0.312,0.464,0.844,24,4,52309
2026-01-26 20:26:31,33.92,37.6,,,3.03,0.3,0.476,0.848,24,4,52426
2026-01-26 20:31:31,33.89,37.64,,,3.02,0.308,0.468,0.848,24,4,52543
2026-01-26 20:36:32,33.85,37.66,,,3.02,0.312,0.468,0.844,24,4,52660
2026-01-26 20:41:32,33.82,37.72,,,3.03,0.316,0.468,0.844,24,4,52777
2026-01-26 20:46:33,33.79,37.74,,,3.027,0.308,0.468,0.824,24,4,52894
2026-01-26 20:51:34,33.77,37.81,,,3.027,0.308,0.464,0.844,24,4,53011
2026-01-26 20:56:35,33.75,37.79,,,3.016,0.316,0.484,0.828,24,4,53128
2026-01-26 21:01:36,33.73,37.83,,,3.034,0.3,0.468,0.836,24,4,53245
2026-01-26 21:06:36,33.71,37.87,,,3.073,0.308,0.464,0.868,24,4,53362
2026-01-26 21:11:36,33.73,37.91,,,3.08,0.308,0.472,0.836,24,4,53479
2026-01-26 21:16:37,33.71,37.94,,,3.034,0.312,0.476,0.844,24,4,53596
2026-01-26 21:21:38,33.7,37.98,,,3.087,0.308,0.468,0.84,24,4,53713
2026-01-26 21:26:39,33.67,38.01,,,3.08,0.312,0.48,0.836,24,4,53830
2026-01-26 21:31:39,33.64,38.07,,,3.08,0.316,0.472,0.84,24,4,53947
2026-01-26 21:36:40,33.63,38.1,,,3.03,0.312,0.468,0.844,24,4,54064
2026-01-26 21:41:43,33.61,38.12,,,3.083,0.304,0.468,0.848,24,4,54182
2026-01-26 21:46:44,33.58,38.15,,,3.03,0.312,0.464,0.844,24,4,54299
2026-01-26 21:51:45,33.57,38.2,,,3.023,0.304,0.468,0.852,24,4,54416
2026-01-26 21:56:45,33.57,38.24,,,3.027,0.324,0.484,0.824,24,4,54533
2026-01-26 22:01:46,33.56,38.3,,,3.027,0.312,0.48,0.872,24,4,54650
2026-01-26 22:06:47,33.57,38.31,,,3.023,0.304,0.468,0.836,24,4,54767
2026-01-26 22:11:47,33.57,38.33,,,3.027,0.312,0.472,0.84,24,4,54884
2026-01-26 22:16:48,33.55,38.38,,,3.023,0.316,0.476,0.844,24,4,55001
2026-01-26 22:21:49,33.54,38.41,,,3.038,0.312,0.476,0.844,24,4,55118
2026-01-26 22:26:50,33.53,38.45,,,3.023,0.312,0.472,0.848,24,4,55235
2026-01-26 22:31:50,33.52,38.5,,,3.03,0.312,0.472,0.844,24,4,55352
2026-01-26 22:36:51,33.49,38.52,,,3.027,0.308,0.476,0.848,24,4,55469
2026-01-26 22:41:51,33.48,38.58,,,3.027,0.312,0.476,0.856,24,4,55586
2026-01-26 22:46:52,33.47,38.61,,,3.02,0.296,0.468,0.852,24,4,55703
2026-01-26 22:51:53,33.46,38.66,,,3.027,0.308,0.468,0.824,24,4,55820
2026-01-26 22:56:53,33.46,38.68,,,3.027,0.308,0.488,0.884,24,4,55937
2026-01-26 23:01:54,33.46,38.7,,,3.08,0.312,0.464,0.84,24,4,56054
2026-01-26 23:06:55,33.46,38.72,,,3.073,0.3,0.48,0.884,24,4,56171
2026-01-26 23:11:55,33.49,38.76,,,3.03,0.312,0.468,0.84,24,4,56288
2026-01-26 23:16:56,33.49,38.81,,,3.027,0.308,0.472,0.84,24,4,56405
2026-01-26 23:21:57,33.46,38.83,,,3.02,0.308,0.476,0.84,24,4,56522
2026-01-26 23:26:58,33.45,38.88,,,3.03,0.308,0.472,0.844,24,4,56639
2026-01-26 23:31:58,33.45,38.88,,,3.02,0.312,0.472,0.844,24,4,56756
2026-01-26 23:36:59,33.42,38.96,,,3.02,0.312,0.472,0.836,24,4,56873
2026-01-26 23:42:00,33.41,38.98,,,3.03,0.3,0.476,0.876,24,4,56990
2026-01-26 23:47:00,33.39,39.02,,,3.076,0.312,0.472,0.844,24,4,57107
2026-01-26 23:52:01,33.39,39.04,,,3.076,0.32,0.46,0.808,24,4,57224
2026-01-26 23:57:02,33.38,39.07,,,3.03,0.3,0.468,0.848,24,4,57341
2026-01-27 00:02:03,33.39,39.11,,,3.027,0.308,0.468,0.868,24,4,57458
2026-01-27 00:07:03,33.4,39.14,,,3.027,0.312,0.464,0.816,24,4,57575
2026-01-27 00:12:03,33.41,39.17,,,3.027,0.316,0.476,0.848,24,4,57692
2026-01-27 00:17:04,33.41,39.22,,,3.08,0.312,0.476,0.844,24,4,57809
2026-01-27 00:22:05,33.39,39.23,,,3.027,0.316,0.476,0.84,24,4,57926
2026-01-27 00:27:06,33.39,39.28,,,3.02,0.316,0.476,0.84,24,4,58043
2026-01-27 00:32:09,33.37,39.33,,,3.027,0.312,0.472,0.84,24,4,58161
2026-01-27 00:37:10,33.35,39.37,,,3.09,0.312,0.476,0.844,24,4,58278
2026-01-27 00:42:10,33.34,39.39,,,3.09,0.316,0.48,0.82,24,4,58395
2026-01-27 00:47:11,33.31,39.43,,,3.023,0.324,0.492,0.824,24,4,58512
2026-01-27 00:52:12,33.32,39.45,,,3.027,0.308,0.468,0.876,24,4,58629
2026-01-27 00:57:15,33.31,39.49,,,3.08,0.308,0.48,0.88,24,4,58747
2026-01-27 01:02:16,33.32,39.53,,,3.087,0.308,0.468,0.868,24,4,58864
2026-01-27 01:07:17,33.31,39.55,,,3.02,0.304,0.468,0.844,24,4,58981
2026-01-27 01:12:17,33.32,39.6,,,3.059,0.312,0.476,0.844,24,4,59098
2026-01-27 01:17:18,33.32,39.63,,,3.03,0.312,0.468,0.844,24,4,59215
2026-01-27 01:22:18,33.32,39.69,,,3.076,0.308,0.48,0.844,24,4,59332
2026-01-27 01:27:19,33.31,39.72,,,3.066,0.312,0.468,0.844,24,4,59449
2026-01-27 01:32:20,33.31,39.72,,,3.023,0.312,0.48,0.844,24,4,59566
2026-01-27 01:37:20,33.28,39.77,,,3.087,0.312,0.472,0.84,24,4,59683
2026-01-27 01:42:21,33.25,39.8,,,3.023,0.304,0.468,0.852,24,4,59800
2026-01-27 01:47:22,33.25,39.82,,,3.02,0.304,0.488,0.892,24,4,59917
2026-01-27 01:52:22,33.25,39.89,,,3.027,0.32,0.484,0.828,24,4,60034
2026-01-27 01:57:23,33.24,39.91,,,3.023,0.324,0.488,0.82,24,4,60151
2026-01-27 02:02:24,33.24,39.95,,,3.027,0.312,0.476,0.84,24,4,60268
2026-01-27 02:07:25,33.26,39.99,,,3.02,0.312,0.468,0.816,24,4,60385
2026-01-27 02:12:25,33.27,40.02,,,3.034,0.308,0.468,0.844,24,4,60502
2026-01-27 02:17:26,33.24,40.03,,,3.013,0.312,0.476,0.848,24,4,60619
2026-01-27 02:22:27,33.27,40.06,,,3.02,0.308,0.468,0.84,24,4,60736
2026-01-27 02:27:27,33.25,40.13,,,3.027,0.312,0.476,0.844,24,4,60853
2026-01-27 02:32:28,33.24,40.12,,,3.062,0.316,0.472,0.848,24,4,60970
2026-01-27 02:37:29,33.24,40.19,,,3.087,0.308,0.472,0.848,24,4,61087
2026-01-27 02:42:30,33.21,40.2,,,3.059,0.304,0.484,0.88,24,4,61204
2026-01-27 02:47:30,33.21,40.24,,,3.027,0.308,0.488,0.884,24,4,61321
2026-01-27 02:52:31,33.2,40.31,,,3.073,0.304,0.48,0.852,24,4,61438
2026-01-27 02:57:34,33.21,40.32,,,3.016,0.324,0.48,0.832,24,4,61556
2026-01-27 03:02:35,33.21,40.35,,,3.03,0.32,0.484,0.824,24,4,61673
2026-01-27 03:07:36,33.21,40.37,,,3.03,0.308,0.48,0.88,24,4,61790
2026-01-27 03:12:39,33.23,40.4,,,3.027,0.312,0.48,0.844,24,4,61908
2026-01-27 03:17:39,33.24,40.43,,,3.02,0.308,0.476,0.84,24,4,62025
2026-01-27 03:22:40,33.24,40.47,,,3.03,0.316,0.472,0.848,24,4,62142
2026-01-27 03:27:41,33.21,40.51,,,3.02,0.308,0.472,0.852,24,4,62259
2026-01-27 03:32:41,33.21,40.53,,,3.08,0.316,0.472,0.844,24,4,62376
2026-01-27 03:37:42,33.2,40.59,,,3.023,0.312,0.476,0.84,24,4,62493
2026-01-27 03:42:43,33.19,40.6,,,3.076,0.304,0.472,0.864,24,4,62610
2026-01-27 03:47:44,33.19,40.63,,,3.023,0.316,0.476,0.836,24,4,62727
2026-01-27 03:52:44,33.18,40.69,,,3.027,0.304,0.46,0.868,24,4,62844
2026-01-27 03:57:45,33.17,40.72,,,3.023,0.308,0.476,0.884,24,4,62961
2026-01-27 04:02:46,33.19,40.76,,,3.02,0.316,0.484,0.832,24,4,63078
2026-01-27 04:07:46,33.21,40.78,,,3.02,0.316,0.472,0.84,24,4,63195
2026-01-27 04:12:47,33.21,40.83,,,3.03,0.312,0.468,0.844,24,4,63312
2026-01-27 04:17:47,33.21,40.84,,,3.027,0.316,0.472,0.848,24,4,63429
2026-01-27 04:22:48,33.2,40.89,,,3.023,0.316,0.476,0.84,24,4,63546
2026-01-27 04:27:49,33.21,40.9,,,3.023,0.308,0.48,0.84,24,4,63663
2026-01-27 04:32:49,33.21,40.96,,,3.023,0.304,0.468,0.844,24,4,63780
2026-01-27 04:37:50,33.21,41.02,,,3.083,0.312,0.472,0.856,24,4,63897
2026-01-27 04:42:51,33.17,41.06,,,3.02,0.324,0.476,0.84,24,4,64014
2026-01-27 04:47:52,33.17,41.1,,,3.08,0.324,0.468,0.812,24,4,64131
2026-01-27 04:52:52,33.17,41.12,,,3.03,0.312,0.468,0.836,24,4,64248
2026-01-27 04:57:53,33.17,41.16,,,3.076,0.312,0.468,0.864,24,4,64365
2026-01-27 05:02:54,33.18,41.18,,,3.023,0.316,0.476,0.832,24,4,64482
2026-01-27 05:07:54,33.2,41.22,,,3.08,0.316,0.464,0.832,24,4,64599
2026-01-27 05:12:55,33.2,41.23,,,3.03,0.316,0.468,0.84,24,4,64716
2026-01-27 05:17:56,33.19,41.29,,,3.076,0.308,0.472,0.84,24,4,64833
2026-01-27 05:22:57,33.2,41.31,,,3.076,0.312,0.472,0.844,24,4,64950
2026-01-27 05:27:57,33.19,41.34,,,3.02,0.316,0.472,0.852,24,4,65067
2026-01-27 05:32:58,33.17,41.4,,,3.02,0.312,0.476,0.84,24,4,65184
2026-01-27 05:37:58,33.17,41.42,,,3.023,0.312,0.476,0.844,24,4,65301
2026-01-27 05:42:59,33.17,41.45,,,3.013,0.3,0.48,0.868,24,4,65418
2026-01-27 05:48:00,33.16,41.5,,,3.023,0.304,0.472,0.852,24,4,0
2026-01-27 05:53:00,33.16,41.54,,,3.03,0.304,0.472,0.852,24,4,117
2026-01-27 05:58:01,33.14,41.56,,,3.023,0.304,0.472,0.848,24,4,234
2026-01-27 06:03:02,33.17,41.61,,,3.016,0.3,0.488,0.888,24,4,351
2026-01-27 06:08:02,33.17,41.67,,,3.02,0.304,0.48,0.872,24,4,468
2026-01-27 06:13:03,33.2,41.67,,,3.023,0.312,0.476,0.84,24,4,585
2026-01-27 06:18:04,33.19,41.73,,,3.08,0.312,0.476,0.848,24,4,702
2026-01-27 06:23:05,33.2,41.76,,,3.03,0.308,0.48,0.84,24,4,819
2026-01-27 06:28:05,33.2,41.79,,,3.076,0.312,0.472,0.836,24,4,936
2026-01-27 06:33:06,33.21,41.85,,,3.034,0.308,0.48,0.844,24,4,1053
2026-01-27 06:38:07,33.18,41.88,,,3.03,0.316,0.476,0.848,24,4,1170
2026-01-27 06:43:07,33.17,41.92,,,3.02,0.316,0.472,0.848,24,4,1287
2026-01-27 06:48:08,33.18,41.94,,,3.069,0.312,0.476,0.876,24,4,1404
2026-01-27 06:53:08,33.18,41.97,,,3.076,0.308,0.476,0.884,24,4,1521
2026-01-27 06:58:09,33.19,42,,,3.073,0.324,0.476,0.824,24,4,1638
2026-01-27 07:03:10,33.22,42.05,,,3.08,0.324,0.488,0.824,24,4,1755
2026-01-27 07:08:11,33.23,42.08,,,3.023,0.308,0.468,0.848,24,4,1872
2026-01-27 07:13:11,33.24,42.12,,,3.076,0.312,0.472,0.844,24,4,1989
2026-01-27 07:18:12,33.25,42.17,,,3.069,0.308,0.48,0.844,24,4,2106
2026-01-27 07:23:13,33.26,42.18,,,3.066,0.316,0.476,0.844,24,4,2223
2026-01-27 07:28:16,33.26,42.23,,,3.087,0.312,0.48,0.844,24,4,2341
2026-01-27 07:33:17,33.26,42.26,,,3.023,0.312,0.472,0.844,24,4,2458
2026-01-27 07:38:17,33.27,42.31,,,3.027,0.316,0.48,0.84,24,4,2575
2026-01-27 07:43:18,33.27,42.36,,,3.027,0.32,0.488,0.828,24,4,2692
2026-01-27 07:48:19,33.7,43.31,,,3.016,0.468,0.604,0.66,31,4,2809
2026-01-27 07:53:20,34.96,43.08,,,3.027,0.472,0.608,0.672,31,4,2926
2026-01-27 07:58:20,35.65,42.79,,,3.023,0.468,0.6,0.636,31,4,3043
2026-01-27 08:03:21,36.05,42.61,,,3.03,0.476,0.6,0.672,31,4,3160
2026-01-27 08:08:22,36.23,42.49,,,3.034,0.492,0.616,0.636,31,4,3277
2026-01-27 08:13:22,36.32,42.44,,,3.03,0.48,0.608,0.66,31,4,3394
2026-01-27 08:18:23,36.3,42.44,,,3.038,0.48,0.608,0.656,31,4,3511
2026-01-27 08:23:23,36.25,42.43,,,3.03,0.484,0.608,0.66,31,4,3628
2026-01-27 08:28:24,36.19,42.48,,,3.023,0.484,0.604,0.652,31,4,3745
2026-01-27 08:33:25,36.08,42.51,,,3.083,0.484,0.608,0.66,31,4,3862
2026-01-27 08:38:25,36.03,42.55,,,3.02,0.488,0.6,0.656,31,4,3979
2026-01-27 08:43:26,35.96,42.6,,,3.08,0.492,0.604,0.648,31,4,4096
2026-01-27 08:48:27,35.92,42.6,,,3.034,0.492,0.6,0.64,31,4,4213
2026-01-27 08:53:28,35.88,42.68,,,3.076,0.468,0.608,0.652,31,4,4330
2026-01-27 08:58:28,35.88,42.71,,,3.027,0.472,0.608,0.692,31,4,4447
2026-01-27 09:03:29,35.85,42.75,,,3.073,0.476,0.612,0.656,31,4,4564
2026-01-27 09:08:30,35.86,42.76,,,3.076,0.476,0.608,0.688,31,4,4681
2026-01-27 09:13:30,35.85,42.84,,,3.023,0.48,0.608,0.664,31,4,4798
2026-01-27 09:18:31,35.85,42.87,,,3.027,0.488,0.604,0.66,31,4,4915
2026-01-27 09:23:32,35.83,42.9,,,3.02,0.48,0.608,0.652,31,4,5032
2026-01-27 09:28:33,35.82,42.96,,,3.038,0.48,0.616,0.66,31,4,5149
2026-01-27 09:33:33,35.83,43.02,,,3.03,0.484,0.604,0.66,31,4,5266
2026-01-27 09:38:34,35.83,43.06,,,3.027,0.484,0.6,0.66,31,4,5383
2026-01-27 09:43:34,35.85,43.08,,,3.023,0.492,0.6,0.66,31,4,5500
2026-01-27 09:48:35,35.88,43.12,,,3.03,0.5,0.6,0.64,31,4,5617
2026-01-27 09:53:36,35.9,43.15,,,3.03,0.476,0.612,0.696,31,4,5734
2026-01-27 09:58:36,35.95,43.2,,,3.041,0.48,0.604,0.64,31,4,5851
2026-01-27 10:03:37,35.98,43.22,,,3.069,0.476,0.592,0.668,31,4,5968
2026-01-27 10:08:38,36.03,43.27,,,3.02,0.488,0.596,0.644,31,4,6085
2026-01-27 10:13:39,36.07,43.29,,,3.083,0.48,0.604,0.66,31,4,6202
2026-01-27 10:18:39,36.07,43.32,,,3.03,0.48,0.6,0.652,31,4,6319
2026-01-27 10:23:40,36.1,43.36,,,3.027,0.476,0.608,0.652,31,4,6436
2026-01-27 10:28:41,36.11,43.44,,,3.03,0.484,0.6,0.656,31,4,6553
2026-01-27 10:33:41,36.15,43.47,,,3.03,0.484,0.6,0.66,31,4,6670
2026-01-27 10:38:42,36.17,43.51,,,3.023,0.488,0.608,0.66,31,4,6787
2026-01-27 10:43:43,36.19,43.53,,,3.03,0.48,0.608,0.688,31,4,6904
2026-01-27 10:48:44,36.23,43.6,,,3.03,0.492,0.588,0.652,31,4,7021
2026-01-27 10:53:44,36.27,43.61,,,3.027,0.472,0.608,0.644,31,4,7138
2026-01-27 10:58:45,36.33,43.65,,,3.045,0.484,0.588,0.664,31,4,7255
2026-01-27 11:03:46,36.35,43.69,,,3.034,0.492,0.6,0.648,31,4,7372
2026-01-27 11:08:46,36.41,43.74,,,3.02,0.488,0.596,0.66,31,4,7489
2026-01-27 11:13:47,36.43,43.78,,,3.03,0.484,0.604,0.652,31,4,7606
2026-01-27 11:18:47,36.47,43.84,,,3.03,0.48,0.604,0.66,31,4,7723
2026-01-27 11:23:48,36.49,43.86,,,3.038,0.484,0.6,0.656,31,4,7840
2026-01-27 11:28:49,36.53,43.9,,,3.023,0.488,0.6,0.664,31,4,7957
2026-01-27 11:33:49,36.56,43.94,,,3.027,0.48,0.6,0.664,31,4,8074
2026-01-27 11:38:50,36.57,44,,,3.034,0.476,0.6,0.66,31,4,8191
2026-01-27 11:43:51,36.6,44.03,,,3.03,0.488,0.6,0.64,31,4,8308
2026-01-27 11:48:52,36.65,44.07,,,3.034,0.488,0.596,0.66,31,4,8425
2026-01-27 11:53:53,36.68,44.12,,,3.034,0.484,0.608,0.688,31,4,8542
2026-01-27 11:58:53,36.72,44.13,,,3.027,0.488,0.612,0.636,31,4,8659
2026-01-27 12:03:54,36.76,44.2,,,3.03,0.472,0.604,0.688,31,4,8776
2026-01-27 12:08:55,36.82,44.22,,,3.087,0.484,0.608,0.672,31,4,8893
2026-01-27 12:13:55,36.85,44.27,,,3.027,0.488,0.604,0.66,31,4,9010
2026-01-27 12:18:56,36.88,44.32,,,3.08,0.48,0.604,0.66,31,4,9127
2026-01-27 12:23:57,36.9,44.36,,,3.03,0.484,0.608,0.66,31,4,9244
2026-01-27 12:28:57,36.93,44.41,,,3.083,0.484,0.608,0.66,31,4,9361
2026-01-27 12:33:58,36.96,44.42,,,3.038,0.484,0.604,0.652,31,4,9478
2026-01-27 12:38:58,36.98,44.5,,,3.076,0.488,0.612,0.656,31,4,9595
2026-01-27 12:43:59,37.02,44.54,,,3.041,0.48,0.604,0.68,31,4,9712
2026-01-27 12:49:00,37.06,44.57,,,3.03,0.484,0.608,0.676,31,4,9829
2026-01-27 12:54:00,37.08,44.59,,,3.034,0.488,0.612,0.64,31,4,9946
2026-01-27 12:59:01,37.11,44.62,,,3.038,0.5,0.6,0.644,31,4,10063
2026-01-27 13:04:02,37.13,44.68,,,3.03,0.488,0.612,0.628,31,4,10180
2026-01-27 13:09:03,37.19,44.75,,,3.038,0.476,0.588,0.672,31,4,10297
2026-01-27 13:14:03,37.21,44.76,,,3.038,0.484,0.608,0.656,31,4,10414
2026-01-27 13:19:04,37.24,44.84,,,3.038,0.484,0.608,0.656,31,4,10531
2026-01-27 13:24:05,37.28,44.89,,,3.062,0.48,0.6,0.652,31,4,10648
2026-01-27 13:29:05,37.28,44.92,,,3.034,0.488,0.592,0.66,31,4,10765
2026-01-27 13:34:06,37.5,45.66,,,3.087,0.54,0.66,0.564,37,4,10882
2026-01-27 13:39:07,38.85,45.67,,,3.034,0.54,0.652,0.56,37,4,10999
2026-01-27 13:44:08,39.47,45.45,,,3.09,0.536,0.636,0.568,37,4,11116
2026-01-27 13:49:08,39.81,45.3,,,3.094,0.532,0.644,0.568,37,4,11233
2026-01-27 13:54:09,39.92,45.23,,,3.041,0.532,0.644,0.548,37,4,11350
2026-01-27 13:59:10,39.92,45.24,,,3.087,0.548,0.656,0.568,37,4,11467
2026-01-27 14:04:10,39.86,45.25,,,3.03,0.536,0.636,0.568,37,4,11584
2026-01-27 14:09:11,39.78,45.26,,,3.08,0.56,0.656,0.58,37,4,11701
2026-01-27 14:14:11,39.67,45.3,,,3.041,0.54,0.648,0.568,37,4,11818
2026-01-27 14:19:12,39.56,45.33,,,3.034,0.54,0.652,0.556,37,4,11935
2026-01-27 14:24:13,39.44,45.39,,,3.045,0.544,0.644,0.556,37,4,12052
2026-01-27 14:29:13,39.33,45.43,,,3.041,0.544,0.648,0.56,37,4,12169
2026-01-27 14:34:14,39.24,45.48,,,3.027,0.54,0.648,0.56,37,4,12286
2026-01-27 14:39:15,39.14,45.52,,,3.034,0.528,0.644,0.56,37,4,12403
2026-01-27 14:44:16,39.04,45.57,,,3.03,0.556,0.664,0.56,37,4,12520
2026-01-27 14:49:16,38.98,45.62,,,3.09,0.528,0.644,0.564,37,4,12637
2026-01-27 14:54:17,38.92,45.71,,,3.038,0.528,0.64,0.56,37,4,12754
2026-01-27 14:59:18,38.89,45.75,,,3.048,0.56,0.652,0.576,37,4,12871
2026-01-27 15:04:19,38.84,45.8,,,3.034,0.552,0.656,0.568,37,4,12988
2026-01-27 15:09:19,38.82,45.83,,,3.034,0.544,0.648,0.56,37,4,13105
2026-01-27 15:14:19,38.78,45.88,,,3.09,0.544,0.652,0.564,37,4,13222
2026-01-27 15:19:20,38.74,45.93,,,3.038,0.544,0.648,0.56,37,4,13339
2026-01-27 15:24:21,38.71,45.96,,,3.076,0.544,0.652,0.568,37,4,13456
2026-01-27 15:29:22,38.67,46.03,,,3.038,0.54,0.656,0.564,37,4,13573
2026-01-27 15:34:22,38.64,46.05,,,3.083,0.54,0.648,0.56,37,4,13690
2026-01-27 15:39:23,38.6,46.12,,,3.038,0.532,0.644,0.56,37,4,13807
2026-01-27 15:44:24,38.57,46.14,,,3.09,0.548,0.644,0.556,37,4,13924
2026-01-27 15:49:24,38.58,46.2,,,3.034,0.552,0.644,0.56,37,4,14041
2026-01-27 15:54:25,38.56,46.24,,,3.041,0.536,0.648,0.572,37,4,14158
2026-01-27 15:59:26,38.57,46.29,,,3.034,0.536,0.636,0.564,37,4,14275
2026-01-27 16:04:27,38.55,46.34,,,3.03,0.54,0.64,0.572,37,4,14392
2026-01-27 16:09:27,38.56,46.35,,,3.038,0.544,0.652,0.564,37,4,14509
2026-01-27 16:14:28,38.57,46.41,,,3.034,0.54,0.648,0.556,37,4,14626
2026-01-27 16:19:29,38.54,46.44,,,3.03,0.544,0.656,0.564,37,4,14743
2026-01-27 16:24:29,38.53,46.51,,,3.038,0.54,0.656,0.564,37,4,14860
2026-01-27 16:29:30,38.51,46.55,,,3.076,0.544,0.656,0.56,37,4,14977
2026-01-27 16:34:31,38.5,46.58,,,3.041,0.548,0.648,0.56,37,4,15094
2026-01-27 16:39:32,38.49,46.64,,,3.08,0.532,0.64,0.556,37,4,15211
2026-01-27 16:44:32,38.49,46.67,,,3.027,0.532,0.652,0.572,37,4,15328
2026-01-27 16:49:33,38.46,46.73,,,3.083,0.548,0.644,0.56,37,4,15445
2026-01-27 16:54:33,38.45,46.75,,,3.038,0.524,0.66,0.548,37,4,15562
2026-01-27 16:59:34,38.47,46.81,,,3.09,0.556,0.664,0.568,37,4,15679
2026-01-27 17:04:35,38.47,46.86,,,3.027,0.548,0.644,0.56,37,4,15796
2026-01-27 17:09:35,38.48,46.89,,,3.08,0.544,0.656,0.56,37,4,15913
2026-01-27 17:14:36,38.47,46.92,,,3.038,0.536,0.648,0.556,37,4,16030
2026-01-27 17:19:37,38.47,46.99,,,3.038,0.54,0.664,0.56,37,4,16147
2026-01-27 17:24:38,38.45,47,,,3.045,0.544,0.652,0.56,37,4,16264
2026-01-27 17:29:38,38.44,47.05,,,3.041,0.544,0.66,0.564,37,4,16381
2026-01-27 17:34:39,38.42,47.08,,,3.034,0.54,0.656,0.564,37,4,16498
2026-01-27 17:39:40,38.4,47.16,,,3.097,0.544,0.668,0.56,37,4,16615
2026-01-27 17:44:40,38.39,47.18,,,3.08,0.536,0.64,0.568,37,4,16732
2026-01-27 17:49:41,38.39,47.24,,,3.038,0.556,0.64,0.568,37,4,16849
2026-01-27 17:54:42,38.39,47.27,,,3.041,0.548,0.66,0.56,37,4,16966
2026-01-27 17:59:43,38.39,47.35,,,3.048,0.524,0.664,0.544,37,4,17083
2026-01-27 18:04:43,38.39,47.38,,,3.041,0.532,0.66,0.548,37,4,17200
2026-01-27 18:09:43,38.39,47.41,,,3.038,0.548,0.652,0.552,37,4,17317
2026-01-27 18:14:44,38.39,47.46,,,3.041,0.54,0.66,0.56,37,4,17434
2026-01-27 18:19:45,38.37,47.47,,,3.034,0.54,0.652,0.56,37,4,17551
2026-01-27 18:24:46,38.35,47.54,,,3.03,0.54,0.652,0.56,37,4,17668
2026-01-27 18:29:46,38.34,47.58,,,3.045,0.548,0.656,0.564,37,4,17785
2026-01-27 18:34:47,38.32,47.61,,,3.038,0.544,0.648,0.564,37,4,17902
2026-01-27 18:39:48,38.31,47.66,,,3.083,0.564,0.652,0.568,37,4,18019
2026-01-27 18:44:48,38.29,47.69,,,3.038,0.548,0.644,0.556,37,4,18136
2026-01-27 18:49:49,38.28,47.72,,,3.083,0.552,0.648,0.568,37,4,18253
2026-01-27 18:54:50,38.27,47.78,,,3.027,0.568,0.652,0.564,37,4,18370
2026-01-27 18:59:51,38.26,47.82,,,3.083,0.548,0.648,0.576,37,4,18487
2026-01-27 19:04:51,38.25,47.87,,,3.03,0.544,0.676,0.556,37,4,18604
2026-01-27 19:09:52,38.24,47.9,,,3.034,0.544,0.652,0.56,37,4,18721
2026-01-27 19:14:53,38.24,47.95,,,3.038,0.54,0.652,0.56,37,4,18838
2026-01-27 19:19:53,38.21,48.01,,,3.034,0.54,0.652,0.56,37,4,18955
2026-01-27 19:24:54,38.18,48.03,,,3.038,0.544,0.652,0.56,37,4,19072
2026-01-27 19:29:55,38.19,48.11,,,3.034,0.544,0.652,0.564,37,4,19189
2026-01-27 19:34:55,38.15,48.12,,,3.027,0.544,0.652,0.56,37,4,19306
2026-01-27 19:39:56,38.14,48.17,,,3.034,0.524,0.664,0.552,37,4,19423
2026-01-27 19:44:57,38.11,48.22,,,3.038,0.524,0.66,0.544,37,4,19540
2026-01-27 19:49:57,38.1,48.24,,,3.045,0.56,0.652,0.568,37,4,19657
2026-01-27 19:54:58,38.1,48.29,,,3.083,0.56,0.644,0.564,37,4,19774
2026-01-27 19:59:59,38.09,48.32,,,3.027,0.572,0.652,0.564,37,4,19891
2026-01-27 20:04:59,38.08,48.38,,,3.094,0.54,0.644,0.564,37,4,20008
2026-01-27 20:10:00,38.09,48.4,,,3.038,0.544,0.656,0.56,37,4,20125
2026-01-27 20:15:01,38.08,48.45,,,3.034,0.544,0.656,0.556,37,4,20242
2026-01-27 20:20:02,38.05,48.49,,,3.041,0.544,0.656,0.56,37,4,20359
2026-01-27 20:25:02,38.03,48.53,,,3.083,0.548,0.652,0.556,37,4,20476
2026-01-27 20:30:03,38.02,48.56,,,3.038,0.536,0.652,0.56,37,4,20593
2026-01-27 20:35:04,37.99,48.62,,,3.034,0.54,0.652,0.56,37,4,20710
2026-01-27 20:40:04,37.97,48.68,,,3.034,0.536,0.668,0.564,37,4,20827
2026-01-27 20:45:05,37.95,48.71,,,3.041,0.544,0.648,0.564,37,4,20944
2026-01-27 20:50:06,37.92,48.77,,,3.038,0.556,0.652,0.564,37,4,21061
2026-01-27 20:55:07,37.92,48.81,,,3.038,0.548,0.66,0.564,37,4,21178
2026-01-27 21:00:07,37.92,48.87,,,3.041,0.532,0.664,0.556,37,4,21295
2026-01-27 21:05:07,37.91,48.91,,,3.045,0.52,0.66,0.544,37,4,21412
2026-01-27 21:10:08,37.9,48.92,,,3.038,0.544,0.656,0.564,37,4,21529
2026-01-27 21:15:09,37.89,48.97,,,3.034,0.544,0.656,0.556,37,4,21646
2026-01-27 21:20:10,37.87,49,,,3.041,0.54,0.656,0.56,37,4,21763
2026-01-27 21:25:10,37.84,49.02,,,3.09,0.536,0.652,0.56,37,4,21880
2026-01-27 21:30:11,37.83,49.09,,,3.034,0.544,0.66,0.56,37,4,21997
2026-01-27 21:35:12,37.79,49.13,,,3.034,0.548,0.652,0.556,37,4,22114
2026-01-27 21:40:12,37.75,49.17,,,3.101,0.552,0.656,0.572,37,4,22231
2026-01-27 21:45:13,37.74,49.22,,,3.045,0.524,0.656,0.564,37,4,22348
2026-01-27 21:50:14,37.73,49.26,,,3.034,0.564,0.652,0.564,37,4,22465
2026-01-27 21:55:15,37.71,49.32,,,3.08,0.54,0.656,0.56,37,4,22582
2026-01-27 22:00:15,37.7,49.35,,,3.034,0.52,0.668,0.54,37,4,22699
2026-01-27 22:05:16,37.71,49.4,,,3.087,0.552,0.648,0.556,37,4,22816
2026-01-27 22:10:17,37.71,49.42,,,3.038,0.548,0.656,0.56,37,4,22933
2026-01-27 22:15:17,37.67,49.46,,,3.073,0.544,0.652,0.56,37,4,23050
2026-01-27 22:20:18,37.67,49.52,,,3.038,0.54,0.652,0.564,37,4,23167
2026-01-27 22:25:18,37.63,49.56,,,3.041,0.544,0.652,0.56,37,4,23284
2026-01-27 22:30:19,37.63,49.59,,,3.041,0.544,0.652,0.56,37,4,23401
2026-01-27 22:35:20,37.58,49.65,,,3.034,0.544,0.648,0.56,37,4,23518
2026-01-27 22:40:21,37.57,49.69,,,3.03,0.528,0.656,0.54,37,4,23635
2026-01-27 22:45:21,37.55,49.7,,,3.027,0.536,0.656,0.576,37,4,23752
2026-01-27 22:50:22,37.55,49.78,,,3.038,0.544,0.676,0.568,37,4,23869
2026-01-27 22:55:23,37.53,49.8,,,3.034,0.532,0.644,0.544,37,4,23986
2026-01-27 23:00:23,37.52,49.86,,,3.038,0.536,0.648,0.568,37,4,24103
2026-01-27 23:05:24,37.52,49.9,,,3.034,0.536,0.64,0.58,37,4,24220
2026-01-27 23:10:25,37.5,49.94,,,3.073,0.54,0.648,0.556,37,4,24337
2026-01-27 23:15:26,37.49,49.97,,,3.041,0.54,0.652,0.56,37,4,24454
2026-01-27 23:20:26,37.46,50,,,3.083,0.548,0.66,0.564,37,4,24571
2026-01-27 23:25:27,37.44,50.08,,,3.034,0.544,0.66,0.556,37,4,24688
2026-01-27 23:30:28,37.41,50.1,,,3.034,0.548,0.652,0.556,37,4,24805
2026-01-27 23:35:28,37.39,50.12,,,3.034,0.544,0.66,0.556,37,4,24922
2026-01-27 23:40:29,37.38,50.17,,,3.034,0.536,0.656,0.54,37,4,25039
2026-01-27 23:45:29,37.35,50.19,,,3.09,0.56,0.64,0.572,37,4,25156
2026-01-27 23:50:30,37.33,50.26,,,3.034,0.52,0.664,0.552,37,4,25273
2026-01-27 23:55:31,37.33,50.3,,,3.034,0.528,0.652,0.548,37,4,25390
2026-01-28 00:00:32,37.32,50.35,,,3.038,0.544,0.672,0.564,37,4,25507
2026-01-28 00:05:32,37.32,50.38,,,3.041,0.532,0.672,0.56,37,4,25624
2026-01-28 00:10:33,37.32,50.43,,,3.027,0.54,0.66,0.56,37,4,25741
2026-01-28 00:15:34,37.3,50.47,,,3.03,0.548,0.656,0.556,37,4,25858
2026-01-28 00:20:34,37.28,50.49,,,3.045,0.544,0.656,0.564,37,4,25975
2026-01-28 00:25:35,37.25,50.52,,,3.027,0.544,0.656,0.56,37,4,26092
2026-01-28 00:30:36,37.23,50.57,,,3.041,0.544,0.66,0.552,37,4,26209
2026-01-28 00:35:37,37.21,50.6,,,3.03,0.544,0.656,0.56,37,4,26326
2026-01-28 00:40:37,37.18,50.63,,,3.076,0.528,0.66,0.548,37,4,26443
2026-01-28 00:45:38,37.17,50.68,,,3.034,0.568,0.652,0.564,37,4,26560
2026-01-28 00:50:39,37.15,50.7,,,3.034,0.532,0.648,0.576,37,4,26677
2026-01-28 00:55:39,37.16,50.77,,,3.03,0.54,0.648,0.56,37,4,26794
2026-01-28 01:00:40,37.17,50.82,,,3.03,0.544,0.66,0.556,37,4,26911
2026-01-28 01:05:41,37.17,50.86,,,3.083,0.544,0.668,0.556,37,4,27028
2026-01-28 01:10:41,37.14,50.89,,,3.027,0.544,0.652,0.56,37,4,27145
2026-01-28 01:15:42,37.16,50.94,,,3.087,0.548,0.66,0.564,37,4,27262
2026-01-28 01:20:42,37.14,50.95,,,3.08,0.54,0.66,0.564,37,4,27379
2026-01-28 01:25:43,37.1,51.02,,,3.08,0.548,0.66,0.564,37,4,27496
2026-01-28 01:30:44,37.08,51.05,,,3.08,0.544,0.66,0.56,37,4,27613
2026-01-28 01:35:45,37.07,51.09,,,3.034,0.54,0.656,0.564,37,4,27730
2026-01-28 01:40:45,37.07,51.13,,,3.034,0.54,0.644,0.564,37,4,27847
2026-01-28 01:45:46,37.04,51.15,,,3.03,0.556,0.656,0.568,37,4,27964
2026-01-28 01:50:47,37.03,51.2,,,3.03,0.552,0.644,0.568,37,4,28081
2026-01-28 01:55:47,37.03,51.23,,,3.023,0.552,0.656,0.568,37,4,28198
2026-01-28 02:00:48,37.03,51.29,,,3.03,0.528,0.66,0.544,37,4,28315
2026-01-28 02:05:49,37.03,51.33,,,3.03,0.54,0.644,0.564,37,4,28432
2026-01-28 02:10:50,37.03,51.38,,,3.03,0.54,0.656,0.556,37,4,28549
2026-01-28 02:15:50,37.03,51.41,,,3.069,0.548,0.656,0.564,37,4,28666
2026-01-28 02:20:51,37.01,51.41,,,3.03,0.54,0.66,0.564,37,4,28783
2026-01-28 02:25:52,36.99,51.47,,,3.038,0.544,0.66,0.556,37,4,28900
2026-01-28 02:30:52,36.99,51.5,,,3.027,0.54,0.656,0.56,37,4,29017
2026-01-28 02:35:53,36.97,51.52,,,3.076,0.544,0.66,0.568,37,4,29134
2026-01-28 02:40:53,36.94,51.57,,,3.041,0.568,0.66,0.576,37,4,29251
2026-01-28 02:45:54,36.92,51.63,,,3.087,0.564,0.66,0.576,37,4,29368
2026-01-28 02:50:55,36.92,51.66,,,3.038,0.548,0.648,0.548,37,4,29485
2026-01-28 02:55:56,36.92,51.73,,,3.03,0.56,0.66,0.572,37,4,29602
2026-01-28 03:00:56,36.92,51.75,,,3.041,0.548,0.664,0.56,37,4,29719
2026-01-28 03:05:57,36.91,51.75,,,3.034,0.556,0.664,0.556,37,4,29836
2026-01-28 03:10:58,36.92,51.81,,,3.02,0.544,0.656,0.556,37,4,29953
2026-01-28 03:15:58,36.89,51.87,,,3.041,0.544,0.652,0.564,37,4,30070
2026-01-28 03:20:59,36.9,51.9,,,3.038,0.54,0.66,0.56,37,4,30187
2026-01-28 03:26:00,36.86,51.91,,,3.034,0.548,0.656,0.56,37,4,30304
2026-01-28 03:31:01,36.85,51.97,,,3.041,0.544,0.656,0.564,37,4,30421
2026-01-28 03:36:01,36.84,52,,,3.027,0.544,0.656,0.564,37,4,30538
2026-01-28 03:41:02,36.83,52.04,,,3.03,0.552,0.672,0.564,37,4,30655
2026-01-28 03:46:03,36.82,52.08,,,3.038,0.544,0.656,0.564,37,4,30772
2026-01-28 03:51:03,36.82,52.12,,,3.034,0.536,0.648,0.576,37,4,30889
2026-01-28 03:56:04,36.82,52.14,,,3.03,0.536,0.656,0.552,37,4,31006
2026-01-28 04:01:04,36.81,52.21,,,3.034,0.556,0.672,0.564,37,4,31123
2026-01-28 04:06:05,36.82,52.26,,,3.087,0.544,0.656,0.556,37,4,31240
2026-01-28 04:11:06,36.82,52.26,,,3.038,0.544,0.656,0.56,37,4,31357
2026-01-28 04:16:06,36.79,52.28,,,3.041,0.552,0.656,0.56,37,4,31474
2026-01-28 04:21:07,36.78,52.32,,,3.083,0.544,0.656,0.564,37,4,31591
2026-01-28 04:26:08,36.77,52.35,,,3.034,0.552,0.656,0.56,37,4,31708
2026-01-28 04:31:09,36.75,52.42,,,3.08,0.544,0.656,0.56,37,4,31825
2026-01-28 04:36:09,36.71,52.44,,,3.034,0.54,0.656,0.56,37,4,31942
2026-01-28 04:41:10,36.71,52.48,,,3.09,0.564,0.66,0.584,37,4,32059
2026-01-28 04:46:11,36.71,52.52,,,3.083,0.544,0.656,0.544,37,4,32176
2026-01-28 04:51:11,36.7,52.56,,,3.083,0.524,0.66,0.544,37,4,32293
2026-01-28 04:56:12,36.68,52.61,,,3.038,0.54,0.648,0.576,37,4,32410
2026-01-28 05:01:13,36.69,52.65,,,3.027,0.544,0.676,0.556,37,4,32527
2026-01-28 05:06:14,36.69,52.69,,,3.027,0.56,0.66,0.564,37,4,32644
2026-01-28 05:11:14,36.68,52.7,,,3.03,0.552,0.66,0.56,37,4,32761
2026-01-28 05:16:15,36.68,52.74,,,3.03,0.552,0.66,0.56,37,4,32878
2026-01-28 05:21:15,36.66,52.78,,,3.038,0.54,0.652,0.564,37,4,32995
2026-01-28 05:26:16,36.65,52.8,,,3.03,0.548,0.664,0.56,37,4,33112
2026-01-28 05:31:17,36.66,52.86,,,3.055,0.54,0.656,0.56,37,4,33229
2026-01-28 05:36:17,36.62,52.86,,,3.034,0.544,0.664,0.56,37,4,33346
2026-01-28 05:41:18,36.61,52.94,,,3.087,0.528,0.66,0.544,37,4,33463
2026-01-28 05:46:19,36.61,52.94,,,3.038,0.576,0.656,0.572,37,4,33580
2026-01-28 05:51:20,36.61,52.97,,,3.09,0.548,0.648,0.564,37,4,33697
2026-01-28 05:56:20,36.61,53.03,,,3.027,0.568,0.66,0.568,37,4,33814
2026-01-28 06:01:21,36.62,53.05,,,3.083,0.54,0.648,0.576,37,4,33931
2026-01-28 06:06:22,36.64,53.13,,,3.03,0.556,0.664,0.556,37,4,34048
2026-01-28 06:11:22,36.62,53.15,,,3.03,0.552,0.656,0.56,37,4,34165
2026-01-28 06:16:23,36.64,53.18,,,3.027,0.548,0.66,0.564,37,4,34282
2026-01-28 06:21:24,36.61,53.21,,,3.034,0.544,0.656,0.56,37,4,34399
2026-01-28 06:26:25,36.6,53.25,,,3.038,0.548,0.656,0.56,37,4,34516
2026-01-28 06:31:25,36.58,53.29,,,3.094,0.548,0.664,0.556,37,4,34633
2026-01-28 06:36:25,36.56,53.33,,,3.034,0.552,0.664,0.564,37,4,34750
2026-01-28 06:41:26,36.57,53.37,,,3.038,0.548,0.656,0.568,37,4,34867
2026-01-28 06:46:27,36.55,53.4,,,3.03,0.54,0.664,0.552,37,4,34984
2026-01-28 06:51:28,36.55,53.43,,,3.038,0.54,0.644,0.564,37,4,35101
2026-01-28 06:56:28,36.55,53.48,,,3.087,0.556,0.656,0.584,37,4,35218
2026-01-28 07:01:29,36.55,53.49,,,3.02,0.532,0.668,0.548,37,4,35335
2026-01-28 07:06:30,36.56,53.57,,,3.073,0.564,0.656,0.568,37,4,35452
2026-01-28 07:11:31,36.57,53.58,,,3.034,0.548,0.66,0.564,37,4,35569
2026-01-28 07:16:34,36.56,53.61,,,3.034,0.548,0.656,0.56,37,4,35687
2026-01-28 07:21:35,36.53,53.65,,,3.083,0.544,0.656,0.56,37,4,35804
2026-01-28 07:26:35,36.53,53.7,,,3.03,0.544,0.656,0.564,37,4,35921
2026-01-28 07:31:36,36.5,53.74,,,3.027,0.544,0.656,0.56,37,4,36038
2026-01-28 07:36:37,36.49,53.76,,,3.076,0.544,0.656,0.56,37,4,36155
2026-01-28 07:41:37,36.48,53.78,,,3.038,0.544,0.668,0.552,37,4,36272
2026-01-28 07:42:22,36.48,53.79,,,3.083,0.552,0.68,0.564,37,4,36289
2026-01-28 07:42:26,36.49,53.79,,,3.083,0.58,0.656,0.568,37,4,36291
2026-01-28 07:42:29,36.49,53.8,,,3.083,0.568,0.648,0.58,37,4,36292
2026-01-28 07:42:31,36.48,53.76,,,3.083,0.548,0.648,0.56,37,4,36293
2026-01-28 07:42:34,36.48,53.8,,,3.083,0.532,0.644,0.568,37,4,36294
2026-01-28 07:42:37,36.46,53.81,,,3.083,0.54,0.664,0.552,37,4,36295
2026-01-28 07:42:39,36.49,53.8,,,3.083,0.528,0.656,0.548,37,4,36296
2026-01-28 07:42:41,36.48,53.79,,,3.083,0.528,0.668,0.548,37,4,36297
2026-01-28 07:42:44,36.48,53.8,,,3.083,0.544,0.672,0.56,37,4,36298
2026-01-28 07:42:46,36.48,53.79,,,3.083,0.568,0.66,0.572,37,4,36299
2026-01-28 07:42:49,36.49,53.79,,,3.083,0.548,0.652,0.572,37,4,36300
2026-01-28 07:42:52,36.48,53.81,,,3.083,0.544,0.66,0.552,37,4,36301
2026-01-28 07:42:54,36.49,53.79,,,3.083,0.528,0.66,0.536,37,4,36302
2026-01-28 07:42:57,36.47,53.8,,,3.083,0.568,0.672,0.568,37,4,36303
2026-01-28 07:42:59,36.48,53.79,,,3.083,0.54,0.648,0.56,37,4,36304
2026-01-28 07:43:02,36.48,53.8,,,3.083,0.536,0.66,0.56,37,4,36305
2026-01-28 07:43:05,36.46,53.81,,,3.083,0.532,0.656,0.552,37,4,36306
2026-01-28 07:43:07,36.49,53.79,,,3.083,0.556,0.668,0.56,37,4,36307
2026-01-28 07:43:10,36.48,53.81,,,3.083,0.568,0.656,0.576,37,4,36308
2026-01-28 07:43:12,36.49,53.84,,,3.027,0.536,0.66,0.56,37,4,36309
2026-01-28 07:43:15,36.48,53.79,,,3.027,0.536,0.66,0.548,37,4,36310
2026-01-28 07:43:18,36.47,53.81,,,3.027,0.532,0.668,0.548,37,4,36311
2026-01-28 07:43:20,36.48,53.81,,,3.027,0.568,0.672,0.568,37,4,36312
2026-01-28 07:43:23,36.46,53.79,,,3.027,0.58,0.66,0.568,37,4,36313
2026-01-28 07:43:25,36.49,53.81,,,3.027,0.56,0.648,0.572,37,4,36314
2026-01-28 07:43:28,36.48,53.82,,,3.027,0.536,0.644,0.56,37,4,36315
2026-01-28 07:48:28,36.85,54.23,,,3.087,0.136,0.284,0.976,39,4,36432
2026-01-28 07:51:08,36.99,54.08,,,3.083,0.132,0.272,0.98,39,4,36494
2026-01-28 07:51:10,37,54.09,,,3.083,0.136,0.272,0.976,39,4,36495
2026-01-28 07:51:13,36.99,54.09,,,3.083,0.14,0.272,0.976,39,4,36496
2026-01-28 07:51:16,37.01,54.1,,,3.03,0.132,0.276,0.98,39,4,36497
2026-01-28 07:51:18,36.99,54.08,,,3.03,0.136,0.276,0.98,39,4,36498
2026-01-28 07:51:21,36.99,54.08,,,3.03,0.128,0.272,0.984,39,4,36499
2026-01-28 07:51:23,37.01,54.09,,,3.03,0.128,0.28,0.98,39,4,36500
2026-01-28 07:51:26,37,54.09,,,3.03,0.132,0.276,0.98,39,4,36501
2026-01-28 07:51:28,37.01,54.06,,,3.03,0.132,0.272,0.98,39,4,36502
2026-01-28 07:51:31,37.01,54.09,,,3.03,0.136,0.268,0.988,39,4,36503
2026-01-28 07:51:34,37,54.07,,,3.03,0.128,0.272,0.984,39,4,36504
2026-01-28 07:51:36,37.01,54.08,,,3.03,0.132,0.28,0.992,39,4,36505
2026-01-28 07:51:39,36.99,54.07,,,3.03,0.132,0.276,0.98,39,4,36506
2026-01-28 07:51:42,37.01,54.05,,,3.03,0.128,0.264,0.972,39,4,36507
2026-01-28 07:51:44,37,54.06,,,3.03,0.128,0.268,0.964,39,4,36508
2026-01-28 07:51:49,37.01,54.08,,,3.03,0.132,0.26,0.976,39,4,36510
2026-01-28 07:51:52,37,54.07,,,3.03,0.136,0.272,0.984,39,4,36511
2026-01-28 07:51:54,36.99,54.03,,,3.03,0.132,0.272,0.976,39,4,36512
2026-01-28 07:51:59,37.01,54.04,,,3.03,0.132,0.256,0.972,39,4,36514
2026-01-28 07:52:02,37.01,54.05,,,3.03,0.14,0.264,0.972,39,4,36515
2026-01-28 07:52:43,37.03,54.01,,,3.094,0.152,0.268,0.944,39,4,36531
2026-01-28 07:52:45,37.03,54,,,3.094,0.144,0.268,0.932,39,4,36532
2026-01-28 07:52:48,37.02,54.02,,,3.094,0.148,0.272,0.924,39,4,36533
2026-01-28 07:52:50,37.03,54.01,,,3.094,0.152,0.276,0.936,39,4,36534
2026-01-28 07:52:53,37.01,54.02,,,3.094,0.14,0.284,0.944,39,4,36535
2026-01-28 07:52:56,37.03,54.02,,,3.094,0.14,0.272,0.948,39,4,36536
2026-01-28 07:52:58,37.03,53.98,,,3.094,0.124,0.264,0.96,39,4,36537
2026-01-28 07:53:01,37.03,54.01,,,3.094,0.112,0.264,0.968,39,4,36538
2026-01-28 07:53:03,37.03,54,,,3.094,0.116,0.26,0.968,39,4,36539
2026-01-28 07:53:06,37.03,54.01,,,3.094,0.12,0.264,0.964,39,4,36540
2026-01-28 07:53:09,37.03,53.97,,,3.094,0.12,0.264,0.956,39,4,36541
2026-01-28 07:53:11,37.03,53.99,,,3.094,0.128,0.272,0.956,39,4,36542
2026-01-28 07:53:14,37.03,54.02,,,3.094,0.136,0.276,0.948,39,4,36543
2026-01-28 07:53:16,37.04,53.97,,,3.034,0.136,0.28,0.94,39,4,36544
2026-01-28 07:53:19,37.03,53.99,,,3.034,0.152,0.276,0.928,39,4,36545
2026-01-28 07:53:21,37.04,53.98,,,3.034,0.144,0.264,0.944,39,4,36546
2026-01-28 07:53:24,37.03,53.99,,,3.034,0.14,0.26,0.936,39,4,36547
2026-01-28 07:53:26,37.04,53.99,,,3.034,0.132,0.264,0.952,39,4,36548
2026-01-28 07:53:29,37.03,54.01,,,3.034,0.14,0.26,0.96,39,4,36549
2026-01-28 07:53:32,37.03,54,,,3.034,0.132,0.26,0.956,39,4,36550
2026-01-28 07:53:34,37.03,53.98,,,3.034,0.132,0.26,0.952,39,4,36551
2026-01-28 07:53:37,37.03,54,,,3.034,0.14,0.272,0.944,39,4,36552
2026-01-28 07:53:39,37.03,53.98,,,3.034,0.136,0.26,0.968,39,4,36553
2026-01-28 07:53:42,37.04,53.97,,,3.034,0.136,0.264,0.98,39,4,36554
2026-01-28 07:53:45,37.04,53.98,,,3.034,0.132,0.264,0.972,39,4,36555
2026-01-28 07:53:47,37.03,54,,,3.034,0.132,0.268,0.984,39,4,36556
2026-01-28 07:53:50,37.03,53.99,,,3.034,0.128,0.26,0.976,39,4,36557
2026-01-28 07:53:52,37.03,54,,,3.034,0.132,0.272,0.976,39,4,36558
2026-01-28 07:53:55,37.03,53.97,,,3.034,0.144,0.264,0.964,39,4,36559
2026-01-28 07:53:57,37.04,53.98,,,3.034,0.136,0.28,0.936,39,4,36560
2026-01-28 07:54:00,37.03,53.98,,,3.034,0.144,0.28,0.94,39,4,36561
2026-01-28 07:54:03,37.06,53.97,,,3.034,0.128,0.272,0.952,39,4,36562
2026-01-28 07:54:05,37.04,53.96,,,3.034,0.116,0.264,0.96,39,4,36563
2026-01-28 07:54:08,37.04,53.98,,,3.034,0.12,0.264,0.972,39,4,36564
2026-01-28 07:54:10,37.03,53.96,,,3.034,0.124,0.272,0.98,39,4,36565
2026-01-28 07:54:13,37.04,53.95,,,3.034,0.124,0.272,0.984,39,4,36566
2026-01-28 07:54:15,37.03,53.97,,,3.08,0.124,0.26,0.98,39,4,36567
2026-01-28 07:54:18,37.03,53.96,,,3.08,0.132,0.26,0.956,39,4,36568
2026-01-28 07:54:20,37.06,53.97,,,3.08,0.132,0.264,0.956,39,4,36569
2026-01-28 07:54:23,37.03,53.95,,,3.08,0.144,0.268,0.94,39,4,36570
2026-01-28 07:54:26,37.04,53.95,,,3.08,0.14,0.284,0.936,39,4,36571
2026-01-28 07:54:28,37.04,53.95,,,3.08,0.124,0.272,0.956,39,4,36572
2026-01-28 07:54:31,37.05,53.96,,,3.08,0.116,0.264,0.956,39,4,36573
2026-01-28 07:54:33,37.05,53.94,,,3.08,0.128,0.268,0.976,39,4,36574
2026-01-28 07:54:36,37.04,53.95,,,3.08,0.132,0.28,0.984,39,4,36575
2026-01-28 07:54:39,37.04,53.95,,,3.08,0.132,0.264,0.952,39,4,36576
2026-01-28 07:54:41,37.05,53.97,,,3.08,0.136,0.276,0.936,39,4,36577
2026-01-28 07:54:44,37.03,53.93,,,3.08,0.116,0.26,0.976,39,4,36578
2026-01-28 07:54:46,37.03,53.94,,,3.08,0.132,0.28,0.98,39,4,36579
2026-01-28 07:54:49,37.06,53.96,,,3.08,0.152,0.268,0.948,39,4,36580
2026-01-28 07:54:52,37.05,53.97,,,3.08,0.116,0.26,0.96,39,4,36581
2026-01-28 07:54:54,37.05,53.95,,,3.08,0.124,0.276,0.984,39,4,36582
2026-01-28 07:54:57,37.06,53.95,,,3.08,0.144,0.26,0.94,39,4,36583
2026-01-28 07:54:59,37.03,53.94,,,3.08,0.132,0.276,0.96,39,4,36584
2026-01-28 07:55:01,37.04,53.95,,,3.08,0.12,0.26,0.976,39,4,36585
2026-01-28 07:55:04,37.05,53.97,,,3.08,0.132,0.26,0.984,39,4,36586
2026-01-28 07:55:07,37.03,53.92,,,3.08,0.148,0.268,0.944,39,4,36587
2026-01-28 07:55:10,37.05,53.95,,,3.08,0.132,0.28,0.952,39,4,36588
2026-01-28 07:55:13,37.04,53.93,,,3.08,0.116,0.264,0.972,39,4,36589
2026-01-28 07:55:17,37.06,53.93,,,3.027,0.132,0.264,0.944,39,4,36591
2026-01-28 07:55:20,37.06,53.95,,,3.027,0.14,0.28,0.94,39,4,36592
2026-01-28 07:55:22,37.05,53.96,,,3.027,0.112,0.264,0.98,39,4,36593
2026-01-28 07:55:25,37.05,53.94,,,3.027,0.132,0.272,0.988,39,4,36594
2026-01-28 07:55:27,37.04,53.95,,,3.027,0.132,0.252,0.964,39,4,36595
2026-01-28 07:55:30,37.05,53.95,,,3.027,0.136,0.276,0.96,39,4,36596
2026-01-28 07:55:33,37.05,53.9,,,3.027,0.124,0.268,0.96,39,4,36597
2026-01-28 07:55:35,37.05,53.93,,,3.027,0.136,0.276,0.968,39,4,36598
2026-01-28 07:55:38,37.05,53.91,,,3.027,0.128,0.264,0.96,39,4,36599
2026-01-28 07:55:40,37.03,53.91,,,3.027,0.124,0.268,0.96,39,4,36600
2026-01-28 07:55:43,37.04,53.91,,,3.027,0.128,0.264,0.96,39,4,36601
2026-01-28 07:55:46,37.05,53.9,,,3.027,0.128,0.268,0.968,39,4,36602
2026-01-28 07:55:48,37.06,53.92,,,3.027,0.116,0.264,0.96,39,4,36603
2026-01-28 07:55:51,37.06,53.93,,,3.027,0.728,-0.412,0.664,40,4,36604
2026-01-28 07:55:55,37.05,53.91,,,3.027,0.78,-0.684,0.176,43,4,36606
2026-01-28 07:55:58,37.03,53.92,,,3.027,0.752,-0.752,0.116,44,4,36607
2026-01-28 07:56:01,37.04,53.9,,,3.027,0.756,-0.748,0.132,47,4,36608
2026-01-28 07:56:03,37.05,53.92,,,3.027,0.784,-0.672,0.104,48,4,36609
2026-01-28 07:56:06,37.04,53.9,,,3.027,0.764,-0.744,0.124,48,4,36610
2026-01-28 07:56:08,37.05,53.92,,,3.027,0.768,-0.732,0.124,48,4,36611
2026-01-28 07:56:11,37.03,53.93,,,3.027,0.76,-0.74,0.116,49,4,36612
2026-01-28 07:56:14,37.03,53.93,,,3.027,0.764,-0.736,0.12,49,4,36613
2026-01-28 07:56:16,37.03,53.93,,,3.083,0.768,-0.74,0.124,49,4,36614
2026-01-28 07:56:19,37.05,53.91,,,3.083,0.764,-0.744,0.12,49,4,36615
2026-01-28 07:56:21,37.04,53.94,,,3.083,0.768,-0.74,0.116,49,4,36616
2026-01-28 07:56:24,37.05,53.93,,,3.083,0.76,-0.736,0.124,49,4,36617
2026-01-28 07:56:27,37.03,53.95,,,3.083,0.76,-0.74,0.116,49,4,36618
2026-01-28 07:56:29,37.04,53.92,,,3.083,0.76,-0.74,0.12,49,4,36619
2026-01-28 07:56:32,37.03,53.91,,,3.083,0.76,-0.744,0.124,49,4,36620
2026-01-28 07:56:37,37.05,53.95,,,3.083,0.764,-0.732,0.12,49,4,36622
2026-01-28 07:56:39,37.04,53.94,,,3.083,0.76,-0.74,0.124,49,4,36623
2026-01-28 07:56:42,37.04,53.95,,,3.083,0.76,-0.748,0.132,49,4,36624
2026-01-28 07:56:44,37.05,53.96,,,3.083,0.764,-0.744,0.116,49,4,36625
2026-01-28 07:56:47,37.03,53.93,,,3.083,0.768,-0.736,0.124,49,4,36626
2026-01-28 07:56:49,37.05,53.92,,,3.083,0.76,-0.736,0.116,49,4,36627
2026-01-28 07:56:52,37.05,53.94,,,3.083,0.76,-0.748,0.14,49,4,36628
2026-01-28 07:56:55,37.03,53.96,,,3.083,0.764,-0.732,0.128,49,4,36629
2026-01-28 07:56:57,37.06,53.97,,,3.083,0.768,-0.74,0.128,49,4,36630
2026-01-28 07:57:00,37.04,53.97,,,3.083,0.768,-0.74,0.12,49,4,36631
2026-01-28 07:57:03,37.05,53.94,,,3.083,0.756,-0.744,0.128,49,4,36632
2026-01-28 07:57:08,37.03,53.94,,,3.083,0.756,-0.74,0.128,49,4,36634
2026-01-28 07:57:10,37.04,53.94,,,3.083,0.772,-0.744,0.088,49,4,36635
2026-01-28 07:57:13,37.04,53.93,,,3.083,0.76,-0.74,0.124,49,4,36636
2026-01-28 07:57:15,37.04,53.95,,,3.083,0.772,-0.736,0.12,49,4,36637
2026-01-28 07:57:18,37.04,53.96,,,3.038,0.768,-0.74,0.124,49,4,36638
2026-01-28 07:57:21,37.03,53.98,,,3.038,0.764,-0.732,0.128,49,4,36639
2026-01-28 07:57:26,37.04,53.95,,,3.038,0.748,-0.76,0.116,49,4,36641
2026-01-28 07:57:28,37.05,53.97,,,3.038,0.764,-0.74,0.128,49,4,36642
2026-01-28 07:57:30,37.04,53.96,,,3.038,0.76,-0.744,0.12,49,4,36643
2026-01-28 07:57:33,37.05,53.96,,,3.038,0.76,-0.744,0.124,49,4,36644
2026-01-28 07:57:36,37.06,53.97,,,3.038,0.756,-0.74,0.124,49,4,36645
2026-01-28 07:57:38,37.06,53.94,,,3.038,0.764,-0.736,0.128,49,4,36646
2026-01-28 07:57:41,37.07,53.93,,,3.038,0.764,-0.744,0.124,49,4,36647
2026-01-28 07:57:43,37.06,53.95,,,3.038,0.768,-0.74,0.124,49,4,36648
2026-01-28 07:57:47,37.05,53.96,,,3.038,0.76,-0.74,0.116,49,4,36649
2026-01-28 07:57:52,37.04,53.95,,,3.038,0.764,-0.744,0.124,49,4,36651
2026-01-28 07:57:56,37.05,53.95,,,3.038,0.764,-0.74,0.12,49,4,36653
2026-01-28 07:57:59,37.06,53.95,,,3.038,0.76,-0.74,0.12,49,4,36654
2026-01-28 07:58:02,37.05,53.96,,,3.038,0.764,-0.744,0.128,49,4,36655
2026-01-28 07:58:07,37.06,53.97,,,3.038,0.764,-0.74,0.116,49,4,36657
2026-01-28 07:58:10,37.05,53.96,,,3.038,0.76,-0.74,0.128,49,4,36658
2026-01-28 07:58:13,37.06,53.95,,,3.038,0.76,-0.748,0.116,49,4,36659
2026-01-28 07:58:17,37.05,53.95,,,3.087,0.76,-0.752,0.124,49,4,36661
2026-01-28 07:58:19,37.06,53.96,,,3.087,0.756,-0.744,0.124,49,4,36662
2026-01-28 07:58:22,37.07,53.94,,,3.087,0.764,-0.736,0.116,49,4,36663
2026-01-28 07:58:24,37.06,53.96,,,3.087,0.764,-0.748,0.12,49,4,36664
2026-01-28 07:58:27,37.06,53.96,,,3.087,0.768,-0.748,0.12,49,4,36665
2026-01-28 07:58:30,37.07,53.96,,,3.087,0.756,-0.744,0.124,49,4,36666
2026-01-28 07:58:32,37.06,53.97,,,3.087,0.76,-0.74,0.124,49,4,36667
2026-01-28 07:58:35,37.07,53.95,,,3.087,0.76,-0.74,0.112,49,4,36668
2026-01-28 07:58:37,37.07,53.95,,,3.087,0.76,-0.748,0.124,49,4,36669
2026-01-28 07:58:41,37.06,53.95,,,3.087,0.76,-0.744,0.12,49,4,36670
2026-01-28 07:58:45,37.07,53.98,,,3.087,0.76,-0.748,0.12,49,4,36672
2026-01-28 07:58:48,37.07,53.98,,,3.087,0.764,-0.74,0.12,49,4,36673
2026-01-28 07:58:50,37.07,53.96,,,3.087,0.756,-0.744,0.128,49,4,36674
2026-01-28 07:58:53,37.06,53.97,,,3.087,0.764,-0.744,0.12,49,4,36675
2026-01-28 07:58:56,37.07,53.96,,,3.087,0.764,-0.74,0.12,49,4,36676
2026-01-28 07:58:58,37.07,53.97,,,3.087,0.768,-0.744,0.12,49,4,36677
2026-01-28 07:59:01,37.06,53.95,,,3.087,0.76,-0.744,0.12,49,4,36678
2026-01-28 07:59:03,37.07,53.96,,,3.087,0.76,-0.744,0.12,49,4,36679
2026-01-28 07:59:06,37.06,53.97,,,3.087,0.764,-0.744,0.124,49,4,36680
2026-01-28 07:59:08,37.07,53.98,,,3.087,0.764,-0.736,0.124,49,4,36681
2026-01-28 07:59:11,37.07,53.96,,,3.087,0.768,-0.744,0.12,49,4,36682
2026-01-28 07:59:16,37.06,53.94,,,3.087,0.764,-0.744,0.124,49,4,36684
2026-01-28 07:59:21,37.07,53.93,,,3.034,0.764,-0.74,0.12,49,4,36686
2026-01-28 07:59:24,37.07,53.95,,,3.034,0.764,-0.744,0.124,49,4,36687
2026-01-28 07:59:26,37.09,53.98,,,3.034,0.764,-0.744,0.124,49,4,36688
2026-01-28 07:59:29,37.06,53.95,,,3.034,0.768,-0.736,0.124,49,4,36689
2026-01-28 07:59:31,37.07,53.97,,,3.034,0.764,-0.736,0.12,49,4,36690
2026-01-28 07:59:34,37.07,53.96,,,3.034,0.768,-0.744,0.116,49,4,36691
2026-01-28 07:59:37,37.08,53.96,,,3.034,0.764,-0.748,0.124,49,4,36692
2026-01-28 07:59:39,37.07,53.97,,,3.034,0.76,-0.736,0.124,49,4,36693
2026-01-28 07:59:42,37.07,53.96,,,3.034,0.764,-0.74,0.128,49,4,36694
2026-01-28 07:59:45,37.07,53.96,,,3.034,0.772,-0.74,0.124,49,4,36695
2026-01-28 07:59:50,37.07,53.97,,,3.034,0.772,-0.744,0.128,49,4,36697
2026-01-28 07:59:55,37.07,53.97,,,3.034,0.776,-0.724,0.132,50,4,36699
2026-01-28 07:59:57,37.09,53.95,,,3.034,0.764,-0.736,0.136,50,4,36700
2026-01-28 08:00:00,37.08,53.99,,,3.034,0.756,-0.748,0.116,50,4,36701
2026-01-28 08:00:02,37.07,53.94,,,3.034,0.764,-0.736,0.124,50,4,36702
2026-01-28 08:00:05,37.09,53.96,,,3.034,0.796,-0.692,0.16,51,4,36703
2026-01-28 08:00:07,37.07,53.98,,,3.034,0.752,-0.752,0.124,52,4,36704
2026-01-28 08:00:10,37.08,53.97,,,3.034,0.752,-0.76,0.128,52,4,36705
2026-01-28 08:00:13,37.09,53.96,,,3.034,0.768,-0.728,0.132,52,4,36706
2026-01-28 08:00:15,37.08,53.96,,,3.034,0.764,-0.76,0.108,52,4,36707
2026-01-28 08:00:18,37.08,53.97,,,3.083,0.764,-0.736,0.12,52,4,36708
2026-01-28 08:00:20,37.08,53.99,,,3.083,0.756,-0.748,0.124,52,4,36709
2026-01-28 08:02:24,37.11,53.97,,,3.083,0.764,-0.74,0.116,52,4,36757
2026-01-28 08:02:27,37.11,53.94,,,3.083,0.76,-0.736,0.124,52,4,36758
2026-01-28 08:02:31,37.11,53.98,,,3.083,0.76,-0.74,0.12,52,4,36760
2026-01-28 08:02:34,37.1,53.98,,,3.083,0.76,-0.744,0.12,52,4,36761
2026-01-28 08:02:36,37.1,53.97,,,3.083,0.768,-0.74,0.116,52,4,36762
2026-01-28 08:02:39,37.11,53.97,,,3.083,0.764,-0.744,0.12,52,4,36763
2026-01-28 08:02:42,37.11,53.96,,,3.083,0.764,-0.74,0.116,52,4,36764
2026-01-28 08:02:44,37.11,53.98,,,3.083,0.764,-0.74,0.116,52,4,36765
2026-01-28 08:02:47,37.1,53.96,,,3.083,0.764,-0.74,0.124,52,4,36766
2026-01-28 08:02:49,37.11,53.97,,,3.083,0.764,-0.74,0.128,52,4,36767
2026-01-28 08:02:52,37.1,53.97,,,3.083,0.764,-0.736,0.12,52,4,36768
2026-01-28 08:02:55,37.12,53.96,,,3.083,0.764,-0.744,0.116,52,4,36769
2026-01-28 08:02:57,37.1,53.99,,,3.083,0.764,-0.744,0.124,52,4,36770
2026-01-28 08:03:00,37.12,53.95,,,3.083,0.768,-0.744,0.112,52,4,36771
2026-01-28 08:03:02,37.12,53.98,,,3.083,0.768,-0.744,0.116,52,4,36772
2026-01-28 08:03:05,37.11,53.96,,,3.083,0.76,-0.74,0.12,52,4,36773
2026-01-28 08:03:08,37.1,53.96,,,3.083,0.76,-0.74,0.112,52,4,36774
2026-01-28 08:03:11,37.11,53.98,,,3.083,0.76,-0.736,0.124,52,4,36775
2026-01-28 08:03:15,37.11,53.98,,,3.083,0.76,-0.74,0.124,52,4,36777
2026-01-28 08:03:17,37.12,53.99,,,3.083,0.764,-0.744,0.116,52,4,36778
2026-01-28 08:03:20,37.11,53.98,,,3.045,0.764,-0.74,0.12,52,4,36779
2026-01-28 08:03:23,37.14,53.97,,,3.045,0.764,-0.736,0.116,52,4,36780
2026-01-28 08:03:25,37.12,53.97,,,3.045,0.76,-0.736,0.116,52,4,36781
2026-01-28 08:03:28,37.11,53.95,,,3.045,0.76,-0.74,0.116,52,4,36782
2026-01-28 08:03:30,37.12,53.97,,,3.045,0.756,-0.74,0.112,52,4,36783
2026-01-28 08:03:33,37.11,53.98,,,3.045,0.76,-0.748,0.124,52,4,36784
2026-01-28 08:03:36,37.1,53.97,,,3.045,0.776,-0.724,0.12,52,4,36785
2026-01-28 08:03:39,37.12,53.97,,,3.045,0.768,-0.744,0.12,52,4,36786
2026-01-28 08:03:43,37.12,53.99,,,3.045,0.768,-0.74,0.136,52,4,36788
2026-01-28 08:03:46,37.12,54.01,,,3.045,0.76,-0.74,0.12,52,4,36789
2026-01-28 08:03:49,37.11,53.97,,,3.045,0.764,-0.74,0.124,52,4,36790
2026-01-28 08:03:51,37.13,53.97,,,3.045,0.756,-0.744,0.128,52,4,36791
2026-01-28 08:03:54,37.11,53.99,,,3.045,0.768,-0.744,0.12,52,4,36792
2026-01-28 08:03:57,37.13,53.96,,,3.045,0.812,-0.716,0.32,53,4,36793
2026-01-28 08:04:02,37.14,53.96,,,3.045,0.22,0.328,0.916,55,4,36795
2026-01-28 08:04:05,37.13,53.95,,,3.045,0.104,0.24,0.972,58,4,36796
2026-01-28 08:04:09,37.12,53.97,,,3.045,0.112,0.252,0.976,58,4,36798
2026-01-28 08:04:11,37.11,53.98,,,3.045,0.112,0.248,0.972,58,4,36799
2026-01-28 08:04:14,37.11,53.97,,,3.045,0.116,0.252,0.976,58,4,36800
2026-01-28 08:04:17,37.13,53.96,,,3.045,0.108,0.252,0.976,58,4,36801
2026-01-28 08:04:19,37.12,53.99,,,3.027,0.596,0.612,0.34,59,4,36802
2026-01-28 08:04:22,37.13,53.96,,,3.027,0.252,-0.016,-0.8,59,4,36803
2026-01-28 08:04:24,37.14,53.99,,,3.027,-0.644,-0.648,0.344,59,4,36804
2026-01-28 08:04:27,37.12,53.97,,,3.027,0.588,0.66,-0.212,59,4,36805
2026-01-28 08:04:30,37.12,53.96,,,3.027,-0.276,-0.208,0.96,59,4,36806
2026-01-28 08:04:32,37.14,53.94,,,3.027,-0.82,-1.512,-0.508,59,4,36807
2026-01-28 08:04:35,37.13,53.94,,,3.027,0.368,0.496,0.808,60,4,36808
2026-01-28 08:04:37,37.14,53.92,,,3.027,-0.812,-1.1,-0.28,60,4,36809
2026-01-28 08:04:40,37.13,53.89,,,3.027,0.716,0.744,0.032,60,4,36810
2026-01-28 08:04:43,37.13,53.85,,,3.027,-0.62,-0.64,0.472,61,4,36811
2026-01-28 08:04:45,37.12,53.85,,,3.027,0.468,0.316,-0.368,61,4,36812
2026-01-28 08:04:48,37.13,53.84,,,3.027,0.008,0.164,1.088,61,4,36813
2026-01-28 08:04:50,37.12,53.82,,,3.027,0.04,-0.18,-0.972,61,4,36814
2026-01-28 08:04:53,37.12,53.82,,,3.027,-0.676,-0.884,0.256,61,4,36815
2026-01-28 08:04:55,37.13,53.78,,,3.027,-0.672,-0.784,0.084,61,4,36816
2026-01-28 08:04:58,37.12,53.79,,,3.027,-0.512,-0.484,0.744,62,4,36817
2026-01-28 08:05:00,37.11,53.8,,,3.027,-0.628,-0.644,0.516,63,4,36818
2026-01-28 08:05:03,37.12,53.81,,,3.027,0.556,0.664,0.592,64,4,36819
2026-01-28 08:05:05,37.1,53.81,,,3.027,0.532,0.64,0.584,64,4,36820
2026-01-28 08:05:08,37.12,53.77,,,3.027,0.532,0.644,0.58,64,4,36821
2026-01-28 08:05:11,37.1,53.77,,,3.027,0.536,0.64,0.584,64,4,36822
2026-01-28 08:05:13,37.11,53.76,,,3.027,0.536,0.644,0.588,64,4,36823
2026-01-28 08:05:16,37.1,53.74,,,3.027,0.52,0.64,0.58,64,4,36824
2026-01-28 08:05:18,37.1,53.76,,,3.027,0.532,0.636,0.588,64,4,36825
2026-01-28 08:05:21,37.08,53.75,,,3.034,0.524,0.64,0.584,64,4,36826
2026-01-28 08:05:24,37.1,53.75,,,3.034,0.532,0.644,0.592,64,4,36827
2026-01-28 08:05:26,37.1,53.71,,,3.034,0.528,0.644,0.588,64,4,36828
2026-01-28 08:05:29,37.09,53.73,,,3.034,0.528,0.648,0.596,64,4,36829
2026-01-28 08:05:31,37.07,53.71,,,3.034,0.528,0.64,0.592,64,4,36830
2026-01-28 08:05:34,37.07,53.71,,,3.034,0.528,0.64,0.592,64,4,36831
2026-01-28 08:05:37,37.07,53.71,,,3.034,0.528,0.636,0.584,64,4,36832
2026-01-28 08:05:39,37.07,53.73,,,3.034,0.536,0.644,0.588,64,4,36833
2026-01-28 08:05:42,37.08,53.69,,,3.034,0.528,0.64,0.588,64,4,36834
2026-01-28 08:05:44,37.06,53.7,,,3.034,0.532,0.632,0.584,64,4,36835
2026-01-28 08:05:46,37.07,53.7,,,3.034,0.528,0.636,0.592,64,4,36836
2026-01-28 08:05:49,37.07,53.7,,,3.034,0.528,0.64,0.588,64,4,36837
2026-01-28 08:05:52,37.06,53.7,,,3.034,0.532,0.64,0.588,64,4,36838
2026-01-28 08:05:54,37.03,53.69,,,3.034,0.528,0.644,0.588,64,4,36839
2026-01-28 08:05:57,37.05,53.68,,,3.034,0.532,0.636,0.588,64,4,36840
2026-01-28 08:05:59,37.04,53.67,,,3.034,0.524,0.64,0.588,64,4,36841
2026-01-28 08:06:02,37.05,53.69,,,3.034,0.532,0.632,0.588,64,4,36842
2026-01-28 08:06:05,37.03,53.7,,,3.034,0.528,0.636,0.596,64,4,36843
2026-01-28 08:06:07,37.02,53.68,,,3.034,0.524,0.64,0.592,64,4,36844
2026-01-28 08:06:10,37.03,53.71,,,3.034,0.528,0.64,0.592,64,4,36845
2026-01-28 08:06:13,37.01,53.69,,,3.034,0.524,0.64,0.596,64,4,36846
2026-01-28 08:06:15,37.02,53.69,,,3.034,0.532,0.648,0.596,64,4,36847
2026-01-28 08:06:18,37.01,53.68,,,3.034,0.528,0.636,0.588,64,4,36848
2026-01-28 08:06:20,37,53.68,,,3.038,0.52,0.628,0.592,64,4,36849
2026-01-28 08:06:23,37.01,53.71,,,3.038,0.524,0.636,0.592,64,4,36850
2026-01-28 08:06:25,36.99,53.68,,,3.038,0.528,0.636,0.592,64,4,36851
2026-01-28 08:06:28,36.99,53.68,,,3.038,0.524,0.644,0.592,64,4,36852
2026-01-28 08:06:31,36.99,53.69,,,3.038,0.528,0.64,0.584,64,4,36853
2026-01-28 08:06:33,36.99,53.7,,,3.038,0.528,0.648,0.6,64,4,36854
2026-01-28 08:06:35,36.99,53.69,,,3.038,0.52,0.64,0.592,64,4,36855
2026-01-28 08:06:38,36.99,53.69,,,3.038,0.532,0.64,0.592,64,4,36856
2026-01-28 08:06:40,36.96,53.69,,,3.038,0.528,0.644,0.592,64,4,36857
2026-01-28 08:06:43,36.97,53.7,,,3.038,0.528,0.644,0.596,64,4,36858
2026-01-28 08:06:46,36.96,53.69,,,3.038,0.528,0.64,0.592,64,4,36859
2026-01-28 08:06:48,36.96,53.71,,,3.038,0.532,0.64,0.588,64,4,36860
2026-01-28 08:06:51,36.96,53.72,,,3.038,0.528,0.64,0.596,64,4,36861
2026-01-28 08:06:53,36.94,53.71,,,3.038,0.524,0.644,0.592,64,4,36862
2026-01-28 08:06:56,36.96,53.71,,,3.038,0.528,0.64,0.588,64,4,36863
2026-01-28 08:06:59,36.96,53.73,,,3.038,0.52,0.644,0.6,64,4,36864
2026-01-28 08:07:01,36.94,53.72,,,3.038,0.524,0.64,0.588,64,4,36865
2026-01-28 08:07:04,36.92,53.73,,,3.038,0.532,0.64,0.584,64,4,36866
2026-01-28 08:07:06,36.93,53.72,,,3.038,0.52,0.636,0.576,64,4,36867
2026-01-28 08:07:09,36.92,53.75,,,3.038,0.528,0.648,0.588,64,4,36868
2026-01-28 08:07:13,36.92,53.73,,,3.038,0.528,0.636,0.588,64,4,36869
2026-01-28 08:07:17,36.92,53.73,,,3.038,0.528,0.636,0.584,64,4,36871
2026-01-28 08:07:19,36.92,53.75,,,3.038,0.524,0.636,0.592,64,4,36872
2026-01-28 08:07:22,36.9,53.75,,,3.038,0.528,0.636,0.592,64,4,36873
2026-01-28 08:07:24,36.91,53.73,,,3.038,0.52,0.64,0.596,64,4,36874
2026-01-28 08:07:27,36.9,53.72,,,3.038,0.524,0.632,0.588,64,4,36875
2026-01-28 08:07:29,36.88,53.73,,,3.038,0.524,0.648,0.596,64,4,36876
2026-01-28 08:07:32,36.89,53.78,,,3.038,0.532,0.64,0.584,64,4,36877
2026-01-28 08:07:34,36.89,53.78,,,3.038,0.516,0.612,0.576,64,4,36878
2026-01-28 08:07:37,36.88,53.77,,,3.038,0.696,0.692,-0.28,65,4,36879
2026-01-28 08:07:40,36.87,53.78,,,3.038,-0.628,-0.8,-0.056,65,4,36880
2026-01-28 08:07:42,36.86,53.77,,,3.038,0.12,0.272,0.98,65,4,36881
2026-01-28 08:12:43,36.52,54.1,,,3.027,0.496,0.608,0.648,68,4,36998
2026-01-28 08:14:54,36.44,54.16,,,3.027,0.496,0.6,0.652,69,4,37049
2026-01-28 08:14:59,36.44,54.16,,,3.027,0.5,0.616,0.648,69,4,37051
2026-01-28 08:15:02,36.43,54.14,,,3.027,0.484,0.62,0.66,69,4,37052
2026-01-28 08:15:05,36.42,54.17,,,3.027,0.48,0.596,0.672,69,4,37053
2026-01-28 08:15:09,36.45,54.17,,,3.027,0.492,0.596,0.652,69,4,37055
2026-01-28 08:15:13,36.42,54.16,,,3.027,0.504,0.616,0.648,69,4,37056
2026-01-28 08:15:17,36.42,54.15,,,3.027,0.48,0.612,0.66,69,4,37058
2026-01-28 08:15:20,36.43,54.14,,,3.027,0.488,0.604,0.668,69,4,37059
2026-01-28 08:15:22,36.42,54.17,,,3.027,0.488,0.588,0.656,69,4,37060
2026-01-28 08:15:25,36.42,54.13,,,3.023,0.492,0.592,0.648,69,4,37061
2026-01-28 08:15:28,36.42,54.15,,,3.023,0.496,0.612,0.644,69,4,37062
2026-01-28 08:15:30,36.43,54.15,,,3.023,0.5,0.604,0.636,69,4,37063
2026-01-28 08:15:33,36.42,54.16,,,3.023,0.504,0.604,0.64,69,4,37064
2026-01-28 08:15:35,36.42,54.15,,,3.023,0.492,0.604,0.656,69,4,37065
2026-01-28 08:15:38,36.4,54.15,,,3.023,0.496,0.616,0.64,69,4,37066
2026-01-28 08:15:40,36.41,54.16,,,3.023,0.492,0.608,0.668,69,4,37067
2026-01-28 08:15:43,36.42,54.15,,,3.023,0.484,0.604,0.676,69,4,37068
2026-01-28 08:15:45,36.42,54.16,,,3.023,0.472,0.608,0.668,69,4,37069
2026-01-28 08:15:48,36.4,54.16,,,3.023,0.476,0.612,0.676,69,4,37070
2026-01-28 08:15:51,36.42,54.16,,,3.023,0.472,0.6,0.684,69,4,37071
2026-01-28 08:15:53,36.4,54.17,,,3.023,0.476,0.588,0.68,69,4,37072
2026-01-28 08:15:56,36.41,54.17,,,3.023,0.48,0.588,0.668,69,4,37073
2026-01-28 08:15:58,36.41,54.14,,,3.023,0.484,0.58,0.668,69,4,37074
2026-01-28 08:16:01,36.4,54.15,,,3.023,0.48,0.584,0.668,69,4,37075
2026-01-28 08:16:03,36.41,54.16,,,3.023,0.464,0.604,0.688,69,4,37076
2026-01-28 08:16:06,36.4,54.16,,,3.023,0.468,0.596,0.68,69,4,37077
2026-01-28 08:16:09,36.39,54.16,,,3.023,0.464,0.588,0.692,69,4,37078
2026-01-28 08:16:11,36.39,54.14,,,3.023,0.472,0.612,0.688,69,4,37079
2026-01-28 08:16:14,36.41,54.17,,,3.023,0.472,0.604,0.696,69,4,37080
2026-01-28 08:16:16,36.4,54.15,,,3.023,0.484,0.6,0.68,69,4,37081
2026-01-28 08:16:19,36.39,54.16,,,3.023,0.488,0.604,0.672,69,4,37082
2026-01-28 08:16:22,36.39,54.18,,,3.023,0.484,0.6,0.664,69,4,37083
2026-01-28 08:16:24,36.39,54.17,,,3.03,0.492,0.6,0.672,69,4,37084
2026-01-28 08:16:27,36.39,54.17,,,3.03,0.476,0.576,0.676,69,4,37085
2026-01-28 08:16:29,36.39,54.16,,,3.03,0.472,0.58,0.68,69,4,37086
2026-01-28 08:16:32,36.39,54.17,,,3.03,0.464,0.588,0.692,69,4,37087
2026-01-28 08:16:34,36.37,54.17,,,3.03,0.468,0.588,0.704,69,4,37088
2026-01-28 08:16:37,36.39,54.18,,,3.03,0.472,0.6,0.7,69,4,37089
2026-01-28 08:16:39,36.39,54.2,,,3.03,0.464,0.604,0.7,69,4,37090
2026-01-28 08:16:42,36.39,54.16,,,3.03,0.46,0.592,0.704,69,4,37091
2026-01-28 08:16:45,36.39,54.18,,,3.03,0.456,0.592,0.696,69,4,37092
2026-01-28 08:16:47,36.38,54.16,,,3.03,0.456,0.588,0.692,69,4,37093
2026-01-28 08:16:50,36.37,54.17,,,3.03,0.46,0.584,0.696,69,4,37094
2026-01-28 08:16:52,36.37,54.19,,,3.03,0.464,0.588,0.692,69,4,37095
2026-01-28 08:16:55,36.38,54.17,,,3.03,0.472,0.576,0.684,69,4,37096
2026-01-28 08:16:57,36.37,54.17,,,3.03,0.468,0.568,0.688,69,4,37097
2026-01-28 08:17:00,36.38,54.16,,,3.03,0.472,0.572,0.684,69,4,37098
2026-01-28 08:17:03,36.39,54.17,,,3.03,0.476,0.572,0.684,69,4,37099
2026-01-28 08:17:05,36.36,54.19,,,3.03,0.476,0.572,0.688,69,4,37100
2026-01-28 08:17:08,36.38,54.18,,,3.03,0.472,0.572,0.676,69,4,37101
2026-01-28 08:17:10,36.36,54.16,,,3.03,0.48,0.58,0.676,69,4,37102
2026-01-28 08:17:13,36.36,54.18,,,3.03,0.48,0.584,0.668,69,4,37103
2026-01-28 08:17:16,36.35,54.16,,,3.03,0.484,0.584,0.676,69,4,37104
2026-01-28 08:17:18,36.37,54.19,,,3.03,0.48,0.588,0.672,69,4,37105
2026-01-28 08:17:23,36.37,54.16,,,3.03,0.468,0.572,0.688,71,4,37107
2026-01-28 08:17:26,36.35,54.21,,,3.03,0.472,0.572,0.684,71,4,37108
2026-01-28 08:17:28,36.35,54.16,,,3.03,0.46,0.584,0.704,71,4,37109
2026-01-28 08:17:31,36.34,54.17,,,3.03,0.464,0.592,0.7,71,4,37110
2026-01-28 08:17:36,36.36,54.18,,,3.03,0.476,0.576,0.684,71,4,37112
2026-01-28 08:17:39,36.35,54.19,,,3.03,0.48,0.6,0.668,71,4,37113
2026-01-28 08:17:41,36.35,54.18,,,3.03,0.48,0.592,0.68,71,4,37114
2026-01-28 08:17:44,36.35,54.18,,,3.03,0.468,0.58,0.688,71,4,37115
2026-01-28 08:17:46,36.35,54.17,,,3.03,0.48,0.592,0.7,71,4,37116
2026-01-28 08:17:49,36.35,54.19,,,3.03,0.476,0.596,0.672,71,4,37117
2026-01-28 08:17:52,36.35,54.17,,,3.03,0.476,0.596,0.672,71,4,37118
2026-01-28 08:17:54,36.33,54.18,,,3.03,0.484,0.584,0.668,71,4,37119
2026-01-28 08:17:57,36.35,54.18,,,3.03,0.48,0.6,0.676,71,4,37120
2026-01-28 08:17:59,36.35,54.2,,,3.03,0.472,0.576,0.684,71,4,37121
2026-01-28 08:18:02,36.33,54.17,,,3.03,0.472,0.572,0.692,71,4,37122
2026-01-28 08:18:04,36.34,54.18,,,3.03,0.46,0.572,0.688,71,4,37123
2026-01-28 08:18:07,36.34,54.18,,,3.03,0.472,0.572,0.692,71,4,37124
2026-01-28 08:18:09,36.33,54.19,,,3.03,0.468,0.572,0.684,71,4,37125
2026-01-28 08:18:12,36.32,54.19,,,3.03,0.464,0.58,0.684,71,4,37126
2026-01-28 08:18:14,36.35,54.17,,,3.03,0.472,0.588,0.676,71,4,37127
2026-01-28 08:18:17,36.32,54.2,,,3.03,0.468,0.576,0.68,71,4,37128
2026-01-28 08:18:20,36.34,54.19,,,3.03,0.472,0.596,0.68,71,4,37129
2026-01-28 08:18:22,36.34,54.18,,,3.03,0.476,0.604,0.684,71,4,37130
2026-01-28 08:18:25,36.32,54.2,,,3.027,0.48,0.596,0.668,71,4,37131
2026-01-28 08:18:27,36.33,54.19,,,3.027,0.48,0.588,0.684,71,4,37132
2026-01-28 08:18:30,36.32,54.18,,,3.027,0.464,0.596,0.668,71,4,37133
2026-01-28 08:18:33,36.32,54.2,,,3.027,0.468,0.584,0.676,71,4,37134
2026-01-28 08:18:35,36.32,54.2,,,3.027,0.472,0.588,0.68,71,4,37135
2026-01-28 08:18:38,36.32,54.17,,,3.027,0.464,0.58,0.696,71,4,37136
2026-01-28 08:18:40,36.32,54.19,,,3.027,0.452,0.592,0.712,71,4,37137
2026-01-28 08:18:43,36.32,54.2,,,3.027,0.456,0.568,0.708,71,4,37138
2026-01-28 08:18:47,36.32,54.19,,,3.027,0.468,0.576,0.688,71,4,37139
2026-01-28 08:18:51,36.32,54.21,,,3.027,0.464,0.588,0.676,71,4,37141
2026-01-28 08:18:54,36.31,54.21,,,3.027,0.464,0.588,0.684,71,4,37142
2026-01-28 08:18:56,36.32,54.19,,,3.027,0.472,0.564,0.68,71,4,37143
2026-01-28 08:18:58,36.32,54.22,,,3.027,0.464,0.568,0.688,71,4,37144
2026-01-28 08:19:01,36.32,54.19,,,3.027,0.46,0.576,0.7,71,4,37145
2026-01-28 08:19:03,36.32,54.21,,,3.027,0.46,0.58,0.708,71,4,37146
2026-01-28 08:19:06,36.32,54.18,,,3.027,0.452,0.604,0.712,71,4,37147
2026-01-28 08:19:08,36.29,54.2,,,3.027,0.472,0.588,0.704,71,4,37148
2026-01-28 08:19:11,36.32,54.2,,,3.027,0.468,0.584,0.676,71,4,37149
2026-01-28 08:19:14,36.3,54.21,,,3.027,0.48,0.588,0.684,71,4,37150
2026-01-28 08:19:17,36.32,54.21,,,3.027,0.472,0.592,0.68,71,4,37151
2026-01-28 08:19:21,36.32,54.18,,,3.027,0.468,0.584,0.696,71,4,37153
2026-01-28 08:19:24,36.32,54.18,,,3.027,0.472,0.584,0.692,71,4,37154
2026-01-28 08:19:27,36.29,54.19,,,3.023,0.46,0.572,0.708,71,4,37155
2026-01-28 08:19:29,36.31,54.2,,,3.023,0.456,0.58,0.716,71,4,37156
2026-01-28 08:19:32,36.3,54.2,,,3.023,0.46,0.588,0.708,71,4,37157
2026-01-28 08:19:34,36.3,54.18,,,3.023,0.46,0.596,0.704,71,4,37158
2026-01-28 08:19:37,36.29,54.18,,,3.023,0.468,0.596,0.708,71,4,37159
2026-01-28 08:19:40,36.3,54.22,,,3.023,0.464,0.58,0.684,71,4,37160
2026-01-28 08:19:42,36.3,54.21,,,3.023,0.484,0.592,0.672,71,4,37161
2026-01-28 08:19:45,36.3,54.2,,,3.023,0.468,0.596,0.684,71,4,37162
2026-01-28 08:19:47,36.3,54.19,,,3.023,0.472,0.592,0.684,71,4,37163
2026-01-28 08:19:49,36.3,54.17,,,3.023,0.464,0.572,0.684,71,4,37164
2026-01-28 08:19:52,36.3,54.19,,,3.023,0.472,0.568,0.688,71,4,37165
2026-01-28 08:23:10,36.23,54.22,,,3.027,0.468,0.568,0.692,71,4,37242
2026-01-28 08:23:12,36.22,54.23,,,3.027,0.464,0.568,0.696,71,4,37243
2026-01-28 08:23:15,36.23,54.2,,,3.027,0.456,0.572,0.704,71,4,37244
2026-01-28 08:23:18,36.22,54.21,,,3.027,0.452,0.592,0.712,71,4,37245
2026-01-28 08:23:20,36.22,54.24,,,3.027,0.448,0.592,0.716,71,4,37246
2026-01-28 08:23:24,36.22,54.22,,,3.027,0.452,0.596,0.708,71,4,37247
2026-01-28 08:23:28,36.21,54.24,,,3.03,0.456,0.596,0.716,71,4,37249
2026-01-28 08:23:31,36.21,54.2,,,3.03,0.472,0.596,0.704,71,4,37250
2026-01-28 08:23:33,36.24,54.25,,,3.03,0.472,0.584,0.692,71,4,37251
2026-01-28 08:23:36,36.22,54.24,,,3.03,0.472,0.588,0.684,71,4,37252
2026-01-28 08:23:38,36.21,54.22,,,3.03,0.476,0.592,0.672,71,4,37253
2026-01-28 08:23:41,36.22,54.22,,,3.03,0.476,0.592,0.668,71,4,37254
2026-01-28 08:23:44,36.22,54.23,,,3.03,0.468,0.588,0.684,71,4,37255
2026-01-28 08:23:46,36.22,54.23,,,3.03,0.468,0.564,0.688,71,4,37256
2026-01-28 08:23:49,36.22,54.23,,,3.03,0.456,0.572,0.7,71,4,37257
2026-01-28 08:23:51,36.21,54.21,,,3.03,0.444,0.592,0.708,71,4,37258
2026-01-28 08:23:54,36.21,54.22,,,3.03,0.464,0.584,0.684,71,4,37259
2026-01-28 08:23:56,36.21,54.22,,,3.03,0.476,0.588,0.672,71,4,37260
2026-01-28 08:23:59,36.21,54.23,,,3.03,0.476,0.592,0.692,71,4,37261
2026-01-28 08:24:01,36.22,54.23,,,3.03,0.464,0.568,0.692,71,4,37262
2026-01-28 08:24:04,36.22,54.22,,,3.03,0.452,0.576,0.7,71,4,37263
2026-01-28 08:24:07,36.21,54.25,,,3.03,-0.112,-0.444,-0.932,73,4,37264
2026-01-28 08:24:09,36.21,54.24,,,3.03,-0.32,-0.24,0.92,73,4,37265
2026-01-28 08:24:12,36.21,54.24,,,3.03,-0.352,-0.256,0.94,74,4,37266
2026-01-28 08:24:14,36.22,54.25,,,3.03,-0.332,-0.26,0.932,74,4,37267
2026-01-28 08:24:17,36.19,54.25,,,3.03,-0.32,-0.252,0.92,74,4,37268
2026-01-28 08:24:19,36.21,54.26,,,3.03,-0.34,-0.24,0.924,74,4,37269
2026-01-28 08:24:23,36.21,54.25,,,3.03,-0.336,-0.248,0.912,74,4,37270
2026-01-28 08:24:28,36.19,54.3,,,3.023,-0.364,-0.252,0.944,74,4,37272
2026-01-28 08:24:33,36.21,54.29,,,3.023,-0.36,-0.28,0.912,74,4,37274
2026-01-28 08:24:35,36.21,54.31,,,3.023,-0.336,-0.28,0.908,74,4,37275
2026-01-28 08:24:38,36.22,54.32,,,3.023,-0.348,-0.264,0.92,74,4,37276
2026-01-28 08:24:40,36.21,54.31,,,3.023,-0.348,-0.268,0.932,74,4,37277
2026-01-28 08:24:43,36.22,54.32,,,3.023,-0.38,-0.26,0.924,74,4,37278
2026-01-28 08:24:45,36.21,54.32,,,3.023,-0.364,-0.284,0.928,74,4,37279
2026-01-28 08:24:48,36.23,54.32,,,3.023,-0.348,-0.292,0.912,74,4,37280
2026-01-28 08:24:50,36.23,54.34,,,3.023,-0.34,-0.276,0.9,74,4,37281
2026-01-28 08:24:53,36.22,54.33,,,3.023,-0.36,-0.264,0.912,74,4,37282
2026-01-28 08:24:56,36.21,54.33,,,3.023,-0.364,-0.268,0.912,74,4,37283
2026-01-28 08:25:01,36.23,54.33,,,3.023,-0.356,-0.268,0.928,74,4,37285
2026-01-28 08:25:03,36.22,54.36,,,3.023,-0.368,-0.264,0.932,74,4,37286
2026-01-28 08:25:06,36.21,54.35,,,3.023,-0.376,-0.28,0.936,74,4,37287
2026-01-28 08:25:11,36.22,54.36,,,3.023,-0.356,-0.292,0.916,74,4,37289
2026-01-28 08:25:14,36.22,54.35,,,3.023,-0.34,-0.284,0.9,74,4,37290
2026-01-28 08:25:16,36.24,54.37,,,3.023,-0.372,-0.264,0.908,74,4,37291
2026-01-28 08:25:19,36.23,54.38,,,3.023,-0.356,-0.272,0.92,74,4,37292
2026-01-28 08:25:22,36.23,54.38,,,3.023,-0.352,-0.264,0.912,74,4,37293
2026-01-28 08:25:26,36.23,54.37,,,3.023,-0.364,-0.276,0.928,74,4,37295
2026-01-28 08:25:29,36.24,54.38,,,3.034,-0.368,-0.268,0.932,74,4,37296
2026-01-28 08:25:32,36.24,54.37,,,3.034,-0.364,-0.268,0.92,74,4,37297
2026-01-28 08:25:34,36.23,54.38,,,3.034,-0.376,-0.276,0.928,74,4,37298
2026-01-28 08:25:36,36.24,54.38,,,3.034,-0.376,-0.28,0.928,74,4,37299
2026-01-28 08:25:39,36.25,54.39,,,3.034,-0.376,-0.284,0.928,74,4,37300
2026-01-28 08:25:42,36.26,54.37,,,3.034,-0.368,-0.288,0.916,74,4,37301
2026-01-28 08:25:44,36.25,54.39,,,3.034,-0.372,-0.292,0.912,74,4,37302
2026-01-28 08:25:47,36.26,54.38,,,3.034,-0.368,-0.284,0.916,74,4,37303
2026-01-28 08:25:49,36.25,54.4,,,3.034,-0.368,-0.284,0.912,74,4,37304
2026-01-28 08:25:52,36.26,54.41,,,3.034,-0.36,-0.292,0.916,74,4,37305
2026-01-28 08:25:55,36.27,54.41,,,3.034,-0.36,-0.296,0.924,74,4,37306
2026-01-28 08:25:57,36.25,54.4,,,3.034,-0.356,-0.292,0.912,74,4,37307
2026-01-28 08:26:00,36.25,54.4,,,3.034,-0.348,-0.284,0.912,74,4,37308
2026-01-28 08:26:02,36.27,54.39,,,3.034,-0.352,-0.288,0.912,74,4,37309
2026-01-28 08:26:05,36.26,54.4,,,3.034,-0.352,-0.292,0.916,74,4,37310
2026-01-28 08:26:08,36.26,54.41,,,3.034,-0.348,-0.3,0.908,74,4,37311
2026-01-28 08:26:10,36.27,54.38,,,3.034,-0.352,-0.28,0.904,74,4,37312
2026-01-28 08:26:13,36.27,54.42,,,3.034,-0.364,-0.276,0.912,74,4,37313
2026-01-28 08:26:15,36.27,54.4,,,3.034,-0.348,-0.268,0.916,74,4,37314
2026-01-28 08:26:18,36.27,54.4,,,3.034,-0.368,-0.268,0.92,74,4,37315
2026-01-28 08:26:21,36.27,54.41,,,3.034,-0.38,-0.28,0.924,74,4,37316
2026-01-28 08:26:23,36.28,54.41,,,3.034,-0.384,-0.28,0.92,74,4,37317
2026-01-28 08:26:25,36.28,54.41,,,3.034,-0.376,-0.288,0.912,74,4,37318
2026-01-28 08:26:28,36.27,54.41,,,3.027,-0.36,-0.296,0.912,74,4,37319
2026-01-28 08:26:30,36.28,54.42,,,3.027,-0.36,-0.292,0.904,74,4,37320
2026-01-28 08:26:33,36.27,54.39,,,3.027,-0.356,-0.28,0.904,74,4,37321
2026-01-28 08:26:36,36.28,54.42,,,3.027,-0.36,-0.268,0.892,74,4,37322
2026-01-28 08:26:38,36.28,54.4,,,3.027,-0.372,-0.268,0.908,74,4,37323
2026-01-28 08:26:41,36.28,54.41,,,3.027,-0.364,-0.276,0.908,74,4,37324
2026-01-28 08:26:43,36.28,54.39,,,3.027,-0.36,-0.272,0.912,74,4,37325
2026-01-28 08:26:46,36.27,54.41,,,3.027,-0.348,-0.272,0.912,74,4,37326
2026-01-28 08:26:49,36.29,54.42,,,3.027,-0.372,-0.272,0.928,74,4,37327
2026-01-28 08:26:51,36.29,54.42,,,3.027,-0.376,-0.268,0.92,74,4,37328
2026-01-28 08:26:54,36.3,54.4,,,3.027,-0.38,-0.272,0.92,74,4,37329
2026-01-28 08:26:56,36.29,54.41,,,3.027,-0.376,-0.284,0.92,74,4,37330
2026-01-28 08:26:59,36.3,54.43,,,3.027,-0.372,-0.292,0.916,74,4,37331
2026-01-28 08:27:02,36.28,54.42,,,3.027,-0.352,-0.292,0.912,74,4,37332
2026-01-28 08:27:04,36.31,54.43,,,3.027,-0.352,-0.264,0.9,74,4,37333
2026-01-28 08:27:07,36.3,54.42,,,3.027,-0.368,-0.276,0.912,74,4,37334
2026-01-28 08:27:09,36.31,54.41,,,3.027,-0.36,-0.28,0.916,74,4,37335
2026-01-28 08:27:12,36.31,54.42,,,3.027,-0.352,-0.276,0.916,74,4,37336
2026-01-28 08:27:14,36.3,54.44,,,3.027,-0.36,-0.276,0.92,74,4,37337
2026-01-28 08:27:17,36.3,54.41,,,3.027,-0.364,-0.276,0.92,74,4,37338
2026-01-28 08:27:19,36.31,54.43,,,3.027,-0.372,-0.268,0.916,74,4,37339
2026-01-28 08:27:22,36.31,54.42,,,3.027,-0.376,-0.288,0.912,74,4,37340
2026-01-28 08:27:24,36.32,54.41,,,3.027,-0.372,-0.292,0.912,74,4,37341
2026-01-28 08:27:27,36.32,54.42,,,3.027,-0.352,-0.292,0.9,74,4,37342
2026-01-28 08:27:30,36.32,54.42,,,3.038,-0.368,-0.276,0.9,74,4,37343
2026-01-28 08:27:32,36.32,54.41,,,3.038,-0.368,-0.272,0.896,74,4,37344
2026-01-28 08:27:35,36.32,54.44,,,3.038,-0.364,-0.28,0.904,74,4,37345
2026-01-28 08:27:37,36.32,54.43,,,3.038,-0.356,-0.288,0.904,74,4,37346
2026-01-28 08:27:41,36.32,54.44,,,3.038,-0.36,-0.28,0.908,74,4,37347
2026-01-28 08:27:43,36.32,54.43,,,3.038,-0.356,-0.276,0.916,74,4,37348
2026-01-28 08:27:46,36.32,54.41,,,3.038,-0.38,-0.276,0.92,74,4,37349
2026-01-28 08:27:51,36.32,54.42,,,3.038,-0.364,-0.276,0.904,74,4,37351
2026-01-28 08:27:56,36.33,54.43,,,3.038,-0.356,-0.288,0.92,74,4,37353
2026-01-28 08:27:58,36.32,54.43,,,3.038,-0.356,-0.28,0.912,74,4,37354
2026-01-28 08:28:01,36.33,54.45,,,3.038,-0.356,-0.276,0.916,74,4,37355
2026-01-28 08:28:03,36.33,54.44,,,3.038,-0.364,-0.288,0.92,74,4,37356
2026-01-28 08:28:05,36.32,54.44,,,3.038,-0.372,-0.272,0.92,74,4,37357
2026-01-28 08:28:08,36.34,54.46,,,3.038,-0.38,-0.28,0.92,74,4,37358
2026-01-28 08:28:11,36.32,54.41,,,3.038,-0.38,-0.292,0.912,74,4,37359
2026-01-28 08:28:13,36.33,54.42,,,3.038,-0.384,-0.3,0.912,74,4,37360
2026-01-28 08:28:16,36.34,54.45,,,3.038,-0.372,-0.296,0.916,74,4,37361
2026-01-28 08:28:18,36.35,54.42,,,3.038,-0.36,-0.296,0.892,74,4,37362
2026-01-28 08:28:21,36.32,54.42,,,3.038,-0.368,-0.288,0.9,74,4,37363
2026-01-28 08:28:24,36.35,54.41,,,3.038,-0.36,-0.28,0.904,74,4,37364
2026-01-28 08:28:26,36.35,54.46,,,3.038,-0.368,-0.276,0.904,74,4,37365
2026-01-28 08:28:29,36.33,54.43,,,3.034,-0.372,-0.276,0.896,74,4,37366
2026-01-28 08:28:31,36.34,54.42,,,3.034,-0.36,-0.288,0.904,74,4,37367
2026-01-28 08:28:34,36.35,54.42,,,3.034,-0.356,-0.288,0.9,74,4,37368
2026-01-28 08:28:37,36.35,54.44,,,3.034,-0.356,-0.296,0.9,74,4,37369
2026-01-28 08:28:39,36.34,54.41,,,3.034,-0.36,-0.304,0.904,74,4,37370
2026-01-28 08:28:42,36.35,54.44,,,3.034,-0.36,-0.296,0.9,74,4,37371
2026-01-28 08:28:44,36.36,54.46,,,3.034,-0.352,-0.296,0.9,74,4,37372
2026-01-28 08:28:47,36.35,54.45,,,3.034,-0.364,-0.296,0.9,74,4,37373
2026-01-28 08:28:50,36.35,54.42,,,3.034,-0.36,-0.292,0.896,74,4,37374
2026-01-28 08:28:52,36.35,54.42,,,3.034,-0.364,-0.276,0.9,74,4,37375
2026-01-28 08:28:54,36.35,54.43,,,3.034,-0.372,-0.28,0.904,74,4,37376
2026-01-28 08:28:57,36.35,54.44,,,3.034,-0.368,-0.28,0.908,74,4,37377
2026-01-28 08:28:59,36.35,54.44,,,3.034,-0.356,-0.276,0.908,74,4,37378
2026-01-28 08:29:02,36.35,54.42,,,3.034,-0.372,-0.276,0.912,74,4,37379
2026-01-28 08:29:05,36.37,54.44,,,3.034,-0.38,-0.28,0.908,74,4,37380
2026-01-28 08:29:07,36.35,54.44,,,3.034,-0.376,-0.296,0.908,74,4,37381
2026-01-28 08:29:10,36.35,54.42,,,3.034,-0.372,-0.304,0.912,74,4,37382
2026-01-28 08:29:12,36.36,54.42,,,3.034,-0.36,-0.296,0.896,74,4,37383
2026-01-28 08:29:15,36.36,54.43,,,3.034,-0.364,-0.276,0.9,74,4,37384
2026-01-28 08:29:18,36.37,54.41,,,3.034,-0.364,-0.28,0.896,74,4,37385
2026-01-28 08:29:20,36.36,54.43,,,3.034,-0.36,-0.284,0.916,74,4,37386
2026-01-28 08:29:23,36.37,54.42,,,3.034,-0.376,-0.28,0.908,74,4,37387
2026-01-28 08:29:25,36.37,54.44,,,3.034,-0.372,-0.276,0.908,74,4,37388
2026-01-28 08:29:28,36.37,54.42,,,3.034,-0.372,-0.276,0.916,74,4,37389
2026-01-28 08:29:31,36.36,54.43,,,3.066,-0.384,-0.28,0.908,74,4,37390
2026-01-28 08:29:33,36.38,54.44,,,3.066,-0.38,-0.272,0.92,74,4,37391
2026-01-28 08:29:36,36.37,54.43,,,3.066,-0.38,-0.292,0.912,74,4,37392
2026-01-28 08:29:38,36.38,54.44,,,3.066,-0.38,-0.3,0.908,74,4,37393
2026-01-28 08:29:41,36.39,54.41,,,3.066,-0.38,-0.308,0.916,74,4,37394
2026-01-28 08:29:43,36.36,54.45,,,3.066,-0.372,-0.296,0.904,74,4,37395
2026-01-28 08:29:46,36.38,54.42,,,3.066,-0.36,-0.296,0.9,74,4,37396
2026-01-28 08:29:48,36.39,54.44,,,3.066,-0.368,-0.28,0.9,74,4,37397
2026-01-28 08:29:51,36.39,54.42,,,3.066,-0.368,-0.28,0.904,74,4,37398
2026-01-28 08:29:53,36.39,54.42,,,3.066,-0.368,-0.276,0.912,74,4,37399
2026-01-28 08:29:56,36.39,54.44,,,3.066,-0.364,-0.28,0.92,74,4,37400
2026-01-28 08:29:59,36.38,54.45,,,3.066,-0.38,-0.28,0.908,74,4,37401
2026-01-28 08:30:01,36.39,54.42,,,3.066,-0.384,-0.3,0.912,74,4,37402
2026-01-28 08:30:04,36.39,54.44,,,3.066,-0.364,-0.308,0.9,74,4,37403
2026-01-28 08:30:06,36.39,54.44,,,3.066,-0.364,-0.292,0.904,74,4,37404
2026-01-28 08:30:09,36.39,54.44,,,3.066,-0.364,-0.28,0.904,74,4,37405
2026-01-28 08:30:12,36.4,54.45,,,3.066,-0.372,-0.272,0.896,74,4,37406
2026-01-28 08:30:14,36.39,54.43,,,3.066,-0.36,-0.28,0.912,74,4,37407
2026-01-28 08:30:17,36.39,54.4,,,3.066,-0.368,-0.292,0.912,74,4,37408
2026-01-28 08:30:19,36.39,54.43,,,3.066,-0.376,-0.28,0.916,74,4,37409
2026-01-28 08:30:23,36.39,54.43,,,3.066,-0.384,-0.304,0.908,74,4,37410
2026-01-28 08:30:27,36.4,54.46,,,3.066,-0.364,-0.3,0.892,74,4,37412
2026-01-28 08:30:30,36.41,54.44,,,3.03,-0.36,-0.292,0.904,74,4,37413
2026-01-28 08:30:32,36.39,54.43,,,3.03,-0.368,-0.292,0.896,74,4,37414
2026-01-28 08:30:34,36.4,54.43,,,3.03,-0.532,-0.512,0.66,75,4,37415
2026-01-28 08:30:37,36.39,54.42,,,3.03,-0.308,-0.216,0.928,76,4,37416
2026-01-28 08:30:40,36.4,54.43,,,3.03,-0.312,-0.22,0.932,76,4,37417
2026-01-28 08:30:42,36.4,54.46,,,3.03,-0.32,-0.224,0.932,76,4,37418
2026-01-28 08:30:45,36.39,54.45,,,3.03,-0.316,-0.232,0.928,76,4,37419
2026-01-28 08:33:55,36.46,54.44,,,3.03,-0.312,-0.216,0.928,76,4,37493
2026-01-28 08:33:58,36.46,54.41,,,3.03,-0.324,-0.228,0.92,76,4,37494
2026-01-28 08:34:00,36.47,54.45,,,3.03,-0.312,-0.228,0.94,76,4,37495
2026-01-28 08:34:03,36.46,54.45,,,3.03,-0.304,-0.22,0.952,76,4,37496
2026-01-28 08:39:03,36.84,54.78,,,3.038,-0.492,-0.428,0.8,78,4,37613
2026-01-28 08:44:04,37.17,54.72,,,3.08,-0.5,-0.432,0.792,78,4,37730
2026-01-28 08:49:05,37.38,54.67,,,3.083,-0.496,-0.432,0.792,78,4,37847
2026-01-28 08:54:06,37.49,54.65,,,3.09,-0.488,-0.444,0.78,78,4,37964
2026-01-28 08:58:59,37.56,54.6,,,3.03,-0.488,-0.444,0.78,78,4,38078
2026-01-28 08:59:01,37.55,54.61,,,3.03,-0.484,-0.444,0.788,78,4,38079
2026-01-28 08:59:04,37.56,54.62,,,3.03,-0.492,-0.44,0.788,78,4,38080
2026-01-28 08:59:06,37.55,54.63,,,3.03,-0.488,-0.444,0.788,78,4,38081
2026-01-28 08:59:09,37.56,54.6,,,3.03,-0.48,-0.448,0.796,78,4,38082
2026-01-28 08:59:12,37.55,54.62,,,3.03,-0.484,-0.452,0.792,78,4,38083
2026-01-28 08:59:14,37.55,54.63,,,3.03,-0.488,-0.444,0.788,78,4,38084
2026-01-28 08:59:18,37.55,54.62,,,3.03,-0.488,-0.444,0.792,78,4,38085
2026-01-28 08:59:22,37.54,54.6,,,3.03,-0.484,-0.444,0.788,78,4,38087
2026-01-28 08:59:24,37.55,54.6,,,3.03,-0.488,-0.44,0.788,78,4,38088
2026-01-28 08:59:27,37.55,54.59,,,3.03,-0.488,-0.448,0.792,78,4,38089
2026-01-28 08:59:29,37.55,54.6,,,3.03,-0.484,-0.444,0.796,78,4,38090
2026-01-28 08:59:32,37.56,54.62,,,3.03,-0.488,-0.444,0.788,78,4,38091
2026-01-28 08:59:34,37.55,54.62,,,3.03,-0.484,-0.44,0.78,78,4,38092
2026-01-28 08:59:37,37.56,54.6,,,3.03,-0.484,-0.432,0.8,78,4,38093
2026-01-28 08:59:40,37.56,54.62,,,3.069,-0.488,-0.444,0.788,78,4,38094
2026-01-28 08:59:42,37.55,54.6,,,3.069,-0.484,-0.448,0.808,78,4,38095
2026-01-28 08:59:45,37.55,54.61,,,3.069,0.396,0.364,-0.256,79,4,38096
2026-01-28 08:59:47,37.57,54.62,,,3.069,0.084,-0.4,-1.016,79,4,38097
2026-01-28 08:59:50,37.55,54.62,,,3.069,0.656,0.672,-0.72,79,4,38098
2026-01-28 08:59:53,37.56,54.62,,,3.069,-0.536,-0.516,0.716,79,4,38099
2026-01-28 08:59:55,37.57,54.66,,,3.069,-0.324,-0.248,0.936,80,4,38100
2026-01-28 08:59:58,37.55,54.68,,,3.069,-0.316,-0.248,0.932,80,4,38101
2026-01-28 09:00:01,37.57,54.74,,,3.069,-0.324,-0.244,0.936,80,4,38102
2026-01-28 09:00:06,37.55,54.77,,,3.069,-0.324,-0.248,0.936,80,4,38104
2026-01-28 09:00:09,37.57,54.83,,,3.069,-0.32,-0.244,0.932,80,4,38105
2026-01-28 09:00:13,37.59,54.89,,,3.069,-0.328,-0.248,0.928,80,4,38107
2026-01-28 09:00:15,37.58,54.92,,,3.069,-0.316,-0.24,0.936,80,4,38108
2026-01-28 09:00:19,37.58,54.94,,,3.069,-0.324,-0.244,0.936,80,4,38109
2026-01-28 09:00:23,37.6,54.99,,,3.069,-0.324,-0.24,0.936,80,4,38111
2026-01-28 09:00:26,37.6,54.98,,,3.069,-0.324,-0.248,0.932,80,4,38112
2026-01-28 09:00:28,37.61,55.03,,,3.069,-0.316,-0.244,0.936,80,4,38113
2026-01-28 09:00:31,37.62,55.05,,,3.069,-0.324,-0.248,0.936,80,4,38114
2026-01-28 09:00:34,37.62,55.06,,,3.069,-0.312,-0.24,0.936,80,4,38115
2026-01-28 09:00:36,37.64,55.06,,,3.069,-0.316,-0.248,0.944,80,4,38116
2026-01-28 09:00:39,37.65,55.09,,,3.069,-0.316,-0.248,0.94,80,4,38117
2026-01-28 09:00:41,37.66,55.1,,,3.034,-0.316,-0.24,0.936,80,4,38118
2026-01-28 09:00:44,37.66,55.08,,,3.034,-0.316,-0.244,0.932,80,4,38119
2026-01-28 09:00:47,37.67,55.09,,,3.034,-0.316,-0.244,0.932,80,4,38120
2026-01-28 09:00:49,37.7,55.09,,,3.034,-0.316,-0.24,0.936,80,4,38121
2026-01-28 09:00:52,37.71,55.11,,,3.034,-0.316,-0.24,0.932,80,4,38122
2026-01-28 09:00:54,37.69,55.12,,,3.034,-0.312,-0.244,0.94,80,4,38123
2026-01-28 09:00:57,37.71,55.12,,,3.034,-0.32,-0.244,0.936,80,4,38124
2026-01-28 09:01:00,37.72,55.11,,,3.034,-0.316,-0.244,0.932,80,4,38125
2026-01-28 09:01:04,37.74,55.09,,,3.034,-0.324,-0.248,0.928,80,4,38127
2026-01-28 09:01:07,37.74,55.09,,,3.034,-0.324,-0.244,0.932,80,4,38128
2026-01-28 09:01:09,37.75,55.12,,,3.034,-0.316,-0.244,0.932,80,4,38129
2026-01-28 09:01:12,37.76,55.12,,,3.034,-0.324,-0.24,0.932,80,4,38130
2026-01-28 09:01:15,37.76,55.1,,,3.034,-0.312,-0.244,0.936,80,4,38131
2026-01-28 09:01:17,37.78,55.12,,,3.034,-0.32,-0.248,0.928,80,4,38132
2026-01-28 09:01:20,37.8,55.11,,,3.034,-0.328,-0.244,0.932,80,4,38133
2026-01-28 09:01:22,37.79,55.12,,,3.034,-0.32,-0.24,0.932,80,4,38134
2026-01-28 09:01:25,37.82,55.12,,,3.034,-0.312,-0.24,0.928,80,4,38135
2026-01-28 09:01:28,37.82,55.11,,,3.034,-0.32,-0.252,0.936,80,4,38136
2026-01-28 09:01:30,37.83,55.1,,,3.034,-0.316,-0.244,0.932,80,4,38137
2026-01-28 09:01:33,37.85,55.1,,,3.034,-0.312,-0.244,0.932,80,4,38138
2026-01-28 09:01:35,37.85,55.1,,,3.034,-0.324,-0.236,0.932,80,4,38139
2026-01-28 09:01:38,37.86,55.1,,,3.034,-0.32,-0.244,0.928,80,4,38140
2026-01-28 09:01:41,37.89,55.1,,,3.034,-0.32,-0.252,0.936,80,4,38141
2026-01-28 09:01:46,37.89,55.08,,,3.038,-0.32,-0.24,0.936,80,4,38143
2026-01-28 09:01:48,37.9,55.07,,,3.038,-0.324,-0.236,0.928,80,4,38144
2026-01-28 09:01:50,37.91,55.06,,,3.038,-0.324,-0.248,0.928,80,4,38145
2026-01-28 09:01:53,37.92,55.07,,,3.038,-0.316,-0.24,0.936,80,4,38146
2026-01-28 09:05:08,38.44,54.75,,,3.027,-0.32,-0.244,0.928,80,4,38222
2026-01-28 09:05:11,38.43,54.77,,,3.027,-0.324,-0.24,0.936,80,4,38223
2026-01-28 09:05:14,38.44,54.73,,,3.027,-0.32,-0.248,0.932,80,4,38224
2026-01-28 09:05:16,38.45,54.73,,,3.027,-0.316,-0.252,0.94,80,4,38225
2026-01-28 09:05:19,38.47,54.74,,,3.027,-0.324,-0.252,0.932,80,4,38226
2026-01-28 09:07:28,38.65,54.62,,,3.09,-0.324,-0.244,0.932,80,4,38276
2026-01-28 09:09:00,38.75,54.55,,,3.041,-0.324,-0.248,0.936,80,4,38312
2026-01-28 09:09:03,38.76,54.53,,,3.041,-0.324,-0.244,0.936,80,4,38313
2026-01-28 09:13:40,38.96,54.41,,,3.034,-0.324,-0.248,0.94,80,4,38421
2026-01-28 09:13:43,38.96,54.4,,,3.034,-0.324,-0.244,0.928,80,4,38422
2026-01-28 09:13:45,38.96,54.42,,,3.034,-0.32,-0.244,0.94,80,4,38423
2026-01-28 09:13:48,38.96,54.43,,,3.034,-0.32,-0.248,0.932,80,4,38424
2026-01-28 09:13:51,38.96,54.41,,,3.034,-0.324,-0.252,0.936,80,4,38425
2026-01-28 09:13:56,38.98,54.4,,,3.034,-0.324,-0.244,0.932,80,4,38427
2026-01-28 09:13:59,38.96,54.42,,,3.034,-0.112,-0.02,1.02,81,4,38428
2026-01-28 09:14:03,38.97,54.42,,,3.034,0.004,0.196,1.132,81,4,38430
2026-01-28 09:14:06,38.98,54.41,,,3.034,-0.228,-0.344,1.116,81,4,38431
2026-01-28 09:14:09,38.97,54.41,,,3.034,0.372,0.092,-0.732,81,4,38432
2026-01-28 09:14:12,38.98,54.4,,,3.034,-0.344,-0.232,1.064,81,4,38433
2026-01-28 09:14:16,38.96,54.47,,,3.034,-0.408,-0.344,0.868,84,4,38435
2026-01-28 09:14:18,38.97,54.49,,,3.034,-0.408,-0.352,0.864,84,4,38436
2026-01-28 09:19:19,39.46,54.74,,,3.041,-0.408,-0.352,0.864,84,4,38553
2026-01-28 09:19:32,39.47,54.74,,,3.041,-0.428,-0.344,0.876,84,4,38558
2026-01-28 09:19:35,39.46,54.74,,,3.041,-0.424,-0.352,0.864,84,4,38559
2026-01-28 09:19:37,39.46,54.76,,,3.041,-0.408,-0.368,0.864,84,4,38560
2026-01-28 09:19:40,39.48,54.74,,,3.041,-0.412,-0.352,0.884,84,4,38561
2026-01-28 09:19:42,39.48,54.76,,,3.041,-0.416,-0.352,0.88,84,4,38562
2026-01-28 09:19:46,39.47,54.75,,,3.041,-0.404,-0.376,0.856,84,4,38563
2026-01-28 09:19:50,39.48,54.73,,,3.083,-0.424,-0.352,0.864,84,4,38565
2026-01-28 09:19:53,39.49,54.73,,,3.083,-0.38,-0.356,0.852,84,4,38566
2026-01-28 09:19:55,39.49,54.73,,,3.083,-0.424,-0.344,0.88,84,4,38567
2026-01-28 09:19:58,39.49,54.73,,,3.083,-0.424,-0.352,0.86,84,4,38568
2026-01-28 09:20:00,39.5,54.75,,,3.083,-0.416,-0.348,0.872,84,4,38569
2026-01-28 09:20:03,39.5,54.73,,,3.083,-0.392,-0.364,0.844,84,4,38570
2026-01-28 09:21:36,39.56,54.67,,,3.038,-0.42,-0.364,0.88,84,4,38606
2026-01-28 09:21:38,39.56,54.67,,,3.038,-0.416,-0.36,0.888,84,4,38607
2026-01-28 09:21:40,39.56,54.68,,,3.038,-0.42,-0.356,0.868,84,4,38608
2026-01-28 09:21:43,39.56,54.68,,,3.038,-0.428,-0.348,0.868,84,4,38609
2026-01-28 09:21:46,39.56,54.66,,,3.038,-0.396,-0.344,0.848,84,4,38610
2026-01-28 09:21:48,39.56,54.66,,,3.038,-0.388,-0.364,0.848,84,4,38611
2026-01-28 09:21:51,39.56,54.66,,,3.041,-0.396,-0.376,0.86,84,4,38612
2026-01-28 09:21:56,39.57,54.66,,,3.041,-0.42,-0.356,0.876,84,4,38614
2026-01-28 09:21:59,39.58,54.67,,,3.041,-0.424,-0.348,0.888,84,4,38615
2026-01-28 09:22:01,39.57,54.65,,,3.041,-0.416,-0.352,0.884,84,4,38616
2026-01-28 09:22:04,39.58,54.67,,,3.041,-0.428,-0.356,0.876,84,4,38617
2026-01-28 09:22:07,39.58,54.67,,,3.041,-0.424,-0.356,0.86,84,4,38618
2026-01-28 09:24:59,39.64,54.6,,,3.087,-0.42,-0.344,0.868,84,4,38685
2026-01-28 09:25:03,39.63,54.59,,,3.087,-0.396,-0.384,0.848,84,4,38687
2026-01-28 09:25:06,39.64,54.6,,,3.087,-0.396,-0.36,0.844,84,4,38688
2026-01-28 09:25:09,39.62,54.6,,,3.087,-0.408,-0.344,0.856,84,4,38689
2026-01-28 09:25:11,39.65,54.56,,,3.087,-0.42,-0.336,0.876,84,4,38690
2026-01-28 09:25:14,39.65,54.58,,,3.087,-0.424,-0.356,0.872,84,4,38691
2026-01-28 09:25:16,39.64,54.59,,,3.087,-0.412,-0.34,0.876,84,4,38692
2026-01-28 09:27:07,39.64,54.57,,,3.034,-0.396,-0.38,0.844,84,4,38735
2026-01-28 09:27:10,39.64,54.57,,,3.034,-0.384,-0.368,0.848,84,4,38736
2026-01-28 09:27:12,39.63,54.58,,,3.034,-0.396,-0.352,0.852,84,4,38737
2026-01-28 09:27:15,39.64,54.56,,,3.034,-0.416,-0.344,0.868,84,4,38738
2026-01-28 09:27:18,39.64,54.58,,,3.034,-0.42,-0.352,0.872,84,4,38739
2026-01-28 09:27:20,39.64,54.56,,,3.034,-0.416,-0.348,0.872,84,4,38740
2026-01-28 09:27:23,39.64,54.56,,,3.034,-0.42,-0.352,0.88,84,4,38741
2026-01-28 09:27:25,39.64,54.56,,,3.034,-0.416,-0.356,0.868,84,4,38742
2026-01-28 09:27:27,39.64,54.56,,,3.034,-0.412,-0.368,0.868,84,4,38743
2026-01-28 09:27:30,39.63,54.57,,,3.034,-0.404,-0.376,0.86,84,4,38744
2026-01-28 09:27:33,39.64,54.58,,,3.034,-0.392,-0.38,0.84,84,4,38745
2026-01-28 09:27:35,39.63,54.58,,,3.034,-0.384,-0.352,0.852,84,4,38746
2026-01-28 09:27:38,39.64,54.57,,,3.034,-0.42,-0.34,0.872,84,4,38747
2026-01-28 09:27:40,39.63,54.55,,,3.034,-0.432,-0.348,0.872,84,4,38748
2026-01-28 09:27:43,39.63,54.57,,,3.034,-0.416,-0.352,0.872,84,4,38749
2026-01-28 09:27:46,39.64,54.56,,,3.034,-0.42,-0.348,0.888,84,4,38750
2026-01-28 09:27:48,39.63,54.56,,,3.034,-0.416,-0.348,0.872,84,4,38751
2026-01-28 09:27:51,39.64,54.58,,,3.094,-0.424,-0.364,0.868,84,4,38752
2026-01-28 09:27:54,39.63,54.57,,,3.094,-0.404,-0.364,0.856,84,4,38753
2026-01-28 09:27:58,39.64,54.54,,,3.094,-0.4,-0.34,0.856,84,4,38755
2026-01-28 09:28:01,39.64,54.56,,,3.094,-0.428,-0.352,0.868,84,4,38756
2026-01-28 09:28:04,39.64,54.55,,,3.094,-0.42,-0.356,0.88,84,4,38757
2026-01-28 09:28:06,39.64,54.56,,,3.094,-0.424,-0.372,0.872,84,4,38758
2026-01-28 09:28:09,39.63,54.55,,,3.094,-0.396,-0.38,0.852,84,4,38759
2026-01-28 09:28:11,39.63,54.54,,,3.094,-0.424,-0.344,0.868,84,4,38760
2026-01-28 09:28:14,39.63,54.55,,,3.094,-0.424,-0.348,0.884,84,4,38761
2026-01-28 09:28:16,39.64,54.56,,,3.094,-0.408,-0.372,0.86,84,4,38762
2026-01-28 09:28:19,39.64,54.55,,,3.094,-0.396,-0.36,0.852,84,4,38763
2026-01-28 09:28:21,39.64,54.58,,,3.094,-0.424,-0.348,0.868,84,4,38764
2026-01-28 09:28:24,39.63,54.54,,,3.094,-0.424,-0.348,0.876,84,4,38765
2026-01-28 09:28:27,39.64,54.55,,,3.094,-0.392,-0.384,0.84,84,4,38766
2026-01-28 09:28:29,39.64,54.55,,,3.094,-0.424,-0.348,0.872,84,4,38767
2026-01-28 09:28:32,39.62,54.55,,,3.094,-0.42,-0.344,0.876,84,4,38768
2026-01-28 09:28:34,39.64,54.54,,,3.094,-0.384,-0.36,0.844,84,4,38769
2026-01-28 09:28:37,39.63,54.55,,,3.094,-0.424,-0.348,0.888,84,4,38770
2026-01-28 09:28:40,39.63,54.53,,,3.094,-0.392,-0.38,0.848,84,4,38771
2026-01-28 09:28:42,39.64,54.56,,,3.094,-0.424,-0.36,0.872,84,4,38772
2026-01-28 09:28:45,39.63,54.56,,,3.094,-0.412,-0.364,0.864,84,4,38773
2026-01-28 09:28:47,39.62,54.57,,,3.094,-0.392,-0.348,0.864,84,4,38774
2026-01-28 09:28:50,39.62,54.54,,,3.094,-0.412,-0.356,0.868,84,4,38775
2026-01-28 09:28:52,39.63,54.55,,,3.027,-0.42,-0.36,0.872,84,4,38776
2026-01-28 09:28:55,39.64,54.56,,,3.027,-0.392,-0.364,0.844,84,4,38777
2026-01-28 09:28:58,39.63,54.56,,,3.027,-0.408,-0.352,0.872,84,4,38778
2026-01-28 09:29:00,39.62,54.57,,,3.027,-0.424,-0.368,0.868,84,4,38779
2026-01-28 09:29:03,39.63,54.55,,,3.027,-0.392,-0.356,0.856,84,4,38780
2026-01-28 09:29:05,39.64,54.54,,,3.027,-0.42,-0.356,0.872,84,4,38781
2026-01-28 09:32:23,39.58,54.53,,,3.038,-0.42,-0.332,0.872,84,4,38858
2026-01-28 09:32:25,39.59,54.56,,,3.038,-0.42,-0.348,0.876,84,4,38859
2026-01-28 09:32:28,39.58,54.54,,,3.038,-0.424,-0.36,0.872,84,4,38860
2026-01-28 09:32:31,39.58,54.56,,,3.038,-0.396,-0.376,0.872,84,4,38861
2026-01-28 09:32:33,39.58,54.53,,,3.038,-0.42,-0.352,0.872,84,4,38862
2026-01-28 09:32:36,39.57,54.55,,,3.038,-0.412,-0.376,0.864,84,4,38863
2026-01-28 09:32:39,39.58,54.55,,,3.038,-0.416,-0.348,0.868,84,4,38864
2026-01-28 09:32:41,39.6,54.54,,,3.038,-0.4,-0.38,0.86,84,4,38865
2026-01-28 09:32:44,39.58,54.55,,,3.038,-0.42,-0.348,0.876,84,4,38866
2026-01-28 09:32:46,39.59,54.53,,,3.038,-0.396,-0.384,0.856,84,4,38867
2026-01-28 09:32:49,39.59,54.53,,,3.038,-0.42,-0.348,0.876,84,4,38868
2026-01-28 09:32:51,39.58,54.56,,,3.038,-0.404,-0.368,0.856,84,4,38869
2026-01-28 09:32:54,39.59,54.56,,,3.08,-0.424,-0.352,0.868,84,4,38870
2026-01-28 09:32:57,39.56,54.55,,,3.08,-0.384,-0.368,0.86,84,4,38871
2026-01-28 09:32:59,39.57,54.54,,,3.08,-0.424,-0.356,0.888,84,4,38872
2026-01-28 09:33:02,39.57,54.53,,,3.08,-0.408,-0.34,0.856,84,4,38873
2026-01-28 09:33:05,39.58,54.54,,,3.08,-0.424,-0.348,0.872,84,4,38874
2026-01-28 09:33:08,39.57,54.55,,,3.08,-0.432,-0.34,0.864,84,4,38875
2026-01-28 09:33:12,39.58,54.56,,,3.08,-0.428,-0.34,0.872,84,4,38877
2026-01-28 09:33:14,39.58,54.56,,,3.08,-0.4,-0.376,0.856,84,4,38878
2026-01-28 09:33:17,39.57,54.55,,,3.08,-0.412,-0.348,0.876,84,4,38879
2026-01-28 09:33:19,39.58,54.52,,,3.08,-0.388,-0.352,0.848,84,4,38880
2026-01-28 09:33:22,39.57,54.56,,,3.08,-0.424,-0.356,0.884,84,4,38881
2026-01-28 09:33:25,39.57,54.57,,,3.08,-0.42,-0.34,0.876,84,4,38882
2026-01-28 09:33:27,39.57,54.53,,,3.08,-0.42,-0.368,0.864,84,4,38883
2026-01-28 09:34:13,39.57,54.75,,,3.041,-0.568,-0.568,0.632,88,4,38901
2026-01-28 09:34:16,39.58,54.75,,,3.041,-0.584,-0.58,0.64,88,4,38902
2026-01-28 09:34:19,39.59,54.75,,,3.041,-0.584,-0.572,0.64,88,4,38903
2026-01-28 09:34:21,39.58,54.79,,,3.041,-0.584,-0.596,0.644,88,4,38904
2026-01-28 09:34:24,39.59,54.78,,,3.041,-0.572,-0.572,0.644,88,4,38905
2026-01-28 09:34:26,39.59,54.79,,,3.041,-0.588,-0.592,0.636,88,4,38906
2026-01-28 09:34:29,39.59,54.83,,,3.041,-0.58,-0.58,0.632,88,4,38907
2026-01-28 09:34:32,39.6,54.82,,,3.041,-0.572,-0.6,0.632,88,4,38908
2026-01-28 09:34:34,39.6,54.82,,,3.041,-0.58,-0.58,0.632,88,4,38909
2026-01-28 09:34:37,39.6,54.83,,,3.041,-0.576,-0.6,0.636,88,4,38910
2026-01-28 09:34:39,39.61,54.84,,,3.041,-0.584,-0.588,0.632,88,4,38911
2026-01-28 09:34:42,39.6,54.84,,,3.041,-0.58,-0.6,0.608,88,4,38912
2026-01-28 09:34:45,39.61,54.83,,,3.041,-0.584,-0.576,0.62,88,4,38913
2026-01-28 09:34:47,39.6,54.85,,,3.041,-0.556,-0.604,0.616,88,4,38914
2026-01-28 09:34:50,39.61,54.87,,,3.041,-0.568,-0.576,0.636,88,4,38915
2026-01-28 09:34:52,39.63,54.86,,,3.041,-0.572,-0.572,0.632,88,4,38916
2026-01-28 09:34:55,39.62,54.86,,,3.034,-0.592,-0.592,0.632,88,4,38917
2026-01-28 09:34:57,39.64,54.87,,,3.034,-0.584,-0.568,0.624,88,4,38918
2026-01-28 09:35:00,39.64,54.87,,,3.034,-0.576,-0.612,0.612,88,4,38919
2026-01-28 09:35:02,39.64,54.87,,,3.034,-0.58,-0.572,0.624,88,4,38920
2026-01-28 09:36:37,39.76,54.87,,,3.034,-0.556,-0.588,0.6,88,4,38957
2026-01-28 09:36:40,39.77,54.87,,,3.034,-0.6,-0.596,0.636,88,4,38958
2026-01-28 09:36:43,39.78,54.86,,,3.034,-0.58,-0.572,0.632,88,4,38959
2026-01-28 09:36:45,39.78,54.87,,,3.034,-0.568,-0.612,0.62,88,4,38960
2026-01-28 09:36:48,39.78,54.85,,,3.034,-0.58,-0.576,0.624,88,4,38961
2026-01-28 09:36:50,39.78,54.85,,,3.034,-0.584,-0.576,0.628,88,4,38962
2026-01-28 09:36:53,39.77,54.84,,,3.034,-0.56,-0.608,0.624,88,4,38963
2026-01-28 09:36:56,39.78,54.85,,,3.038,-0.588,-0.58,0.628,88,4,38964
2026-01-28 09:36:58,39.79,54.85,,,3.038,-0.576,-0.576,0.624,88,4,38965
2026-01-28 09:37:01,39.8,54.85,,,3.038,-0.564,-0.576,0.616,88,4,38966
2026-01-28 09:37:03,39.79,54.83,,,3.038,-0.58,-0.608,0.628,88,4,38967
2026-01-28 09:37:06,39.8,54.83,,,3.038,-0.584,-0.584,0.632,88,4,38968
2026-01-28 09:37:09,39.8,54.84,,,3.038,-0.576,-0.576,0.628,88,4,38969
2026-01-28 09:37:11,39.81,54.82,,,3.038,-0.572,-0.576,0.628,88,4,38970
2026-01-28 09:37:14,39.8,54.82,,,3.038,-0.548,-0.596,0.6,88,4,38971
2026-01-28 09:37:16,39.81,54.83,,,3.038,-0.588,-0.584,0.632,88,4,38972
2026-01-28 09:37:19,39.81,54.82,,,3.038,-0.592,-0.588,0.628,89,4,38973
2026-01-28 09:37:21,39.81,54.82,,,3.038,-0.616,-0.64,0.548,90,4,38974
2026-01-28 09:37:24,39.82,54.82,,,3.038,-0.592,-0.632,0.52,90,4,38975
2026-01-28 09:37:26,39.82,54.8,,,3.038,-0.496,-0.672,0.628,93,4,38976
2026-01-28 09:37:29,39.82,54.79,,,3.038,-0.616,-0.64,0.548,96,4,38977
2026-01-28 09:37:32,39.82,54.81,,,3.038,-0.68,-0.652,0.624,96,4,38978
2026-01-28 09:37:37,39.82,54.79,,,3.038,-0.608,-0.628,0.536,96,4,38980
2026-01-28 09:37:40,39.83,54.77,,,3.038,-0.6,-0.656,0.512,96,4,38981
2026-01-28 09:37:44,39.83,54.8,,,3.038,-0.616,-0.644,0.532,96,4,38983
2026-01-28 09:37:47,39.84,54.82,,,3.038,-0.644,-0.664,0.548,96,4,38984
2026-01-28 09:37:50,39.83,54.8,,,3.038,-0.624,-0.64,0.552,96,4,38985
2026-01-28 09:37:52,39.84,54.82,,,3.038,-0.62,-0.632,0.532,96,4,38986
2026-01-28 09:37:55,39.84,54.8,,,3.038,-0.62,-0.64,0.536,96,4,38987
2026-01-28 09:37:57,39.85,54.8,,,3.041,-0.624,-0.64,0.536,96,4,38988
2026-01-28 09:38:00,39.84,54.79,,,3.041,-0.632,-0.644,0.536,96,4,38989
2026-01-28 09:38:03,39.84,54.8,,,3.041,-0.596,-0.628,0.528,96,4,38990
2026-01-28 09:38:05,39.85,54.79,,,3.041,-0.616,-0.636,0.536,96,4,38991
2026-01-28 09:38:08,39.84,54.76,,,3.041,-0.56,-0.62,0.544,98,4,38992
2026-01-28 09:38:10,39.85,54.78,,,3.041,-0.628,-0.652,0.552,99,4,38993
2026-01-28 09:38:15,39.85,54.77,,,3.041,-0.616,-0.62,0.508,100,4,38995
2026-01-28 09:38:18,39.85,54.78,,,3.041,-0.596,-0.616,0.516,101,4,38996
2026-01-28 09:38:21,39.85,54.76,,,3.041,-0.596,-0.724,0.476,102,4,38997
2026-01-28 09:38:25,39.85,54.78,,,3.041,-0.68,-0.78,0.204,106,4,38999
2026-01-28 09:38:28,39.86,54.78,,,3.041,-0.672,-0.74,0.308,106,4,39000
2026-01-28 09:38:31,39.87,54.78,,,3.041,-0.676,-0.74,0.3,106,4,39001
2026-01-28 09:38:33,39.85,54.77,,,3.041,-0.672,-0.74,0.292,106,4,39002
2026-01-28 09:38:36,39.86,54.76,,,3.041,-0.668,-0.74,0.288,106,4,39003
2026-01-28 09:38:38,39.85,54.78,,,3.041,-0.676,-0.772,0.284,106,4,39004
2026-01-28 09:38:41,39.87,54.76,,,3.041,-0.64,-0.724,0.384,109,4,39005
2026-01-28 09:38:44,39.86,54.76,,,3.041,-0.664,-0.732,0.408,110,4,39006
2026-01-28 09:38:47,39.87,54.73,,,3.041,-0.66,-0.716,0.396,110,4,39007
2026-01-28 09:38:51,39.87,54.75,,,3.041,-0.696,-0.736,0.392,111,4,39009
2026-01-28 09:38:54,39.88,54.76,,,3.041,-0.668,-0.704,0.392,111,4,39010
2026-01-28 09:38:57,39.89,54.75,,,3.038,-0.66,-0.696,0.392,111,4,39011
2026-01-28 09:38:59,39.88,54.73,,,3.038,-0.648,-0.7,0.38,111,4,39012
2026-01-28 09:39:01,39.87,54.74,,,3.038,-0.636,-0.72,0.372,111,4,39013
2026-01-28 09:39:04,39.88,54.74,,,3.038,-0.616,-0.688,0.42,113,4,39014
2026-01-28 09:39:06,39.88,54.74,,,3.038,-0.544,-0.592,0.552,117,4,39015
2026-01-28 09:39:09,39.87,54.73,,,3.038,-0.664,-0.66,0.496,117,4,39016
2026-01-28 09:39:12,39.88,54.73,,,3.038,-0.736,-0.728,0.224,122,4,39017
2026-01-28 09:39:14,39.89,54.73,,,3.038,-0.624,-0.692,0.464,123,4,39018
2026-01-28 09:39:17,39.89,54.73,,,3.038,-0.636,-0.664,0.464,123,4,39019
2026-01-28 09:39:20,39.89,54.73,,,3.038,-0.644,-0.68,0.468,123,4,39020
2026-01-28 09:39:25,39.89,54.73,,,3.038,-0.64,-0.664,0.464,123,4,39022
2026-01-28 09:39:27,39.89,54.74,,,3.038,-0.62,-0.664,0.46,123,4,39023
2026-01-28 09:39:30,39.91,54.72,,,3.038,-0.612,-0.68,0.456,123,4,39024
2026-01-28 09:39:32,39.89,54.73,,,3.038,-0.62,-0.696,0.456,123,4,39025
2026-01-28 09:39:35,39.9,54.71,,,3.038,-0.644,-0.692,0.472,123,4,39026
2026-01-28 09:39:38,39.89,54.73,,,3.038,-0.64,-0.676,0.48,123,4,39027
2026-01-28 09:39:40,39.89,54.72,,,3.038,-0.636,-0.68,0.472,123,4,39028
2026-01-28 09:39:43,39.89,54.73,,,3.038,-0.636,-0.672,0.464,123,4,39029
2026-01-28 09:39:45,39.9,54.74,,,3.038,-0.64,-0.668,0.46,123,4,39030
2026-01-28 09:39:47,39.9,54.72,,,3.038,-0.616,-0.68,0.46,123,4,39031
2026-01-28 09:39:50,39.91,54.71,,,3.038,-0.636,-0.696,0.468,123,4,39032
2026-01-28 09:39:53,39.9,54.71,,,3.038,-0.64,-0.676,0.48,123,4,39033
2026-01-28 09:39:55,39.91,54.7,,,3.038,-0.64,-0.66,0.468,123,4,39034
2026-01-28 09:39:58,39.9,54.71,,,3.034,-0.64,-0.656,0.468,123,4,39035
2026-01-28 09:40:00,39.91,54.7,,,3.034,-0.62,-0.68,0.46,123,4,39036
2026-01-28 09:40:03,39.91,54.72,,,3.034,-0.628,-0.7,0.46,123,4,39037
2026-01-28 09:40:06,39.91,54.71,,,3.034,-0.64,-0.68,0.464,123,4,39038
2026-01-28 09:40:08,39.92,54.69,,,3.034,-0.648,-0.668,0.476,123,4,39039
2026-01-28 09:40:11,39.9,54.7,,,3.034,-0.644,-0.668,0.468,123,4,39040
2026-01-28 09:40:13,39.91,54.72,,,3.034,-0.608,-0.68,0.448,123,4,39041
2026-01-28 09:40:16,39.92,54.72,,,3.034,-0.64,-0.696,0.476,123,4,39042
2026-01-28 09:40:19,39.92,54.69,,,3.034,-0.632,-0.704,0.472,124,4,39043
2026-01-28 09:40:24,39.9,54.71,,,3.034,-0.612,-0.676,0.448,124,4,39045
2026-01-28 09:40:27,39.91,54.69,,,3.034,-0.628,-0.696,0.464,124,4,39046
2026-01-28 09:40:30,39.91,54.69,,,3.034,-0.644,-0.692,0.476,124,4,39047
2026-01-28 09:40:34,39.92,54.69,,,3.034,-0.64,-0.668,0.472,124,4,39049
2026-01-28 09:40:36,39.92,54.68,,,3.034,-0.64,-0.656,0.464,124,4,39050
2026-01-28 09:40:39,39.92,54.69,,,3.034,-0.628,-0.656,0.456,124,4,39051
2026-01-28 09:40:41,39.92,54.69,,,3.034,-0.612,-0.684,0.456,124,4,39052
2026-01-28 09:40:44,39.92,54.7,,,3.034,-0.628,-0.692,0.464,124,4,39053
2026-01-28 09:40:47,39.93,54.7,,,3.034,-0.644,-0.68,0.468,124,4,39054
2026-01-28 09:40:49,39.92,54.7,,,3.034,-0.636,-0.684,0.464,124,4,39055
2026-01-28 09:40:52,39.92,54.68,,,3.034,-0.636,-0.656,0.464,124,4,39056
2026-01-28 09:40:54,39.91,54.68,,,3.034,-0.624,-0.672,0.452,124,4,39057
2026-01-28 09:40:57,39.92,54.68,,,3.027,-0.62,-0.692,0.456,124,4,39058
2026-01-28 09:41:00,39.92,54.67,,,3.027,-0.644,-0.696,0.472,124,4,39059
2026-01-28 09:41:02,39.91,54.7,,,3.027,-0.636,-0.68,0.476,124,4,39060
2026-01-28 09:41:05,39.92,54.66,,,3.027,-0.644,-0.664,0.464,124,4,39061
2026-01-28 09:41:07,39.93,54.67,,,3.027,-0.612,-0.692,0.456,124,4,39062
2026-01-28 09:41:10,39.92,54.67,,,3.027,-0.644,-0.688,0.484,124,4,39063
2026-01-28 09:41:13,39.92,54.66,,,3.027,-0.632,-0.68,0.472,124,4,39064
2026-01-28 09:41:15,39.92,54.66,,,3.027,-0.644,-0.688,0.468,124,4,39065
2026-01-28 09:41:18,39.93,54.66,,,3.027,-0.636,-0.672,0.46,124,4,39066
2026-01-28 09:41:21,39.92,54.66,,,3.027,-0.612,-0.684,0.452,124,4,39067
2026-01-28 09:41:23,39.92,54.67,,,3.027,-0.636,-0.696,0.464,124,4,39068
2026-01-28 09:41:26,39.93,54.66,,,3.027,-0.632,-0.676,0.468,124,4,39069
2026-01-28 09:41:28,39.93,54.64,,,3.027,-0.648,-0.68,0.472,124,4,39070
2026-01-28 09:41:30,39.92,54.67,,,3.027,-0.636,-0.668,0.452,124,4,39071
2026-01-28 09:41:33,39.92,54.64,,,3.027,-0.624,-0.692,0.456,124,4,39072
2026-01-28 09:41:35,39.92,54.65,,,3.027,-0.644,-0.688,0.468,124,4,39073
2026-01-28 09:41:38,39.93,54.69,,,3.027,-0.644,-0.672,0.464,124,4,39074
2026-01-28 09:41:41,39.92,54.67,,,3.027,-0.636,-0.656,0.456,124,4,39075
2026-01-28 09:41:43,39.91,54.66,,,3.027,-0.624,-0.66,0.456,124,4,39076
2026-01-28 09:41:46,39.94,54.65,,,3.027,-0.616,-0.676,0.456,124,4,39077
2026-01-28 09:41:48,39.94,54.67,,,3.027,-0.62,-0.696,0.456,124,4,39078
2026-01-28 09:42:04,39.93,54.64,,,3.034,-0.648,-0.692,0.472,124,4,39084
2026-01-28 09:42:07,39.94,54.64,,,3.034,-0.64,-0.668,0.468,124,4,39085
2026-01-28 09:42:09,39.94,54.66,,,3.034,-0.644,-0.672,0.476,124,4,39086
2026-01-28 09:42:12,39.93,54.64,,,3.034,-0.644,-0.584,0.72,125,4,39087
2026-01-28 09:42:14,39.96,54.64,,,3.034,-0.592,-0.628,0.56,128,4,39088
2026-01-28 09:42:17,39.93,54.65,,,3.034,-0.6,-0.66,0.528,128,4,39089
2026-01-28 09:42:19,39.94,54.65,,,3.034,-0.612,-0.656,0.552,128,4,39090
2026-01-28 09:46:28,39.92,54.63,,,3.041,-0.624,-0.628,0.54,128,4,39187
2026-01-28 09:46:31,39.93,54.62,,,3.041,-0.632,-0.62,0.548,128,4,39188
2026-01-28 09:46:34,39.93,54.62,,,3.041,-0.584,-0.64,0.52,128,4,39189
2026-01-28 09:46:36,39.91,54.62,,,3.041,-0.612,-0.66,0.544,128,4,39190
2026-01-28 09:46:39,39.92,54.61,,,3.041,-0.612,-0.636,0.544,128,4,39191
2026-01-28 09:49:46,39.88,54.61,,,3.041,-0.612,-0.64,0.536,128,4,39264
2026-01-28 09:49:49,39.88,54.6,,,3.041,-0.612,-0.644,0.536,128,4,39265
2026-01-28 09:49:51,39.88,54.63,,,3.041,-0.608,-0.644,0.532,128,4,39266
2026-01-28 09:49:54,39.89,54.62,,,3.041,-0.616,-0.644,0.54,128,4,39267
2026-01-28 09:49:57,39.87,54.63,,,3.041,-0.616,-0.644,0.54,128,4,39268
2026-01-28 09:49:59,39.87,54.6,,,3.041,-0.612,-0.644,0.536,128,4,39269
2026-01-28 09:50:02,39.89,54.6,,,3.045,-0.616,-0.64,0.544,128,4,39270
2026-01-28 09:50:04,39.88,54.62,,,3.045,-0.616,-0.64,0.54,128,4,39271
2026-01-28 09:50:07,39.88,54.62,,,3.045,-0.608,-0.64,0.536,128,4,39272
2026-01-28 09:50:10,39.88,54.63,,,3.045,-0.612,-0.644,0.544,128,4,39273
2026-01-28 09:50:12,39.86,54.63,,,3.045,-0.604,-0.64,0.54,128,4,39274
2026-01-28 09:50:15,39.87,54.64,,,3.045,-0.62,-0.64,0.54,128,4,39275
2026-01-28 09:50:17,39.87,54.63,,,3.045,-0.612,-0.636,0.532,128,4,39276
2026-01-28 09:50:20,39.87,54.61,,,3.045,-0.612,-0.636,0.536,128,4,39277
2026-01-28 09:50:23,39.86,54.64,,,3.045,-0.608,-0.64,0.54,128,4,39278
2026-01-28 09:50:25,39.87,54.62,,,3.045,-0.616,-0.636,0.54,128,4,39279
2026-01-28 09:50:28,39.87,54.63,,,3.045,-0.612,-0.644,0.54,128,4,39280
2026-01-28 09:50:30,39.86,54.63,,,3.045,-0.612,-0.64,0.532,128,4,39281
2026-01-28 09:50:33,39.86,54.63,,,3.045,-0.612,-0.636,0.544,128,4,39282
2026-01-28 09:50:35,39.86,54.62,,,3.045,-0.612,-0.636,0.532,128,4,39283
2026-01-28 09:50:38,39.86,54.63,,,3.045,-0.608,-0.64,0.54,128,4,39284
2026-01-28 09:50:40,39.86,54.64,,,3.045,-0.612,-0.64,0.536,128,4,39285
2026-01-28 09:50:43,39.85,54.62,,,3.045,-0.616,-0.64,0.536,128,4,39286
2026-01-28 09:50:46,39.86,54.64,,,3.045,-0.612,-0.644,0.536,128,4,39287
2026-01-28 09:50:48,39.88,54.63,,,3.045,-0.616,-0.64,0.532,128,4,39288
2026-01-28 09:50:51,39.86,54.62,,,3.045,-0.612,-0.64,0.54,128,4,39289
2026-01-28 09:50:53,39.87,54.63,,,3.045,-0.616,-0.644,0.54,128,4,39290
2026-01-28 09:50:56,39.85,54.62,,,3.045,-0.612,-0.632,0.544,128,4,39291
2026-01-28 09:50:58,39.85,54.63,,,3.045,-0.612,-0.64,0.544,128,4,39292
2026-01-28 09:51:01,39.86,54.64,,,3.03,-0.612,-0.64,0.544,128,4,39293
2026-01-28 09:51:04,39.86,54.64,,,3.03,-0.612,-0.64,0.544,128,4,39294
2026-01-28 09:51:06,39.86,54.62,,,3.03,-0.608,-0.64,0.54,128,4,39295
2026-01-28 09:51:09,39.85,54.65,,,3.03,-0.616,-0.64,0.54,128,4,39296
2026-01-28 09:51:11,39.85,54.62,,,3.03,-0.608,-0.64,0.536,128,4,39297
2026-01-28 09:51:14,39.85,54.65,,,3.03,-0.616,-0.644,0.544,128,4,39298
2026-01-28 09:51:17,39.85,54.64,,,3.03,-0.612,-0.64,0.54,128,4,39299
2026-01-28 09:51:19,39.85,54.63,,,3.03,-0.608,-0.644,0.54,128,4,39300
2026-01-28 09:51:21,39.85,54.65,,,3.03,-0.612,-0.644,0.54,128,4,39301
2026-01-28 09:51:24,39.84,54.64,,,3.03,-0.612,-0.636,0.54,128,4,39302
2026-01-28 09:51:27,39.85,54.63,,,3.03,-0.612,-0.644,0.536,128,4,39303
2026-01-28 09:51:29,39.84,54.61,,,3.03,-0.608,-0.636,0.532,128,4,39304
2026-01-28 09:51:32,39.83,54.63,,,3.03,-0.616,-0.644,0.536,128,4,39305
2026-01-28 09:51:34,39.85,54.62,,,3.03,-0.612,-0.64,0.54,128,4,39306
2026-01-28 09:51:37,39.85,54.62,,,3.03,-0.616,-0.64,0.54,128,4,39307
2026-01-28 09:51:40,39.85,54.62,,,3.03,-0.612,-0.644,0.536,128,4,39308
2026-01-28 09:51:42,39.85,54.6,,,3.03,-0.608,-0.64,0.54,128,4,39309
2026-01-28 09:51:45,39.85,54.61,,,3.03,-0.612,-0.64,0.536,128,4,39310
2026-01-28 09:51:48,39.85,54.64,,,3.03,-0.62,-0.632,0.54,128,4,39311
2026-01-28 09:51:52,39.84,54.63,,,3.03,-0.612,-0.636,0.536,128,4,39313
2026-01-28 09:51:55,39.84,54.62,,,3.03,-0.612,-0.644,0.54,128,4,39314
2026-01-28 09:51:58,39.85,54.6,,,3.03,-0.616,-0.64,0.536,128,4,39315
2026-01-28 09:52:00,39.84,54.63,,,3.03,-0.612,-0.64,0.536,128,4,39316
2026-01-28 09:52:03,39.83,54.61,,,3.041,-0.616,-0.636,0.544,128,4,39317
2026-01-28 09:52:05,39.85,54.63,,,3.041,-0.616,-0.64,0.532,128,4,39318
2026-01-28 09:52:08,39.82,54.63,,,3.041,-0.616,-0.64,0.54,128,4,39319
2026-01-28 09:52:10,39.83,54.62,,,3.041,-0.616,-0.644,0.532,128,4,39320
2026-01-28 09:52:13,39.85,54.62,,,3.041,-0.608,-0.636,0.532,128,4,39321
2026-01-28 09:52:15,39.82,54.63,,,3.041,-0.612,-0.644,0.54,128,4,39322
2026-01-28 09:52:18,39.84,54.64,,,3.041,-0.608,-0.64,0.54,128,4,39323
2026-01-28 09:52:21,39.84,54.62,,,3.041,-0.608,-0.644,0.532,128,4,39324
2026-01-28 09:52:23,39.83,54.63,,,3.041,-0.616,-0.636,0.536,128,4,39325
2026-01-28 09:52:26,39.84,54.63,,,3.041,-0.612,-0.64,0.532,128,4,39326
2026-01-28 09:52:28,39.83,54.62,,,3.041,-0.612,-0.64,0.536,128,4,39327
2026-01-28 09:52:31,39.82,54.62,,,3.041,-0.612,-0.64,0.54,128,4,39328
2026-01-28 09:52:34,39.83,54.64,,,3.041,-0.608,-0.64,0.54,128,4,39329
2026-01-28 09:52:36,39.83,54.64,,,3.041,-0.612,-0.64,0.536,128,4,39330
2026-01-28 09:52:39,39.82,54.63,,,3.041,-0.608,-0.64,0.532,128,4,39331
2026-01-28 09:52:41,39.82,54.62,,,3.041,-0.616,-0.64,0.54,128,4,39332
2026-01-28 09:52:44,39.83,54.62,,,3.041,-0.608,-0.64,0.544,128,4,39333
2026-01-28 09:52:47,39.82,54.62,,,3.041,-0.62,-0.648,0.536,128,4,39334
2026-01-28 09:52:49,39.81,54.62,,,3.041,-0.612,-0.644,0.544,128,4,39335
2026-01-28 09:52:52,39.84,54.61,,,3.041,-0.612,-0.64,0.536,128,4,39336
2026-01-28 09:52:54,39.82,54.63,,,3.041,-0.616,-0.64,0.548,128,4,39337
2026-01-28 09:52:57,39.82,54.63,,,3.041,-0.612,-0.636,0.54,128,4,39338
2026-01-28 09:52:59,39.82,54.63,,,3.041,-0.612,-0.64,0.532,128,4,39339
2026-01-28 09:53:02,39.81,54.65,,,3.09,-0.612,-0.644,0.536,128,4,39340
2026-01-28 09:53:04,39.81,54.62,,,3.09,-0.612,-0.632,0.54,128,4,39341
2026-01-28 09:53:07,39.82,54.63,,,3.09,-0.604,-0.64,0.536,128,4,39342
2026-01-28 09:53:09,39.81,54.62,,,3.09,-0.616,-0.64,0.536,128,4,39343
2026-01-28 09:53:12,39.82,54.64,,,3.09,-0.616,-0.64,0.528,128,4,39344
2026-01-28 09:53:15,39.82,54.64,,,3.09,-0.62,-0.636,0.536,128,4,39345
2026-01-28 09:53:17,39.82,54.62,,,3.09,-0.608,-0.636,0.54,128,4,39346
2026-01-28 09:53:20,39.81,54.61,,,3.09,-0.612,-0.64,0.54,128,4,39347
2026-01-28 09:53:22,39.82,54.63,,,3.09,-0.612,-0.64,0.54,128,4,39348
2026-01-28 09:53:25,39.82,54.61,,,3.09,-0.616,-0.644,0.54,128,4,39349
2026-01-28 09:53:28,39.81,54.62,,,3.09,-0.612,-0.64,0.532,128,4,39350
2026-01-28 09:56:45,39.74,54.6,,,3.041,-0.612,-0.644,0.54,128,4,39427
2026-01-28 09:56:48,39.74,54.61,,,3.041,-0.612,-0.636,0.536,128,4,39428
2026-01-28 09:56:51,39.73,54.6,,,3.041,-0.616,-0.64,0.54,128,4,39429
2026-01-28 09:56:53,39.74,54.6,,,3.041,-0.608,-0.636,0.54,128,4,39430
2026-01-28 09:56:56,39.74,54.61,,,3.041,-0.612,-0.644,0.544,128,4,39431
2026-01-28 09:56:58,39.74,54.6,,,3.041,-0.608,-0.644,0.544,128,4,39432
2026-01-28 09:57:01,39.74,54.6,,,3.041,-0.616,-0.64,0.536,128,4,39433
2026-01-28 09:57:04,39.73,54.62,,,3.09,-0.612,-0.636,0.54,128,4,39434
2026-01-28 09:57:06,39.74,54.59,,,3.09,-0.612,-0.644,0.544,128,4,39435
2026-01-28 09:59:14,39.67,54.59,,,3.076,-0.612,-0.64,0.54,128,4,39485
2026-01-28 09:59:17,39.67,54.6,,,3.076,-0.616,-0.636,0.536,128,4,39486
2026-01-28 09:59:20,39.67,54.6,,,3.076,-0.608,-0.644,0.54,128,4,39487
2026-01-28 09:59:25,39.66,54.62,,,3.076,-0.616,-0.636,0.544,128,4,39489
2026-01-28 09:59:27,39.66,54.61,,,3.076,-0.612,-0.64,0.54,128,4,39490
2026-01-28 09:59:30,39.65,54.62,,,3.076,-0.616,-0.64,0.536,128,4,39491
2026-01-28 09:59:33,39.67,54.62,,,3.076,-0.608,-0.636,0.54,128,4,39492
2026-01-28 09:59:35,39.67,54.6,,,3.076,-0.616,-0.636,0.54,128,4,39493
2026-01-28 09:59:40,39.66,54.6,,,3.076,-0.616,-0.644,0.54,128,4,39495
2026-01-28 09:59:43,39.66,54.61,,,3.076,-0.612,-0.64,0.54,128,4,39496
2026-01-28 09:59:45,39.64,54.6,,,3.076,-0.612,-0.64,0.536,128,4,39497
2026-01-28 09:59:48,39.67,54.61,,,3.076,-0.608,-0.636,0.54,128,4,39498
2026-01-28 09:59:50,39.65,54.62,,,3.076,-0.612,-0.644,0.54,128,4,39499
2026-01-28 09:59:53,39.65,54.61,,,3.076,-0.62,-0.64,0.548,128,4,39500
2026-01-28 09:59:56,39.65,54.59,,,3.076,-0.612,-0.636,0.544,128,4,39501
2026-01-28 09:59:58,39.65,54.6,,,3.076,-0.608,-0.64,0.544,128,4,39502
2026-01-28 10:00:01,39.66,54.61,,,3.076,-0.616,-0.64,0.54,128,4,39503
2026-01-28 10:01:23,39.62,54.6,,,3.076,-0.608,-0.636,0.536,128,4,39535
2026-01-28 10:01:25,39.62,54.62,,,3.076,-0.62,-0.64,0.528,128,4,39536
2026-01-28 10:01:28,39.62,54.61,,,3.076,-0.612,-0.64,0.532,128,4,39537
2026-01-28 10:01:31,39.6,54.63,,,3.076,-0.616,-0.632,0.536,128,4,39538
2026-01-28 10:01:33,39.6,54.62,,,3.076,-0.616,-0.644,0.548,128,4,39539
2026-01-28 10:01:36,39.6,54.59,,,3.076,-0.612,-0.64,0.54,128,4,39540
2026-01-28 10:01:38,39.6,54.63,,,3.076,-0.612,-0.632,0.544,128,4,39541
2026-01-28 10:01:41,39.6,54.62,,,3.076,-0.616,-0.636,0.54,128,4,39542
2026-01-28 10:01:44,39.6,54.62,,,3.076,-0.612,-0.64,0.536,128,4,39543
2026-01-28 10:01:46,39.6,54.63,,,3.076,-0.608,-0.64,0.536,128,4,39544
2026-01-28 10:01:49,39.59,54.62,,,3.076,-0.616,-0.644,0.54,128,4,39545
2026-01-28 10:01:51,39.59,54.61,,,3.076,-0.616,-0.636,0.536,128,4,39546
2026-01-28 10:01:54,39.6,54.62,,,3.076,-0.62,-0.64,0.536,128,4,39547
2026-01-28 10:01:57,39.6,54.61,,,3.076,-0.612,-0.636,0.552,128,4,39548
2026-01-28 10:01:59,39.59,54.63,,,3.076,-0.608,-0.644,0.532,128,4,39549
2026-01-28 10:02:02,39.6,54.62,,,3.076,-0.616,-0.64,0.54,128,4,39550
2026-01-28 10:02:04,39.6,54.63,,,3.076,-0.616,-0.64,0.548,128,4,39551
2026-01-28 10:02:06,39.6,54.62,,,3.034,-0.62,-0.64,0.544,128,4,39552
2026-01-28 10:02:09,39.6,54.63,,,3.034,-0.608,-0.636,0.54,128,4,39553
2026-01-28 10:02:12,39.58,54.62,,,3.034,-0.616,-0.64,0.536,128,4,39554
2026-01-28 10:02:15,39.59,54.63,,,3.034,-0.616,-0.636,0.536,128,4,39555
2026-01-28 10:02:19,39.59,54.62,,,3.034,-0.612,-0.64,0.544,128,4,39557
2026-01-28 10:02:22,39.58,54.62,,,3.034,-0.608,-0.636,0.548,128,4,39558
2026-01-28 10:02:25,39.58,54.61,,,3.034,-0.608,-0.64,0.536,128,4,39559
2026-01-28 10:02:27,39.59,54.6,,,3.034,-0.616,-0.64,0.54,128,4,39560
2026-01-28 10:05:27,39.49,54.63,,,3.083,-0.604,-0.64,0.54,128,4,39630
2026-01-28 10:05:29,39.49,54.64,,,3.083,-0.612,-0.636,0.532,128,4,39631
2026-01-28 10:05:32,39.48,54.65,,,3.083,-0.612,-0.632,0.54,128,4,39632
2026-01-28 10:05:35,39.48,54.63,,,3.083,-0.616,-0.64,0.54,128,4,39633
2026-01-28 10:05:37,39.49,54.63,,,3.083,-0.604,-0.636,0.548,128,4,39634
2026-01-28 10:05:40,39.48,54.62,,,3.083,-0.612,-0.64,0.536,128,4,39635
2026-01-28 10:05:42,39.48,54.63,,,3.083,-0.616,-0.636,0.536,128,4,39636
2026-01-28 10:10:28,39.35,54.68,,,3.052,-0.612,-0.636,0.54,128,4,39747
2026-01-28 10:10:30,39.36,54.68,,,3.052,-0.612,-0.64,0.536,128,4,39748
2026-01-28 10:10:33,39.35,54.67,,,3.052,-0.612,-0.64,0.536,128,4,39749
2026-01-28 10:10:35,39.34,54.68,,,3.052,-0.612,-0.64,0.536,128,4,39750
2026-01-28 10:10:38,39.35,54.65,,,3.052,-0.612,-0.632,0.536,128,4,39751
2026-01-28 10:10:41,39.35,54.68,,,3.052,-0.612,-0.648,0.532,128,4,39752
2026-01-28 10:10:43,39.36,54.68,,,3.052,-0.616,-0.64,0.54,128,4,39753
2026-01-28 10:10:46,39.35,54.68,,,3.052,-0.612,-0.636,0.54,128,4,39754
2026-01-28 10:10:49,39.34,54.69,,,3.052,-0.612,-0.636,0.536,128,4,39755
2026-01-28 10:14:58,39.26,54.73,,,3.03,-0.616,-0.644,0.544,128,4,39852
2026-01-28 10:15:00,39.24,54.7,,,3.03,-0.612,-0.64,0.544,128,4,39853
2026-01-28 10:15:03,39.25,54.73,,,3.03,-0.608,-0.632,0.548,128,4,39854
2026-01-28 10:15:06,39.26,54.72,,,3.03,-0.62,-0.636,0.536,128,4,39855
2026-01-28 10:15:08,39.23,54.71,,,3.03,-0.616,-0.636,0.548,128,4,39856
2026-01-28 10:15:11,39.24,54.72,,,3.094,-0.612,-0.64,0.536,128,4,39857
2026-01-28 10:15:13,39.24,54.74,,,3.094,-0.612,-0.644,0.536,128,4,39858
2026-01-28 10:15:16,39.23,54.71,,,3.094,-0.612,-0.636,0.536,128,4,39859
2026-01-28 10:15:18,39.22,54.76,,,3.094,-0.612,-0.636,0.536,128,4,39860
2026-01-28 10:15:21,39.24,54.74,,,3.094,-0.612,-0.636,0.54,128,4,39861
2026-01-28 10:15:23,39.24,54.73,,,3.094,-0.612,-0.632,0.548,128,4,39862
2026-01-28 10:15:26,39.24,54.75,,,3.094,-0.612,-0.632,0.536,128,4,39863
2026-01-28 10:15:28,39.24,54.73,,,3.094,-0.62,-0.64,0.536,128,4,39864
2026-01-28 10:15:31,39.24,54.73,,,3.094,-0.616,-0.648,0.54,128,4,39865
2026-01-28 10:15:34,39.23,54.76,,,3.094,-0.612,-0.632,0.548,128,4,39866
2026-01-28 10:15:36,39.22,54.73,,,3.094,-0.616,-0.636,0.536,128,4,39867
2026-01-28 10:15:39,39.23,54.75,,,3.094,-0.616,-0.64,0.54,128,4,39868
2026-01-28 10:15:41,39.23,54.73,,,3.094,-0.612,-0.644,0.54,128,4,39869
2026-01-28 10:15:44,39.22,54.73,,,3.094,-0.616,-0.636,0.54,128,4,39870
2026-01-28 10:15:47,39.22,54.75,,,3.094,-0.608,-0.636,0.536,128,4,39871
2026-01-28 10:15:49,39.22,54.73,,,3.094,-0.616,-0.648,0.536,128,4,39872
2026-01-28 10:15:52,39.23,54.74,,,3.094,-0.604,-0.636,0.536,128,4,39873
2026-01-28 10:15:54,39.23,54.73,,,3.094,-0.616,-0.64,0.536,128,4,39874
2026-01-28 10:15:57,39.22,54.74,,,3.094,-0.612,-0.644,0.544,128,4,39875
2026-01-28 10:15:59,39.21,54.75,,,3.094,-0.612,-0.636,0.536,128,4,39876
2026-01-28 10:16:02,39.24,54.73,,,3.094,-0.608,-0.632,0.536,128,4,39877
2026-01-28 10:16:05,39.23,54.73,,,3.094,-0.616,-0.632,0.544,128,4,39878
2026-01-28 10:16:07,39.23,54.72,,,3.094,-0.616,-0.64,0.544,128,4,39879
2026-01-28 10:16:09,39.22,54.75,,,3.094,-0.616,-0.64,0.544,128,4,39880
2026-01-28 10:16:12,39.23,54.74,,,3.041,-0.612,-0.636,0.536,128,4,39881
2026-01-28 10:16:15,39.22,54.74,,,3.041,-0.608,-0.632,0.544,128,4,39882
2026-01-28 10:16:17,39.22,54.77,,,3.041,-0.612,-0.636,0.536,128,4,39883
2026-01-28 10:16:20,39.21,54.75,,,3.041,-0.62,-0.64,0.536,128,4,39884
2026-01-28 10:16:22,39.21,54.75,,,3.041,-0.612,-0.636,0.54,128,4,39885
2026-01-28 10:16:25,39.22,54.73,,,3.041,-0.616,-0.636,0.536,128,4,39886
2026-01-28 10:16:28,39.21,54.75,,,3.041,-0.612,-0.644,0.532,128,4,39887
2026-01-28 10:16:30,39.21,54.76,,,3.041,-0.608,-0.64,0.532,128,4,39888
2026-01-28 10:16:33,39.21,54.75,,,3.041,-0.62,-0.632,0.544,128,4,39889
2026-01-28 10:16:35,39.2,54.74,,,3.041,-0.608,-0.644,0.536,128,4,39890
2026-01-28 10:16:38,39.21,54.73,,,3.041,-0.616,-0.64,0.54,128,4,39891
2026-01-28 10:16:41,39.22,54.74,,,3.041,-0.612,-0.64,0.54,128,4,39892
2026-01-28 10:16:43,39.21,54.75,,,3.041,-0.612,-0.64,0.54,128,4,39893
2026-01-28 10:16:46,39.22,54.73,,,3.041,-0.608,-0.64,0.54,128,4,39894
2026-01-28 10:16:48,39.21,54.76,,,3.041,-0.608,-0.64,0.54,128,4,39895
2026-01-28 10:16:51,39.21,54.72,,,3.041,-0.616,-0.636,0.536,128,4,39896
2026-01-28 10:16:54,39.21,54.75,,,3.041,-0.616,-0.644,0.544,128,4,39897
2026-01-28 10:16:56,39.2,54.75,,,3.041,-0.612,-0.632,0.536,128,4,39898
2026-01-28 10:16:58,39.21,54.75,,,3.041,-0.612,-0.636,0.544,128,4,39899
2026-01-28 10:17:01,39.21,54.75,,,3.041,-0.616,-0.64,0.544,128,4,39900
2026-01-28 10:17:03,39.21,54.75,,,3.041,-0.612,-0.64,0.544,128,4,39901
2026-01-28 10:17:06,39.2,54.74,,,3.041,-0.616,-0.644,0.54,128,4,39902
2026-01-28 10:17:09,39.21,54.75,,,3.041,-0.612,-0.636,0.54,128,4,39903
2026-01-28 10:17:11,39.19,54.75,,,3.087,-0.612,-0.632,0.54,128,4,39904
2026-01-28 10:17:14,39.18,54.78,,,3.087,-0.612,-0.636,0.54,128,4,39905
2026-01-28 10:17:16,39.2,54.77,,,3.087,-0.62,-0.644,0.536,128,4,39906
2026-01-28 10:17:19,39.19,54.76,,,3.087,-0.616,-0.632,0.544,128,4,39907
2026-01-28 10:17:22,39.21,54.75,,,3.087,-0.612,-0.644,0.54,128,4,39908
2026-01-28 10:17:24,39.21,54.76,,,3.087,-0.612,-0.636,0.536,128,4,39909
2026-01-28 10:17:27,39.21,54.76,,,3.087,-0.608,-0.64,0.54,128,4,39910
2026-01-28 10:17:29,39.21,54.73,,,3.087,-0.612,-0.64,0.544,128,4,39911
2026-01-28 10:17:32,39.21,54.74,,,3.087,-0.608,-0.64,0.54,128,4,39912
2026-01-28 10:17:35,39.2,54.78,,,3.087,-0.62,-0.644,0.536,128,4,39913
2026-01-28 10:17:37,39.19,54.79,,,3.087,-0.616,-0.636,0.54,128,4,39914
2026-01-28 10:17:40,39.2,54.76,,,3.087,-0.616,-0.632,0.544,128,4,39915
2026-01-28 10:17:42,39.18,54.74,,,3.087,-0.612,-0.64,0.54,128,4,39916
2026-01-28 10:17:45,39.19,54.76,,,3.087,-0.62,-0.64,0.532,128,4,39917
2026-01-28 10:17:47,39.19,54.74,,,3.087,-0.608,-0.64,0.532,128,4,39918
2026-01-28 10:17:50,39.2,54.77,,,3.087,-0.604,-0.636,0.54,128,4,39919
2026-01-28 10:17:52,39.18,54.77,,,3.087,-0.616,-0.64,0.54,128,4,39920
2026-01-28 10:17:55,39.19,54.75,,,3.087,-0.612,-0.636,0.536,128,4,39921
2026-01-28 10:17:57,39.18,54.77,,,3.087,-0.616,-0.64,0.54,128,4,39922
2026-01-28 10:18:00,39.19,54.76,,,3.087,-0.616,-0.64,0.536,128,4,39923
2026-01-28 10:18:03,39.19,54.75,,,3.087,-0.62,-0.636,0.544,128,4,39924
2026-01-28 10:18:05,39.19,54.76,,,3.087,-0.62,-0.644,0.532,128,4,39925
2026-01-28 10:18:08,39.17,54.76,,,3.087,-0.608,-0.64,0.536,128,4,39926
2026-01-28 10:18:10,39.19,54.75,,,3.087,-0.616,-0.632,0.54,128,4,39927
2026-01-28 10:18:13,39.17,54.77,,,3.034,-0.612,-0.64,0.536,128,4,39928
2026-01-28 10:18:16,39.17,54.75,,,3.034,-0.612,-0.64,0.536,128,4,39929
2026-01-28 10:18:18,39.17,54.78,,,3.034,-0.612,-0.636,0.536,128,4,39930
2026-01-28 10:18:21,39.19,54.78,,,3.034,-0.62,-0.64,0.536,128,4,39931
2026-01-28 10:18:23,39.18,54.75,,,3.034,-0.612,-0.64,0.548,128,4,39932
2026-01-28 10:18:26,39.17,54.74,,,3.034,-0.612,-0.644,0.544,128,4,39933
2026-01-28 10:18:29,39.19,54.76,,,3.034,-0.62,-0.636,0.536,128,4,39934
2026-01-28 10:18:31,39.18,54.76,,,3.034,-0.612,-0.636,0.536,128,4,39935
2026-01-28 10:18:34,39.18,54.77,,,3.034,-0.612,-0.636,0.544,128,4,39936
2026-01-28 10:18:36,39.17,54.77,,,3.034,-0.608,-0.636,0.54,128,4,39937
2026-01-28 10:18:38,39.17,54.75,,,3.034,-0.612,-0.636,0.536,128,4,39938
2026-01-28 10:18:41,39.17,54.77,,,3.034,-0.612,-0.64,0.54,128,4,39939
2026-01-28 10:18:44,39.16,54.77,,,3.034,-0.608,-0.636,0.54,128,4,39940
2026-01-28 10:18:46,39.17,54.79,,,3.034,-0.608,-0.644,0.544,128,4,39941
2026-01-28 10:18:49,39.17,54.76,,,3.034,-0.612,-0.64,0.536,128,4,39942
2026-01-28 10:18:51,39.17,54.77,,,3.034,-0.612,-0.632,0.54,128,4,39943
2026-01-28 10:18:54,39.16,54.77,,,3.034,-0.608,-0.636,0.544,128,4,39944
2026-01-28 10:18:57,39.15,54.77,,,3.034,-0.608,-0.64,0.536,128,4,39945
2026-01-28 10:18:59,39.16,54.8,,,3.034,-0.608,-0.64,0.54,128,4,39946
2026-01-28 10:23:29,39.1,54.84,,,3.045,-0.604,-0.612,0.536,128,4,40051
2026-01-28 10:23:31,39.09,54.83,,,3.045,-0.604,-0.608,0.516,128,4,40052
2026-01-28 10:23:34,39.1,54.85,,,3.045,-0.592,-0.624,0.532,128,4,40053
2026-01-28 10:23:37,39.1,54.83,,,3.045,-0.6,-0.64,0.532,128,4,40054
2026-01-28 10:23:39,39.1,54.82,,,3.045,-0.596,-0.624,0.536,128,4,40055
2026-01-28 10:23:42,39.1,54.84,,,3.045,-0.596,-0.62,0.532,128,4,40056
2026-01-28 10:23:44,39.1,54.85,,,3.045,-0.608,-0.62,0.528,128,4,40057
2026-01-28 10:23:47,39.09,54.87,,,3.045,-0.596,-0.616,0.52,128,4,40058
2026-01-28 10:23:50,39.1,54.86,,,3.045,-0.608,-0.616,0.528,128,4,40059
2026-01-28 10:23:55,39.1,54.85,,,3.045,-0.628,-0.616,0.548,128,4,40061
2026-01-28 10:28:55,39.07,54.95,,,3.03,-0.604,-0.632,0.536,128,4,40178
2026-01-28 10:32:06,39.07,55.04,,,3.03,-0.624,-0.668,0.56,128,4,40252
2026-01-28 10:32:08,39.07,55.02,,,3.03,-0.62,-0.628,0.536,128,4,40253
2026-01-28 10:32:11,39.07,55.05,,,3.03,-0.592,-0.64,0.536,128,4,40254
2026-01-28 10:32:13,39.07,55.01,,,3.03,-0.62,-0.652,0.54,128,4,40255
2026-01-28 10:32:16,39.07,55.01,,,3.03,-0.62,-0.636,0.544,128,4,40256
2026-01-28 10:32:19,39.07,55.02,,,3.027,-0.604,-0.612,0.52,128,4,40257
2026-01-28 10:32:21,39.06,55.02,,,3.027,-0.592,-0.656,0.524,128,4,40258
2026-01-28 10:32:24,39.07,55.05,,,3.027,-0.62,-0.656,0.54,128,4,40259
2026-01-28 10:32:26,39.09,55.06,,,3.027,-0.616,-0.612,0.548,128,4,40260
2026-01-28 10:32:29,39.07,55.02,,,3.027,-0.596,-0.64,0.52,128,4,40261
2026-01-28 10:32:32,39.07,55.04,,,3.027,-0.612,-0.648,0.544,128,4,40262
2026-01-28 10:32:34,39.07,55.05,,,3.027,-0.624,-0.608,0.548,128,4,40263
2026-01-28 10:32:37,39.07,55.05,,,3.027,-0.612,-0.664,0.536,128,4,40264
2026-01-28 10:32:39,39.09,55.04,,,3.027,-0.612,-0.624,0.548,128,4,40265
2026-01-28 10:32:41,39.08,55.02,,,3.027,-0.612,-0.668,0.532,128,4,40266
2026-01-28 10:32:44,39.07,55.02,,,3.027,-0.624,-0.628,0.536,128,4,40267
2026-01-28 10:32:47,39.07,55.06,,,3.027,-0.592,-0.648,0.512,128,4,40268
2026-01-28 10:32:49,39.06,55.03,,,3.027,-0.616,-0.648,0.548,128,4,40269
2026-01-28 10:32:52,39.07,55.04,,,3.027,-0.6,-0.62,0.532,128,4,40270
2026-01-28 10:32:54,39.08,55.04,,,3.027,-0.608,-0.648,0.54,128,4,40271
2026-01-28 10:32:57,39.07,55.04,,,3.027,-0.596,-0.628,0.532,128,4,40272
2026-01-28 10:33:00,39.08,55.06,,,3.027,-0.616,-0.636,0.548,128,4,40273
2026-01-28 10:33:02,39.08,55.02,,,3.027,-0.588,-0.644,0.528,128,4,40274
2026-01-28 10:33:05,39.07,55.05,,,3.027,-0.616,-0.632,0.548,128,4,40275
2026-01-28 10:33:07,39.08,55.06,,,3.027,-0.616,-0.656,0.544,128,4,40276
2026-01-28 10:33:10,39.07,55.03,,,3.027,-0.62,-0.608,0.56,128,4,40277
2026-01-28 10:33:13,39.07,55.06,,,3.027,-0.628,-0.656,0.544,128,4,40278
2026-01-28 10:33:15,39.07,55.07,,,3.027,-0.612,-0.612,0.532,128,4,40279
2026-01-28 10:33:18,39.07,55.04,,,3.03,-0.616,-0.656,0.532,128,4,40280
2026-01-28 10:33:20,39.07,55.06,,,3.03,-0.62,-0.612,0.532,128,4,40281
2026-01-28 10:33:23,39.07,55.06,,,3.03,-0.616,-0.656,0.54,128,4,40282
2026-01-28 10:33:26,39.08,55.06,,,3.03,-0.612,-0.624,0.532,128,4,40283
2026-01-28 10:33:30,39.07,55.06,,,3.03,-0.632,-0.608,0.544,128,4,40285
2026-01-28 10:33:33,39.09,55.04,,,3.03,-0.596,-0.628,0.532,128,4,40286
2026-01-28 10:33:35,39.07,55.05,,,3.03,-0.616,-0.652,0.54,128,4,40287
2026-01-28 10:33:38,39.08,55.07,,,3.03,-0.62,-0.616,0.548,128,4,40288
2026-01-28 10:33:41,39.07,55.04,,,3.03,-0.588,-0.64,0.528,128,4,40289
2026-01-28 10:33:43,39.07,55.07,,,3.03,-0.62,-0.656,0.536,128,4,40290
2026-01-28 10:33:46,39.07,55.04,,,3.03,-0.62,-0.628,0.544,128,4,40291
2026-01-28 10:33:51,39.09,55.05,,,3.03,-0.604,-0.668,0.528,128,4,40293
2026-01-28 10:33:54,39.08,55.07,,,3.03,-0.628,-0.656,0.544,128,4,40294
2026-01-28 10:33:56,39.08,55.04,,,3.03,-0.62,-0.632,0.54,128,4,40295
2026-01-28 10:33:59,39.09,55.04,,,3.03,-0.632,-0.624,0.544,128,4,40296
2026-01-28 10:34:01,39.07,55.08,,,3.03,-0.6,-0.64,0.528,128,4,40297
2026-01-28 10:34:04,39.08,55.08,,,3.03,-0.62,-0.664,0.56,128,4,40298
2026-01-28 10:34:07,39.08,55.05,,,3.03,-0.612,-0.64,0.544,128,4,40299
2026-01-28 10:34:09,39.07,55.06,,,3.03,-0.616,-0.624,0.54,128,4,40300
2026-01-28 10:34:12,39.07,55.08,,,3.03,-0.6,-0.616,0.528,128,4,40301
2026-01-28 10:34:14,39.08,55.06,,,3.03,-0.604,-0.66,0.532,128,4,40302
2026-01-28 10:34:17,39.07,55.09,,,3.03,-0.616,-0.64,0.548,128,4,40303
2026-01-28 10:34:19,39.08,55.07,,,3.03,-0.624,-0.612,0.548,128,4,40304
2026-01-28 10:34:22,39.09,55.07,,,3.03,-0.596,-0.632,0.52,128,4,40305
2026-01-28 10:34:24,39.08,55.05,,,3.03,-0.628,-0.664,0.556,128,4,40306
2026-01-28 10:34:27,39.08,55.08,,,3.03,-0.62,-0.636,0.536,128,4,40307
2026-01-28 10:34:29,39.08,55.08,,,3.03,-0.628,-0.616,0.552,128,4,40308
2026-01-28 10:34:32,39.1,55.06,,,3.03,-0.588,-0.636,0.516,128,4,40309
2026-01-28 10:34:35,39.08,55.05,,,3.03,-0.616,-0.668,0.544,128,4,40310
2026-01-28 10:34:37,39.08,55.07,,,3.03,-0.616,-0.64,0.544,128,4,40311
2026-01-28 10:34:40,39.09,55.06,,,3.03,-0.62,-0.624,0.54,128,4,40312
2026-01-28 10:34:45,39.1,55.09,,,3.03,-0.6,-0.66,0.524,128,4,40314
2026-01-28 10:34:48,39.09,55.09,,,3.03,-0.62,-0.652,0.532,128,4,40315
2026-01-28 10:34:50,39.09,55.07,,,3.03,-0.62,-0.632,0.54,128,4,40316
2026-01-28 10:34:53,39.08,55.07,,,3.03,-0.632,-0.62,0.548,128,4,40317
2026-01-28 10:34:55,39.08,55.08,,,3.03,-0.58,-0.644,0.528,128,4,40318
2026-01-28 10:34:58,39.08,55.06,,,3.03,-0.62,-0.664,0.548,128,4,40319
2026-01-28 10:35:01,39.09,55.08,,,3.03,-0.62,-0.636,0.544,128,4,40320
2026-01-28 10:35:03,39.1,55.07,,,3.03,-0.624,-0.612,0.548,128,4,40321
2026-01-28 10:35:06,39.08,55.08,,,3.03,-0.596,-0.664,0.524,128,4,40322
2026-01-28 10:35:08,39.1,55.07,,,3.03,-0.628,-0.656,0.536,128,4,40323
2026-01-28 10:40:09,39.14,55.12,,,3.041,-0.616,-0.624,0.544,132,4,40440
2026-01-28 10:44:36,39.19,55.15,,,3.041,-0.628,-0.644,0.536,132,4,40544
2026-01-28 10:44:39,39.2,55.18,,,3.041,-0.608,-0.628,0.544,132,4,40545
2026-01-28 10:44:41,39.2,55.19,,,3.041,-0.624,-0.628,0.548,132,4,40546
2026-01-28 10:44:44,39.19,55.19,,,3.041,-0.616,-0.612,0.548,132,4,40547
2026-01-28 10:44:46,39.19,55.18,,,3.041,-0.624,-0.62,0.552,132,4,40548
2026-01-28 10:44:49,39.18,55.18,,,3.041,-0.6,-0.62,0.52,132,4,40549
2026-01-28 10:44:52,39.19,55.17,,,3.041,-0.588,-0.632,0.528,132,4,40550
2026-01-28 10:44:54,39.18,55.19,,,3.041,-0.604,-0.62,0.52,132,4,40551
2026-01-28 10:44:57,39.19,55.2,,,3.041,-0.592,-0.64,0.516,132,4,40552
2026-01-28 10:45:00,39.21,55.19,,,3.041,-0.572,-0.604,0.528,132,4,40553
2026-01-28 10:45:02,39.2,55.18,,,3.041,-0.48,-0.52,0.348,133,4,40554
2026-01-28 10:45:05,39.18,55.2,,,3.041,0.072,0.384,1.088,133,4,40555
2026-01-28 10:45:09,39.19,55.15,,,3.041,-0.596,-0.608,0.612,133,4,40557
2026-01-28 10:45:12,39.2,55.17,,,3.041,-0.608,-0.604,0.616,133,4,40558
2026-01-28 10:45:14,39.2,55.19,,,3.041,-0.588,-0.608,0.604,133,4,40559
2026-01-28 10:45:17,39.18,55.17,,,3.041,-0.604,-0.608,0.616,133,4,40560
2026-01-28 10:45:20,39.2,55.18,,,3.041,-0.612,-0.616,0.62,133,4,40561
2026-01-28 10:45:22,39.2,55.18,,,3.034,-0.596,-0.592,0.6,133,4,40562
2026-01-28 10:45:25,39.19,55.2,,,3.034,-0.584,-0.584,0.6,133,4,40563
2026-01-28 10:45:30,39.2,55.2,,,3.034,-0.584,-0.58,0.596,133,4,40565
2026-01-28 10:45:33,39.21,55.2,,,3.034,-0.568,-0.616,0.588,133,4,40566
2026-01-28 10:45:36,39.21,55.19,,,3.034,-0.58,-0.616,0.592,133,4,40567
2026-01-28 10:45:41,39.2,55.18,,,3.034,-0.592,-0.592,0.608,133,4,40569
2026-01-28 10:45:45,39.21,55.19,,,3.034,-0.588,-0.584,0.604,133,4,40570
2026-01-28 10:45:49,39.21,55.2,,,3.034,-0.6,-0.588,0.608,133,4,40572
2026-01-28 10:45:54,39.21,55.2,,,3.034,-0.564,-0.592,0.584,133,4,40574
2026-01-28 10:45:56,39.21,55.19,,,3.034,-0.584,-0.62,0.6,133,4,40575
2026-01-28 10:45:59,39.21,55.19,,,3.034,-0.608,-0.596,0.608,133,4,40576
2026-01-28 10:46:03,39.2,55.21,,,3.034,-0.592,-0.588,0.596,133,4,40578
2026-01-28 10:46:06,39.21,55.17,,,3.034,-0.592,-0.588,0.6,133,4,40579
2026-01-28 10:46:09,39.21,55.2,,,3.034,-0.58,-0.592,0.584,133,4,40580
2026-01-28 10:46:11,39.21,55.2,,,3.034,-0.572,-0.592,0.588,133,4,40581
2026-01-28 10:46:15,39.21,55.2,,,3.034,-0.572,-0.6,0.58,133,4,40582
2026-01-28 10:46:19,39.21,55.23,,,3.034,-0.596,-0.624,0.608,133,4,40584
2026-01-28 10:46:21,39.21,55.19,,,3.034,-0.608,-0.612,0.616,133,4,40585
2026-01-28 10:46:25,39.21,55.2,,,3.038,-0.596,-0.596,0.604,133,4,40586
2026-01-28 10:46:29,39.21,55.2,,,3.038,-0.58,-0.588,0.584,133,4,40588
2026-01-28 10:46:32,39.21,55.21,,,3.038,-0.576,-0.588,0.596,133,4,40589
2026-01-28 10:46:35,39.21,55.2,,,3.038,-0.584,-0.588,0.596,133,4,40590
2026-01-28 10:46:38,39.21,55.23,,,3.038,-0.588,-0.58,0.604,133,4,40591
2026-01-28 10:46:43,39.23,55.21,,,3.038,-0.604,-0.592,0.608,133,4,40593
2026-01-28 10:46:46,39.21,55.22,,,3.038,-0.584,-0.584,0.592,133,4,40594
2026-01-28 10:46:52,39.24,55.2,,,3.038,-0.58,-0.624,0.592,133,4,40596
2026-01-28 10:46:55,39.22,55.21,,,3.038,-0.604,-0.612,0.62,133,4,40598
2026-01-28 10:46:58,39.21,55.22,,,3.038,-0.604,-0.616,0.608,133,4,40599
2026-01-28 10:47:00,39.22,55.22,,,3.038,-0.608,-0.624,0.62,133,4,40600
2026-01-28 10:47:03,39.22,55.22,,,3.038,-0.588,-0.588,0.608,133,4,40601
2026-01-28 10:47:08,39.22,55.22,,,3.038,-0.58,-0.592,0.592,133,4,40602
2026-01-28 10:47:08,39.22,55.23,,,3.038,-0.608,-0.584,0.604,133,4,40603
2026-01-28 10:47:13,39.23,55.2,,,3.038,-0.564,-0.588,0.588,133,4,40605
2026-01-28 10:47:16,39.23,55.22,,,3.038,-0.576,-0.624,0.584,133,4,40606
2026-01-28 10:47:20,39.23,55.22,,,3.038,-0.612,-0.616,0.616,133,4,40607
2026-01-28 10:47:24,39.22,55.2,,,3.038,-0.608,-0.592,0.612,133,4,40609
2026-01-28 10:47:28,39.24,55.24,,,3.038,-0.576,-0.628,0.588,133,4,40611
2026-01-28 10:47:32,39.23,55.23,,,3.038,-0.612,-0.616,0.612,133,4,40612
2026-01-28 10:47:36,39.23,55.23,,,3.038,-0.604,-0.588,0.6,133,4,40614
2026-01-28 10:47:38,39.24,55.23,,,3.038,-0.564,-0.612,0.592,133,4,40615
2026-01-28 10:47:41,39.24,55.21,,,3.038,-0.604,-0.62,0.62,133,4,40616
2026-01-28 10:47:44,39.24,55.2,,,3.038,-0.58,-0.6,0.596,133,4,40617
2026-01-28 10:47:46,39.23,55.21,,,3.038,-0.608,-0.588,0.6,133,4,40618
2026-01-28 10:47:49,39.24,55.23,,,3.038,-0.604,-0.576,0.604,133,4,40619
2026-01-28 10:47:52,39.23,55.23,,,3.038,-0.58,-0.588,0.584,133,4,40620
2026-01-28 10:47:57,39.24,55.23,,,3.038,-0.604,-0.616,0.612,133,4,40622
2026-01-28 10:48:02,39.23,55.22,,,3.038,-0.58,-0.588,0.596,133,4,40624
2026-01-28 10:48:07,39.24,55.24,,,3.038,-0.584,-0.588,0.588,133,4,40626
2026-01-28 10:48:10,39.24,55.25,,,3.038,-0.568,-0.596,0.584,133,4,40627
2026-01-28 10:48:15,39.24,55.23,,,3.038,-0.6,-0.62,0.608,133,4,40629
2026-01-28 10:48:17,39.25,55.21,,,3.038,-0.612,-0.616,0.616,133,4,40630
2026-01-28 10:48:19,39.24,55.21,,,3.038,-0.596,-0.588,0.604,133,4,40631
2026-01-28 10:48:23,39.26,55.23,,,3.038,-0.572,-0.588,0.596,133,4,40632
2026-01-28 10:48:27,39.25,55.22,,,3.048,-0.604,-0.588,0.604,133,4,40634
2026-01-28 10:48:30,39.25,55.2,,,3.048,-0.584,-0.576,0.596,133,4,40635
2026-01-28 10:48:32,39.24,55.23,,,3.048,-0.56,-0.596,0.576,133,4,40636
2026-01-28 10:48:35,39.24,55.22,,,3.048,-0.588,-0.62,0.604,133,4,40637
2026-01-28 10:48:38,39.26,55.2,,,3.048,-0.608,-0.612,0.62,133,4,40638
2026-01-28 10:48:40,39.25,55.22,,,3.048,-0.592,-0.604,0.608,133,4,40639
2026-01-28 10:48:43,39.25,55.24,,,3.048,-0.584,-0.588,0.608,133,4,40640
2026-01-28 10:48:45,39.25,55.22,,,3.048,-0.576,-0.58,0.596,133,4,40641
2026-01-28 10:48:48,39.25,55.22,,,3.048,-0.588,-0.624,0.6,133,4,40642
2026-01-28 10:48:51,39.26,55.24,,,3.048,-0.588,-0.588,0.6,133,4,40643
2026-01-28 10:48:53,39.26,55.22,,,3.048,-0.6,-0.584,0.6,133,4,40644
2026-01-28 10:48:56,39.25,55.22,,,3.048,-0.588,-0.588,0.6,133,4,40645
2026-01-28 10:48:58,39.25,55.23,,,3.048,-0.572,-0.616,0.6,133,4,40646
2026-01-28 10:49:01,39.26,55.22,,,3.048,-0.612,-0.616,0.616,133,4,40647
2026-01-28 10:49:04,39.26,55.21,,,3.048,-0.596,-0.588,0.604,133,4,40648
2026-01-28 10:49:06,39.27,55.22,,,3.048,-0.584,-0.596,0.584,133,4,40649
2026-01-28 10:49:08,39.25,55.21,,,3.048,-0.608,-0.592,0.612,133,4,40650
2026-01-28 10:49:11,39.25,55.22,,,3.048,-0.576,-0.596,0.596,133,4,40651
2026-01-28 10:49:16,39.26,55.21,,,3.048,-0.58,-0.624,0.592,133,4,40653
2026-01-28 10:49:20,39.27,55.22,,,3.048,-0.608,-0.616,0.612,133,4,40654
2026-01-28 10:49:24,39.27,55.22,,,3.034,-0.592,-0.584,0.596,133,4,40656
2026-01-28 10:49:26,39.26,55.2,,,3.034,-0.568,-0.608,0.584,133,4,40657
2026-01-28 10:49:29,39.26,55.2,,,3.034,-0.588,-0.604,0.596,133,4,40658
2026-01-28 10:49:32,39.27,55.21,,,3.034,-0.584,-0.592,0.596,133,4,40659
2026-01-28 10:49:37,39.28,55.2,,,3.034,-0.584,-0.6,0.604,133,4,40661
2026-01-28 10:49:41,39.28,55.21,,,3.034,-0.588,-0.6,0.6,133,4,40662
2026-01-28 10:49:45,39.26,55.19,,,3.034,-0.588,-0.596,0.6,133,4,40664
2026-01-28 10:49:48,39.28,55.2,,,3.034,-0.588,-0.596,0.604,133,4,40665
2026-01-28 10:49:50,39.27,55.22,,,3.034,-0.588,-0.6,0.6,133,4,40666
2026-01-28 10:49:53,39.28,55.22,,,3.034,-0.592,-0.596,0.596,133,4,40667
2026-01-28 10:54:53,39.33,55.17,,,3.034,-0.596,-0.604,0.6,133,4,40784
2026-01-28 10:56:23,39.35,55.17,,,3.034,-0.584,-0.6,0.6,133,4,40819
2026-01-28 10:56:26,39.35,55.17,,,3.087,-0.592,-0.6,0.6,133,4,40820
2026-01-28 10:56:28,39.33,55.16,,,3.087,-0.592,-0.604,0.6,133,4,40821
2026-01-28 10:56:31,39.34,55.17,,,3.087,-0.588,-0.608,0.596,133,4,40822
2026-01-28 10:56:34,39.35,55.17,,,3.087,-0.584,-0.604,0.596,133,4,40823
2026-01-28 10:56:38,39.34,55.16,,,3.087,-0.588,-0.604,0.592,133,4,40825
2026-01-28 10:56:41,39.35,55.19,,,3.087,-0.584,-0.596,0.604,133,4,40826
2026-01-28 10:56:43,39.34,55.17,,,3.087,-0.588,-0.596,0.6,133,4,40827
2026-01-28 10:56:46,39.32,55.16,,,3.087,-0.592,-0.6,0.596,133,4,40828
2026-01-28 10:56:48,39.35,55.16,,,3.087,-0.584,-0.6,0.6,133,4,40829
2026-01-28 10:56:51,39.35,55.15,,,3.087,-0.588,-0.604,0.592,133,4,40830
2026-01-28 10:56:54,39.35,55.19,,,3.087,0.664,0.704,-0.564,134,4,40831
2026-01-28 10:56:56,39.33,55.16,,,3.087,0.432,0.3,-0.672,134,4,40832
2026-01-28 10:56:59,39.33,55.18,,,3.087,-0.128,-0.228,-0.856,134,4,40833
2026-01-28 10:57:01,39.35,55.17,,,3.087,-0.436,-0.372,0.844,134,4,40834
2026-01-28 10:57:04,39.35,55.19,,,3.087,0.168,-0.776,0.668,135,4,40835
2026-01-28 10:57:07,39.35,55.24,,,3.087,-0.392,-0.404,0.844,136,4,40836
2026-01-28 10:57:09,39.35,55.23,,,3.087,-0.396,-0.416,0.84,136,4,40837
2026-01-28 10:57:12,39.35,55.28,,,3.087,-0.42,-0.416,0.828,137,4,40838
2026-01-28 10:57:14,39.35,55.31,,,3.087,-0.372,-0.408,0.836,139,4,40839
2026-01-28 10:57:17,39.35,55.32,,,3.087,-0.416,-0.432,0.828,139,4,40840
2026-01-28 10:57:20,39.36,55.38,,,3.087,-0.404,-0.428,0.84,139,4,40841
2026-01-28 10:57:22,39.35,55.4,,,3.087,-0.412,-0.432,0.832,139,4,40842
2026-01-28 10:57:25,39.36,55.43,,,3.087,-0.412,-0.432,0.836,139,4,40843
2026-01-28 10:57:27,39.36,55.47,,,3.038,-0.416,-0.428,0.836,139,4,40844
2026-01-28 10:57:32,39.37,55.53,,,3.038,-0.396,-0.424,0.812,140,4,40846
2026-01-28 10:57:35,39.38,55.56,,,3.038,-0.408,-0.452,0.832,140,4,40847
2026-01-28 10:57:37,39.38,55.57,,,3.038,-0.384,-0.44,0.812,140,4,40848
2026-01-28 10:57:40,39.4,55.57,,,3.038,-0.428,-0.448,0.824,140,4,40849
2026-01-28 10:57:45,39.39,55.64,,,3.038,-0.42,-0.44,0.828,140,4,40851
2026-01-28 10:57:48,39.42,55.65,,,3.038,0.136,-0.22,0.724,141,4,40852
2026-01-28 10:57:50,39.42,55.67,,,3.038,-0.548,-0.532,0.696,142,4,40853
2026-01-28 10:57:53,39.43,55.71,,,3.038,-0.56,-0.54,0.696,143,4,40854
2026-01-28 10:57:55,39.46,55.72,,,3.038,-0.532,-0.528,0.7,143,4,40855
2026-01-28 10:57:58,39.44,55.71,,,3.038,-0.532,-0.516,0.7,143,4,40856
2026-01-28 10:58:01,39.45,55.72,,,3.038,-0.536,-0.516,0.712,143,4,40857
2026-01-28 10:58:03,39.46,55.74,,,3.038,-0.508,-0.488,0.752,143,4,40858
2026-01-28 10:58:06,39.49,55.77,,,3.038,-0.516,-0.504,0.724,143,4,40859
2026-01-28 10:58:08,39.48,55.78,,,3.038,-0.488,-0.432,0.808,143,4,40860
2026-01-28 10:58:11,39.48,55.78,,,3.038,-0.452,-0.408,0.824,144,4,40861
2026-01-28 10:58:14,39.51,55.79,,,3.038,-0.456,-0.392,0.816,144,4,40862
2026-01-28 10:58:16,39.51,55.79,,,3.038,-0.464,-0.392,0.84,144,4,40863
2026-01-28 10:58:21,39.53,55.79,,,3.038,-0.444,-0.384,0.852,145,4,40865
2026-01-28 10:58:23,39.55,55.81,,,3.038,-0.44,-0.384,0.852,145,4,40866
2026-01-28 10:58:26,39.55,55.8,,,3.087,-0.484,-0.428,0.808,145,4,40867
2026-01-28 10:58:29,39.57,55.83,,,3.087,-0.44,-0.384,0.84,145,4,40868
2026-01-28 10:58:31,39.56,55.85,,,3.087,-0.456,-0.4,0.836,145,4,40869
2026-01-28 10:58:34,39.58,55.85,,,3.087,-0.396,-0.32,0.852,148,4,40870
2026-01-28 10:58:36,39.59,55.85,,,3.087,-0.444,-0.392,0.832,148,4,40871
2026-01-28 10:58:39,39.61,55.86,,,3.087,-0.452,-0.384,0.84,148,4,40872
2026-01-28 10:58:42,39.61,55.85,,,3.087,-0.436,-0.412,0.804,150,4,40873
2026-01-28 10:58:44,39.63,55.85,,,3.087,-0.456,-0.424,0.796,155,4,40874
2026-01-28 10:58:47,39.62,55.88,,,3.087,-0.436,-0.388,0.832,155,4,40875
2026-01-28 10:58:49,39.64,55.88,,,3.087,-0.408,-0.36,0.888,156,4,40876
2026-01-28 10:58:52,39.65,55.87,,,3.087,-0.384,-0.344,0.888,156,4,40877
2026-01-28 10:58:55,39.65,55.86,,,3.087,-0.392,-0.312,0.916,156,4,40878
2026-01-28 10:58:57,39.67,55.87,,,3.087,-0.364,-0.3,0.904,156,4,40879
2026-01-28 10:59:00,39.68,55.87,,,3.087,-0.32,-0.224,0.924,156,4,40880
2026-01-28 10:59:02,39.68,55.85,,,3.087,-0.32,-0.248,0.928,156,4,40881
2026-01-28 10:59:04,39.69,55.88,,,3.087,-0.308,-0.232,0.936,156,4,40882
2026-01-28 10:59:07,39.71,55.85,,,3.087,-0.324,-0.24,0.94,156,4,40883
2026-01-28 10:59:10,39.71,55.83,,,3.087,-0.324,-0.216,0.94,156,4,40884
2026-01-28 10:59:12,39.73,55.83,,,3.087,-0.316,-0.236,0.928,156,4,40885
2026-01-28 10:59:15,39.73,55.82,,,3.087,-0.312,-0.24,0.94,156,4,40886
2026-01-28 10:59:17,39.74,55.8,,,3.087,-0.316,-0.248,0.94,156,4,40887
2026-01-28 10:59:20,39.74,55.81,,,3.087,-0.3,-0.236,0.94,156,4,40888
2026-01-28 10:59:23,39.76,55.8,,,3.087,-0.316,-0.232,0.944,156,4,40889
2026-01-28 10:59:25,39.78,55.79,,,3.087,-0.324,-0.236,0.936,156,4,40890
2026-01-28 10:59:28,39.78,55.78,,,3.045,-0.3,-0.212,0.94,157,4,40891
2026-01-28 10:59:30,39.79,55.75,,,3.045,-0.284,-0.2,0.952,157,4,40892
2026-01-28 10:59:33,39.8,55.76,,,3.045,-0.272,-0.196,0.96,157,4,40893
2026-01-28 10:59:36,39.8,55.76,,,3.045,-0.244,-0.136,0.984,157,4,40894
2026-01-28 10:59:38,39.81,55.74,,,3.045,-0.248,-0.14,1,157,4,40895
2026-01-28 10:59:41,39.82,55.73,,,3.045,-0.24,-0.14,0.972,157,4,40896
2026-01-28 10:59:43,39.82,55.7,,,3.045,-0.244,-0.152,0.976,157,4,40897
2026-01-28 10:59:46,39.85,55.7,,,3.045,-0.236,-0.136,0.972,157,4,40898
2026-01-28 10:59:49,39.85,55.7,,,3.045,-0.232,-0.136,0.98,157,4,40899
2026-01-28 10:59:51,39.85,55.68,,,3.045,-0.252,-0.152,0.996,157,4,40900
2026-01-28 10:59:54,39.86,55.7,,,3.045,-0.224,-0.096,0.984,157,4,40901
2026-01-28 10:59:56,39.87,55.67,,,3.045,-0.24,-0.144,0.976,157,4,40902
2026-01-28 10:59:58,39.85,55.68,,,3.045,-0.252,-0.132,0.992,157,4,40903
2026-01-28 11:00:01,39.87,55.64,,,3.045,-0.124,-0.016,1.004,158,4,40904
2026-01-28 11:00:04,39.89,55.64,,,3.045,-0.26,-0.148,0.972,162,4,40905
2026-01-28 11:00:07,39.89,55.63,,,3.045,-0.14,0.04,0.996,166,4,40906
2026-01-28 11:00:12,39.91,55.62,,,3.045,-0.056,0.056,1.04,168,4,40908
2026-01-28 11:00:14,39.91,55.58,,,3.045,-0.052,0,0.924,170,4,40909
2026-01-28 11:00:17,39.92,55.57,,,3.045,-0.084,0.044,0.996,170,4,40910
2026-01-28 11:00:22,39.93,55.58,,,3.045,-0.056,0.084,0.992,171,4,40912
2026-01-28 11:00:24,39.92,55.54,,,3.045,-0.3,-0.212,0.956,173,4,40913
2026-01-28 11:00:28,39.93,55.56,,,3.045,-0.24,-0.136,0.972,174,4,40914
2026-01-28 11:00:32,39.95,55.53,,,3.034,-0.244,-0.144,0.972,174,4,40916
2026-01-28 11:00:35,39.96,55.51,,,3.034,-0.236,-0.144,0.972,174,4,40917
2026-01-28 11:00:38,39.96,55.51,,,3.034,-0.244,-0.144,0.972,174,4,40918
2026-01-28 11:00:40,39.97,55.51,,,3.034,-0.244,-0.136,0.976,174,4,40919
2026-01-28 11:00:43,39.97,55.51,,,3.034,-0.236,-0.14,0.968,174,4,40920
2026-01-28 11:00:45,39.98,55.51,,,3.034,-0.244,-0.14,0.972,174,4,40921
2026-01-28 11:00:47,39.99,55.46,,,3.034,-0.244,-0.136,0.976,174,4,40922
2026-01-28 11:00:50,39.99,55.47,,,3.034,-0.248,-0.132,0.976,174,4,40923
2026-01-28 11:00:52,40.01,55.46,,,3.034,-0.244,-0.136,0.972,174,4,40924
2026-01-28 11:00:56,40,55.45,,,3.034,-0.244,-0.132,0.98,174,4,40925
2026-01-28 11:00:58,40.01,55.44,,,3.034,-0.236,-0.132,0.98,174,4,40926
2026-01-28 11:01:03,40.01,55.44,,,3.034,-0.24,-0.14,0.972,174,4,40928
2026-01-28 11:01:05,40.02,55.44,,,3.034,-0.24,-0.132,0.976,174,4,40929
2026-01-28 11:01:09,40.03,55.42,,,3.034,-0.244,-0.136,0.968,174,4,40930
2026-01-28 11:01:13,40.03,55.39,,,3.034,-0.244,-0.136,0.968,174,4,40932
2026-01-28 11:01:16,40.04,55.38,,,3.034,-0.24,-0.132,0.972,174,4,40933
2026-01-28 11:01:19,40.06,55.37,,,3.034,-0.244,-0.14,0.972,174,4,40934
2026-01-28 11:01:21,40.06,55.38,,,3.034,-0.244,-0.144,0.972,174,4,40935
2026-01-28 11:01:24,40.07,55.37,,,3.034,-0.244,-0.144,0.972,174,4,40936
2026-01-28 11:01:27,40.06,55.38,,,3.034,-0.24,-0.136,0.972,174,4,40937
2026-01-28 11:01:31,40.07,55.35,,,3.076,-0.244,-0.14,0.976,174,4,40939
2026-01-28 11:01:35,40.07,55.37,,,3.076,-0.236,-0.136,0.968,174,4,40940
2026-01-28 11:01:39,40.08,55.33,,,3.076,-0.24,-0.136,0.976,174,4,40942
2026-01-28 11:01:41,40.1,55.35,,,3.076,-0.244,-0.136,0.972,174,4,40943
2026-01-28 11:01:44,40.09,55.32,,,3.076,-0.232,-0.136,0.976,174,4,40944
2026-01-28 11:01:47,40.11,55.34,,,3.076,-0.244,-0.136,0.976,174,4,40945
2026-01-28 11:01:52,40.11,55.32,,,3.076,-0.24,-0.14,0.972,174,4,40947
2026-01-28 11:01:55,40.11,55.32,,,3.076,-0.24,-0.136,0.976,174,4,40948
2026-01-28 11:01:59,40.12,55.31,,,3.076,-0.24,-0.136,0.976,174,4,40950
2026-01-28 11:02:02,40.13,55.29,,,3.076,-0.236,-0.14,0.972,174,4,40951
2026-01-28 11:02:05,40.13,55.28,,,3.076,-0.24,-0.136,0.976,174,4,40952
2026-01-28 11:02:10,40.13,55.28,,,3.076,-0.244,-0.14,0.964,174,4,40954
2026-01-28 11:02:12,40.13,55.27,,,3.076,-0.24,-0.132,0.968,174,4,40955
2026-01-28 11:02:15,40.16,55.28,,,3.076,-0.236,-0.136,0.98,174,4,40956
2026-01-28 11:02:18,40.15,55.27,,,3.076,-0.24,-0.136,0.968,174,4,40957
2026-01-28 11:02:20,40.16,55.28,,,3.076,-0.24,-0.14,0.972,174,4,40958
2026-01-28 11:02:22,40.17,55.28,,,3.076,-0.244,-0.136,0.972,174,4,40959
2026-01-28 11:02:25,40.17,55.26,,,3.076,-0.236,-0.14,0.976,174,4,40960
2026-01-28 11:02:28,40.17,55.25,,,3.083,-0.248,-0.14,0.968,174,4,40961
2026-01-28 11:02:30,40.16,55.25,,,3.083,-0.248,-0.144,0.98,174,4,40962
2026-01-28 11:02:33,40.17,55.23,,,3.083,-0.244,-0.136,0.972,174,4,40963
2026-01-28 11:02:35,40.19,55.25,,,3.083,-0.24,-0.136,0.972,174,4,40964
2026-01-28 11:02:38,40.18,55.26,,,3.083,-0.248,-0.136,0.972,174,4,40965
2026-01-28 11:02:41,40.18,55.24,,,3.083,-0.244,-0.132,0.976,174,4,40966
2026-01-28 11:02:43,40.19,55.24,,,3.083,-0.24,-0.136,0.968,174,4,40967
2026-01-28 11:02:46,40.19,55.21,,,3.083,-0.24,-0.148,0.976,174,4,40968
2026-01-28 11:02:48,40.2,55.21,,,3.083,-0.24,-0.136,0.976,174,4,40969
2026-01-28 11:02:51,40.2,55.18,,,3.083,-0.24,-0.14,0.968,174,4,40970
2026-01-28 11:02:54,40.2,55.22,,,3.083,-0.244,-0.14,0.972,174,4,40971
2026-01-28 11:02:56,40.21,55.2,,,3.083,-0.24,-0.132,0.976,174,4,40972
2026-01-28 11:02:59,40.21,55.2,,,3.083,-0.24,-0.14,0.976,174,4,40973
2026-01-28 11:03:01,40.23,55.2,,,3.083,-0.244,-0.144,0.976,174,4,40974
2026-01-28 11:03:04,40.21,55.22,,,3.083,-0.24,-0.136,0.972,174,4,40975
2026-01-28 11:03:09,40.23,55.2,,,3.083,-0.24,-0.136,0.98,174,4,40977
2026-01-28 11:03:12,40.23,55.18,,,3.083,-0.236,-0.132,0.972,174,4,40978
2026-01-28 11:03:17,40.23,55.19,,,3.083,-0.24,-0.136,0.968,174,4,40980
2026-01-28 11:03:23,40.24,55.18,,,3.083,-0.24,-0.144,0.968,174,4,40982
2026-01-28 11:03:27,40.25,55.17,,,3.083,-0.236,-0.136,0.972,174,4,40984
2026-01-28 11:03:29,40.25,55.19,,,3.041,-0.24,-0.136,0.964,174,4,40985
2026-01-28 11:03:32,40.25,55.17,,,3.041,-0.232,-0.14,0.98,174,4,40986
2026-01-28 11:06:06,40.42,55.07,,,3.038,-0.236,-0.136,0.968,175,4,41046
2026-01-28 11:06:09,40.43,55.05,,,3.038,-0.24,-0.128,0.976,175,4,41047
2026-01-28 11:06:11,40.44,55.07,,,3.038,-0.24,-0.136,0.976,175,4,41048
2026-01-28 11:06:14,40.45,55.07,,,3.038,-0.244,-0.136,0.968,175,4,41049
2026-01-28 11:06:17,40.44,55.06,,,3.038,-0.236,-0.136,0.972,175,4,41050
2026-01-28 11:06:19,40.45,55.02,,,3.038,-0.24,-0.14,0.972,175,4,41051
2026-01-28 11:06:22,40.46,55.07,,,3.038,-0.248,-0.136,0.976,175,4,41052
2026-01-28 11:11:23,40.66,54.99,,,3.083,-0.24,-0.14,0.976,175,4,41169
2026-01-28 11:16:08,40.79,54.99,,,3.034,-0.244,-0.14,0.972,175,4,41280
2026-01-28 11:16:10,40.8,55.01,,,3.034,-0.24,-0.14,0.972,175,4,41281
2026-01-28 11:16:13,40.8,55.01,,,3.034,-0.24,-0.136,0.972,175,4,41282
2026-01-28 11:16:15,40.8,54.98,,,3.034,-0.236,-0.144,0.968,175,4,41283
2026-01-28 11:16:18,40.8,54.97,,,3.034,-0.244,-0.132,0.972,175,4,41284
2026-01-28 11:21:19,40.85,55.04,,,3.041,-0.244,-0.136,0.98,175,4,41401
2026-01-28 11:21:21,40.85,55.02,,,3.041,-0.244,-0.136,0.98,175,4,41402
2026-01-28 11:21:23,40.85,55.03,,,3.041,-0.24,-0.128,0.976,175,4,41403
2026-01-28 11:21:26,40.87,55.04,,,3.041,-0.236,-0.144,0.972,175,4,41404
2026-01-28 11:21:29,40.86,55.01,,,3.041,-0.24,-0.156,0.956,175,4,41405
2026-01-28 11:21:31,40.85,55.02,,,3.041,-0.248,-0.144,0.972,175,4,41406
2026-01-28 11:25:05,40.88,55.05,,,3.041,-0.236,-0.124,0.984,178,4,41489
2026-01-28 11:25:07,40.87,55.04,,,3.041,-0.236,-0.136,0.976,178,4,41490
2026-01-28 11:25:10,40.87,55.05,,,3.041,-0.232,-0.136,0.968,178,4,41491
2026-01-28 11:27:47,40.87,55.09,,,3.041,-0.24,-0.124,0.976,178,4,41552
2026-01-28 11:27:49,40.88,55.09,,,3.041,-0.236,-0.132,0.972,178,4,41553
2026-01-28 11:30:21,40.88,55.08,,,3.08,-0.236,-0.136,0.976,178,4,41612
2026-01-28 11:30:24,40.87,55.08,,,3.08,-0.24,-0.156,0.96,178,4,41613
2026-01-28 11:35:24,40.86,55.13,,,3.09,-0.24,-0.12,0.988,181,4,41730
2026-01-28 11:40:25,40.84,55.15,,,3.03,-0.244,-0.132,0.984,181,4,41847
2026-01-28 11:45:26,40.79,55.17,,,3.03,-0.244,-0.144,0.984,181,4,41964
2026-01-28 11:50:29,40.78,55.21,,,3.048,-0.24,-0.136,0.976,181,4,42082
2026-01-28 11:55:31,40.76,55.26,,,3.09,-0.236,-0.136,0.968,181,4,42199
2026-01-28 12:00:33,40.73,55.29,,,3.094,-0.24,-0.136,0.972,181,4,42317
2026-01-28 12:05:33,40.71,55.32,,,3.09,-0.236,-0.128,0.972,181,4,42434
2026-01-28 12:10:34,40.67,55.33,,,3.041,-0.236,-0.136,0.972,181,4,42551
2026-01-28 12:15:35,40.64,55.35,,,3.045,-0.24,-0.14,0.972,181,4,42668
2026-01-28 12:20:38,40.61,55.39,,,3.087,-0.232,-0.136,0.968,181,4,42786
2026-01-28 12:25:39,40.57,55.41,,,3.087,-0.252,-0.152,0.98,181,4,42903
2026-01-28 12:30:39,40.54,55.43,,,3.087,-0.244,-0.148,0.976,181,4,43020
2026-01-28 12:35:40,40.52,55.46,,,3.038,-0.236,-0.132,0.98,181,4,43137
2026-01-28 12:40:41,40.5,55.47,,,3.083,-0.236,-0.14,0.976,181,4,43254
2026-01-28 12:45:41,40.5,55.47,,,3.034,-0.244,-0.144,0.968,181,4,43371
2026-01-28 12:50:42,40.51,55.47,,,3.03,-0.24,-0.14,0.972,181,4,43488
2026-01-28 12:55:43,40.51,55.52,,,3.045,-0.236,-0.136,0.98,181,4,43605
2026-01-28 13:00:43,40.52,55.54,,,3.048,-0.24,-0.14,0.972,181,4,43722
2026-01-28 13:05:44,40.51,55.53,,,3.041,-0.236,-0.14,0.968,181,4,43839
2026-01-28 13:10:45,40.52,55.58,,,3.038,-0.24,-0.136,0.976,181,4,43956
2026-01-28 13:15:45,40.5,55.57,,,3.038,-0.236,-0.14,0.972,181,4,44073
2026-01-28 13:20:46,40.5,55.62,,,3.038,-0.248,-0.152,0.96,181,4,44190
2026-01-28 13:25:47,40.5,55.59,,,3.038,-0.228,-0.124,0.968,181,4,44307
2026-01-28 13:30:48,40.5,55.65,,,3.041,-0.236,-0.116,0.984,181,4,44424
2026-01-28 13:35:48,40.5,55.66,,,3.087,-0.232,-0.136,0.976,181,4,44541
2026-01-28 13:40:49,40.5,55.69,,,3.038,-0.248,-0.148,0.968,181,4,44658
2026-01-28 13:45:50,40.52,55.73,,,3.09,-0.248,-0.148,0.968,181,4,44775
2026-01-28 13:50:50,40.53,55.74,,,3.034,-0.244,-0.132,0.968,181,4,44892
2026-01-28 13:55:51,40.56,55.76,,,3.083,-0.24,-0.128,0.976,181,4,45009
2026-01-28 14:00:52,40.57,55.76,,,3.038,-0.24,-0.132,0.984,181,4,45126
2026-01-28 14:05:52,40.57,55.8,,,3.045,-0.236,-0.136,0.972,181,4,45243
2026-01-28 14:10:53,40.6,55.79,,,3.083,-0.236,-0.14,0.972,181,4,45360
2026-01-28 14:15:54,40.62,55.82,,,3.041,-0.236,-0.136,0.976,181,4,45477
2026-01-28 14:20:54,40.62,55.82,,,3.083,-0.248,-0.152,0.972,181,4,45594
2026-01-28 14:25:55,40.63,55.88,,,3.087,-0.236,-0.132,0.976,181,4,45711
2026-01-28 14:30:56,40.63,55.88,,,3.076,-0.224,-0.136,0.976,181,4,45828
2026-01-28 14:35:56,40.65,55.92,,,3.087,-0.232,-0.132,0.976,181,4,45945
2026-01-28 14:40:57,40.66,55.92,,,3.038,-0.248,-0.148,0.968,181,4,46062
2026-01-28 14:45:58,40.68,55.97,,,3.045,-0.236,-0.152,0.976,181,4,46179
2026-01-28 14:50:59,40.69,56,,,3.034,-0.24,-0.144,0.972,181,4,46296
2026-01-28 14:55:59,40.71,56,,,3.09,-0.24,-0.136,0.976,181,4,46413
2026-01-28 15:01:00,40.71,56.03,,,3.083,-0.236,-0.14,0.968,181,4,46530
2026-01-28 15:06:01,40.74,56.04,,,3.041,-0.248,-0.14,0.968,181,4,46647
2026-01-28 15:11:01,40.72,56.08,,,3.041,-0.24,-0.132,0.972,181,4,46764
2026-01-28 15:16:03,40.7,56.15,,,3.087,-0.24,-0.132,0.968,181,4,46881
2026-01-28 15:21:05,40.66,56.14,,,3.041,-0.24,-0.144,0.968,181,4,46999
2026-01-28 15:26:06,40.6,56.18,,,3.09,-0.248,-0.148,0.972,181,4,47116
2026-01-28 15:31:06,40.54,56.23,,,3.038,-0.232,-0.132,0.968,181,4,47233
2026-01-28 15:36:07,40.52,56.24,,,3.08,-0.244,-0.14,0.972,181,4,47350
2026-01-28 15:41:08,40.49,56.26,,,3.041,-0.24,-0.136,0.976,181,4,47467
2026-01-28 15:46:08,40.47,56.31,,,3.08,-0.24,-0.14,0.976,181,4,47584
2026-01-28 15:51:09,40.39,56.35,,,3.041,-0.24,-0.136,0.972,181,4,47701
2026-01-28 15:56:10,40.32,56.41,,,3.045,-0.24,-0.132,0.976,181,4,47818
2026-01-28 16:01:11,40.27,56.42,,,3.048,-0.24,-0.132,0.976,181,4,47935
2026-01-28 16:06:11,40.26,56.46,,,3.041,-0.24,-0.132,0.976,181,4,48052
2026-01-28 16:11:12,40.27,56.48,,,3.045,-0.244,-0.136,0.972,181,4,48169
2026-01-28 16:16:13,40.28,56.51,,,3.045,-0.24,-0.136,0.976,181,4,48286
2026-01-28 16:21:14,40.25,56.52,,,3.041,-0.24,-0.128,0.972,181,4,48403
2026-01-28 16:26:14,40.23,56.55,,,3.034,-0.236,-0.136,0.98,181,4,48520
2026-01-28 16:31:15,40.22,56.56,,,3.08,-0.248,-0.148,0.964,181,4,48637
2026-01-28 16:36:16,40.2,56.58,,,3.041,-0.236,-0.136,0.976,181,4,48754
2026-01-28 16:41:16,40.2,56.63,,,3.083,-0.24,-0.132,0.98,181,4,48871
2026-01-28 16:46:17,40.21,56.64,,,3.041,-0.248,-0.152,0.976,181,4,48988
2026-01-28 16:51:18,40.22,56.63,,,3.041,-0.232,-0.124,0.972,181,4,49105
2026-01-28 16:56:18,40.25,56.67,,,3.041,-0.236,-0.128,0.972,181,4,49222
2026-01-28 17:01:19,40.28,56.69,,,3.048,-0.232,-0.136,0.976,181,4,49339
2026-01-28 17:06:20,40.3,56.69,,,3.041,-0.236,-0.136,0.976,181,4,49456
2026-01-28 17:11:20,40.33,56.74,,,3.041,-0.24,-0.136,0.968,181,4,49573
2026-01-28 17:16:21,40.36,56.77,,,3.038,-0.236,-0.136,0.968,181,4,49690
2026-01-28 17:21:22,40.41,56.78,,,3.041,-0.24,-0.132,0.972,181,4,49807
2026-01-28 17:26:22,40.39,56.81,,,3.034,-0.236,-0.124,0.972,181,4,49924
2026-01-28 17:31:23,40.45,56.82,,,3.045,-0.228,-0.14,0.968,181,4,50041
2026-01-28 17:36:24,40.49,56.86,,,3.038,-0.244,-0.14,0.972,181,4,50158
2026-01-28 17:41:24,40.53,56.85,,,3.041,-0.244,-0.14,0.964,181,4,50275
2026-01-28 17:46:25,40.57,56.87,,,3.087,-0.232,-0.132,0.972,181,4,50392
2026-01-28 17:51:26,40.63,56.89,,,3.048,-0.24,-0.136,0.972,181,4,50509
2026-01-28 17:56:27,40.67,56.91,,,3.045,-0.236,-0.136,0.972,181,4,50626
2026-01-28 18:01:27,40.72,56.94,,,3.041,-0.232,-0.136,0.976,181,4,50743
2026-01-28 18:06:28,40.77,56.95,,,3.052,-0.232,-0.136,0.976,181,4,50860
2026-01-28 18:11:29,40.79,56.97,,,3.09,-0.236,-0.136,0.976,181,4,50977
2026-01-28 18:16:30,40.84,57.01,,,3.052,-0.232,-0.136,0.972,181,4,51094
2026-01-28 18:21:32,40.89,57.03,,,3.055,-0.24,-0.136,0.972,181,4,51212
2026-01-28 18:26:33,40.92,57.04,,,3.045,-0.24,-0.144,0.976,181,4,51329
2026-01-28 18:31:34,40.96,57.06,,,3.048,-0.232,-0.148,0.972,181,4,51446
2026-01-28 18:36:34,40.99,57.08,,,3.09,-0.252,-0.152,0.964,181,4,51563
2026-01-28 18:41:35,41.03,57.12,,,3.09,-0.24,-0.132,0.976,181,4,51680
2026-01-28 18:46:36,41.07,57.12,,,3.087,-0.232,-0.14,0.972,181,4,51797
2026-01-28 18:51:37,41.11,57.13,,,3.034,-0.244,-0.156,0.96,181,4,51914
2026-01-28 18:56:37,41.16,57.15,,,3.083,-0.24,-0.136,0.972,181,4,52031
2026-01-28 19:01:38,41.2,57.18,,,3.09,-0.232,-0.136,0.976,181,4,52148
2026-01-28 19:06:39,41.24,57.19,,,3.087,-0.236,-0.136,0.976,181,4,52265
2026-01-28 19:11:39,41.28,57.21,,,3.052,-0.236,-0.132,0.964,181,4,52382
2026-01-28 19:16:41,41.32,57.24,,,3.045,-0.232,-0.136,0.972,181,4,52499
2026-01-28 19:21:43,41.35,57.28,,,3.048,-0.244,-0.136,0.972,181,4,52617
2026-01-28 19:26:44,41.38,57.3,,,3.045,-0.244,-0.16,0.964,181,4,52734
2026-01-28 19:31:45,41.39,57.31,,,3.041,-0.232,-0.12,0.98,181,4,52851
2026-01-28 19:36:45,41.42,57.31,,,3.038,-0.224,-0.14,0.972,181,4,52968
2026-01-28 19:41:46,41.45,57.37,,,3.034,-0.244,-0.136,0.972,181,4,53085
2026-01-28 19:46:47,41.49,57.38,,,3.08,-0.232,-0.132,0.968,181,4,53202
2026-01-28 19:51:48,41.53,57.38,,,3.041,-0.232,-0.116,0.976,181,4,53319
2026-01-28 19:56:51,41.55,57.44,,,3.083,-0.232,-0.14,0.972,181,4,53437
2026-01-28 20:01:51,41.6,57.44,,,3.087,-0.236,-0.132,0.968,181,4,53554
2026-01-28 20:06:52,41.64,57.47,,,3.087,-0.236,-0.136,0.968,181,4,53671
2026-01-28 20:11:53,41.67,57.48,,,3.045,-0.24,-0.136,0.972,181,4,53788
2026-01-28 20:16:53,41.68,57.51,,,3.076,-0.24,-0.14,0.972,181,4,53905
2026-01-28 20:21:54,41.71,57.52,,,3.076,-0.236,-0.136,0.972,181,4,54022
2026-01-28 20:26:55,41.74,57.54,,,3.052,-0.232,-0.132,0.988,181,4,54139
2026-01-28 20:31:56,41.76,57.58,,,3.094,-0.236,-0.144,0.976,181,4,54256
2026-01-28 20:36:56,41.77,57.62,,,3.045,-0.236,-0.124,0.976,181,4,54373
2026-01-28 20:41:57,41.8,57.63,,,3.041,-0.228,-0.14,0.976,181,4,54490
2026-01-28 20:46:57,41.82,57.66,,,3.041,-0.232,-0.144,0.972,181,4,54607
2026-01-28 20:51:58,41.85,57.66,,,3.045,-0.22,-0.12,0.968,181,4,54724
2026-01-28 20:56:59,41.87,57.69,,,3.045,-0.236,-0.132,0.972,181,4,54841
2026-01-28 21:01:59,41.89,57.72,,,3.045,-0.244,-0.14,0.976,181,4,54958
2026-01-28 21:07:01,41.92,57.74,,,3.045,-0.232,-0.136,0.968,181,4,55075
2026-01-28 21:12:03,41.94,57.77,,,3.045,-0.24,-0.14,0.972,181,4,55193
2026-01-28 21:17:04,41.96,57.78,,,3.045,-0.236,-0.136,0.972,181,4,55310
2026-01-28 21:22:05,41.96,57.77,,,3.041,-0.236,-0.136,0.976,181,4,55427
2026-01-28 21:27:06,41.98,57.82,,,3.041,-0.228,-0.132,0.984,181,4,55544
2026-01-28 21:32:06,41.99,57.85,,,3.09,-0.252,-0.16,0.988,181,4,55661
2026-01-28 21:37:07,42.01,57.87,,,3.087,-0.228,-0.136,0.976,181,4,55778
2026-01-28 21:42:08,42.01,57.88,,,3.087,-0.244,-0.156,0.968,181,4,55895
2026-01-28 21:47:08,42,57.92,,,3.094,-0.232,-0.144,0.98,181,4,56012
2026-01-28 21:52:09,41.99,57.96,,,3.097,-0.228,-0.136,0.96,181,4,56129
2026-01-28 21:57:10,42.03,57.96,,,3.059,-0.232,-0.14,0.972,181,4,56246
2026-01-28 22:02:11,42.07,57.96,,,3.094,-0.228,-0.136,0.972,181,4,56363
2026-01-28 22:07:11,42.09,57.99,,,3.041,-0.236,-0.136,0.972,181,4,56480
2026-01-28 22:12:11,42.1,58.03,,,3.045,-0.236,-0.14,0.968,181,4,56597
2026-01-28 22:17:12,42.1,58.05,,,3.045,-0.236,-0.136,0.972,181,4,56714
2026-01-28 22:22:13,42.09,58.08,,,3.052,-0.232,-0.14,0.968,181,4,56831
2026-01-28 22:27:14,42.09,58.07,,,3.052,-0.244,-0.156,0.972,181,4,56948
2026-01-28 22:32:17,42.1,58.1,,,3.048,-0.224,-0.132,0.96,181,4,57066
2026-01-28 22:37:18,42.11,58.13,,,3.052,-0.232,-0.12,0.976,181,4,57183
2026-01-28 22:42:18,42.12,58.17,,,3.048,-0.228,-0.144,0.96,181,4,57300
2026-01-28 22:47:19,42.12,58.21,,,3.076,-0.228,-0.132,0.972,181,4,57417
2026-01-28 22:52:20,42.14,58.21,,,3.101,-0.228,-0.14,0.98,181,4,57534
2026-01-28 22:57:21,42.14,58.23,,,3.09,-0.24,-0.14,0.968,181,4,57651
2026-01-28 23:02:21,42.16,58.24,,,3.045,-0.232,-0.14,0.968,181,4,57768
2026-01-28 23:07:22,42.18,58.25,,,3.09,-0.236,-0.136,0.98,181,4,57885
2026-01-28 23:12:23,42.19,58.29,,,3.052,-0.236,-0.136,0.976,181,4,58002
2026-01-28 23:17:23,42.2,58.31,,,3.094,-0.236,-0.14,0.972,181,4,58119
2026-01-28 23:22:24,42.2,58.34,,,3.048,-0.24,-0.14,0.968,181,4,58236
2026-01-28 23:27:25,42.18,58.34,,,3.052,-0.224,-0.132,0.96,181,4,58353
2026-01-28 23:32:26,42.19,58.38,,,3.045,-0.244,-0.156,0.968,181,4,58470
2026-01-28 23:37:26,42.19,58.41,,,3.059,-0.224,-0.132,0.976,181,4,58587
2026-01-28 23:42:26,42.21,58.44,,,3.048,-0.232,-0.14,0.98,181,4,58704
2026-01-28 23:47:27,42.22,58.47,,,3.052,-0.248,-0.148,0.98,181,4,58821
2026-01-28 23:52:28,42.24,58.51,,,3.041,-0.232,-0.136,0.972,181,4,58938
2026-01-28 23:57:29,42.24,58.53,,,3.048,-0.232,-0.136,0.976,181,4,59055
2026-01-29 00:02:29,42.28,58.56,,,3.055,-0.236,-0.14,0.972,181,4,59172
2026-01-29 00:07:30,42.28,58.52,,,3.055,-0.232,-0.136,0.976,181,4,59289
2026-01-29 00:12:31,42.29,58.56,,,3.052,-0.24,-0.14,0.968,181,4,59406
2026-01-29 00:17:31,42.28,58.58,,,3.048,-0.228,-0.14,0.968,181,4,59523
2026-01-29 00:22:32,42.28,58.61,,,3.045,-0.232,-0.132,0.972,181,4,59640
2026-01-29 00:27:33,42.3,58.62,,,3.059,-0.244,-0.16,0.972,181,4,59757
2026-01-29 00:32:34,42.29,58.66,,,3.048,-0.236,-0.128,0.988,181,4,59874
2026-01-29 00:37:37,42.31,58.68,,,3.094,-0.24,-0.136,0.984,181,4,59992
2026-01-29 00:42:38,42.3,58.69,,,3.052,-0.232,-0.136,0.976,181,4,60109
2026-01-29 00:47:38,42.32,58.73,,,3.094,-0.232,-0.128,0.976,181,4,60226
2026-01-29 00:52:39,42.32,58.75,,,3.048,-0.228,-0.128,0.98,181,4,60343
2026-01-29 00:57:39,42.35,58.76,,,3.094,-0.232,-0.136,0.976,181,4,60460
2026-01-29 01:02:40,42.35,58.79,,,3.041,-0.232,-0.136,0.972,181,4,60577
2026-01-29 01:07:41,42.38,58.81,,,3.045,-0.232,-0.136,0.976,181,4,60694
2026-01-29 01:12:41,42.39,58.82,,,3.059,-0.236,-0.136,0.968,181,4,60811
2026-01-29 01:17:42,42.39,58.85,,,3.045,-0.232,-0.14,0.968,181,4,60928
2026-01-29 01:22:43,42.4,58.88,,,3.048,-0.236,-0.136,0.968,181,4,61045
2026-01-29 01:27:44,42.4,58.88,,,3.048,-0.232,-0.132,0.988,181,4,61162
2026-01-29 01:32:44,42.39,58.92,,,3.048,-0.244,-0.16,0.96,181,4,61279
2026-01-29 01:37:45,42.39,58.94,,,3.048,-0.224,-0.124,0.964,181,4,61396
2026-01-29 01:42:46,42.42,58.97,,,3.045,-0.232,-0.136,0.964,181,4,61513
2026-01-29 01:47:46,42.42,58.99,,,3.048,-0.224,-0.144,0.976,181,4,61630
2026-01-29 01:52:47,42.43,58.97,,,3.052,-0.252,-0.148,0.972,181,4,61747
2026-01-29 01:57:48,42.46,59.02,,,3.055,-0.236,-0.144,0.968,181,4,61864
2026-01-29 02:02:49,42.47,59.03,,,3.09,-0.232,-0.14,0.972,181,4,61981
2026-01-29 02:07:49,42.49,59.04,,,3.041,-0.232,-0.132,0.976,181,4,62098
2026-01-29 02:12:50,42.49,59.06,,,3.048,-0.236,-0.136,0.972,181,4,62215
2026-01-29 02:17:51,42.48,59.07,,,3.045,-0.232,-0.14,0.972,181,4,62332
2026-01-29 02:22:54,42.49,59.11,,,3.087,-0.236,-0.14,0.972,181,4,62450
2026-01-29 02:27:57,42.48,59.15,,,3.045,-0.232,-0.128,0.976,181,4,62568
2026-01-29 02:32:58,42.5,59.15,,,3.052,-0.24,-0.14,0.972,181,4,62685
2026-01-29 02:37:58,42.49,59.18,,,3.048,-0.228,-0.14,0.972,181,4,62802
2026-01-29 02:42:59,42.5,59.2,,,3.048,-0.236,-0.144,0.976,181,4,62919
2026-01-29 02:48:00,42.51,59.22,,,3.055,-0.224,-0.124,0.976,181,4,63036
2026-01-29 02:53:01,42.53,59.22,,,3.048,-0.228,-0.144,0.972,181,4,63153
2026-01-29 02:58:01,42.53,59.26,,,3.048,-0.232,-0.144,0.98,181,4,63270
2026-01-29 03:03:02,42.58,59.27,,,3.09,-0.232,-0.14,0.972,181,4,63387
2026-01-29 03:08:03,42.59,59.31,,,3.048,-0.236,-0.136,0.972,181,4,63504
2026-01-29 03:13:04,42.59,59.32,,,3.055,-0.236,-0.136,0.968,181,4,63621
2026-01-29 03:18:04,42.59,59.33,,,3.101,-0.236,-0.144,0.968,181,4,63738
2026-01-29 03:23:05,42.59,59.35,,,3.048,-0.236,-0.136,0.972,181,4,63855
2026-01-29 03:28:06,42.58,59.37,,,3.048,-0.228,-0.124,0.968,181,4,63972
2026-01-29 03:33:06,42.6,59.41,,,3.048,-0.24,-0.148,0.968,181,4,64089
2026-01-29 03:38:07,42.6,59.43,,,3.097,-0.216,-0.12,0.968,181,4,64206
2026-01-29 03:43:07,42.61,59.43,,,3.052,-0.232,-0.136,0.964,181,4,64323
2026-01-29 03:48:08,42.61,59.48,,,3.087,-0.24,-0.156,0.968,181,4,64440
2026-01-29 03:53:09,42.64,59.48,,,3.055,-0.232,-0.148,0.976,181,4,64557
2026-01-29 03:58:09,42.65,59.51,,,3.094,-0.232,-0.136,0.976,181,4,64674
2026-01-29 04:03:10,42.68,59.48,,,3.066,-0.236,-0.148,0.98,181,4,64791
2026-01-29 04:08:11,42.67,59.53,,,3.055,-0.232,-0.14,0.972,181,4,64908
2026-01-29 04:13:11,42.7,59.55,,,3.052,-0.232,-0.136,0.968,181,4,65025
2026-01-29 04:18:12,42.71,59.55,,,3.055,-0.236,-0.14,0.976,181,4,65142
2026-01-29 04:23:13,42.71,59.58,,,3.055,-0.232,-0.136,0.972,181,4,65259
2026-01-29 04:28:14,42.72,59.59,,,3.048,-0.24,-0.148,0.972,181,4,65376
2026-01-29 04:33:14,42.73,59.61,,,3.048,-0.228,-0.124,0.972,181,4,65493
2026-01-29 04:38:15,42.74,59.63,,,3.055,-0.232,-0.152,0.96,181,4,75
2026-01-29 04:43:16,42.77,59.67,,,3.048,-0.232,-0.144,0.976,181,4,192
2026-01-29 04:48:19,42.77,59.65,,,3.076,-0.24,-0.156,0.964,181,4,310
2026-01-29 04:53:20,42.79,59.71,,,3.055,-0.228,-0.136,0.976,181,4,427
2026-01-29 04:58:23,42.81,59.72,,,3.09,-0.236,-0.144,0.972,181,4,545
2026-01-29 05:03:23,42.83,59.72,,,3.048,-0.232,-0.144,0.972,181,4,662
2026-01-29 05:08:24,42.83,59.74,,,3.087,-0.24,-0.148,0.98,181,4,779
2026-01-29 05:13:25,42.85,59.77,,,3.055,-0.232,-0.14,0.968,181,4,896
2026-01-29 05:18:26,42.85,59.77,,,3.108,-0.236,-0.14,0.972,181,4,1013
2026-01-29 05:23:26,42.87,59.79,,,3.052,-0.236,-0.144,0.972,181,4,1130
2026-01-29 05:28:27,42.88,59.8,,,3.048,-0.228,-0.132,0.98,181,4,1247
2026-01-29 05:33:28,42.88,59.81,,,3.048,-0.232,-0.148,0.976,181,4,1364
2026-01-29 05:38:28,42.91,59.83,,,3.052,-0.22,-0.124,0.964,181,4,1481
2026-01-29 05:43:29,42.92,59.85,,,3.052,-0.236,-0.152,0.972,181,4,1598
2026-01-29 05:48:30,42.94,59.85,,,3.055,-0.244,-0.148,0.972,181,4,1715
2026-01-29 05:53:30,42.96,59.89,,,3.055,-0.236,-0.144,0.976,181,4,1832
2026-01-29 05:58:31,42.99,59.89,,,3.101,-0.236,-0.136,0.968,181,4,1949
2026-01-29 06:03:32,43,59.91,,,3.059,-0.24,-0.136,0.968,181,4,2066
2026-01-29 06:08:33,43.03,59.93,,,3.059,-0.24,-0.14,0.976,181,4,2183
2026-01-29 06:13:33,43.04,59.95,,,3.052,-0.236,-0.144,0.976,181,4,2300
2026-01-29 06:18:34,43.05,59.94,,,3.062,-0.232,-0.14,0.968,181,4,2417
2026-01-29 06:23:34,43.06,59.95,,,3.048,-0.224,-0.136,0.976,181,4,2534
2026-01-29 06:28:35,43.07,60,,,3.101,-0.228,-0.152,0.972,181,4,2651
2026-01-29 06:33:36,43.08,60,,,3.094,-0.236,-0.14,0.98,181,4,2768
2026-01-29 06:38:36,43.08,60.02,,,3.052,-0.22,-0.116,0.964,181,4,2885
2026-01-29 06:43:37,43.1,60.03,,,3.09,-0.244,-0.152,0.972,181,4,3002
2026-01-29 06:48:38,43.12,60.07,,,3.059,-0.224,-0.128,0.976,181,4,3119
2026-01-29 06:53:39,43.16,60.1,,,3.087,-0.228,-0.144,0.968,181,4,3236
2026-01-29 06:58:42,43.17,60.09,,,3.055,-0.236,-0.14,0.976,181,4,3354
2026-01-29 07:03:43,43.18,60.11,,,3.108,-0.232,-0.14,0.972,181,4,3471
2026-01-29 07:08:43,43.21,60.12,,,3.048,-0.232,-0.14,0.968,181,4,3588
2026-01-29 07:13:44,43.21,60.14,,,3.048,-0.232,-0.144,0.972,181,4,3705
2026-01-29 07:18:45,43.21,60.13,,,3.055,-0.232,-0.14,0.972,181,4,3822
2026-01-29 07:23:45,43.23,60.16,,,3.052,-0.236,-0.136,0.972,181,4,3939
2026-01-29 07:28:46,43.25,60.18,,,3.055,-0.232,-0.128,0.968,181,4,4056
2026-01-29 07:33:47,43.26,60.21,,,3.048,-0.232,-0.144,0.98,181,4,4173
2026-01-29 07:38:47,43.24,60.22,,,3.062,-0.232,-0.124,0.972,181,4,4290
2026-01-29 07:43:48,43.27,60.24,,,3.048,-0.228,-0.144,0.968,181,4,4407
2026-01-29 07:46:22,43.28,60.24,,,3.048,-0.22,-0.12,0.964,181,4,4467
2026-01-29 07:46:25,43.28,60.24,,,3.048,-0.24,-0.14,0.968,181,4,4468
2026-01-29 07:46:27,43.29,60.27,,,3.048,-0.232,-0.124,0.968,181,4,4469
2026-01-29 07:46:30,43.29,60.25,,,3.048,-0.244,-0.156,0.968,181,4,4470
2026-01-29 07:46:32,43.28,60.24,,,3.048,-0.228,-0.124,0.972,181,4,4471
2026-01-29 07:46:35,43.28,60.24,,,3.09,-0.24,-0.148,0.964,181,4,4472
2026-01-29 07:46:38,43.29,60.26,,,3.09,-0.228,-0.144,0.968,181,4,4473
2026-01-29 07:46:40,43.28,60.23,,,3.09,-0.236,-0.152,0.976,181,4,4474
2026-01-29 07:46:43,43.29,60.25,,,3.09,-0.236,-0.136,0.976,181,4,4475
2026-01-29 07:46:45,43.28,60.24,,,3.09,-0.248,-0.148,0.968,181,4,4476
2026-01-29 07:46:48,43.28,60.27,,,3.09,-0.232,-0.136,0.976,182,4,4477
2026-01-29 07:46:51,43.28,60.24,,,3.09,-0.232,-0.132,0.972,182,4,4478
2026-01-29 07:46:53,43.28,60.23,,,3.09,-0.236,-0.144,0.972,182,4,4479
2026-01-29 07:46:56,43.28,60.26,,,3.09,-0.228,-0.14,0.972,182,4,4480
2026-01-29 07:46:58,43.28,60.24,,,3.09,-0.228,-0.144,0.976,182,4,4481
2026-01-29 07:47:11,43.28,60.26,,,3.09,-0.232,-0.136,0.968,182,4,4486
2026-01-29 07:47:13,43.28,60.24,,,3.09,-0.228,-0.136,0.972,182,4,4487
2026-01-29 07:47:16,43.28,60.23,,,3.09,-0.232,-0.132,0.972,182,4,4488
2026-01-29 07:47:19,43.28,60.24,,,3.09,-0.228,-0.136,0.968,182,4,4489
2026-01-29 07:47:21,43.28,60.24,,,3.09,-0.232,-0.144,0.968,182,4,4490
2026-01-29 07:47:24,43.28,60.27,,,3.09,-0.236,-0.14,0.968,182,4,4491
2026-01-29 07:47:29,43.28,60.26,,,3.09,-0.232,-0.144,0.972,182,4,4493
2026-01-29 07:47:32,43.3,60.27,,,3.09,-0.224,-0.14,0.968,182,4,4494
2026-01-29 07:47:34,43.29,60.23,,,3.09,-0.236,-0.144,0.976,182,4,4495
2026-01-29 07:47:37,43.28,60.24,,,3.055,-0.228,-0.14,0.976,182,4,4496
2026-01-29 07:47:39,43.29,60.23,,,3.055,-0.236,-0.14,0.972,182,4,4497
2026-01-29 07:47:42,43.28,60.27,,,3.055,-0.232,-0.144,0.972,182,4,4498
2026-01-29 07:47:45,43.28,60.25,,,3.055,-0.236,-0.144,0.968,182,4,4499
2026-01-29 07:47:47,43.28,60.24,,,3.055,-0.232,-0.144,0.968,182,4,4500
2026-01-29 07:47:50,43.28,60.24,,,3.055,-0.228,-0.148,0.968,182,4,4501
2026-01-29 07:47:52,43.29,60.24,,,3.055,-0.232,-0.136,0.976,182,4,4502
2026-01-29 07:47:54,43.28,60.26,,,3.055,-0.228,-0.136,0.972,182,4,4503
2026-01-29 07:47:57,43.28,60.23,,,3.055,-0.236,-0.14,0.976,182,4,4504
2026-01-29 07:48:00,43.29,60.25,,,3.055,-0.232,-0.144,0.972,182,4,4505
2026-01-29 07:48:02,43.28,60.25,,,3.055,-0.228,-0.144,0.968,182,4,4506
2026-01-29 07:48:05,43.28,60.23,,,3.055,-0.232,-0.14,0.972,182,4,4507
2026-01-29 07:48:07,43.28,60.25,,,3.055,-0.232,-0.14,0.976,182,4,4508
2026-01-29 07:48:10,43.3,60.23,,,3.055,-0.236,-0.144,0.972,182,4,4509
2026-01-29 07:48:13,43.29,60.25,,,3.055,-0.228,-0.144,0.968,182,4,4510
2026-01-29 07:48:15,43.28,60.26,,,3.055,-0.228,-0.14,0.968,182,4,4511
2026-01-29 07:48:18,43.3,60.26,,,3.055,-0.232,-0.14,0.972,182,4,4512
2026-01-29 07:48:20,43.28,60.25,,,3.055,-0.236,-0.14,0.972,182,4,4513
2026-01-29 07:48:23,43.28,60.24,,,3.055,-0.232,-0.144,0.964,182,4,4514
2026-01-29 07:48:26,43.29,60.27,,,3.055,-0.232,-0.144,0.972,182,4,4515
2026-01-29 07:48:28,43.28,60.27,,,3.055,-0.228,-0.14,0.968,182,4,4516
2026-01-29 07:48:31,43.28,60.26,,,3.055,-0.236,-0.14,0.968,182,4,4517
2026-01-29 07:48:33,43.28,60.26,,,3.055,-0.232,-0.14,0.972,182,4,4518
2026-01-29 07:48:37,43.28,60.27,,,3.101,-0.232,-0.144,0.972,182,4,4519
2026-01-29 07:48:41,43.28,60.25,,,3.101,-0.232,-0.14,0.972,182,4,4521
2026-01-29 07:48:43,43.28,60.26,,,3.101,-0.236,-0.14,0.976,182,4,4522
2026-01-29 07:48:46,43.29,60.26,,,3.101,-0.232,-0.14,0.976,182,4,4523
2026-01-29 07:48:48,43.28,60.26,,,3.101,-0.232,-0.14,0.968,182,4,4524
2026-01-29 07:48:51,43.29,60.25,,,3.101,-0.232,-0.148,0.968,182,4,4525
2026-01-29 07:48:54,43.28,60.24,,,3.101,-0.232,-0.136,0.976,182,4,4526
2026-01-29 07:48:56,43.28,60.25,,,3.101,-0.224,-0.136,0.972,182,4,4527
2026-01-29 07:51:31,43.6,60.9,,,3.101,-0.204,-0.116,0.98,185,4,4587
2026-01-29 07:51:33,43.61,60.92,,,3.101,-0.208,-0.116,0.984,185,4,4588
2026-01-29 07:51:36,43.62,60.93,,,3.101,-0.212,-0.112,0.984,185,4,4589
2026-01-29 07:51:38,43.64,60.92,,,3.094,-0.208,-0.116,0.984,185,4,4590
2026-01-29 07:51:41,43.64,60.91,,,3.094,-0.212,-0.116,0.98,185,4,4591
2026-01-29 07:51:44,43.64,60.91,,,3.094,-0.204,-0.116,0.976,185,4,4592
2026-01-29 07:51:46,43.64,60.91,,,3.094,-0.212,-0.112,0.984,185,4,4593
2026-01-29 07:51:49,43.64,60.93,,,3.094,-0.204,-0.12,0.984,185,4,4594
2026-01-29 07:51:54,43.65,60.91,,,3.094,-0.2,-0.12,0.984,185,4,4596
2026-01-29 07:51:56,43.67,60.92,,,3.094,-0.208,-0.12,0.98,185,4,4597
2026-01-29 07:51:59,43.67,60.91,,,3.094,-0.216,-0.124,0.98,185,4,4598
2026-01-29 07:52:05,43.69,60.91,,,3.094,-0.232,-0.136,0.972,185,4,4600
2026-01-29 07:52:09,43.7,60.91,,,3.094,-0.228,-0.14,0.98,185,4,4602
2026-01-29 07:52:12,43.7,60.9,,,3.094,-0.232,-0.14,0.976,185,4,4603
2026-01-29 07:52:14,43.7,60.92,,,3.094,-0.228,-0.148,0.976,185,4,4604
2026-01-29 07:52:17,43.71,60.92,,,3.094,-0.232,-0.144,0.972,185,4,4605
2026-01-29 07:52:22,43.72,60.92,,,3.094,-0.256,-0.168,0.94,185,4,4607
2026-01-29 07:52:25,43.73,60.92,,,3.094,-0.232,-0.132,0.976,185,4,4608
2026-01-29 07:52:27,43.73,60.92,,,3.094,-0.232,-0.144,0.964,185,4,4609
2026-01-29 07:52:30,43.74,60.92,,,3.094,-0.236,-0.144,0.976,185,4,4610
2026-01-29 07:52:32,43.74,60.92,,,3.094,-0.224,-0.144,0.972,185,4,4611
2026-01-29 07:52:35,43.74,60.92,,,3.094,-0.228,-0.144,0.96,185,4,4612
2026-01-29 07:52:38,43.74,60.9,,,3.094,-0.232,-0.148,0.968,185,4,4613
2026-01-29 07:52:40,43.75,60.92,,,3.055,-0.24,-0.148,0.968,185,4,4614
2026-01-29 07:52:43,43.75,60.93,,,3.055,-0.236,-0.14,0.976,185,4,4615
2026-01-29 07:52:48,43.77,60.89,,,3.055,-0.232,-0.144,0.968,185,4,4617
2026-01-29 07:52:50,43.77,60.91,,,3.055,-0.228,-0.148,0.964,185,4,4618
2026-01-29 07:52:53,43.76,60.9,,,3.055,-0.232,-0.144,0.968,185,4,4619
2026-01-29 07:52:55,43.78,60.9,,,3.055,-0.236,-0.148,0.976,185,4,4620
2026-01-29 07:52:58,43.78,60.89,,,3.055,-0.228,-0.144,0.964,185,4,4621
2026-01-29 07:53:01,43.8,60.89,,,3.055,-0.236,-0.144,0.968,185,4,4622
2026-01-29 07:53:04,43.78,60.89,,,3.055,-0.228,-0.144,0.972,185,4,4623
2026-01-29 07:53:08,43.79,60.91,,,3.055,-0.236,-0.148,0.968,185,4,4625
2026-01-29 07:53:11,43.81,60.89,,,3.055,-0.232,-0.148,0.964,185,4,4626
2026-01-29 07:53:13,43.81,60.88,,,3.055,-0.232,-0.156,0.964,185,4,4627
2026-01-29 07:53:16,43.82,60.9,,,3.055,-0.232,-0.148,0.976,185,4,4628
2026-01-29 07:53:19,43.8,60.89,,,3.055,-0.224,-0.148,0.968,185,4,4629
2026-01-29 07:53:21,43.82,60.87,,,3.055,-0.232,-0.144,0.968,185,4,4630
2026-01-29 07:53:24,43.83,60.87,,,3.055,-0.232,-0.14,0.972,185,4,4631
2026-01-29 07:53:26,43.82,60.88,,,3.055,-0.232,-0.152,0.968,185,4,4632
2026-01-29 07:53:29,43.82,60.86,,,3.055,-0.236,-0.14,0.968,185,4,4633
2026-01-29 07:53:32,43.82,60.9,,,3.055,-0.228,-0.144,0.972,185,4,4634
2026-01-29 07:53:34,43.85,60.88,,,3.055,-0.228,-0.144,0.972,185,4,4635
2026-01-29 07:53:37,43.85,60.87,,,3.055,-0.236,-0.144,0.972,185,4,4636
2026-01-29 07:53:39,43.84,60.89,,,3.055,-0.228,-0.148,0.972,185,4,4637
2026-01-29 07:53:41,43.85,60.86,,,3.055,-0.236,-0.144,0.972,185,4,4638
2026-01-29 07:53:44,43.85,60.87,,,3.055,-0.236,-0.148,0.972,185,4,4639
2026-01-29 07:53:47,43.84,60.88,,,3.055,-0.232,-0.144,0.968,185,4,4640
2026-01-29 07:53:49,43.85,60.87,,,3.055,-0.236,-0.144,0.968,185,4,4641
2026-01-29 07:53:52,43.85,60.82,,,3.055,-0.24,-0.148,0.972,185,4,4642
2026-01-29 07:53:54,43.85,60.89,,,3.055,-0.232,-0.144,0.968,185,4,4643
2026-01-29 07:53:57,43.86,60.86,,,3.055,-0.232,-0.152,0.964,185,4,4644
2026-01-29 07:54:00,43.86,60.85,,,3.055,-0.232,-0.148,0.972,185,4,4645
2026-01-29 07:54:02,43.87,60.85,,,3.055,-0.232,-0.144,0.972,185,4,4646
2026-01-29 07:54:05,43.85,60.85,,,3.055,-0.232,-0.144,0.968,185,4,4647
2026-01-29 07:54:07,43.87,60.87,,,3.055,-0.232,-0.144,0.972,185,4,4648
2026-01-29 07:54:10,43.88,60.87,,,3.055,-0.236,-0.144,0.968,185,4,4649
2026-01-29 07:54:13,43.89,60.83,,,3.055,-0.236,-0.14,0.972,185,4,4650
2026-01-29 07:54:15,43.88,60.83,,,3.055,-0.232,-0.148,0.968,185,4,4651
2026-01-29 07:54:18,43.88,60.85,,,3.055,-0.236,-0.14,0.98,185,4,4652
2026-01-29 07:54:23,43.88,60.86,,,3.055,-0.236,-0.148,0.976,185,4,4654
2026-01-29 07:54:26,43.9,60.83,,,3.055,-0.232,-0.148,0.972,185,4,4655
2026-01-29 07:54:30,43.89,60.84,,,3.055,-0.236,-0.144,0.972,185,4,4657
2026-01-29 07:54:33,43.9,60.85,,,3.055,-0.228,-0.136,0.98,185,4,4658
2026-01-29 07:54:35,43.89,60.84,,,3.055,-0.228,-0.152,0.972,185,4,4659
2026-01-29 07:54:39,43.9,60.82,,,3.094,-0.232,-0.148,0.972,185,4,4660
2026-01-29 07:54:43,43.9,60.83,,,3.094,-0.228,-0.136,0.964,185,4,4662
2026-01-29 07:54:46,43.91,60.84,,,3.094,0.6,-0.736,0.376,188,4,4663
2026-01-29 07:54:48,43.92,60.82,,,3.094,0.78,-0.748,0.12,189,4,4664
2026-01-29 07:54:51,43.91,60.83,,,3.094,0.776,-0.752,0.12,189,4,4665
2026-01-29 07:54:54,43.91,60.84,,,3.094,0.78,-0.748,0.112,189,4,4666
2026-01-29 07:54:57,43.92,60.82,,,3.094,0.788,-0.732,0.116,189,4,4667
2026-01-29 07:55:01,43.93,60.85,,,3.094,0.784,-0.74,0.112,189,4,4669
2026-01-29 07:55:04,43.92,60.83,,,3.094,0.776,-0.764,0.116,189,4,4670
2026-01-29 07:55:07,43.93,60.81,,,3.094,0.776,-0.752,0.12,189,4,4671
2026-01-29 07:55:09,43.92,60.83,,,3.094,0.784,-0.744,0.12,189,4,4672
2026-01-29 07:55:12,43.93,60.81,,,3.094,0.78,-0.744,0.116,189,4,4673
2026-01-29 07:55:14,43.94,60.83,,,3.094,0.78,-0.748,0.112,189,4,4674
2026-01-29 07:55:17,43.94,60.84,,,3.094,0.784,-0.736,0.12,189,4,4675
2026-01-29 07:55:19,43.93,60.83,,,3.094,0.784,-0.74,0.124,189,4,4676
2026-01-29 07:55:22,43.94,60.82,,,3.094,0.784,-0.736,0.116,189,4,4677
2026-01-29 07:55:25,43.96,60.83,,,3.094,0.796,-0.74,0.12,189,4,4678
2026-01-29 07:55:29,43.96,60.84,,,3.094,0.78,-0.744,0.124,189,4,4680
2026-01-29 07:55:32,43.95,60.84,,,3.094,0.784,-0.736,0.12,189,4,4681
2026-01-29 07:55:35,43.96,60.85,,,3.094,0.772,-0.748,0.112,189,4,4682
2026-01-29 07:55:37,43.96,60.86,,,3.094,0.776,-0.756,0.116,189,4,4683
2026-01-29 07:55:40,43.96,60.83,,,3.059,0.776,-0.748,0.116,189,4,4684
2026-01-29 07:55:42,43.97,60.86,,,3.059,0.776,-0.752,0.124,189,4,4685
2026-01-29 07:55:46,43.96,60.84,,,3.059,0.772,-0.74,0.12,189,4,4686
2026-01-29 07:55:51,43.98,60.85,,,3.059,0.788,-0.744,0.108,189,4,4688
2026-01-29 07:55:56,43.99,60.84,,,3.059,0.772,-0.756,0.128,189,4,4690
2026-01-29 07:55:58,43.99,60.86,,,3.059,0.784,-0.74,0.124,189,4,4691
2026-01-29 07:56:01,43.99,60.85,,,3.059,0.78,-0.74,0.112,189,4,4692
2026-01-29 07:56:06,43.98,60.87,,,3.059,0.776,-0.744,0.12,189,4,4694
2026-01-29 07:56:08,44.01,60.85,,,3.059,0.78,-0.744,0.12,189,4,4695
2026-01-29 07:56:10,43.99,60.85,,,3.059,0.78,-0.744,0.12,189,4,4696
2026-01-29 07:56:13,44.01,60.89,,,3.059,0.776,-0.748,0.12,189,4,4697
2026-01-29 07:56:16,44.01,60.86,,,3.059,0.808,-0.72,0.088,189,4,4698
2026-01-29 07:56:18,44.01,60.84,,,3.059,0.776,-0.744,0.116,189,4,4699
2026-01-29 07:56:21,44.02,60.85,,,3.059,0.78,-0.752,0.112,189,4,4700
2026-01-29 07:56:23,44.02,60.88,,,3.059,0.776,-0.744,0.12,189,4,4701
2026-01-29 07:56:26,44.03,60.84,,,3.059,0.784,-0.744,0.116,189,4,4702
2026-01-29 07:56:29,44.03,60.82,,,3.059,0.776,-0.744,0.132,189,4,4703
2026-01-29 07:56:31,44.02,60.83,,,3.059,0.776,-0.744,0.112,189,4,4704
2026-01-29 08:01:32,44.44,60.41,,,3.08,0.536,0.628,0.58,202,4,4821
2026-01-29 08:06:33,43.76,60.1,,,3.076,0.416,0.528,0.764,202,4,4938
2026-01-29 08:11:33,43.18,60.43,,,3.048,0.348,0.492,0.812,202,4,5055
2026-01-29 08:12:35,43.1,60.49,,,3.048,0.36,0.488,0.812,202,4,5079
2026-01-29 08:12:37,43.07,60.49,,,3.048,0.356,0.492,0.812,202,4,5080
2026-01-29 08:12:40,43.08,60.5,,,3.048,0.352,0.484,0.816,202,4,5081
2026-01-29 08:12:44,43.07,60.49,,,3.048,0.36,0.484,0.816,202,4,5082
2026-01-29 08:12:48,43.06,60.51,,,3.087,0.36,0.488,0.82,202,4,5084
2026-01-29 08:12:50,43.05,60.52,,,3.087,0.36,0.484,0.816,202,4,5085
2026-01-29 08:12:53,43.05,60.51,,,3.087,0.356,0.488,0.812,202,4,5086
2026-01-29 08:12:56,43.04,60.49,,,3.087,0.36,0.484,0.812,202,4,5087
2026-01-29 08:13:01,43.03,60.5,,,3.087,0.356,0.484,0.812,202,4,5089
2026-01-29 08:13:03,43.03,60.52,,,3.087,0.356,0.488,0.816,202,4,5090
2026-01-29 08:13:06,43.02,60.5,,,3.087,0.352,0.488,0.812,202,4,5091
2026-01-29 08:13:08,43,60.51,,,3.087,0.356,0.48,0.812,202,4,5092
2026-01-29 08:13:11,43.01,60.52,,,3.087,0.356,0.488,0.816,202,4,5093
2026-01-29 08:13:14,43,60.51,,,3.087,0.352,0.484,0.812,202,4,5094
2026-01-29 08:13:19,42.99,60.51,,,3.087,0.36,0.484,0.82,202,4,5096
2026-01-29 08:13:22,42.99,60.52,,,3.087,0.356,0.48,0.816,202,4,5097
2026-01-29 08:13:24,42.99,60.54,,,3.087,0.356,0.488,0.816,202,4,5098
2026-01-29 08:13:27,42.99,60.54,,,3.087,0.364,0.488,0.812,202,4,5099
2026-01-29 08:13:31,42.99,60.54,,,3.087,0.36,0.488,0.808,202,4,5101
2026-01-29 08:13:34,42.98,60.53,,,3.087,0.356,0.492,0.816,202,4,5102
2026-01-29 08:13:37,42.96,60.53,,,3.087,0.352,0.492,0.812,202,4,5103
2026-01-29 08:13:40,42.96,60.55,,,3.087,0.348,0.488,0.82,202,4,5104
2026-01-29 08:13:42,42.96,60.53,,,3.087,0.356,0.488,0.824,202,4,5105
2026-01-29 08:13:47,42.95,60.55,,,3.052,0.356,0.488,0.816,202,4,5107
2026-01-29 08:13:50,42.95,60.55,,,3.052,0.36,0.488,0.812,202,4,5108
2026-01-29 08:13:53,42.94,60.56,,,3.052,0.364,0.496,0.82,202,4,5109
2026-01-29 08:18:54,42.67,61.19,,,3.094,-0.488,-0.456,0.776,203,4,5226
2026-01-29 08:23:56,42.58,61.18,,,3.062,-0.668,-0.772,0.216,205,4,5344
2026-01-29 08:25:26,42.53,61.23,,,3.048,-0.664,-0.772,0.224,205,4,5379
2026-01-29 08:25:29,42.54,61.21,,,3.048,-0.668,-0.764,0.216,205,4,5380
2026-01-29 08:25:31,42.51,61.22,,,3.048,-0.672,-0.772,0.224,205,4,5381
2026-01-29 08:25:34,42.53,61.22,,,3.048,-0.664,-0.772,0.212,205,4,5382
2026-01-29 08:30:35,42.62,61.64,,,3.059,0.316,0.452,0.848,210,4,5499
2026-01-29 08:32:10,42.71,61.74,,,3.048,0.644,0.508,-0.604,211,4,5536
2026-01-29 08:32:12,42.71,61.73,,,3.048,0.636,0.512,-0.6,211,4,5537
2026-01-29 08:32:15,42.71,61.78,,,3.048,0.644,0.508,-0.6,211,4,5538
2026-01-29 08:32:17,42.72,61.76,,,3.048,0.648,0.512,-0.608,211,4,5539
2026-01-29 08:32:20,42.72,61.81,,,3.048,0.64,0.508,-0.608,211,4,5540
2026-01-29 08:32:24,42.72,61.79,,,3.048,0.64,0.508,-0.6,211,4,5541
2026-01-29 08:32:26,42.74,61.79,,,3.048,0.644,0.512,-0.604,211,4,5542
2026-01-29 08:32:30,42.75,61.83,,,3.048,0.636,0.516,-0.608,211,4,5544
2026-01-29 08:32:33,42.74,61.83,,,3.048,0.64,0.516,-0.608,211,4,5545
2026-01-29 08:37:33,43.46,61.9,,,3.066,0.672,0.56,-0.528,214,4,5662
2026-01-29 08:39:32,43.74,61.86,,,3.055,0.668,0.56,-0.528,217,4,5708
2026-01-29 08:39:34,43.75,61.85,,,3.055,0.672,0.556,-0.536,217,4,5709
2026-01-29 08:39:37,43.76,61.84,,,3.055,0.676,0.556,-0.532,217,4,5710
2026-01-29 08:39:39,43.78,61.84,,,3.055,0.672,0.556,-0.532,217,4,5711
2026-01-29 08:39:42,43.78,61.85,,,3.055,0.676,0.552,-0.528,217,4,5712
2026-01-29 08:39:45,43.78,61.85,,,3.055,0.68,0.56,-0.536,217,4,5713
2026-01-29 08:39:47,43.78,61.86,,,3.055,0.672,0.556,-0.532,217,4,5714
2026-01-29 08:39:50,43.8,61.88,,,3.055,0.668,0.556,-0.536,217,4,5715
2026-01-29 08:44:53,44.57,61.75,,,3.052,0.652,0.516,-0.596,219,4,5833
2026-01-29 08:47:19,44.96,61.8,,,3.052,0.508,0.316,-0.82,224,4,5890
2026-01-29 08:47:22,44.99,61.78,,,3.052,0.508,0.312,-0.816,224,4,5891
2026-01-29 08:47:24,44.99,61.78,,,3.052,0.508,0.32,-0.82,224,4,5892
2026-01-29 08:47:27,45.02,61.78,,,3.052,0.512,0.316,-0.82,224,4,5893
2026-01-29 08:47:29,45,61.79,,,3.052,0.5,0.324,-0.824,224,4,5894
2026-01-29 08:47:32,45.01,61.79,,,3.052,0.508,0.316,-0.82,224,4,5895
2026-01-29 08:47:35,45.03,61.81,,,3.052,0.512,0.316,-0.816,224,4,5896
2026-01-29 08:47:37,45.03,61.81,,,3.052,0.508,0.32,-0.82,224,4,5897
2026-01-29 08:47:40,45.04,61.8,,,3.052,0.508,0.32,-0.82,224,4,5898
2026-01-29 08:47:42,45.05,61.81,,,3.052,0.508,0.32,-0.82,224,4,5899
2026-01-29 08:47:45,45.06,61.83,,,3.052,0.508,0.324,-0.824,224,4,5900
2026-01-29 08:47:48,45.06,61.79,,,3.052,0.504,0.324,-0.816,224,4,5901
2026-01-29 08:47:50,45.07,61.8,,,3.052,0.504,0.312,-0.824,224,4,5902
2026-01-29 08:47:53,45.1,61.8,,,3.052,0.508,0.324,-0.82,224,4,5903
2026-01-29 08:47:55,45.09,61.79,,,3.052,0.504,0.316,-0.824,224,4,5904
2026-01-29 08:47:58,45.1,61.81,,,3.052,0.508,0.316,-0.82,224,4,5905
2026-01-29 08:48:01,45.11,61.8,,,3.059,0.512,0.316,-0.82,224,4,5906
2026-01-29 08:50:14,45.51,61.68,,,3.062,0.54,0.372,-0.768,229,4,5958
2026-01-29 08:50:17,45.5,61.7,,,3.062,0.548,0.372,-0.776,229,4,5959
2026-01-29 08:50:22,45.53,61.66,,,3.062,0.544,0.368,-0.772,229,4,5961
2026-01-29 08:50:24,45.53,61.68,,,3.062,0.544,0.368,-0.768,229,4,5962
2026-01-29 08:54:54,46.44,61.53,,,3.062,0.54,0.368,-0.772,229,4,6067
2026-01-29 08:54:57,46.43,61.53,,,3.062,0.548,0.372,-0.772,229,4,6068
2026-01-29 08:54:59,46.44,61.52,,,3.062,0.54,0.368,-0.776,229,4,6069
2026-01-29 08:55:02,46.46,61.52,,,3.108,0.54,0.368,-0.768,229,4,6070
2026-01-29 08:55:04,46.45,61.5,,,3.108,0.54,0.372,-0.768,229,4,6071
2026-01-29 08:55:07,46.48,61.53,,,3.108,0.548,0.368,-0.768,229,4,6072
2026-01-29 08:59:16,47.21,61.31,,,3.069,0.544,0.376,-0.772,229,4,6169
2026-01-29 08:59:19,47.21,61.3,,,3.069,0.536,0.368,-0.772,229,4,6170
2026-01-29 08:59:21,47.21,61.3,,,3.069,0.544,0.364,-0.772,229,4,6171
2026-01-29 08:59:24,47.23,61.29,,,3.069,0.548,0.372,-0.768,229,4,6172
2026-01-29 08:59:27,47.24,61.27,,,3.069,0.536,0.364,-0.772,229,4,6173
2026-01-29 08:59:29,47.25,61.29,,,3.069,0.544,0.372,-0.772,229,4,6174
2026-01-29 08:59:32,47.26,61.29,,,3.069,0.544,0.372,-0.768,229,4,6175
2026-01-29 08:59:34,47.25,61.29,,,3.069,0.536,0.372,-0.768,229,4,6176
2026-01-29 09:04:36,47.96,61.07,,,3.108,0.544,0.364,-0.78,229,4,6293
2026-01-29 09:06:08,48.14,61.01,,,3.073,0.544,0.368,-0.776,229,4,6329
2026-01-29 09:06:10,48.16,61.03,,,3.073,0.536,0.372,-0.768,229,4,6330
2026-01-29 09:06:13,48.15,60.99,,,3.073,0.54,0.376,-0.772,229,4,6331
2026-01-29 09:09:05,48.46,60.96,,,3.104,0.548,0.368,-0.772,229,4,6398
2026-01-29 09:09:07,48.46,60.95,,,3.104,0.536,0.364,-0.772,229,4,6399
2026-01-29 09:09:10,48.48,60.93,,,3.08,0.54,0.364,-0.768,229,4,6400
2026-01-29 09:09:12,48.46,60.93,,,3.08,0.54,0.368,-0.78,229,4,6401
2026-01-29 09:14:13,48.89,60.84,,,3.108,0.532,0.368,-0.78,230,4,6518
2026-01-29 09:15:23,48.99,60.83,,,3.069,0.544,0.368,-0.772,230,4,6545
2026-01-29 09:15:25,48.99,60.83,,,3.069,0.54,0.368,-0.772,230,4,6546
2026-01-29 09:15:28,48.99,60.83,,,3.069,0.544,0.372,-0.772,230,4,6547
2026-01-29 09:15:30,48.99,60.83,,,3.069,0.544,0.372,-0.776,230,4,6548
2026-01-29 09:15:33,48.99,60.82,,,3.069,0.54,0.372,-0.772,230,4,6549
2026-01-29 09:15:35,49,60.83,,,3.069,0.544,0.368,-0.772,230,4,6550
2026-01-29 09:15:38,49.03,60.83,,,3.069,0.54,0.376,-0.768,230,4,6551
2026-01-29 09:15:40,49.01,60.82,,,3.069,0.54,0.368,-0.772,230,4,6552
2026-01-29 09:20:41,49.35,60.82,,,3.101,0.528,0.34,-0.8,230,4,6669
2026-01-29 09:25:42,49.66,60.75,,,3.073,0.524,0.344,-0.792,230,4,6786
2026-01-29 09:30:43,49.9,60.73,,,3.104,0.52,0.352,-0.796,230,4,6903
2026-01-29 09:35:43,50.07,60.74,,,3.108,0.528,0.348,-0.788,230,4,7020
2026-01-29 09:40:44,50.17,60.74,,,3.069,0.528,0.344,-0.796,230,4,7137
2026-01-29 09:44:59,50.21,60.75,,,3.069,0.524,0.344,-0.792,230,4,7236
2026-01-29 09:45:01,50.22,60.75,,,3.069,0.524,0.348,-0.788,230,4,7237
2026-01-29 09:45:04,50.24,60.76,,,3.069,0.524,0.344,-0.796,230,4,7238
2026-01-29 09:45:06,50.24,60.77,,,3.069,0.528,0.348,-0.788,230,4,7239
2026-01-29 09:45:09,50.22,60.76,,,3.069,0.528,0.348,-0.796,230,4,7240
2026-01-29 09:45:12,50.23,60.74,,,3.069,0.532,0.348,-0.8,230,4,7241
2026-01-29 09:45:14,50.22,60.76,,,3.069,0.52,0.352,-0.792,230,4,7242
2026-01-29 09:50:14,50.47,60.95,,,3.069,0.352,0.116,-0.944,232,4,7359
2026-01-29 09:55:15,50.74,60.92,,,3.08,0.352,0.12,-0.936,232,4,7476
2026-01-29 10:00:16,50.99,60.94,,,3.108,0.352,0.112,-0.944,232,4,7593
2026-01-29 10:05:17,51.28,60.97,,,3.09,0.348,0.12,-0.944,232,4,7710
2026-01-29 10:10:17,51.57,60.98,,,3.115,0.356,0.116,-0.94,232,4,7827
2026-01-29 10:10:22,51.58,60.96,,,3.115,0.344,0.12,-0.94,232,4,7829
2026-01-29 10:10:26,51.58,60.97,,,3.115,0.348,0.116,-0.936,232,4,7830
2026-01-29 10:10:30,51.57,60.98,,,3.115,0.34,0.116,-0.94,232,4,7832
2026-01-29 10:10:33,51.58,60.97,,,3.08,0.348,0.12,-0.948,232,4,7833
2026-01-29 10:15:34,51.88,60.97,,,3.083,0.344,0.112,-0.944,232,4,7950
2026-01-29 10:19:07,52.08,60.96,,,3.083,0.348,0.116,-0.944,232,4,8033
2026-01-29 10:19:09,52.09,60.94,,,3.083,0.344,0.12,-0.948,232,4,8034
2026-01-29 10:19:12,52.09,60.96,,,3.083,0.348,0.112,-0.94,232,4,8035
2026-01-29 10:19:14,52.09,60.96,,,3.083,0.344,0.108,-0.944,232,4,8036
2026-01-29 10:19:17,52.09,60.95,,,3.083,0.348,0.12,-0.948,232,4,8037
2026-01-29 10:23:55,52.35,60.94,,,3.083,0.352,0.108,-0.94,232,4,8145
2026-01-29 10:23:57,52.34,60.93,,,3.083,0.34,0.116,-0.944,232,4,8146
2026-01-29 10:24:00,52.35,60.93,,,3.083,0.344,0.12,-0.948,232,4,8147
2026-01-29 10:24:03,52.35,60.94,,,3.083,0.344,0.116,-0.948,232,4,8148
2026-01-29 10:24:05,52.36,60.92,,,3.083,0.348,0.116,-0.948,232,4,8149
2026-01-29 10:24:07,52.35,60.93,,,3.083,0.352,0.112,-0.948,232,4,8150
2026-01-29 10:24:10,52.38,60.94,,,3.083,0.34,0.12,-0.944,232,4,8151
2026-01-29 10:29:11,52.6,60.95,,,3.076,0.344,0.12,-0.94,232,4,8268
2026-01-29 10:34:14,52.82,60.92,,,3.094,0.348,0.12,-0.952,232,4,8386
2026-01-29 10:39:15,53,60.92,,,3.115,0.34,0.116,-0.948,232,4,8503
2026-01-29 10:44:05,53.16,60.89,,,3.087,0.348,0.116,-0.944,232,4,8616
2026-01-29 10:44:08,53.17,60.92,,,3.087,0.344,0.116,-0.944,232,4,8617
2026-01-29 10:44:10,53.17,60.9,,,3.087,0.344,0.12,-0.944,232,4,8618
2026-01-29 10:44:13,53.17,60.91,,,3.087,0.348,0.116,-0.944,232,4,8619
2026-01-29 10:44:15,53.16,60.93,,,3.087,0.348,0.112,-0.944,232,4,8620
2026-01-29 10:44:18,53.16,60.93,,,3.087,0.34,0.112,-0.944,232,4,8621
2026-01-29 10:44:21,53.17,60.94,,,3.087,0.352,0.12,-0.944,232,4,8622
2026-01-29 10:49:21,53.29,60.93,,,3.09,0.352,0.116,-0.944,232,4,8739
2026-01-29 10:54:22,53.39,60.95,,,3.097,0.352,0.116,-0.94,232,4,8856
2026-01-29 10:54:30,53.42,60.96,,,3.097,0.34,0.108,-0.94,232,4,8859
2026-01-29 10:54:32,53.4,60.96,,,3.097,0.352,0.116,-0.944,232,4,8860
2026-01-29 10:54:35,53.41,60.94,,,3.097,0.348,0.112,-0.944,232,4,8861
2026-01-29 10:54:37,53.42,60.97,,,3.097,0.348,0.116,-0.936,232,4,8862
2026-01-29 10:54:40,53.42,60.95,,,3.097,0.348,0.112,-0.94,232,4,8863
2026-01-29 10:54:42,53.42,60.96,,,3.097,0.344,0.112,-0.948,232,4,8864
2026-01-29 10:54:45,53.42,60.95,,,3.097,0.348,0.116,-0.948,232,4,8865
2026-01-29 10:54:47,53.42,60.95,,,3.097,0.348,0.116,-0.944,232,4,8866
2026-01-29 10:59:48,53.5,60.99,,,3.097,0.344,0.116,-0.948,232,4,8983
2026-01-29 11:04:49,53.56,61.02,,,3.101,0.344,0.112,-0.94,232,4,9100
2026-01-29 11:07:51,53.6,61.04,,,3.118,0.352,0.116,-0.94,242,4,9171
2026-01-29 11:07:54,53.6,61.03,,,3.118,0.348,0.116,-0.948,242,4,9172
2026-01-29 11:07:56,53.61,61.02,,,3.09,0.348,0.12,-0.948,242,4,9173
2026-01-29 11:07:59,53.61,61.04,,,3.09,0.344,0.12,-0.944,242,4,9174
2026-01-29 11:08:02,53.6,61.04,,,3.09,0.36,0.12,-0.944,242,4,9175
2026-01-29 11:08:04,53.6,61.04,,,3.09,0.348,0.116,-0.948,242,4,9176
2026-01-29 11:08:07,53.6,61.03,,,3.09,0.352,0.116,-0.944,242,4,9177
2026-01-29 11:08:09,53.6,61.06,,,3.09,0.348,0.12,-0.948,242,4,9178
2026-01-29 11:08:12,53.61,61.05,,,3.09,0.344,0.124,-0.94,242,4,9179
2026-01-29 11:08:15,53.6,61.03,,,3.09,0.356,0.12,-0.94,242,4,9180
2026-01-29 11:08:17,53.6,61.04,,,3.09,0.352,0.116,-0.94,242,4,9181
2026-01-29 11:08:20,53.6,61.06,,,3.09,0.352,0.124,-0.944,242,4,9182
2026-01-29 11:08:22,53.6,61.04,,,3.09,0.348,0.12,-0.936,242,4,9183
2026-01-29 11:08:25,53.6,61.04,,,3.09,0.348,0.116,-0.94,242,4,9184
2026-01-29 11:08:28,53.6,61.02,,,3.09,0.352,0.108,-0.944,242,4,9185
2026-01-29 11:08:30,53.61,61.05,,,3.09,0.348,0.12,-0.936,242,4,9186
2026-01-29 11:08:33,53.6,61.04,,,3.09,0.348,0.116,-0.944,242,4,9187
2026-01-29 11:08:35,53.6,61.05,,,3.09,0.352,0.116,-0.94,242,4,9188
2026-01-29 11:08:38,53.6,61.03,,,3.09,0.352,0.116,-0.944,242,4,9189
2026-01-29 11:08:40,53.6,61.06,,,3.09,0.348,0.116,-0.94,242,4,9190
2026-01-29 11:08:43,53.6,61.05,,,3.09,0.352,0.128,-0.94,242,4,9191
2026-01-29 11:08:45,53.6,61.04,,,3.09,0.352,0.12,-0.936,242,4,9192
2026-01-29 11:08:48,53.6,61.04,,,3.09,0.352,0.116,-0.94,242,4,9193
2026-01-29 11:08:50,53.61,61.04,,,3.09,0.348,0.116,-0.944,242,4,9194
2026-01-29 11:08:53,53.6,61.03,,,3.09,0.352,0.124,-0.944,242,4,9195
2026-01-29 11:08:56,53.6,61.04,,,3.122,0.356,0.12,-0.944,242,4,9196
2026-01-29 11:08:58,53.6,61.05,,,3.122,0.356,0.12,-0.948,242,4,9197
2026-01-29 11:09:01,53.6,61.06,,,3.122,0.352,0.116,-0.94,242,4,9198
2026-01-29 11:09:03,53.6,61.05,,,3.122,0.344,0.116,-0.94,242,4,9199
2026-01-29 11:09:06,53.63,61.05,,,3.122,0.348,0.116,-0.94,242,4,9200
2026-01-29 11:09:09,53.6,61.05,,,3.122,0.352,0.116,-0.94,242,4,9201
2026-01-29 11:09:11,53.6,61.05,,,3.122,0.348,0.12,-0.94,242,4,9202
2026-01-29 11:09:14,53.61,61.06,,,3.122,0.352,0.116,-0.948,242,4,9203
2026-01-29 11:09:16,53.6,61.06,,,3.122,0.356,0.116,-0.944,242,4,9204
2026-01-29 11:09:19,53.61,61.06,,,3.122,0.352,0.116,-0.94,242,4,9205
2026-01-29 11:09:22,53.61,61.06,,,3.122,0.348,0.124,-0.944,242,4,9206
2026-01-29 11:09:24,53.61,61.05,,,3.122,0.352,0.12,-0.936,242,4,9207
2026-01-29 11:09:27,53.61,61.05,,,3.122,0.36,0.116,-0.94,242,4,9208
2026-01-29 11:09:29,53.61,61.06,,,3.122,0.352,0.12,-0.936,242,4,9209
2026-01-29 11:09:31,53.61,61.06,,,3.122,0.344,0.116,-0.944,242,4,9210
2026-01-29 11:09:34,53.62,61.05,,,3.122,0.356,0.12,-0.944,242,4,9211
2026-01-29 11:09:37,53.6,61.05,,,3.122,0.352,0.12,-0.94,242,4,9212
2026-01-29 11:09:39,53.61,61.05,,,3.122,0.348,0.12,-0.948,242,4,9213
2026-01-29 11:09:42,53.61,61.05,,,3.122,0.62,0.68,-0.432,243,4,9214
2026-01-29 11:09:44,53.62,61.07,,,3.122,-0.12,-0.268,-0.664,243,4,9215
2026-01-29 11:09:47,53.6,61.04,,,3.122,0.272,0.032,-0.98,243,4,9216
2026-01-29 11:09:50,53.62,61.07,,,3.122,0.276,0.032,-0.98,243,4,9217
2026-01-29 11:09:52,53.61,61.04,,,3.122,0.28,0.028,-0.968,243,4,9218
2026-01-29 11:09:55,53.61,61.08,,,3.122,0.28,0.028,-0.972,243,4,9219
2026-01-29 11:09:57,53.61,61.06,,,3.097,0.276,0.036,-0.976,243,4,9220
2026-01-29 11:10:00,53.61,61.04,,,3.097,0.272,0.028,-0.968,243,4,9221
2026-01-29 11:10:03,53.63,61.05,,,3.097,0.272,0.032,-0.968,243,4,9222
2026-01-29 11:10:05,53.62,61.07,,,3.097,0.276,0.032,-0.972,243,4,9223
2026-01-29 11:10:08,53.61,61.06,,,3.097,0.276,0.032,-0.972,243,4,9224
2026-01-29 11:10:10,53.62,61.06,,,3.097,0.276,0.036,-0.972,243,4,9225
2026-01-29 11:10:13,53.62,61.04,,,3.097,0.276,0.036,-0.98,243,4,9226
2026-01-29 11:10:16,53.63,61.04,,,3.097,0.276,0.032,-0.964,243,4,9227
2026-01-29 11:10:18,53.61,61.05,,,3.097,0.276,0.036,-0.968,243,4,9228
2026-01-29 11:10:20,53.63,61.05,,,3.097,0.276,0.032,-0.972,243,4,9229
2026-01-29 11:10:23,53.62,61.04,,,3.097,0.276,0.028,-0.976,243,4,9230
2026-01-29 11:15:24,53.67,61.14,,,3.122,0.364,0.124,-0.94,249,4,9347
2026-01-29 11:16:31,53.69,61.1,,,3.094,0.356,0.128,-0.94,249,4,9373
2026-01-29 11:16:33,53.7,61.11,,,3.094,0.364,0.132,-0.94,249,4,9374
2026-01-29 11:16:36,53.7,61.1,,,3.094,0.36,0.132,-0.932,249,4,9375
2026-01-29 11:16:38,53.7,61.11,,,3.094,0.364,0.128,-0.932,249,4,9376
2026-01-29 11:16:41,53.7,61.12,,,3.094,0.368,0.132,-0.936,249,4,9377
2026-01-29 11:16:44,53.69,61.1,,,3.094,0.356,0.124,-0.936,249,4,9378
2026-01-29 11:16:46,53.7,61.1,,,3.094,0.36,0.132,-0.936,249,4,9379
2026-01-29 11:16:49,53.71,61.11,,,3.094,0.36,0.128,-0.94,249,4,9380
2026-01-29 11:19:18,53.47,60.78,,,3.118,0.552,0.384,-0.748,11,4,9438
2026-01-29 11:19:20,53.47,60.8,,,3.118,0.556,0.388,-0.74,11,4,9439
2026-01-29 11:19:23,53.46,60.78,,,3.118,0.556,0.388,-0.74,11,4,9440
2026-01-29 11:19:25,53.45,60.79,,,3.118,0.556,0.388,-0.736,11,4,9441
2026-01-29 11:19:28,53.45,60.81,,,3.118,0.56,0.384,-0.748,11,4,9442
2026-01-29 11:24:31,53.14,61.11,,,3.094,0.552,0.392,-0.752,11,4,9560
2026-01-29 11:24:57,53.11,61.12,,,3.094,0.552,0.384,-0.752,11,4,9570
2026-01-29 11:25:00,53.1,61.12,,,3.094,0.56,0.376,-0.756,11,4,9571
2026-01-29 11:25:02,53.09,61.09,,,3.087,0.556,0.388,-0.748,11,4,9572
2026-01-29 11:25:05,53.1,61.11,,,3.087,0.56,0.388,-0.748,11,4,9573
2026-01-29 11:25:07,53.09,61.1,,,3.087,0.556,0.388,-0.752,11,4,9574
2026-01-29 11:25:10,53.1,61.11,,,3.087,0.552,0.38,-0.756,11,4,9575
2026-01-29 11:25:12,53.09,61.11,,,3.087,0.552,0.384,-0.756,11,4,9576
2026-01-29 11:25:15,53.09,61.11,,,3.087,0.56,0.388,-0.752,11,4,9577
2026-01-29 11:25:17,53.09,61.11,,,3.087,0.56,0.384,-0.752,11,4,9578
2026-01-29 11:25:20,53.1,61.11,,,3.087,0.568,0.384,-0.752,11,4,9579
2026-01-29 11:25:22,53.09,61.12,,,3.087,0.56,0.376,-0.752,11,4,9580
2026-01-29 11:28:33,52.92,61.19,,,3.094,0.564,0.392,-0.752,12,4,9654
2026-01-29 11:28:36,52.93,61.22,,,3.094,0.556,0.388,-0.748,12,4,9655
2026-01-29 11:28:40,52.93,61.18,,,3.094,0.56,0.392,-0.756,12,4,9657
2026-01-29 11:28:43,52.93,61.22,,,3.094,0.56,0.392,-0.748,12,4,9658
2026-01-29 11:28:46,52.92,61.19,,,3.094,0.628,0.428,-0.68,13,4,9659
2026-01-29 11:28:48,52.91,61.18,,,3.094,0.58,0.36,-0.812,17,4,9660
2026-01-29 11:28:51,52.93,61.2,,,3.094,0.556,0.388,-0.744,19,4,9661
2026-01-29 11:28:53,52.92,61.19,,,3.094,0.56,0.4,-0.752,19,4,9662
2026-01-29 11:28:56,52.92,61.19,,,3.094,0.548,0.364,-0.764,19,4,9663
2026-01-29 11:28:59,52.92,61.2,,,3.094,0.552,0.384,-0.748,20,4,9664
2026-01-29 11:29:02,52.92,61.21,,,3.094,0.552,0.384,-0.752,20,4,9665
2026-01-29 11:29:06,52.9,61.21,,,3.101,0.568,0.388,-0.752,20,4,9667
2026-01-29 11:29:09,52.91,61.18,,,3.101,0.58,0.352,-0.776,22,4,9668
2026-01-29 11:29:11,52.89,61.18,,,3.101,0.56,0.388,-0.752,22,4,9669
2026-01-29 11:29:14,52.9,61.16,,,3.101,0.596,0.42,-0.752,25,4,9670
2026-01-29 11:29:17,52.89,61.16,,,3.101,0.56,0.404,-0.728,27,4,9671
2026-01-29 11:29:19,52.89,61.16,,,3.101,0.564,0.404,-0.724,27,4,9672
2026-01-29 11:29:21,52.9,61.16,,,3.101,0.576,0.404,-0.728,27,4,9673
2026-01-29 11:29:24,52.89,61.12,,,3.101,0.572,0.408,-0.72,27,4,9674
2026-01-29 11:29:27,52.88,61.11,,,3.101,0.568,0.408,-0.732,27,4,9675
2026-01-29 11:29:29,52.89,61.09,,,3.101,0.564,0.404,-0.728,27,4,9676
2026-01-29 11:29:32,52.88,61.09,,,3.101,0.568,0.404,-0.728,27,4,9677
2026-01-29 11:29:34,52.86,61.09,,,3.101,0.564,0.408,-0.728,27,4,9678
2026-01-29 11:29:37,52.87,61.05,,,3.101,0.564,0.412,-0.732,27,4,9679
2026-01-29 11:29:40,52.86,61.07,,,3.101,0.572,0.404,-0.724,27,4,9680
2026-01-29 11:29:42,52.85,61.05,,,3.101,0.568,0.4,-0.724,27,4,9681
2026-01-29 11:29:45,52.85,61.04,,,3.101,0.564,0.4,-0.724,27,4,9682
2026-01-29 11:29:47,52.85,61.04,,,3.101,0.572,0.408,-0.732,27,4,9683
2026-01-29 11:29:50,52.84,61.04,,,3.101,0.576,0.4,-0.728,27,4,9684
2026-01-29 11:29:53,52.84,61.06,,,3.101,0.572,0.408,-0.728,27,4,9685
2026-01-29 11:29:55,52.82,61.03,,,3.101,0.568,0.404,-0.728,27,4,9686
2026-01-29 11:29:58,52.83,61.03,,,3.101,0.568,0.4,-0.732,27,4,9687
2026-01-29 11:30:00,52.82,61.03,,,3.101,0.568,0.404,-0.736,27,4,9688
2026-01-29 11:30:03,52.81,61.03,,,3.101,0.568,0.408,-0.732,27,4,9689
2026-01-29 11:30:06,52.82,61.03,,,3.09,0.568,0.4,-0.732,27,4,9690
2026-01-29 11:30:08,52.81,61.03,,,3.09,0.576,0.408,-0.736,27,4,9691
2026-01-29 11:30:13,52.8,61.04,,,3.09,0.568,0.408,-0.728,27,4,9693
2026-01-29 11:30:15,52.78,61.02,,,3.09,0.568,0.408,-0.732,27,4,9694
2026-01-29 11:30:18,52.78,61.01,,,3.09,0.572,0.4,-0.728,27,4,9695
2026-01-29 11:30:21,52.75,61.01,,,3.09,0.572,0.4,-0.732,27,4,9696
2026-01-29 11:30:23,52.78,61.02,,,3.09,0.572,0.404,-0.728,27,4,9697
2026-01-29 11:30:26,52.76,61.01,,,3.09,0.576,0.408,-0.732,27,4,9698
2026-01-29 11:30:28,52.76,61.03,,,3.09,0.572,0.404,-0.732,27,4,9699
2026-01-29 11:30:31,52.75,61.03,,,3.09,0.568,0.404,-0.724,27,4,9700
2026-01-29 11:30:34,52.74,61.02,,,3.09,0.572,0.4,-0.724,27,4,9701
2026-01-29 11:30:36,52.75,61.03,,,3.09,0.568,0.4,-0.732,27,4,9702
2026-01-29 11:30:39,52.73,61.01,,,3.09,0.564,0.408,-0.728,27,4,9703
2026-01-29 11:30:41,52.72,61.05,,,3.09,0.564,0.412,-0.728,27,4,9704
2026-01-29 11:30:44,52.72,61.04,,,3.09,0.568,0.404,-0.728,27,4,9705
2026-01-29 11:30:47,52.73,61.07,,,3.09,0.572,0.412,-0.724,27,4,9706
2026-01-29 11:30:49,52.72,61.07,,,3.09,0.568,0.404,-0.732,27,4,9707
2026-01-29 11:30:52,52.72,61.07,,,3.09,0.568,0.408,-0.728,27,4,9708
2026-01-29 11:30:55,52.71,61.06,,,3.09,0.572,0.408,-0.728,27,4,9709
2026-01-29 11:30:59,52.71,61.06,,,3.09,0.568,0.404,-0.732,27,4,9711
2026-01-29 11:31:02,52.7,61.08,,,3.09,0.568,0.412,-0.736,27,4,9712
2026-01-29 11:31:04,52.68,61.07,,,3.09,0.572,0.404,-0.736,27,4,9713
2026-01-29 11:31:07,52.68,61.06,,,3.09,0.568,0.408,-0.728,27,4,9714
2026-01-29 11:31:09,52.67,61.08,,,3.09,0.568,0.404,-0.728,27,4,9715
2026-01-29 11:31:13,52.67,61.09,,,3.09,0.572,0.404,-0.732,27,4,9716
2026-01-29 11:31:16,52.67,61.07,,,3.09,0.572,0.404,-0.732,27,4,9717
2026-01-29 11:31:20,52.66,61.09,,,3.09,0.596,0.456,-0.676,29,4,9719
2026-01-29 11:31:22,52.67,61.08,,,3.09,0.596,0.452,-0.672,29,4,9720
2026-01-29 11:31:25,52.66,61.1,,,3.09,0.608,0.444,-0.688,29,4,9721
2026-01-29 11:31:28,52.66,61.11,,,3.09,0.6,0.448,-0.684,29,4,9722
2026-01-29 11:31:30,52.64,61.11,,,3.09,0.58,0.428,-0.716,29,4,9723
2026-01-29 11:31:33,52.64,61.1,,,3.09,0.568,0.408,-0.724,29,4,9724
2026-01-29 11:31:35,52.64,61.1,,,3.09,0.58,0.412,-0.716,29,4,9725
2026-01-29 11:31:38,52.64,61.1,,,3.09,0.524,0.404,-0.776,29,4,9726
2026-01-29 11:31:41,52.63,61.1,,,3.09,0.552,0.36,-0.76,29,4,9727
2026-01-29 11:31:43,52.63,61.1,,,3.09,0.668,0.536,-0.556,31,4,9728
2026-01-29 11:31:45,52.62,61.08,,,3.09,0.664,0.532,-0.56,31,4,9729
2026-01-29 11:31:48,52.62,61.07,,,3.09,0.656,0.556,-0.536,33,4,9730
2026-01-29 11:31:50,52.6,61.06,,,3.09,0.668,0.52,-0.56,34,4,9731
2026-01-29 11:31:53,52.6,61.04,,,3.09,0.668,0.548,-0.56,36,4,9732
2026-01-29 11:31:56,52.59,61.02,,,3.09,0.768,0.62,-0.576,38,4,9733
2026-01-29 11:31:58,52.6,61.01,,,3.09,0.64,0.504,-0.548,39,4,9734
2026-01-29 11:32:01,52.57,60.96,,,3.09,0.624,0.576,-0.668,42,4,9735
2026-01-29 11:32:03,52.57,60.95,,,3.09,0.64,0.604,-0.508,45,4,9736
2026-01-29 11:32:06,52.58,60.92,,,3.09,0.612,0.564,-0.544,47,4,9737
2026-01-29 11:32:09,52.55,60.93,,,3.09,0.624,0.536,-0.576,48,4,9738
2026-01-29 11:32:11,52.57,60.9,,,3.09,0.516,0.516,-0.612,51,4,9739
2026-01-29 11:32:14,52.54,60.91,,,3.09,0.572,0.492,-0.632,53,4,9740
2026-01-29 11:32:16,52.53,60.87,,,3.09,0.616,0.48,-0.636,53,4,9741
2026-01-29 11:32:19,52.53,60.85,,,3.09,0.62,0.468,-0.636,53,4,9742
2026-01-29 11:32:22,52.52,60.88,,,3.09,0.644,0.48,-0.628,55,4,9743
2026-01-29 11:32:25,52.5,60.88,,,3.09,0.628,0.48,-0.64,55,4,9744
2026-01-29 11:32:29,52.49,60.85,,,3.09,0.64,0.576,-0.516,61,4,9746
2026-01-29 11:32:32,52.48,60.86,,,3.09,0.664,0.536,-0.556,61,4,9747
2026-01-29 11:32:35,52.47,60.89,,,3.09,0.668,0.54,-0.556,61,4,9748
2026-01-29 11:32:37,52.46,60.85,,,3.09,0.66,0.536,-0.544,61,4,9749
2026-01-29 11:32:39,52.46,60.85,,,3.09,0.664,0.54,-0.548,61,4,9750
2026-01-29 11:32:42,52.45,60.89,,,3.09,0.664,0.54,-0.548,61,4,9751
2026-01-29 11:32:44,52.42,60.88,,,3.09,0.664,0.536,-0.56,61,4,9752
2026-01-29 11:32:47,52.43,60.87,,,3.09,0.66,0.536,-0.564,61,4,9753
2026-01-29 11:32:50,52.41,60.88,,,3.09,0.66,0.536,-0.556,61,4,9754
2026-01-29 11:32:55,52.4,60.88,,,3.09,0.66,0.536,-0.556,61,4,9756
2026-01-29 11:32:57,52.38,60.88,,,3.09,0.664,0.536,-0.556,61,4,9757
2026-01-29 11:33:01,52.38,60.91,,,3.09,0.664,0.536,-0.556,61,4,9758
2026-01-29 11:33:05,52.35,60.9,,,3.094,0.664,0.536,-0.556,61,4,9760
2026-01-29 11:33:08,52.35,60.91,,,3.094,0.66,0.536,-0.556,61,4,9761
2026-01-29 11:33:10,52.35,60.91,,,3.094,0.664,0.532,-0.556,61,4,9762
2026-01-29 11:33:13,52.34,60.92,,,3.094,0.664,0.54,-0.56,61,4,9763
2026-01-29 11:33:16,52.32,60.89,,,3.094,0.668,0.532,-0.56,61,4,9764
2026-01-29 11:33:18,52.32,60.93,,,3.094,0.664,0.532,-0.56,61,4,9765
2026-01-29 11:33:21,52.31,60.93,,,3.094,0.66,0.536,-0.56,61,4,9766
2026-01-29 11:33:23,52.29,60.91,,,3.094,0.664,0.54,-0.556,61,4,9767
2026-01-29 11:37:37,51.64,61.28,,,3.094,0.66,0.536,-0.552,64,4,9866
2026-01-29 11:37:40,51.63,61.3,,,3.094,0.664,0.536,-0.552,64,4,9867
2026-01-29 11:37:43,51.64,61.29,,,3.094,0.664,0.54,-0.56,64,4,9868
2026-01-29 11:37:45,51.63,61.3,,,3.094,0.668,0.544,-0.552,64,4,9869
2026-01-29 11:37:48,51.61,61.31,,,3.094,0.664,0.536,-0.552,64,4,9870
2026-01-29 11:37:50,51.63,61.31,,,3.094,0.672,0.54,-0.552,64,4,9871
2026-01-29 11:37:53,51.6,61.33,,,3.094,0.66,0.532,-0.552,64,4,9872
2026-01-29 11:41:26,51.24,61.52,,,3.09,0.656,0.54,-0.552,64,4,9955
2026-01-29 11:41:29,51.21,61.51,,,3.09,0.668,0.536,-0.56,64,4,9956
2026-01-29 11:41:32,51.21,61.52,,,3.09,0.664,0.54,-0.552,64,4,9957
2026-01-29 11:41:34,51.21,61.52,,,3.09,0.664,0.536,-0.552,64,4,9958
2026-01-29 11:41:37,51.21,61.52,,,3.09,0.664,0.536,-0.556,64,4,9959
2026-01-29 11:41:39,51.21,61.5,,,3.09,0.664,0.54,-0.556,64,4,9960
2026-01-29 11:46:40,50.74,61.66,,,3.094,0.66,0.536,-0.552,64,4,10077
2026-01-29 11:51:40,50.22,61.88,,,3.087,0.664,0.54,-0.56,64,4,10194
2026-01-29 11:51:43,50.21,61.89,,,3.087,0.664,0.544,-0.556,64,4,10195
2026-01-29 11:51:46,50.21,61.9,,,3.087,0.652,0.544,-0.552,64,4,10196
2026-01-29 11:51:48,50.21,61.89,,,3.087,0.664,0.54,-0.552,64,4,10197
2026-01-29 11:51:51,50.21,61.86,,,3.087,0.664,0.54,-0.552,64,4,10198
2026-01-29 11:56:51,49.88,62.1,,,3.115,0.66,0.54,-0.556,64,4,10315
2026-01-29 12:01:52,49.71,62.24,,,3.094,0.66,0.54,-0.556,64,4,10432
2026-01-29 12:06:53,49.61,62.38,,,3.129,0.664,0.532,-0.556,64,4,10549
2026-01-29 12:11:54,49.55,62.44,,,3.09,0.66,0.536,-0.552,64,4,10666
2026-01-29 12:16:54,49.53,62.47,,,3.115,0.664,0.54,-0.552,64,4,10783
2026-01-29 12:21:55,49.47,62.49,,,3.115,0.66,0.544,-0.556,64,4,10900
2026-01-29 12:26:56,49.44,62.55,,,3.083,0.664,0.54,-0.552,64,4,11017
2026-01-29 12:31:57,49.38,62.62,,,3.115,0.66,0.544,-0.556,64,4,11134
2026-01-29 12:36:57,49.33,62.65,,,3.097,0.66,0.544,-0.548,64,4,11251
2026-01-29 12:41:58,49.26,62.69,,,3.094,0.668,0.544,-0.552,64,4,11368
2026-01-29 12:46:59,49.19,62.74,,,3.101,0.66,0.54,-0.552,64,4,11485
2026-01-29 12:52:02,49.11,62.83,,,3.129,0.66,0.544,-0.552,64,4,11603
2026-01-29 12:57:02,49.03,62.83,,,3.094,0.668,0.548,-0.556,64,4,11720
2026-01-29 13:02:03,48.93,62.91,,,3.122,0.668,0.544,-0.556,64,4,11837
2026-01-29 13:02:32,48.93,62.91,,,3.122,0.664,0.536,-0.556,64,4,11848
2026-01-29 13:02:34,48.93,62.91,,,3.122,0.66,0.548,-0.556,64,4,11849
2026-01-29 13:02:37,48.93,62.89,,,3.122,0.664,0.544,-0.548,64,4,11850
2026-01-29 13:02:39,48.92,62.91,,,3.122,0.66,0.548,-0.552,64,4,11851
2026-01-29 13:02:41,48.93,62.9,,,3.09,0.66,0.54,-0.552,64,4,11852
2026-01-29 13:02:44,48.94,62.89,,,3.09,0.664,0.544,-0.56,64,4,11853
2026-01-29 13:02:47,48.94,62.89,,,3.09,0.668,0.536,-0.56,64,4,11854
2026-01-29 13:02:50,48.93,62.93,,,3.09,0.668,0.544,-0.56,64,4,11855
2026-01-29 13:02:54,48.94,62.94,,,3.09,0.664,0.536,-0.556,64,4,11857
2026-01-29 13:02:57,48.93,62.91,,,3.09,0.664,0.544,-0.552,64,4,11858
2026-01-29 13:03:00,48.93,62.91,,,3.09,0.664,0.544,-0.556,64,4,11859
2026-01-29 13:03:02,48.92,62.9,,,3.09,0.664,0.544,-0.564,64,4,11860
2026-01-29 13:03:05,48.93,62.9,,,3.09,0.66,0.544,-0.556,64,4,11861
2026-01-29 13:03:07,48.92,62.9,,,3.09,0.664,0.544,-0.56,64,4,11862
2026-01-29 13:03:10,48.92,62.89,,,3.09,0.664,0.54,-0.556,64,4,11863
2026-01-29 13:03:13,48.91,62.92,,,3.09,0.656,0.544,-0.552,64,4,11864
2026-01-29 13:03:15,48.92,62.91,,,3.09,0.664,0.544,-0.552,64,4,11865
2026-01-29 13:03:18,48.93,62.95,,,3.09,0.656,0.544,-0.548,64,4,11866
2026-01-29 13:03:20,48.92,62.91,,,3.09,0.664,0.54,-0.556,64,4,11867
2026-01-29 13:03:23,48.9,62.89,,,3.09,0.664,0.548,-0.556,64,4,11868
2026-01-29 13:03:26,48.92,62.9,,,3.09,0.668,0.552,-0.556,64,4,11869
2026-01-29 13:03:28,48.9,62.9,,,3.09,0.664,0.544,-0.556,64,4,11870
2026-01-29 13:03:30,48.92,62.93,,,3.09,0.66,0.544,-0.556,64,4,11871
2026-01-29 13:03:33,48.9,62.93,,,3.09,0.66,0.544,-0.552,64,4,11872
2026-01-29 13:03:35,48.91,62.92,,,3.09,0.668,0.552,-0.56,64,4,11873
2026-01-29 13:03:38,48.91,62.91,,,3.09,0.668,0.536,-0.552,64,4,11874
2026-01-29 13:03:41,48.91,62.89,,,3.115,0.664,0.54,-0.552,64,4,11875
2026-01-29 13:03:43,48.9,62.92,,,3.115,0.66,0.54,-0.552,64,4,11876
2026-01-29 13:03:46,48.9,62.91,,,3.115,0.664,0.544,-0.552,64,4,11877
2026-01-29 13:03:48,48.9,62.94,,,3.115,0.664,0.548,-0.552,64,4,11878
2026-01-29 13:03:52,48.92,62.9,,,3.115,0.66,0.536,-0.552,64,4,11879
2026-01-29 13:03:56,48.89,62.93,,,3.115,0.656,0.548,-0.552,64,4,11881
2026-01-29 13:03:59,48.91,62.93,,,3.115,0.66,0.54,-0.552,64,4,11882
2026-01-29 13:04:04,48.9,62.91,,,3.115,0.66,0.548,-0.556,64,4,11884
2026-01-29 13:04:07,48.9,62.93,,,3.115,0.664,0.54,-0.556,64,4,11885
2026-01-29 13:04:12,48.89,62.94,,,3.115,0.66,0.544,-0.56,64,4,11887
2026-01-29 13:04:15,48.9,62.94,,,3.115,0.656,0.54,-0.552,64,4,11888
2026-01-29 13:04:19,48.89,62.93,,,3.115,0.664,0.548,-0.548,64,4,11890
2026-01-29 13:04:22,48.89,62.94,,,3.115,0.66,0.544,-0.548,64,4,11891
2026-01-29 13:04:24,48.9,62.93,,,3.115,0.66,0.54,-0.548,64,4,11892
2026-01-29 13:04:27,48.89,62.93,,,3.115,0.66,0.536,-0.556,64,4,11893
2026-01-29 13:04:29,48.89,62.95,,,3.115,0.668,0.54,-0.56,64,4,11894
2026-01-29 13:04:32,48.89,62.93,,,3.115,0.664,0.548,-0.548,64,4,11895
2026-01-29 13:04:35,48.89,62.92,,,3.115,0.664,0.54,-0.56,64,4,11896
2026-01-29 13:04:38,48.89,62.92,,,3.115,0.664,0.54,-0.56,64,4,11897
2026-01-29 13:04:42,48.89,62.93,,,3.094,0.66,0.544,-0.548,64,4,11899
2026-01-29 13:04:45,48.89,62.93,,,3.094,0.664,0.54,-0.556,64,4,11900
2026-01-29 13:04:48,48.89,62.96,,,3.094,0.524,0.38,-0.772,66,4,11901
2026-01-29 13:04:50,48.89,62.96,,,3.094,-0.368,-0.392,0.92,66,4,11902
2026-01-29 13:04:53,48.89,62.96,,,3.094,-0.472,-0.676,-0.816,66,4,11903
2026-01-29 13:04:55,48.88,62.99,,,3.094,-0.096,-0.36,-0.564,66,4,11904
2026-01-29 13:04:58,48.88,62.95,,,3.094,-0.264,-0.568,-0.332,66,4,11905
2026-01-29 13:05:01,48.89,62.99,,,3.094,0.3,0.096,-0.808,66,4,11906
2026-01-29 13:05:06,48.87,62.93,,,3.094,0.684,0.58,-0.48,66,4,11908
2026-01-29 13:05:08,48.87,62.98,,,3.094,0.68,0.584,-0.484,66,4,11909
2026-01-29 13:05:10,48.88,62.96,,,3.094,0.688,0.58,-0.484,66,4,11910
2026-01-29 13:05:13,48.89,62.98,,,3.094,0.688,0.58,-0.484,66,4,11911
2026-01-29 13:05:16,48.89,63.01,,,3.094,0.688,0.588,-0.484,66,4,11912
2026-01-29 13:05:18,48.89,63.02,,,3.094,0.692,0.576,-0.48,66,4,11913
2026-01-29 13:05:21,48.88,63.02,,,3.094,0.684,0.58,-0.48,66,4,11914
2026-01-29 13:05:23,48.89,63.04,,,3.094,0.684,0.576,-0.488,66,4,11915
2026-01-29 13:05:26,48.89,63.05,,,3.094,0.688,0.584,-0.48,66,4,11916
2026-01-29 13:05:29,48.87,63.04,,,3.094,0.684,0.572,-0.476,66,4,11917
2026-01-29 13:05:31,48.89,63.05,,,3.094,0.692,0.584,-0.48,66,4,11918
2026-01-29 13:05:34,48.89,63.08,,,3.094,0.692,0.58,-0.472,66,4,11919
2026-01-29 13:05:36,48.9,63.1,,,3.094,0.684,0.58,-0.48,66,4,11920
2026-01-29 13:05:39,48.88,63.08,,,3.094,0.688,0.58,-0.484,66,4,11921
2026-01-29 13:05:42,48.88,63.1,,,3.115,0.692,0.58,-0.476,66,4,11922
2026-01-29 13:05:44,48.89,63.1,,,3.115,0.688,0.584,-0.48,66,4,11923
2026-01-29 13:05:47,48.89,63.12,,,3.115,0.684,0.584,-0.48,66,4,11924
2026-01-29 13:05:49,48.89,63.13,,,3.115,0.688,0.584,-0.488,66,4,11925
2026-01-29 13:05:52,48.89,63.11,,,3.115,0.688,0.568,-0.484,66,4,11926
2026-01-29 13:05:55,48.9,63.13,,,3.115,0.68,0.576,-0.48,66,4,11927
2026-01-29 13:05:57,48.9,63.13,,,3.115,0.688,0.58,-0.484,66,4,11928
2026-01-29 13:05:59,48.9,63.17,,,3.115,0.688,0.58,-0.484,66,4,11929
2026-01-29 13:06:02,48.89,63.16,,,3.115,0.684,0.58,-0.484,66,4,11930
2026-01-29 13:06:04,48.92,63.18,,,3.115,0.68,0.584,-0.472,66,4,11931
2026-01-29 13:06:07,48.91,63.18,,,3.115,-0.016,-0.204,-0.144,67,4,11932
2026-01-29 13:06:10,48.92,63.19,,,3.115,-0.016,0.06,0.984,67,4,11933
2026-01-29 13:06:12,48.91,63.2,,,3.115,-0.012,0.068,1,67,4,11934
2026-01-29 13:06:15,48.92,63.2,,,3.115,-0.02,0.056,0.996,67,4,11935
2026-01-29 13:06:17,48.92,63.22,,,3.115,-0.02,0.068,0.992,67,4,11936
2026-01-29 13:06:20,48.93,63.25,,,3.115,-0.016,0.068,0.996,67,4,11937
2026-01-29 13:06:23,48.93,63.25,,,3.115,-0.02,0.064,0.996,67,4,11938
2026-01-29 13:06:25,48.95,63.27,,,3.115,-0.016,0.064,0.992,67,4,11939
2026-01-29 13:06:28,48.93,63.26,,,3.115,-0.024,0.064,0.996,67,4,11940
2026-01-29 13:06:30,48.95,63.28,,,3.115,-0.016,0.064,1,67,4,11941
2026-01-29 13:06:33,48.95,63.28,,,3.115,-0.016,0.064,1,67,4,11942
2026-01-29 13:06:36,48.96,63.31,,,3.115,-0.028,0.064,1.02,67,4,11943
2026-01-29 13:06:41,48.96,63.32,,,3.118,-0.024,0.068,0.996,67,4,11945
2026-01-29 13:06:43,48.96,63.34,,,3.118,-0.024,0.064,0.992,67,4,11946
2026-01-29 13:06:46,48.98,63.33,,,3.118,-0.016,0.068,0.996,67,4,11947
2026-01-29 13:06:48,48.98,63.36,,,3.118,-0.02,0.06,1,67,4,11948
2026-01-29 13:06:51,48.99,63.35,,,3.118,-0.02,0.06,0.992,67,4,11949
2026-01-29 13:06:53,48.98,63.35,,,3.118,-0.024,0.064,1.004,67,4,11950
2026-01-29 13:06:56,48.99,63.34,,,3.118,-0.02,0.064,0.996,67,4,11951
2026-01-29 13:06:58,48.99,63.36,,,3.118,-0.024,0.068,0.992,67,4,11952
2026-01-29 13:07:01,49.01,63.33,,,3.118,-0.02,0.068,1.004,67,4,11953
2026-01-29 13:07:04,49.02,63.34,,,3.118,-0.02,0.068,0.996,67,4,11954
2026-01-29 13:07:06,49.01,63.36,,,3.118,-0.02,0.064,1.004,67,4,11955
2026-01-29 13:07:09,49.02,63.35,,,3.118,-0.016,0.064,1.004,67,4,11956
2026-01-29 13:07:11,49.03,63.34,,,3.118,-0.02,0.06,0.988,67,4,11957
2026-01-29 13:07:14,49.03,63.36,,,3.118,-0.016,0.068,1,67,4,11958
2026-01-29 13:07:17,49.03,63.34,,,3.118,-0.016,0.068,0.992,67,4,11959
2026-01-29 13:07:19,49.03,63.32,,,3.118,-0.012,0.068,0.992,67,4,11960
2026-01-29 13:07:22,49.03,63.33,,,3.118,-0.092,-0.032,0.984,68,4,11961
2026-01-29 13:07:24,49.03,63.34,,,3.118,-0.044,0.04,0.988,70,4,11962
2026-01-29 13:07:28,49.05,63.32,,,3.118,-0.02,0.06,0.996,70,4,11963
2026-01-29 13:07:32,49.06,63.31,,,3.118,-0.024,0.06,1,70,4,11965
2026-01-29 13:07:35,49.07,63.31,,,3.118,-0.024,0.068,0.992,70,4,11966
2026-01-29 13:07:37,49.06,63.3,,,3.118,-0.024,0.056,0.996,70,4,11967
2026-01-29 13:07:40,49.09,63.29,,,3.118,-0.02,0.056,0.992,70,4,11968
2026-01-29 13:07:42,49.09,63.28,,,3.118,-0.02,0.072,1.004,70,4,11969
2026-01-29 13:07:45,49.08,63.28,,,3.118,-0.024,0.06,0.992,70,4,11970
2026-01-29 13:07:47,49.08,63.27,,,3.118,-0.016,0.056,1.008,70,4,11971
2026-01-29 13:07:50,49.09,63.27,,,3.118,-0.024,0.056,0.996,70,4,11972
2026-01-29 13:07:53,49.07,63.26,,,3.118,-0.028,0.056,0.996,70,4,11973
2026-01-29 13:07:58,49.1,63.26,,,3.118,-0.024,0.064,1,70,4,11975
2026-01-29 13:08:00,49.1,63.25,,,3.118,-0.024,0.06,0.992,70,4,11976
2026-01-29 13:08:03,49.09,63.25,,,3.118,-0.024,0.06,0.988,70,4,11977
2026-01-29 13:08:05,49.11,63.22,,,3.118,-0.024,0.056,0.992,70,4,11978
2026-01-29 13:08:08,49.12,63.24,,,3.118,-0.02,0.064,0.988,70,4,11979
2026-01-29 13:08:11,49.12,63.22,,,3.118,-0.024,0.06,1,70,4,11980
2026-01-29 13:08:13,49.12,63.23,,,3.118,-0.028,0.068,0.996,70,4,11981
2026-01-29 13:08:16,49.12,63.2,,,3.118,-0.024,0.06,0.988,70,4,11982
2026-01-29 13:08:19,49.13,63.2,,,3.118,-0.024,0.056,0.996,70,4,11983
2026-01-29 13:08:21,49.13,63.2,,,3.118,-0.024,0.06,1,70,4,11984
2026-01-29 13:08:24,49.14,63.19,,,3.118,-0.024,0.064,0.992,70,4,11985
2026-01-29 13:08:26,49.13,63.18,,,3.118,-0.024,0.064,1.008,70,4,11986
2026-01-29 13:08:28,49.12,63.16,,,3.118,-0.02,0.06,0.992,70,4,11987
2026-01-29 13:08:31,49.13,63.16,,,3.118,-0.024,0.06,0.988,70,4,11988
2026-01-29 13:08:34,49.14,63.15,,,3.118,-0.02,0.06,0.996,70,4,11989
2026-01-29 13:08:37,49.14,63.15,,,3.118,-0.02,0.06,1.004,70,4,11990
2026-01-29 13:08:42,49.15,63.15,,,3.111,-0.028,0.06,0.988,70,4,11992
2026-01-29 13:08:45,49.14,63.15,,,3.111,-0.024,0.06,0.996,70,4,11993
2026-01-29 13:08:49,49.16,63.12,,,3.111,-0.02,0.06,1,70,4,11995
