Datum,Temperatur (°C),Feuchtigkeit (°C),Druck (hPa),RSSI (dBm),Spannung (V),Beschleunigung X (g),Beschleunigung Y (g),Beschleunigung Z (g),Bewegungszähler (Bewegungen),TX-Leistung (dBm),Messsequenznummer
2026-01-26 07:50:33,20.45,32.76,,-76,3.041,-0.924,0.316,-0.08,110,4,34827
2026-01-26 07:50:35,20.42,32.74,,-75,3.041,-0.916,0.328,-0.08,110,4,34828
2026-01-26 07:50:37,20.45,32.77,,-69,3.052,-0.924,0.32,-0.08,110,4,34829
2026-01-26 07:50:46,20.44,32.78,,-68,3.052,-0.916,0.32,-0.072,110,4,34832
2026-01-26 07:50:53,20.45,32.77,,-71,3.052,-0.928,0.324,-0.076,110,4,34835
2026-01-26 07:50:55,20.45,32.76,,-70,3.052,-0.928,0.324,-0.08,110,4,34836
2026-01-26 07:50:58,20.45,32.75,,-62,3.052,-0.924,0.328,-0.08,110,4,34837
2026-01-26 07:51:02,20.45,32.76,,-68,3.052,-0.924,0.316,-0.076,110,4,34838
2026-01-26 07:51:03,20.45,32.79,,-61,3.052,-0.92,0.316,-0.072,110,4,34839
2026-01-26 07:51:07,20.45,32.76,,-73,3.052,-0.916,0.324,-0.068,110,4,34840
2026-01-26 07:51:08,20.44,32.76,,-70,3.052,-0.92,0.328,-0.076,110,4,34841
2026-01-26 07:51:12,20.44,32.72,,-69,3.052,-0.912,0.324,-0.072,110,4,34842
2026-01-26 07:51:17,20.44,32.78,,-65,3.052,-0.924,0.324,-0.076,110,4,34844
2026-01-26 07:51:20,20.45,32.77,,-75,3.052,-0.92,0.32,-0.072,110,4,34845
2026-01-26 07:51:26,20.44,32.75,,-67,3.052,-0.928,0.328,-0.072,110,4,34848
2026-01-26 07:51:30,20.45,32.76,,-69,3.052,-0.92,0.324,-0.076,110,4,34849
2026-01-26 07:51:33,20.44,32.75,,-72,3.052,-0.924,0.32,-0.076,110,4,34850
2026-01-26 07:51:35,20.44,32.76,,-71,3.052,-0.92,0.324,-0.088,110,4,34851
2026-01-26 07:51:36,20.44,32.76,,-67,3.045,-0.916,0.328,-0.072,110,4,34852
2026-01-26 07:51:39,20.45,32.74,,-62,3.045,-0.916,0.324,-0.076,110,4,34853
2026-01-26 07:51:42,20.44,32.75,,-71,3.045,-0.916,0.32,-0.076,110,4,34854
2026-01-26 07:51:45,20.45,32.76,,-65,3.045,-0.92,0.324,-0.072,110,4,34855
2026-01-26 07:51:53,20.44,32.73,,-72,3.045,-0.924,0.316,-0.076,110,4,34858
2026-01-26 07:51:54,20.45,32.73,,-65,3.045,-0.924,0.324,-0.076,110,4,34859
2026-01-26 07:51:57,20.45,32.75,,-73,3.045,-0.92,0.324,-0.072,110,4,34860
2026-01-26 07:52:01,20.43,32.74,,-66,3.045,-0.924,0.32,-0.072,110,4,34861
2026-01-26 07:52:02,20.45,32.73,,-68,3.045,-0.924,0.32,-0.08,110,4,34862
2026-01-26 07:52:05,20.44,32.76,,-70,3.045,-0.924,0.32,-0.076,110,4,34863
2026-01-26 10:02:58,23.73,40.52,,-66,3.062,-0.18,-0.256,-0.924,189,4,37919
2026-01-26 10:03:04,23.74,40.53,,-83,3.062,-0.188,-0.264,-0.924,189,4,37921
2026-01-26 10:03:06,23.74,40.54,,-50,3.062,-0.176,-0.256,-0.936,189,4,37922
2026-01-26 10:03:09,23.74,40.55,,-54,3.062,-0.176,-0.256,-0.936,189,4,37923
2026-01-26 10:03:13,23.74,40.55,,-54,3.062,-0.184,-0.252,-0.932,189,4,37924
2026-01-26 10:03:15,23.76,40.53,,-51,3.062,-0.18,-0.264,-0.924,189,4,37925
2026-01-26 10:03:25,23.79,40.57,,-54,3.062,-0.18,-0.272,-0.92,189,4,37929
2026-01-26 10:03:28,23.78,40.59,,-50,3.062,-0.184,-0.248,-0.936,189,4,37930
2026-01-26 10:03:29,23.78,40.58,,-50,3.062,-0.176,-0.252,-0.936,189,4,37931
2026-01-26 10:03:36,23.79,40.57,,-63,3.062,-0.172,-0.268,-0.912,189,4,37933
2026-01-26 10:03:38,23.79,40.61,,-54,3.062,-0.168,-0.26,-0.928,189,4,37934
2026-01-26 10:03:41,23.81,40.6,,-56,3.062,-0.176,-0.256,-0.924,189,4,37935
2026-01-26 10:03:45,23.81,40.62,,-55,3.062,-0.184,-0.268,-0.92,189,4,37937
2026-01-26 10:03:48,23.83,40.64,,-53,3.062,-0.18,-0.26,-0.932,189,4,37938
2026-01-26 10:03:51,23.82,40.63,,-55,3.062,-0.176,-0.272,-0.916,189,4,37939
2026-01-26 10:03:55,23.83,40.65,,-57,3.062,-0.176,-0.256,-0.92,189,4,37941
2026-01-26 10:04:00,23.83,40.65,,-53,3.062,-0.18,-0.256,-0.916,189,4,37943
2026-01-26 10:04:03,23.84,40.66,,-54,3.062,-0.168,-0.252,-0.944,189,4,37944
2026-01-26 10:04:26,23.89,40.7,,-52,3.062,-0.176,-0.26,-0.92,189,4,37953
2026-01-26 10:04:30,23.86,40.7,,-52,3.069,-0.172,-0.264,-0.92,189,4,37954
2026-01-26 10:04:32,23.87,40.7,,-52,3.069,-0.176,-0.26,-0.932,189,4,37955
2026-01-26 10:04:35,23.89,40.73,,-49,3.069,-0.18,-0.264,-0.932,189,4,37956
2026-01-26 10:04:36,23.89,40.72,,-48,3.069,-0.172,-0.264,-0.924,189,4,37957
2026-01-26 10:04:39,23.89,40.74,,-63,3.069,-0.148,-0.268,-0.928,189,4,37958
2026-01-26 10:04:41,23.89,40.72,,-59,3.069,-0.16,-0.268,-0.924,189,4,37959
2026-01-26 10:04:44,23.89,40.74,,-57,3.069,-0.176,-0.268,-0.916,189,4,37960
2026-01-26 10:04:48,23.92,40.72,,-63,3.069,-0.184,-0.244,-0.928,189,4,37961
2026-01-26 10:04:50,23.9,40.75,,-62,3.069,-0.184,-0.252,-0.936,189,4,37962
2026-01-26 10:04:53,23.92,40.75,,-63,3.069,-0.176,-0.256,-0.92,189,4,37963
2026-01-26 10:04:57,23.92,40.76,,-63,3.069,-0.184,-0.264,-0.928,189,4,37965
2026-01-26 10:04:59,23.92,40.76,,-69,3.069,-0.172,-0.256,-0.932,189,4,37966
2026-01-26 10:05:02,23.94,40.78,,-62,3.069,-0.176,-0.264,-0.92,189,4,37967
2026-01-26 10:05:04,23.94,40.78,,-66,3.069,-0.184,-0.252,-0.924,189,4,37968
2026-01-26 10:05:07,23.92,40.77,,-64,3.069,-0.188,-0.252,-0.928,189,4,37969
2026-01-26 10:05:09,23.94,40.78,,-70,3.069,-0.176,-0.264,-0.916,189,4,37970
2026-01-26 10:05:12,23.96,40.78,,-71,3.069,-0.172,-0.252,-0.92,189,4,37971
2026-01-26 10:05:15,23.95,40.78,,-60,3.069,-0.176,-0.264,-0.924,189,4,37972
2026-01-26 10:05:17,23.95,40.8,,-66,3.069,-0.184,-0.244,-0.932,189,4,37973
2026-01-26 10:05:21,23.95,40.82,,-65,3.069,-0.172,-0.256,-0.92,189,4,37974
2026-01-26 10:05:24,23.96,40.84,,-65,3.069,-0.172,-0.256,-0.916,189,4,37975
2026-01-26 10:05:31,23.97,40.81,,-60,3.055,-0.18,-0.264,-0.916,189,4,37978
2026-01-26 10:05:34,23.97,40.81,,-59,3.055,-0.176,-0.244,-0.924,189,4,37979
2026-01-26 10:05:35,23.97,40.84,,-57,3.055,-0.172,-0.252,-0.912,189,4,37980
2026-01-26 10:05:38,23.97,40.82,,-68,3.055,-0.168,-0.26,-0.92,189,4,37981
2026-01-26 10:05:40,23.99,40.84,,-61,3.055,-0.168,-0.252,-0.924,189,4,37982
2026-01-26 10:05:44,23.97,40.84,,-62,3.055,-0.18,-0.264,-0.924,189,4,37983
2026-01-26 10:05:49,23.99,40.85,,-71,3.055,-0.176,-0.26,-0.92,189,4,37985
2026-01-26 10:05:52,24,40.87,,-66,3.055,-0.176,-0.26,-0.932,189,4,37986
2026-01-26 10:05:54,23.99,40.87,,-63,3.055,-0.172,-0.26,-0.916,189,4,37987
2026-01-26 10:05:57,23.99,40.85,,-67,3.055,-0.176,-0.256,-0.932,189,4,37988
2026-01-26 10:05:58,24,40.89,,-78,3.055,-0.172,-0.256,-0.928,189,4,37989
2026-01-26 10:06:06,24.01,40.9,,-72,3.055,-0.176,-0.252,-0.928,189,4,37992
2026-01-26 10:06:09,24.03,40.89,,-63,3.055,-0.176,-0.252,-0.928,189,4,37993
2026-01-26 10:06:11,24.03,40.88,,-78,3.055,-0.172,-0.26,-0.928,189,4,37994
2026-01-26 10:06:14,24.02,40.9,,-66,3.055,-0.172,-0.264,-0.916,189,4,37995
2026-01-26 10:06:18,24.03,40.9,,-60,3.055,-0.172,-0.26,-0.92,189,4,37996
2026-01-26 10:06:19,24.03,40.91,,-65,3.055,-0.176,-0.256,-0.932,189,4,37997
2026-01-26 10:06:21,24.03,40.9,,-59,3.055,-0.172,-0.26,-0.924,189,4,37998
2026-01-26 10:06:27,24.03,40.92,,-61,3.055,-0.172,-0.264,-0.924,189,4,38000
2026-01-26 10:06:29,24.06,40.95,,-59,3.062,-0.164,-0.264,-0.932,189,4,38001
2026-01-26 10:06:32,24.05,40.91,,-67,3.062,-0.164,-0.256,-0.924,189,4,38002
2026-01-26 10:06:34,24.06,40.91,,-62,3.062,-0.168,-0.26,-0.936,189,4,38003
2026-01-26 10:06:38,24.06,40.92,,-62,3.062,-0.172,-0.256,-0.932,189,4,38004
2026-01-26 10:06:39,24.06,40.96,,-63,3.062,-0.16,-0.248,-0.948,189,4,38005
2026-01-26 10:06:42,24.07,40.95,,-63,3.062,-0.168,-0.252,-0.932,189,4,38006
2026-01-26 10:06:45,24.07,40.96,,-66,3.062,-0.18,-0.252,-0.92,189,4,38007
2026-01-26 10:06:47,24.08,40.94,,-74,3.062,-0.168,-0.256,-0.936,189,4,38008
2026-01-26 10:06:50,24.06,40.97,,-61,3.062,-0.172,-0.26,-0.932,189,4,38009
2026-01-26 10:06:52,24.09,40.94,,-66,3.062,-0.172,-0.256,-0.92,189,4,38010
2026-01-26 10:06:56,24.08,40.96,,-61,3.062,-0.176,-0.26,-0.932,189,4,38011
2026-01-26 10:06:57,24.09,40.95,,-61,3.062,-0.176,-0.256,-0.924,189,4,38012
2026-01-26 10:07:00,24.07,40.95,,-70,3.062,-0.168,-0.26,-0.924,189,4,38013
2026-01-26 10:07:03,24.09,40.99,,-61,3.062,-0.172,-0.26,-0.92,189,4,38014
2026-01-26 10:07:05,24.09,40.99,,-67,3.062,-0.172,-0.252,-0.924,189,4,38015
2026-01-26 10:07:08,24.09,40.98,,-73,3.062,-0.176,-0.256,-0.928,189,4,38016
2026-01-26 10:07:10,24.1,40.99,,-61,3.062,-0.172,-0.256,-0.928,189,4,38017
2026-01-26 10:07:13,24.1,40.99,,-75,3.062,-0.168,-0.256,-0.924,189,4,38018
2026-01-26 10:07:15,24.1,40.99,,-60,3.062,-0.176,-0.256,-0.924,189,4,38019
2026-01-26 10:07:18,24.1,40.99,,-66,3.062,-0.176,-0.256,-0.928,189,4,38020
2026-01-26 10:07:21,24.11,41,,-65,3.062,-0.168,-0.26,-0.928,189,4,38021
2026-01-26 10:07:24,24.13,41,,-73,3.062,-0.172,-0.256,-0.924,189,4,38022
2026-01-26 10:07:26,24.14,41.04,,-73,3.062,-0.168,-0.252,-0.924,189,4,38023
2026-01-26 10:08:21,24.18,41.13,,-59,3.069,-0.172,-0.256,-0.928,189,4,38044
2026-01-26 10:08:22,24.19,41.08,,-63,3.069,-0.172,-0.248,-0.928,189,4,38045
2026-01-26 10:08:25,24.2,41.13,,-65,3.069,-0.172,-0.256,-0.932,189,4,38046
2026-01-26 10:08:29,24.2,41.12,,-57,3.069,-0.168,-0.26,-0.924,189,4,38047
2026-01-26 10:08:30,24.21,41.16,,-57,3.059,-0.168,-0.26,-0.92,189,4,38048
2026-01-26 10:08:34,24.21,41.14,,-57,3.059,-0.168,-0.256,-0.924,189,4,38049
2026-01-26 10:08:36,24.21,41.14,,-63,3.059,-0.168,-0.252,-0.928,189,4,38050
2026-01-26 10:08:38,24.21,41.14,,-59,3.059,-0.164,-0.256,-0.932,189,4,38051
2026-01-26 10:08:40,24.22,41.15,,-60,3.059,-0.164,-0.256,-0.92,189,4,38052
2026-01-26 10:08:45,24.22,41.15,,-62,3.059,-0.172,-0.248,-0.928,189,4,38054
2026-01-26 10:08:48,24.23,41.16,,-63,3.059,-0.168,-0.26,-0.924,189,4,38055
2026-01-26 10:08:54,24.22,41.19,,-61,3.059,-0.168,-0.256,-0.928,189,4,38057
2026-01-26 10:08:59,24.23,41.19,,-60,3.059,-0.168,-0.252,-0.928,189,4,38059
2026-01-26 10:09:02,24.24,41.19,,-61,3.059,-0.164,-0.256,-0.924,189,4,38060
2026-01-26 10:09:03,24.24,41.18,,-59,3.059,-0.168,-0.256,-0.928,189,4,38061
2026-01-26 10:09:06,24.24,41.21,,-57,3.059,-0.168,-0.26,-0.928,189,4,38062
2026-01-26 10:09:08,24.24,41.2,,-57,3.059,-0.172,-0.26,-0.924,189,4,38063
2026-01-26 10:09:12,24.26,41.21,,-63,3.059,-0.168,-0.252,-0.932,189,4,38064
2026-01-26 10:09:14,24.24,41.21,,-61,3.059,-0.172,-0.256,-0.924,189,4,38065
2026-01-26 10:09:16,24.26,41.22,,-61,3.059,-0.168,-0.256,-0.932,189,4,38066
2026-01-26 10:09:21,24.25,41.22,,-58,3.059,-0.168,-0.252,-0.932,189,4,38068
2026-01-26 10:09:25,24.27,41.22,,-59,3.059,-0.168,-0.252,-0.924,189,4,38069
2026-01-26 10:09:30,24.26,41.22,,-57,3.094,-0.172,-0.252,-0.924,189,4,38071
2026-01-26 10:09:33,24.27,41.23,,-59,3.094,-0.172,-0.256,-0.928,189,4,38072
2026-01-26 10:09:37,24.28,41.24,,-59,3.094,-0.164,-0.256,-0.928,189,4,38074
2026-01-26 10:09:39,24.27,41.24,,-58,3.094,-0.164,-0.26,-0.924,189,4,38075
2026-01-26 10:09:43,24.28,41.25,,-58,3.094,-0.164,-0.256,-0.924,189,4,38076
2026-01-26 10:09:46,24.29,41.27,,-58,3.094,-0.168,-0.256,-0.924,189,4,38077
2026-01-26 10:09:51,24.28,41.27,,-59,3.094,-0.168,-0.256,-0.928,189,4,38079
2026-01-26 10:09:52,24.28,41.25,,-58,3.094,-0.164,-0.256,-0.932,189,4,38080
2026-01-26 10:09:55,24.29,41.29,,-58,3.094,-0.168,-0.256,-0.932,189,4,38081
2026-01-26 10:09:57,24.29,41.27,,-57,3.094,-0.172,-0.26,-0.928,189,4,38082
2026-01-26 10:10:01,24.3,41.29,,-59,3.094,-0.172,-0.256,-0.936,189,4,38083
2026-01-26 10:10:02,24.32,41.29,,-58,3.094,-0.164,-0.256,-0.928,189,4,38084
2026-01-26 10:10:05,24.3,41.3,,-58,3.094,-0.164,-0.248,-0.932,189,4,38085
2026-01-26 10:10:08,24.31,41.26,,-58,3.094,-0.16,-0.256,-0.924,189,4,38086
2026-01-26 10:10:10,24.31,41.28,,-57,3.094,-0.168,-0.248,-0.932,189,4,38087
2026-01-26 10:10:14,24.32,41.34,,-58,3.094,-0.172,-0.256,-0.936,189,4,38088
2026-01-26 10:10:19,24.32,41.31,,-60,3.094,-0.168,-0.256,-0.92,189,4,38090
2026-01-26 10:10:20,24.33,41.28,,-61,3.094,-0.16,-0.256,-0.924,189,4,38091
2026-01-26 10:10:23,24.34,41.32,,-60,3.094,-0.168,-0.252,-0.924,189,4,38092
2026-01-26 10:10:26,24.33,41.32,,-58,3.094,-0.164,-0.26,-0.932,189,4,38093
2026-01-26 10:10:28,24.34,41.32,,-59,3.083,-0.168,-0.252,-0.928,189,4,38094
2026-01-26 10:10:35,24.34,41.34,,-61,3.083,-0.168,-0.26,-0.928,189,4,38096
2026-01-26 10:10:37,24.34,41.35,,-57,3.083,-0.168,-0.256,-0.924,189,4,38097
2026-01-26 10:10:38,24.34,41.36,,-57,3.083,-0.168,-0.26,-0.92,189,4,38098
2026-01-26 10:10:41,24.35,41.35,,-57,3.083,-0.168,-0.26,-0.924,189,4,38099
2026-01-26 10:10:44,24.36,41.34,,-56,3.083,-0.164,-0.264,-0.924,189,4,38100
2026-01-26 10:10:46,24.35,41.35,,-55,3.083,-0.168,-0.256,-0.928,189,4,38101
2026-01-26 10:10:50,24.36,41.38,,-62,3.083,-0.164,-0.256,-0.936,189,4,38102
2026-01-26 10:10:54,24.35,41.38,,-59,3.083,-0.172,-0.256,-0.928,189,4,38104
2026-01-26 10:10:56,24.36,41.36,,-66,3.083,-0.168,-0.26,-0.928,189,4,38105
2026-01-26 10:10:59,24.37,41.39,,-68,3.083,-0.168,-0.256,-0.92,189,4,38106
2026-01-26 10:11:04,24.38,41.38,,-72,3.083,-0.164,-0.256,-0.928,189,4,38108
2026-01-26 10:11:07,24.38,41.39,,-60,3.083,-0.172,-0.252,-0.928,189,4,38109
2026-01-26 10:11:09,24.39,41.4,,-60,3.083,-0.168,-0.248,-0.924,189,4,38110
2026-01-26 10:11:13,24.38,41.39,,-64,3.083,-0.164,-0.256,-0.924,189,4,38111
2026-01-26 10:11:14,24.38,41.41,,-59,3.083,-0.164,-0.248,-0.936,189,4,38112
2026-01-26 10:11:17,24.39,41.39,,-64,3.083,-0.164,-0.26,-0.932,189,4,38113
2026-01-26 10:11:25,24.39,41.43,,-69,3.083,-0.168,-0.256,-0.928,189,4,38115
2026-01-26 10:11:25,24.4,41.43,,-69,3.083,-0.168,-0.26,-0.92,189,4,38116
2026-01-26 10:11:28,24.39,41.41,,-61,3.083,-0.168,-0.252,-0.928,189,4,38117
2026-01-26 10:11:31,24.39,41.42,,-58,3.083,-0.156,-0.252,-0.924,189,4,38118
2026-01-26 10:11:32,24.39,41.44,,-59,3.083,-0.168,-0.256,-0.928,189,4,38119
2026-01-26 10:11:35,24.4,41.43,,-62,3.083,-0.168,-0.256,-0.928,189,4,38120
2026-01-26 10:11:39,24.4,41.44,,-57,3.083,-0.164,-0.256,-0.928,189,4,38121
2026-01-26 10:11:41,24.39,41.46,,-59,3.083,-0.168,-0.256,-0.924,189,4,38122
2026-01-26 10:11:44,24.41,41.47,,-58,3.083,-0.164,-0.256,-0.932,189,4,38123
2026-01-26 10:11:45,24.42,41.47,,-60,3.083,-0.164,-0.252,-0.928,189,4,38124
2026-01-26 10:11:48,24.42,41.48,,-59,3.083,-0.172,-0.256,-0.932,189,4,38125
2026-01-26 10:11:50,24.42,41.46,,-62,3.083,-0.168,-0.26,-0.932,189,4,38126
2026-01-26 10:11:59,24.42,41.48,,-61,3.083,-0.168,-0.256,-0.928,189,4,38129
2026-01-26 10:12:01,24.44,41.48,,-62,3.083,-0.16,-0.256,-0.928,189,4,38130
2026-01-26 10:12:03,24.44,41.48,,-56,3.083,-0.172,-0.256,-0.924,189,4,38131
2026-01-26 10:12:10,24.43,41.5,,-57,3.083,-0.164,-0.256,-0.916,189,4,38133
2026-01-26 10:12:11,24.44,41.5,,-57,3.083,-0.168,-0.252,-0.936,189,4,38134
2026-01-26 10:12:13,24.45,41.5,,-57,3.083,-0.164,-0.256,-0.928,189,4,38135
2026-01-26 10:12:16,24.45,41.48,,-58,3.083,-0.168,-0.252,-0.932,189,4,38136
2026-01-26 10:12:19,24.45,41.52,,-58,3.083,-0.164,-0.248,-0.932,189,4,38137
2026-01-26 10:12:22,24.44,41.51,,-61,3.083,-0.164,-0.252,-0.932,189,4,38138
2026-01-26 10:12:25,24.45,41.52,,-60,3.083,-0.168,-0.256,-0.932,189,4,38139
2026-01-26 10:12:28,24.46,41.52,,-55,3.083,-0.168,-0.248,-0.932,189,4,38140
2026-01-26 10:12:29,24.44,41.55,,-57,3.09,-0.168,-0.256,-0.924,189,4,38141
2026-01-26 10:12:34,24.45,41.54,,-59,3.09,-0.16,-0.252,-0.928,189,4,38143
2026-01-26 10:12:37,24.46,41.54,,-58,3.09,-0.168,-0.256,-0.928,189,4,38144
2026-01-26 10:12:39,24.47,41.56,,-60,3.09,-0.164,-0.256,-0.928,189,4,38145
2026-01-26 10:12:42,24.46,41.56,,-58,3.09,-0.168,-0.248,-0.924,189,4,38146
2026-01-26 10:12:44,24.47,41.57,,-59,3.09,-0.164,-0.256,-0.928,189,4,38147
2026-01-26 10:12:47,24.47,41.56,,-60,3.09,-0.16,-0.26,-0.932,189,4,38148
2026-01-26 10:12:49,24.47,41.58,,-59,3.09,-0.168,-0.252,-0.928,189,4,38149
2026-01-26 10:12:53,24.48,41.57,,-59,3.09,-0.164,-0.256,-0.928,189,4,38150
2026-01-26 10:12:56,24.47,41.58,,-60,3.09,-0.168,-0.256,-0.928,189,4,38151
2026-01-26 10:13:00,24.49,41.59,,-58,3.09,-0.168,-0.252,-0.928,189,4,38153
2026-01-26 10:13:05,24.49,41.58,,-60,3.09,-0.168,-0.256,-0.936,189,4,38155
2026-01-26 10:13:07,24.49,41.6,,-58,3.09,-0.164,-0.256,-0.932,189,4,38156
2026-01-26 10:13:11,24.49,41.59,,-61,3.09,-0.168,-0.252,-0.928,189,4,38157
2026-01-26 10:13:13,24.5,41.6,,-58,3.09,-0.168,-0.252,-0.928,189,4,38158
2026-01-26 10:13:15,24.51,41.61,,-59,3.09,-0.164,-0.248,-0.928,189,4,38159
2026-01-26 10:13:22,24.52,41.6,,-58,3.09,-0.164,-0.256,-0.932,189,4,38161
2026-01-26 10:13:24,24.5,41.61,,-57,3.09,-0.156,-0.252,-0.94,189,4,38162
2026-01-26 10:13:27,24.49,41.6,,-59,3.09,-0.16,-0.252,-0.928,189,4,38163
2026-01-26 10:13:28,24.5,41.62,,-60,3.09,-0.168,-0.256,-0.928,189,4,38164
2026-01-26 10:13:30,24.51,41.64,,-54,3.059,-0.164,-0.256,-0.932,189,4,38165
2026-01-26 10:13:36,24.51,41.62,,-57,3.059,-0.164,-0.252,-0.924,189,4,38166
2026-01-26 10:13:42,24.53,41.65,,-54,3.059,-0.168,-0.256,-0.924,189,4,38169
2026-01-26 10:13:45,24.53,41.65,,-57,3.059,-0.156,-0.256,-0.932,189,4,38170
2026-01-26 10:13:47,24.54,41.65,,-55,3.059,-0.164,-0.256,-0.932,189,4,38171
2026-01-26 10:13:48,24.53,41.65,,-58,3.059,-0.164,-0.252,-0.936,189,4,38172
2026-01-26 10:13:52,24.53,41.65,,-58,3.059,-0.164,-0.252,-0.928,189,4,38173
2026-01-26 10:13:54,24.53,41.66,,-59,3.059,-0.168,-0.256,-0.928,189,4,38174
2026-01-26 10:13:56,24.55,41.67,,-56,3.059,-0.16,-0.256,-0.924,189,4,38175
2026-01-26 10:13:59,24.53,41.68,,-61,3.059,-0.16,-0.252,-0.932,189,4,38176
2026-01-26 10:14:01,24.54,41.68,,-57,3.059,-0.156,-0.256,-0.928,189,4,38177
2026-01-26 10:14:04,24.54,41.65,,-59,3.059,-0.156,-0.256,-0.932,189,4,38178
2026-01-26 10:14:06,24.55,41.7,,-56,3.059,-0.156,-0.252,-0.928,189,4,38179
2026-01-26 10:14:09,24.53,41.67,,-60,3.059,-0.164,-0.256,-0.928,189,4,38180
2026-01-26 10:14:12,24.55,41.7,,-57,3.059,-0.16,-0.26,-0.932,189,4,38181
2026-01-26 10:14:15,24.57,41.69,,-56,3.059,-0.164,-0.256,-0.928,189,4,38182
2026-01-26 10:14:17,24.55,41.69,,-59,3.059,-0.164,-0.256,-0.932,189,4,38183
2026-01-26 10:14:22,24.56,41.7,,-58,3.059,-0.164,-0.252,-0.936,189,4,38185
2026-01-26 10:14:24,24.55,41.71,,-59,3.059,-0.16,-0.248,-0.932,189,4,38186
2026-01-26 10:14:27,24.56,41.7,,-57,3.059,-0.168,-0.248,-0.928,189,4,38187
2026-01-26 10:14:30,24.56,41.72,,-61,3.059,-0.168,-0.248,-0.928,189,4,38188
2026-01-26 10:14:35,24.57,41.74,,-61,3.059,-0.168,-0.256,-0.932,189,4,38190
2026-01-26 10:14:37,24.57,41.75,,-58,3.059,-0.16,-0.248,-0.928,189,4,38191
2026-01-26 10:14:41,24.57,41.74,,-63,3.059,-0.164,-0.252,-0.928,189,4,38192
2026-01-26 10:14:44,24.57,41.72,,-58,3.059,-0.16,-0.256,-0.932,189,4,38193
2026-01-26 10:14:45,24.59,41.73,,-59,3.059,-0.16,-0.256,-0.936,189,4,38194
2026-01-26 10:14:48,24.57,41.73,,-58,3.059,-0.152,-0.256,-0.928,189,4,38195
2026-01-26 10:14:55,24.58,41.76,,-64,3.059,-0.156,-0.252,-0.932,189,4,38198
2026-01-26 10:14:58,24.58,41.76,,-57,3.059,-0.164,-0.252,-0.932,189,4,38199
2026-01-26 10:15:00,24.59,41.74,,-61,3.059,-0.164,-0.24,-0.932,189,4,38200
2026-01-26 10:15:03,24.59,41.76,,-63,3.059,-0.168,-0.256,-0.932,189,4,38201
2026-01-26 10:15:06,24.6,41.73,,-54,3.059,-0.16,-0.252,-0.932,189,4,38202
2026-01-26 10:15:09,24.6,41.76,,-60,3.059,-0.16,-0.252,-0.928,189,4,38203
2026-01-26 10:15:11,24.59,41.78,,-56,3.059,-0.164,-0.248,-0.932,189,4,38204
2026-01-26 10:15:13,24.6,41.77,,-56,3.059,-0.164,-0.252,-0.924,189,4,38205
2026-01-26 10:15:16,24.63,41.78,,-58,3.059,-0.164,-0.256,-0.932,189,4,38206
2026-01-26 10:15:20,24.6,41.76,,-58,3.059,-0.164,-0.248,-0.932,189,4,38207
2026-01-26 10:15:21,24.61,41.78,,-57,3.059,-0.168,-0.248,-0.936,189,4,38208
2026-01-26 10:15:24,24.62,41.79,,-58,3.059,-0.156,-0.256,-0.94,189,4,38209
2026-01-26 10:15:26,24.63,41.78,,-56,3.059,-0.16,-0.256,-0.932,189,4,38210
2026-01-26 10:15:30,24.62,41.81,,-57,3.059,-0.156,-0.248,-0.936,189,4,38211
2026-01-26 10:15:33,24.61,41.8,,-58,3.066,-0.16,-0.248,-0.932,189,4,38212
2026-01-26 10:15:34,24.63,41.8,,-58,3.066,-0.156,-0.248,-0.936,189,4,38213
2026-01-26 10:15:36,24.61,41.81,,-56,3.066,-0.156,-0.252,-0.932,189,4,38214
2026-01-26 10:15:39,24.64,41.8,,-57,3.066,-0.156,-0.252,-0.928,189,4,38215
2026-01-26 10:15:43,24.63,41.83,,-58,3.066,-0.164,-0.256,-0.932,189,4,38216
2026-01-26 10:15:45,24.63,41.84,,-57,3.066,-0.16,-0.248,-0.932,189,4,38217
2026-01-26 10:15:49,24.65,41.84,,-58,3.066,-0.156,-0.248,-0.932,189,4,38219
2026-01-26 10:15:52,24.65,41.85,,-58,3.066,-0.152,-0.252,-0.936,189,4,38220
2026-01-26 10:15:54,24.64,41.84,,-57,3.066,-0.16,-0.248,-0.932,189,4,38221
2026-01-26 10:16:01,24.64,41.86,,-57,3.066,-0.168,-0.252,-0.928,189,4,38223
2026-01-26 10:16:02,24.65,41.84,,-58,3.066,-0.164,-0.248,-0.928,189,4,38224
2026-01-26 10:16:05,24.65,41.84,,-57,3.066,-0.16,-0.252,-0.936,189,4,38225
2026-01-26 10:16:07,24.66,41.85,,-57,3.066,-0.156,-0.252,-0.936,189,4,38226
2026-01-26 10:16:10,24.66,41.85,,-57,3.066,-0.164,-0.248,-0.932,189,4,38227
2026-01-26 10:16:12,24.66,41.87,,-59,3.066,-0.16,-0.252,-0.936,189,4,38228
2026-01-26 10:16:15,24.66,41.87,,-59,3.066,-0.164,-0.252,-0.928,189,4,38229
2026-01-26 10:17:24,24.72,41.96,,-57,3.094,-0.156,-0.248,-0.94,189,4,38255
2026-01-26 10:17:24,24.71,41.96,,-56,3.094,-0.156,-0.24,-0.94,189,4,38256
2026-01-26 10:17:27,24.72,41.95,,-57,3.094,-0.16,-0.252,-0.928,189,4,38257
2026-01-26 10:17:33,24.73,41.98,,-57,3.076,-0.156,-0.244,-0.932,189,4,38259
2026-01-26 10:17:35,24.71,41.96,,-56,3.076,-0.156,-0.244,-0.932,189,4,38260
2026-01-26 10:17:38,24.73,42,,-57,3.076,-0.156,-0.252,-0.928,189,4,38261
2026-01-26 10:17:40,24.74,41.99,,-62,3.076,-0.152,-0.252,-0.932,189,4,38262
2026-01-26 10:17:42,24.74,42,,-59,3.076,-0.16,-0.252,-0.928,189,4,38263
2026-01-26 10:17:45,24.71,42.01,,-62,3.076,-0.148,-0.248,-0.924,189,4,38264
2026-01-26 10:17:47,24.71,42.01,,-55,3.076,-0.156,-0.256,-0.94,189,4,38265
2026-01-26 10:17:50,24.73,42.01,,-57,3.076,-0.156,-0.244,-0.936,189,4,38266
2026-01-26 10:17:53,24.73,42.01,,,3.076,-0.16,-0.244,-0.928,189,4,38267
2026-01-26 10:17:55,24.75,42,,,3.076,-0.156,-0.248,-0.94,189,4,38268
2026-01-26 10:17:58,24.71,42.03,,,3.076,-0.156,-0.248,-0.928,189,4,38269
2026-01-26 10:18:01,24.75,42.01,,,3.076,-0.152,-0.24,-0.932,189,4,38270
2026-01-26 10:18:03,24.74,42.03,,,3.076,-0.152,-0.248,-0.932,189,4,38271
2026-01-26 10:18:06,24.74,42.01,,,3.076,-0.156,-0.248,-0.932,189,4,38272
2026-01-26 10:18:08,24.74,42.01,,,3.076,-0.156,-0.248,-0.944,189,4,38273
2026-01-26 10:18:11,24.75,42.05,,,3.076,-0.16,-0.24,-0.932,189,4,38274
2026-01-26 10:18:14,24.75,42.04,,,3.076,-0.152,-0.244,-0.936,189,4,38275
2026-01-26 10:18:16,24.75,42.02,,,3.076,-0.152,-0.244,-0.936,189,4,38276
2026-01-26 10:18:19,24.75,42.06,,,3.076,-0.152,-0.244,-0.94,189,4,38277
2026-01-26 10:18:21,24.76,42.06,,,3.076,-0.152,-0.236,-0.928,189,4,38278
2026-01-26 10:18:23,24.76,42.05,,,3.076,-0.156,-0.24,-0.94,189,4,38279
2026-01-26 10:18:26,24.76,42.06,,,3.076,-0.156,-0.24,-0.924,189,4,38280
2026-01-26 10:18:29,24.76,42.07,,,3.076,-0.152,-0.244,-0.936,189,4,38281
2026-01-26 10:18:31,24.76,42.07,,,3.101,-0.152,-0.244,-0.936,189,4,38282
2026-01-26 10:18:34,24.77,42.05,,,3.101,-0.156,-0.252,-0.936,189,4,38283
2026-01-26 10:18:36,24.77,42.07,,,3.101,-0.148,-0.244,-0.936,189,4,38284
2026-01-26 10:18:39,24.77,42.06,,,3.101,-0.152,-0.252,-0.932,189,4,38285
2026-01-26 10:19:30,24.81,42.14,,,3.101,-0.156,-0.248,-0.928,189,4,38305
2026-01-26 10:19:33,24.81,42.17,,,3.062,-0.152,-0.252,-0.936,189,4,38306
2026-01-26 10:19:36,24.81,42.16,,,3.062,-0.152,-0.244,-0.94,189,4,38307
2026-01-26 10:19:38,24.82,42.18,,,3.062,-0.152,-0.252,-0.928,189,4,38308
2026-01-26 10:19:41,24.82,42.15,,,3.062,-0.152,-0.256,-0.936,189,4,38309
2026-01-26 10:19:43,24.82,42.19,,,3.062,-0.156,-0.244,-0.944,189,4,38310
2026-01-26 10:19:46,24.82,42.19,,,3.062,-0.148,-0.244,-0.928,189,4,38311
2026-01-26 10:19:49,24.84,42.17,,,3.062,-0.156,-0.244,-0.936,189,4,38312
2026-01-26 10:19:51,24.84,42.2,,,3.062,-0.148,-0.244,-0.928,189,4,38313
2026-01-26 10:19:54,24.83,42.18,,,3.062,-0.152,-0.244,-0.936,189,4,38314
2026-01-26 10:19:56,24.82,42.18,,,3.062,-0.152,-0.248,-0.944,189,4,38315
2026-01-26 10:19:59,24.83,42.2,,,3.062,-0.152,-0.248,-0.928,189,4,38316
2026-01-26 10:20:01,24.82,42.22,,,3.062,-0.152,-0.244,-0.936,189,4,38317
2026-01-26 10:20:04,24.83,42.19,,,3.062,-0.148,-0.236,-0.932,189,4,38318
2026-01-26 10:20:06,24.84,42.21,,,3.062,-0.152,-0.244,-0.928,189,4,38319
2026-01-26 10:20:09,24.83,42.21,,,3.062,-0.148,-0.248,-0.936,189,4,38320
2026-01-26 10:20:12,24.85,42.19,,,3.062,-0.144,-0.244,-0.94,189,4,38321
2026-01-26 10:20:14,24.85,42.22,,,3.062,-0.148,-0.244,-0.94,189,4,38322
2026-01-26 10:20:17,24.85,42.23,,,3.062,-0.148,-0.244,-0.936,189,4,38323
2026-01-26 10:20:19,24.85,42.23,,,3.062,-0.156,-0.248,-0.94,189,4,38324
2026-01-26 10:20:22,24.86,42.23,,,3.062,-0.148,-0.248,-0.94,189,4,38325
2026-01-26 10:20:24,24.85,42.25,,,3.062,-0.152,-0.244,-0.936,189,4,38326
2026-01-26 10:20:27,24.85,42.24,,,3.062,-0.152,-0.248,-0.932,189,4,38327
2026-01-26 10:20:30,24.85,42.25,,,3.062,-0.156,-0.252,-0.936,189,4,38328
2026-01-26 10:20:32,24.85,42.25,,,3.062,-0.152,-0.244,-0.94,189,4,38329
2026-01-26 10:20:35,24.86,42.25,,,3.062,-0.152,-0.24,-0.936,189,4,38330
2026-01-26 10:20:37,24.87,42.27,,,3.062,-0.152,-0.244,-0.932,189,4,38331
2026-01-26 10:20:40,24.86,42.28,,,3.062,-0.156,-0.244,-0.944,189,4,38332
2026-01-26 10:20:43,24.88,42.26,,,3.062,-0.156,-0.244,-0.932,189,4,38333
2026-01-26 10:20:45,24.86,42.27,,,3.062,-0.148,-0.244,-0.936,189,4,38334
2026-01-26 10:20:48,24.86,42.25,,,3.062,-0.144,-0.252,-0.944,189,4,38335
2026-01-26 10:20:50,24.86,42.3,,,3.062,-0.148,-0.244,-0.94,189,4,38336
2026-01-26 10:20:53,24.87,42.28,,,3.062,-0.148,-0.244,-0.94,189,4,38337
2026-01-26 10:20:55,24.89,42.29,,,3.062,-0.148,-0.24,-0.936,189,4,38338
2026-01-26 10:20:58,24.86,42.29,,,3.062,-0.152,-0.24,-0.932,189,4,38339
2026-01-26 10:21:00,24.87,42.28,,,3.062,-0.144,-0.24,-0.932,189,4,38340
2026-01-26 10:21:03,24.88,42.29,,,3.062,-0.156,-0.244,-0.94,189,4,38341
2026-01-26 10:21:06,24.87,42.31,,,3.062,-0.152,-0.24,-0.928,189,4,38342
2026-01-26 10:21:08,24.89,42.31,,,3.062,-0.156,-0.244,-0.94,189,4,38343
2026-01-26 10:21:11,24.88,42.3,,,3.062,-0.148,-0.244,-0.936,189,4,38344
2026-01-26 10:21:13,24.89,42.3,,,3.062,-0.148,-0.24,-0.936,189,4,38345
2026-01-26 10:21:52,24.92,42.37,,,3.069,-0.152,-0.24,-0.94,189,4,38360
2026-01-26 10:21:54,24.91,42.36,,,3.069,-0.148,-0.244,-0.936,189,4,38361
2026-01-26 10:21:57,24.92,42.37,,,3.069,-0.144,-0.24,-0.936,189,4,38362
2026-01-26 10:22:00,24.9,42.38,,,3.069,-0.148,-0.244,-0.936,189,4,38363
2026-01-26 10:22:02,24.92,42.38,,,3.069,-0.152,-0.244,-0.936,189,4,38364
2026-01-26 10:22:05,24.92,42.37,,,3.069,-0.152,-0.244,-0.94,189,4,38365
2026-01-26 10:22:07,24.92,42.39,,,3.069,-0.152,-0.24,-0.936,189,4,38366
2026-01-26 10:22:10,24.91,42.39,,,3.069,-0.148,-0.244,-0.94,189,4,38367
2026-01-26 10:22:13,24.93,42.41,,,3.069,-0.144,-0.24,-0.932,189,4,38368
2026-01-26 10:22:15,24.92,42.41,,,3.069,-0.152,-0.244,-0.936,189,4,38369
2026-01-26 10:22:18,24.92,42.42,,,3.069,-0.148,-0.248,-0.932,189,4,38370
2026-01-26 10:22:20,24.93,42.41,,,3.069,-0.148,-0.236,-0.936,189,4,38371
2026-01-26 10:22:23,24.93,42.41,,,3.069,-0.148,-0.24,-0.94,189,4,38372
2026-01-26 10:22:25,24.95,42.42,,,3.069,-0.148,-0.24,-0.94,189,4,38373
2026-01-26 10:25:20,25.31,43.29,,,3.069,-0.744,-0.676,-0.136,196,4,38441
2026-01-26 10:25:23,25.3,43.31,,,3.069,-0.748,-0.68,-0.144,196,4,38442
2026-01-26 10:25:25,25.31,43.29,,,3.069,-0.748,-0.672,-0.148,196,4,38443
2026-01-26 10:25:28,25.32,43.33,,,3.069,-0.744,-0.68,-0.144,196,4,38444
2026-01-26 10:25:30,25.33,43.34,,,3.069,-0.74,-0.676,-0.144,196,4,38445
2026-01-26 10:25:33,25.32,43.35,,,3.069,-0.752,-0.672,-0.184,196,4,38446
2026-01-26 10:25:36,25.35,43.33,,,3.062,-0.724,-0.668,-0.232,196,4,38447
2026-01-26 10:25:38,25.35,43.34,,,3.062,-0.724,-0.664,-0.244,196,4,38448
2026-01-26 10:30:39,26.22,43.98,,,3.069,-0.72,-0.66,-0.268,196,4,38565
2026-01-26 10:32:19,26.47,44.28,,,3.087,-0.404,-0.44,-0.788,199,4,38604
2026-01-26 10:32:21,26.47,44.28,,,3.087,-0.408,-0.44,-0.788,199,4,38605
2026-01-26 10:32:24,26.49,44.3,,,3.087,-0.404,-0.448,-0.784,199,4,38606
2026-01-26 10:32:26,26.5,44.3,,,3.087,-0.404,-0.444,-0.784,199,4,38607
2026-01-26 10:32:29,26.48,44.31,,,3.087,-0.408,-0.44,-0.796,199,4,38608
2026-01-26 10:32:32,26.5,44.32,,,3.087,-0.404,-0.436,-0.788,199,4,38609
2026-01-26 10:32:34,26.51,44.32,,,3.087,-0.404,-0.448,-0.78,199,4,38610
2026-01-26 10:32:37,26.51,44.34,,,3.087,-0.404,-0.444,-0.784,199,4,38611
2026-01-26 10:32:39,26.52,44.36,,,3.066,-0.408,-0.44,-0.784,199,4,38612
2026-01-26 10:32:42,26.53,44.36,,,3.066,-0.404,-0.444,-0.784,199,4,38613
2026-01-26 10:37:43,27.28,44.9,,,3.094,-0.388,-0.444,-0.788,200,4,38730
2026-01-26 10:42:43,27.82,45.21,,,3.076,-0.404,-0.44,-0.776,200,4,38847
2026-01-26 10:44:44,28,45.35,,,3.076,-0.408,-0.444,-0.788,204,4,38894
2026-01-26 10:44:47,28.02,45.33,,,3.076,-0.404,-0.444,-0.788,204,4,38895
2026-01-26 10:44:50,28.01,45.35,,,3.076,-0.4,-0.444,-0.776,204,4,38896
2026-01-26 10:44:52,28.02,45.35,,,3.076,-0.404,-0.448,-0.78,204,4,38897
2026-01-26 10:44:55,28.02,45.35,,,3.076,-0.408,-0.444,-0.792,204,4,38898
2026-01-26 10:44:57,28.03,45.37,,,3.076,-0.412,-0.448,-0.78,204,4,38899
2026-01-26 10:45:00,28.03,45.38,,,3.076,-0.404,-0.452,-0.78,204,4,38900
2026-01-26 10:45:02,28.03,45.36,,,3.076,-0.408,-0.444,-0.788,204,4,38901
2026-01-26 10:45:05,28.03,45.38,,,3.076,-0.392,-0.432,-0.792,204,4,38902
2026-01-26 10:45:07,28.03,45.38,,,3.076,-0.408,-0.448,-0.776,204,4,38903
2026-01-26 10:45:10,28.03,45.36,,,3.076,-0.404,-0.44,-0.784,204,4,38904
2026-01-26 10:45:12,28.03,45.37,,,3.076,-0.404,-0.444,-0.78,204,4,38905
2026-01-26 10:45:15,28.05,45.39,,,3.076,-0.408,-0.436,-0.78,204,4,38906
2026-01-26 10:45:18,28.06,45.38,,,3.076,-0.404,-0.44,-0.784,204,4,38907
2026-01-26 10:45:20,28.06,45.38,,,3.076,-0.4,-0.444,-0.78,204,4,38908
2026-01-26 10:45:23,28.05,45.37,,,3.076,-0.408,-0.448,-0.788,204,4,38909
2026-01-26 10:45:25,28.06,45.39,,,3.076,-0.4,-0.448,-0.78,204,4,38910
2026-01-26 10:45:28,28.06,45.41,,,3.076,-0.404,-0.448,-0.796,204,4,38911
2026-01-26 10:45:31,28.07,45.39,,,3.076,-0.404,-0.452,-0.784,204,4,38912
2026-01-26 10:45:33,28.07,45.4,,,3.076,-0.408,-0.448,-0.78,204,4,38913
2026-01-26 10:45:36,28.07,45.4,,,3.076,-0.404,-0.436,-0.784,204,4,38914
2026-01-26 10:45:39,28.07,45.42,,,3.076,-0.412,-0.448,-0.78,204,4,38915
2026-01-26 10:45:41,28.07,45.39,,,3.076,-0.4,-0.44,-0.784,204,4,38916
2026-01-26 10:45:44,28.09,45.41,,,3.09,-0.408,-0.444,-0.78,204,4,38917
2026-01-26 10:45:46,28.09,45.41,,,3.09,-0.404,-0.448,-0.776,204,4,38918
2026-01-26 10:45:48,28.09,45.43,,,3.09,-0.404,-0.44,-0.788,204,4,38919
2026-01-26 10:45:51,28.08,45.42,,,3.09,-0.404,-0.444,-0.784,204,4,38920
2026-01-26 10:45:54,28.1,45.41,,,3.09,-0.408,-0.44,-0.78,204,4,38921
2026-01-26 10:45:56,28.11,45.44,,,3.09,-0.4,-0.444,-0.776,204,4,38922
2026-01-26 10:45:59,28.1,45.42,,,3.09,-0.408,-0.44,-0.784,204,4,38923
2026-01-26 10:46:01,28.1,45.43,,,3.09,-0.404,-0.444,-0.78,204,4,38924
2026-01-26 10:46:04,28.1,45.43,,,3.09,-0.404,-0.444,-0.776,204,4,38925
2026-01-26 10:46:07,28.11,45.41,,,3.09,-0.404,-0.448,-0.792,204,4,38926
2026-01-26 10:46:09,28.11,45.45,,,3.09,-0.408,-0.444,-0.784,204,4,38927
2026-01-26 10:46:12,28.12,45.46,,,3.09,-0.404,-0.444,-0.78,204,4,38928
2026-01-26 10:46:14,28.12,45.45,,,3.09,-0.404,-0.444,-0.78,204,4,38929
2026-01-26 10:46:17,28.11,45.46,,,3.09,-0.4,-0.444,-0.784,204,4,38930
2026-01-26 10:46:19,28.11,45.45,,,3.09,-0.408,-0.444,-0.784,204,4,38931
2026-01-26 10:46:22,28.14,45.44,,,3.09,-0.404,-0.448,-0.784,204,4,38932
2026-01-26 10:46:25,28.14,45.44,,,3.09,-0.408,-0.44,-0.78,204,4,38933
2026-01-26 10:46:27,28.14,45.48,,,3.09,-0.4,-0.44,-0.784,204,4,38934
2026-01-26 10:46:30,28.14,45.48,,,3.09,-0.408,-0.44,-0.792,204,4,38935
2026-01-26 10:46:32,28.15,45.46,,,3.09,-0.404,-0.444,-0.784,204,4,38936
2026-01-26 10:46:35,28.15,45.46,,,3.09,-0.408,-0.44,-0.784,204,4,38937
2026-01-26 10:46:37,28.16,45.46,,,3.09,-0.4,-0.44,-0.776,204,4,38938
2026-01-26 10:46:40,28.14,45.48,,,3.09,-0.404,-0.448,-0.788,204,4,38939
2026-01-26 10:46:42,28.16,45.44,,,3.09,-0.4,-0.444,-0.776,204,4,38940
2026-01-26 10:46:45,28.16,45.46,,,3.073,-0.408,-0.444,-0.792,204,4,38941
2026-01-26 10:46:48,28.16,45.49,,,3.073,-0.404,-0.44,-0.784,204,4,38942
2026-01-26 10:46:50,28.16,45.49,,,3.073,-0.408,-0.44,-0.78,204,4,38943
2026-01-26 10:46:53,28.15,45.5,,,3.073,-0.408,-0.448,-0.784,204,4,38944
2026-01-26 10:46:55,28.17,45.5,,,3.073,-0.4,-0.444,-0.78,204,4,38945
2026-01-26 10:46:58,28.17,45.49,,,3.073,-0.4,-0.44,-0.784,204,4,38946
2026-01-26 10:47:01,28.19,45.47,,,3.073,-0.4,-0.448,-0.784,204,4,38947
2026-01-26 10:47:03,28.18,45.48,,,3.073,-0.416,-0.444,-0.784,204,4,38948
2026-01-26 10:47:06,28.19,45.49,,,3.073,-0.404,-0.436,-0.78,204,4,38949
2026-01-26 10:47:08,28.18,45.52,,,3.073,-0.408,-0.444,-0.784,204,4,38950
2026-01-26 10:47:11,28.2,45.5,,,3.073,-0.404,-0.444,-0.788,204,4,38951
2026-01-26 10:47:14,28.19,45.51,,,3.073,-0.396,-0.444,-0.776,204,4,38952
2026-01-26 10:47:16,28.2,45.53,,,3.073,-0.408,-0.444,-0.78,204,4,38953
2026-01-26 10:47:19,28.21,45.51,,,3.073,-0.4,-0.444,-0.784,204,4,38954
2026-01-26 10:47:21,28.2,45.51,,,3.073,-0.404,-0.448,-0.784,204,4,38955
2026-01-26 10:47:24,28.18,45.54,,,3.073,-0.408,-0.444,-0.78,204,4,38956
2026-01-26 10:47:26,28.2,45.53,,,3.073,-0.408,-0.444,-0.788,204,4,38957
2026-01-26 10:47:29,28.21,45.51,,,3.073,-0.408,-0.444,-0.784,204,4,38958
2026-01-26 10:47:31,28.21,45.54,,,3.073,-0.404,-0.44,-0.776,204,4,38959
2026-01-26 10:47:34,28.2,45.54,,,3.073,-0.4,-0.444,-0.788,204,4,38960
2026-01-26 10:47:36,28.22,45.51,,,3.073,-0.404,-0.44,-0.788,204,4,38961
2026-01-26 10:47:39,28.21,45.53,,,3.073,-0.4,-0.444,-0.776,204,4,38962
2026-01-26 10:47:42,28.22,45.54,,,3.073,-0.404,-0.448,-0.784,204,4,38963
2026-01-26 10:47:44,28.2,45.56,,,3.09,-0.404,-0.448,-0.776,204,4,38964
2026-01-26 10:47:47,28.22,45.52,,,3.09,-0.404,-0.436,-0.788,204,4,38965
2026-01-26 10:47:49,28.23,45.54,,,3.09,-0.4,-0.448,-0.78,204,4,38966
2026-01-26 10:47:52,28.23,45.55,,,3.09,-0.4,-0.444,-0.784,204,4,38967
2026-01-26 10:47:55,28.24,45.55,,,3.09,-0.408,-0.444,-0.788,204,4,38968
2026-01-26 10:47:57,28.24,45.55,,,3.09,-0.408,-0.444,-0.78,204,4,38969
2026-01-26 10:48:00,28.25,45.57,,,3.09,-0.404,-0.44,-0.784,204,4,38970
2026-01-26 10:48:02,28.24,45.53,,,3.09,-0.404,-0.448,-0.78,204,4,38971
2026-01-26 10:48:05,28.25,45.55,,,3.09,-0.408,-0.444,-0.784,204,4,38972
2026-01-26 10:48:08,28.24,45.59,,,3.09,-0.4,-0.444,-0.78,204,4,38973
2026-01-26 10:48:10,28.27,45.57,,,3.09,-0.404,-0.452,-0.78,204,4,38974
2026-01-26 10:48:13,28.26,45.59,,,3.09,-0.404,-0.44,-0.776,204,4,38975
2026-01-26 10:48:15,28.26,45.59,,,3.09,-0.404,-0.444,-0.776,204,4,38976
2026-01-26 10:48:17,28.25,45.59,,,3.09,-0.408,-0.444,-0.784,204,4,38977
2026-01-26 10:48:20,28.28,45.59,,,3.09,-0.408,-0.444,-0.788,204,4,38978
2026-01-26 10:48:23,28.27,45.59,,,3.09,-0.4,-0.448,-0.784,204,4,38979
2026-01-26 10:48:26,28.26,45.59,,,3.09,-0.4,-0.44,-0.784,204,4,38980
2026-01-26 10:48:30,28.28,45.59,,,3.09,-0.408,-0.452,-0.784,204,4,38982
2026-01-26 10:48:33,28.27,45.6,,,3.09,-0.404,-0.444,-0.784,204,4,38983
2026-01-26 10:48:36,28.28,45.59,,,3.09,-0.404,-0.448,-0.784,204,4,38984
2026-01-26 10:48:38,28.28,45.61,,,3.09,-0.4,-0.444,-0.788,204,4,38985
2026-01-26 10:48:41,28.29,45.62,,,3.09,-0.4,-0.44,-0.78,204,4,38986
2026-01-26 10:48:43,28.28,45.61,,,3.101,-0.404,-0.452,-0.78,204,4,38987
2026-01-26 10:48:46,28.28,45.6,,,3.101,-0.404,-0.444,-0.784,204,4,38988
2026-01-26 10:48:49,28.29,45.62,,,3.101,-0.404,-0.448,-0.784,204,4,38989
2026-01-26 10:48:51,28.28,45.61,,,3.101,-0.412,-0.448,-0.78,204,4,38990
2026-01-26 10:48:54,28.3,45.65,,,3.101,-0.4,-0.436,-0.788,204,4,38991
2026-01-26 10:48:56,28.29,45.63,,,3.101,-0.4,-0.44,-0.78,204,4,38992
2026-01-26 10:48:59,28.29,45.65,,,3.101,-0.408,-0.444,-0.784,204,4,38993
2026-01-26 10:49:02,28.31,45.62,,,3.101,-0.4,-0.444,-0.78,204,4,38994
2026-01-26 10:49:04,28.3,45.63,,,3.101,-0.404,-0.444,-0.784,204,4,38995
2026-01-26 10:49:06,28.31,45.63,,,3.101,-0.4,-0.448,-0.776,204,4,38996
2026-01-26 10:49:09,28.3,45.65,,,3.101,-0.404,-0.444,-0.784,204,4,38997
2026-01-26 10:49:11,28.32,45.63,,,3.101,-0.404,-0.444,-0.78,204,4,38998
2026-01-26 10:49:14,28.32,45.65,,,3.101,-0.4,-0.44,-0.788,204,4,38999
2026-01-26 10:49:17,28.31,45.64,,,3.101,-0.404,-0.444,-0.788,204,4,39000
2026-01-26 10:49:19,28.33,45.64,,,3.101,-0.404,-0.444,-0.78,204,4,39001
2026-01-26 10:49:22,28.31,45.63,,,3.101,-0.408,-0.444,-0.784,204,4,39002
2026-01-26 10:49:24,28.33,45.67,,,3.101,-0.4,-0.448,-0.78,204,4,39003
2026-01-26 10:49:27,28.33,45.68,,,3.101,-0.404,-0.444,-0.784,204,4,39004
2026-01-26 10:49:30,28.33,45.66,,,3.101,-0.404,-0.444,-0.784,204,4,39005
2026-01-26 10:49:32,28.33,45.69,,,3.101,-0.404,-0.44,-0.78,204,4,39006
2026-01-26 10:49:35,28.34,45.65,,,3.101,-0.396,-0.452,-0.784,204,4,39007
2026-01-26 10:49:37,28.33,45.68,,,3.101,-0.396,-0.444,-0.792,204,4,39008
2026-01-26 10:49:40,28.34,45.7,,,3.101,-0.396,-0.452,-0.788,204,4,39009
2026-01-26 10:49:43,28.34,45.67,,,3.101,-0.404,-0.448,-0.784,204,4,39010
2026-01-26 10:54:43,28.6,46.08,,,3.097,-0.408,-0.44,-0.788,204,4,39127
2026-01-26 10:59:44,28.82,46.49,,,3.08,-0.416,-0.428,-0.8,204,4,39244
2026-01-26 11:01:22,28.89,46.67,,,3.076,-0.396,-0.444,-0.776,204,4,39282
2026-01-26 11:01:24,28.9,46.67,,,3.076,-0.412,-0.44,-0.78,204,4,39283
2026-01-26 11:01:26,28.89,46.67,,,3.076,-0.396,-0.452,-0.768,204,4,39284
2026-01-26 11:01:29,28.89,46.67,,,3.076,-0.412,-0.44,-0.776,204,4,39285
2026-01-26 11:01:32,28.89,46.67,,,3.076,-0.4,-0.456,-0.78,204,4,39286
2026-01-26 11:01:34,28.9,46.68,,,3.076,-0.396,-0.456,-0.78,204,4,39287
2026-01-26 11:01:37,28.89,46.68,,,3.076,-0.404,-0.44,-0.784,204,4,39288
2026-01-26 11:01:39,28.9,46.64,,,3.076,-0.4,-0.448,-0.788,204,4,39289
2026-01-26 11:01:42,28.91,46.67,,,3.076,-0.388,-0.448,-0.788,204,4,39290
2026-01-26 11:01:45,28.92,46.69,,,3.076,-0.404,-0.44,-0.788,204,4,39291
2026-01-26 11:01:47,28.91,46.71,,,3.076,-0.396,-0.452,-0.772,204,4,39292
2026-01-26 11:01:50,28.9,46.71,,,3.076,-0.396,-0.448,-0.78,204,4,39293
2026-01-26 11:01:52,28.93,46.7,,,3.076,-0.408,-0.432,-0.784,204,4,39294
2026-01-26 11:01:55,28.9,46.7,,,3.076,-0.4,-0.456,-0.776,204,4,39295
2026-01-26 11:01:57,28.92,46.72,,,3.076,-0.412,-0.44,-0.788,204,4,39296
2026-01-26 11:02:00,28.93,46.71,,,3.076,-0.396,-0.444,-0.78,204,4,39297
2026-01-26 11:02:03,28.92,46.72,,,3.076,-0.404,-0.436,-0.776,204,4,39298
2026-01-26 11:02:05,28.93,46.7,,,3.076,-0.4,-0.452,-0.78,204,4,39299
2026-01-26 11:02:08,28.93,46.74,,,3.076,-0.408,-0.448,-0.78,204,4,39300
2026-01-26 11:02:10,28.92,46.71,,,3.076,-0.412,-0.44,-0.78,204,4,39301
2026-01-26 11:02:13,28.93,46.74,,,3.076,-0.408,-0.436,-0.78,204,4,39302
2026-01-26 11:02:16,28.93,46.75,,,3.076,-0.404,-0.456,-0.78,204,4,39303
2026-01-26 11:02:18,28.94,46.73,,,3.076,-0.396,-0.448,-0.78,204,4,39304
2026-01-26 11:02:20,28.94,46.74,,,3.076,-0.4,-0.444,-0.784,204,4,39305
2026-01-26 11:02:23,28.94,46.74,,,3.076,-0.412,-0.436,-0.772,204,4,39306
2026-01-26 11:02:26,28.93,46.75,,,3.076,-0.408,-0.44,-0.776,204,4,39307
2026-01-26 11:02:28,28.95,46.75,,,3.076,-0.392,-0.44,-0.784,204,4,39308
2026-01-26 11:02:31,28.95,46.76,,,3.076,-0.408,-0.452,-0.78,204,4,39309
2026-01-26 11:02:33,28.96,46.77,,,3.076,-0.4,-0.448,-0.784,204,4,39310
2026-01-26 11:07:34,29.43,47.81,,,3.076,-0.664,-0.66,-0.356,217,4,39427
2026-01-26 11:12:35,30.28,48.37,,,3.08,-0.68,-0.636,-0.368,217,4,39544
2026-01-26 11:17:35,30.88,48.78,,,3.08,-0.66,-0.648,-0.388,217,4,39661
2026-01-26 11:22:36,31.32,49.19,,,3.08,-0.676,-0.632,-0.396,217,4,39778
2026-01-26 11:27:37,31.61,49.61,,,3.08,0.4,0.32,-0.892,219,4,39895
2026-01-26 11:32:38,32.02,50.27,,,3.083,-0.688,-0.664,-0.256,220,4,40012
2026-01-26 11:35:32,32.21,50.48,,,3.09,-0.708,-0.668,-0.26,220,4,40080
2026-01-26 11:35:35,32.21,50.5,,,3.09,-0.716,-0.668,-0.256,220,4,40081
2026-01-26 11:35:37,32.2,50.48,,,3.09,-0.712,-0.664,-0.26,220,4,40082
2026-01-26 11:35:40,32.21,50.49,,,3.09,-0.704,-0.668,-0.252,220,4,40083
2026-01-26 11:35:43,32.21,50.5,,,3.09,-0.704,-0.676,-0.264,220,4,40084
2026-01-26 11:35:45,32.21,50.51,,,3.09,-0.704,-0.668,-0.26,220,4,40085
2026-01-26 11:35:48,32.22,50.51,,,3.09,-0.712,-0.664,-0.26,220,4,40086
2026-01-26 11:35:50,32.23,50.5,,,3.09,-0.704,-0.664,-0.26,220,4,40087
2026-01-26 11:35:53,32.21,50.51,,,3.09,-0.708,-0.676,-0.256,220,4,40088
2026-01-26 11:35:56,32.22,50.52,,,3.09,-0.712,-0.668,-0.264,220,4,40089
2026-01-26 11:35:58,32.22,50.52,,,3.09,-0.704,-0.676,-0.256,220,4,40090
2026-01-26 11:36:01,32.24,50.52,,,3.09,-0.704,-0.664,-0.256,220,4,40091
2026-01-26 11:36:03,32.24,50.54,,,3.083,-0.716,-0.664,-0.256,220,4,40092
2026-01-26 11:36:06,32.21,50.53,,,3.083,-0.708,-0.672,-0.256,220,4,40093
2026-01-26 11:36:09,32.24,50.54,,,3.083,-0.712,-0.668,-0.256,220,4,40094
2026-01-26 11:36:11,32.23,50.53,,,3.083,-0.712,-0.668,-0.256,220,4,40095
2026-01-26 11:36:14,32.23,50.55,,,3.083,-0.712,-0.664,-0.256,220,4,40096
2026-01-26 11:36:16,32.25,50.54,,,3.083,-0.712,-0.668,-0.256,220,4,40097
2026-01-26 11:36:18,32.24,50.57,,,3.083,-0.704,-0.668,-0.26,220,4,40098
2026-01-26 11:36:21,32.24,50.58,,,3.083,-0.708,-0.672,-0.264,220,4,40099
2026-01-26 11:36:24,32.25,50.56,,,3.083,-0.704,-0.672,-0.26,220,4,40100
2026-01-26 11:36:26,32.25,50.56,,,3.083,-0.704,-0.676,-0.256,220,4,40101
2026-01-26 11:36:29,32.24,50.57,,,3.083,-0.708,-0.668,-0.26,220,4,40102
2026-01-26 11:36:31,32.25,50.56,,,3.083,-0.712,-0.672,-0.264,220,4,40103
2026-01-26 11:36:34,32.26,50.55,,,3.083,-0.716,-0.664,-0.26,220,4,40104
2026-01-26 11:36:37,32.25,50.58,,,3.083,-0.712,-0.664,-0.26,220,4,40105
2026-01-26 11:36:39,32.24,50.56,,,3.083,-0.708,-0.668,-0.252,220,4,40106
2026-01-26 11:36:42,32.26,50.59,,,3.083,-0.708,-0.672,-0.252,220,4,40107
2026-01-26 11:36:44,32.25,50.59,,,3.083,-0.708,-0.668,-0.264,220,4,40108
2026-01-26 11:36:47,32.28,50.59,,,3.083,-0.708,-0.668,-0.256,220,4,40109
2026-01-26 11:36:50,32.27,50.58,,,3.083,-0.708,-0.672,-0.26,220,4,40110
2026-01-26 11:36:52,32.26,50.58,,,3.083,-0.696,-0.668,-0.256,220,4,40111
2026-01-26 11:36:55,32.26,50.59,,,3.083,-0.704,-0.668,-0.26,220,4,40112
2026-01-26 11:36:57,32.26,50.6,,,3.083,-0.712,-0.664,-0.256,220,4,40113
2026-01-26 11:37:00,32.26,50.61,,,3.083,-0.708,-0.668,-0.256,220,4,40114
2026-01-26 11:37:03,32.28,50.62,,,3.097,-0.712,-0.668,-0.26,220,4,40115
2026-01-26 11:37:05,32.29,50.6,,,3.097,-0.704,-0.668,-0.264,220,4,40116
2026-01-26 11:37:07,32.28,50.61,,,3.097,-0.704,-0.672,-0.26,220,4,40117
2026-01-26 11:37:10,32.28,50.62,,,3.097,-0.712,-0.676,-0.256,220,4,40118
2026-01-26 11:37:12,32.29,50.62,,,3.097,-0.704,-0.672,-0.264,220,4,40119
2026-01-26 11:37:15,32.28,50.64,,,3.097,-0.712,-0.672,-0.272,220,4,40120
2026-01-26 11:37:18,32.29,50.63,,,3.097,-0.708,-0.668,-0.256,220,4,40121
2026-01-26 11:37:20,32.29,50.65,,,3.097,-0.708,-0.664,-0.264,220,4,40122
2026-01-26 11:37:23,32.28,50.64,,,3.097,-0.708,-0.668,-0.268,220,4,40123
2026-01-26 11:37:25,32.28,50.64,,,3.097,-0.712,-0.668,-0.26,220,4,40124
2026-01-26 11:37:28,32.3,50.66,,,3.097,-0.712,-0.664,-0.264,220,4,40125
2026-01-26 11:37:31,32.29,50.65,,,3.097,-0.704,-0.668,-0.268,220,4,40126
2026-01-26 11:37:33,32.31,50.64,,,3.097,-0.708,-0.668,-0.264,220,4,40127
2026-01-26 11:37:36,32.3,50.64,,,3.097,-0.708,-0.672,-0.256,220,4,40128
2026-01-26 11:37:38,32.32,50.63,,,3.097,-0.712,-0.668,-0.26,220,4,40129
2026-01-26 11:37:41,32.31,50.66,,,3.097,-0.704,-0.672,-0.256,220,4,40130
2026-01-26 11:37:44,32.32,50.66,,,3.097,-0.712,-0.672,-0.264,220,4,40131
2026-01-26 11:37:46,32.31,50.65,,,3.097,-0.704,-0.668,-0.264,220,4,40132
2026-01-26 11:37:49,32.32,50.66,,,3.097,-0.712,-0.668,-0.256,220,4,40133
2026-01-26 11:37:51,32.32,50.72,,,3.097,-0.712,-0.672,-0.264,220,4,40134
2026-01-26 11:37:54,32.31,50.69,,,3.097,-0.712,-0.664,-0.264,220,4,40135
2026-01-26 11:37:56,32.32,50.69,,,3.097,-0.7,-0.664,-0.256,220,4,40136
2026-01-26 11:37:59,32.33,50.67,,,3.097,-0.708,-0.664,-0.264,220,4,40137
2026-01-26 11:38:01,32.34,50.69,,,3.097,-0.696,-0.668,-0.264,220,4,40138
2026-01-26 11:38:04,32.32,50.67,,,3.087,0.6,0.74,0.068,221,4,40139
2026-01-26 11:38:06,32.33,50.68,,,3.087,-0.496,-0.524,-0.804,221,4,40140
2026-01-26 11:38:09,32.33,50.69,,,3.087,-0.072,-0.12,-0.844,221,4,40141
2026-01-26 11:38:12,32.34,50.75,,,3.087,-0.076,-0.364,-1.248,221,4,40142
2026-01-26 11:38:14,32.32,50.81,,,3.087,0.12,0.016,-0.988,221,4,40143
2026-01-26 11:38:17,32.33,50.8,,,3.087,-0.756,-0.68,0.068,221,4,40144
2026-01-26 11:38:19,32.35,50.83,,,3.087,-0.752,-0.684,0.064,221,4,40145
2026-01-26 11:38:22,32.33,50.85,,,3.087,-0.748,-0.684,0.072,221,4,40146
2026-01-26 11:38:25,32.34,50.85,,,3.087,-0.752,-0.684,0.068,221,4,40147
2026-01-26 11:38:27,32.34,50.87,,,3.087,-0.748,-0.688,0.072,221,4,40148
2026-01-26 11:38:30,32.33,50.87,,,3.087,-0.748,-0.68,0.064,221,4,40149
2026-01-26 11:38:32,32.34,50.88,,,3.087,-0.744,-0.684,0.068,221,4,40150
2026-01-26 11:38:35,32.36,50.91,,,3.087,-0.752,-0.684,0.072,221,4,40151
2026-01-26 11:38:38,32.35,50.91,,,3.087,-0.752,-0.68,0.064,221,4,40152
2026-01-26 11:42:03,32.66,51.6,,,3.104,-0.748,-0.692,-0.02,224,4,40232
2026-01-26 11:42:05,32.67,51.62,,,3.087,-0.744,-0.684,-0.012,224,4,40233
2026-01-26 11:42:08,32.67,51.62,,,3.087,-0.74,-0.684,-0.016,224,4,40234
2026-01-26 11:42:11,32.67,51.63,,,3.087,-0.748,-0.684,-0.012,224,4,40235
2026-01-26 11:42:13,32.67,51.63,,,3.087,-0.752,-0.692,-0.02,224,4,40236
2026-01-26 11:42:16,32.68,51.65,,,3.087,-0.74,-0.688,-0.02,224,4,40237
2026-01-26 11:42:18,32.69,51.65,,,3.087,-0.748,-0.696,-0.02,224,4,40238
2026-01-26 11:42:21,32.69,51.67,,,3.087,-0.744,-0.688,-0.02,224,4,40239
2026-01-26 11:42:24,32.71,51.65,,,3.087,-0.748,-0.688,-0.012,224,4,40240
2026-01-26 11:42:26,32.69,51.67,,,3.087,-0.744,-0.692,-0.008,224,4,40241
2026-01-26 11:42:29,32.71,51.72,,,3.087,-0.748,-0.684,-0.02,224,4,40242
2026-01-26 11:42:31,32.71,51.72,,,3.087,-0.752,-0.688,-0.016,224,4,40243
2026-01-26 11:46:48,33.26,52.14,,,3.087,-0.74,-0.684,-0.016,224,4,40343
2026-01-26 11:46:51,33.26,52.13,,,3.087,-0.748,-0.68,-0.016,224,4,40344
2026-01-26 11:46:54,33.28,52.14,,,3.087,-0.744,-0.688,-0.016,224,4,40345
2026-01-26 11:46:56,33.29,52.12,,,3.087,-0.744,-0.692,-0.012,224,4,40346
2026-01-26 11:46:59,33.28,52.12,,,3.087,-0.744,-0.688,-0.02,224,4,40347
2026-01-26 11:47:01,33.28,52.13,,,3.087,-0.744,-0.688,-0.02,224,4,40348
2026-01-26 11:47:03,33.29,52.13,,,3.087,-0.744,-0.692,-0.012,224,4,40349
2026-01-26 11:47:06,33.28,52.15,,,3.104,-0.744,-0.692,-0.02,224,4,40350
2026-01-26 11:47:09,33.3,52.13,,,3.104,-0.744,-0.688,-0.024,224,4,40351
2026-01-26 11:47:11,33.31,52.13,,,3.104,-0.748,-0.692,-0.012,224,4,40352
2026-01-26 11:47:14,33.31,52.16,,,3.104,-0.748,-0.684,-0.016,224,4,40353
2026-01-26 11:47:16,33.32,52.15,,,3.104,-0.744,-0.688,-0.012,224,4,40354
2026-01-26 11:52:17,33.71,52.54,,,3.083,-0.74,-0.692,-0.02,224,4,40471
2026-01-26 11:57:18,33.96,53.29,,,3.104,-0.7,-0.664,-0.296,225,4,40588
2026-01-26 12:00:15,34.4,53.66,,,3.087,-0.696,-0.672,-0.276,227,4,40657
2026-01-26 12:00:18,34.39,53.66,,,3.087,-0.7,-0.672,-0.288,227,4,40658
2026-01-26 12:00:20,34.41,53.66,,,3.087,-0.688,-0.676,-0.296,227,4,40659
2026-01-26 12:00:23,34.42,53.69,,,3.087,-0.712,-0.668,-0.268,227,4,40660
2026-01-26 12:00:25,34.41,53.68,,,3.087,-0.688,-0.676,-0.28,227,4,40661
2026-01-26 12:00:28,34.42,53.67,,,3.087,-0.684,-0.672,-0.296,227,4,40662
2026-01-26 12:00:31,34.42,53.66,,,3.087,-0.692,-0.664,-0.276,227,4,40663
2026-01-26 12:00:33,34.44,53.69,,,3.087,-0.692,-0.668,-0.26,227,4,40664
2026-01-26 12:00:36,34.44,53.71,,,3.087,-0.692,-0.676,-0.3,227,4,40665
2026-01-26 12:00:38,34.44,53.68,,,3.087,-0.712,-0.668,-0.264,227,4,40666
2026-01-26 12:00:41,34.46,53.68,,,3.087,-0.696,-0.676,-0.28,227,4,40667
2026-01-26 12:00:44,34.45,53.67,,,3.087,-0.688,-0.656,-0.296,227,4,40668
2026-01-26 12:00:46,34.46,53.7,,,3.087,-0.684,-0.684,-0.284,227,4,40669
2026-01-26 12:05:47,35.02,53.94,,,3.087,-0.704,-0.656,-0.264,227,4,40786
2026-01-26 12:10:48,35.26,54.27,,,3.083,-0.696,-0.684,-0.3,227,4,40903
2026-01-26 12:13:55,35.36,54.47,,,3.09,-0.692,-0.676,-0.308,228,4,40976
2026-01-26 12:13:58,35.35,54.51,,,3.09,-0.692,-0.672,-0.284,228,4,40977
2026-01-26 12:14:00,35.36,54.48,,,3.09,-0.696,-0.668,-0.268,228,4,40978
2026-01-26 12:14:03,35.35,54.51,,,3.09,-0.704,-0.66,-0.264,228,4,40979
2026-01-26 12:14:06,35.38,54.51,,,3.09,-0.688,-0.672,-0.288,228,4,40980
2026-01-26 12:14:08,35.37,54.51,,,3.09,-0.68,-0.684,-0.304,228,4,40981
2026-01-26 12:14:11,35.37,54.51,,,3.09,-0.708,-0.676,-0.3,228,4,40982
2026-01-26 12:14:13,35.36,54.53,,,3.09,-0.7,-0.676,-0.292,228,4,40983
2026-01-26 12:14:16,35.37,54.48,,,3.09,-0.688,-0.672,-0.284,228,4,40984
2026-01-26 12:14:18,35.37,54.5,,,3.094,-0.692,-0.664,-0.268,228,4,40985
2026-01-26 12:14:21,35.38,54.53,,,3.094,-0.708,-0.664,-0.26,228,4,40986
2026-01-26 12:14:23,35.37,54.54,,,3.094,-0.676,-0.684,-0.3,228,4,40987
2026-01-26 12:14:26,35.36,54.53,,,3.094,-0.696,-0.684,-0.296,228,4,40988
2026-01-26 12:14:28,35.38,54.52,,,3.094,-0.692,-0.676,-0.284,228,4,40989
2026-01-26 12:14:31,35.38,54.54,,,3.094,-0.688,-0.668,-0.272,228,4,40990
2026-01-26 12:14:34,35.38,54.52,,,3.094,0.84,0.564,0.18,229,4,40991
2026-01-26 12:14:36,35.38,54.59,,,3.094,0.896,0.604,0.076,229,4,40992
2026-01-26 12:14:39,35.38,54.66,,,3.094,0.86,0.696,0.448,229,4,40993
2026-01-26 12:14:41,35.37,54.71,,,3.094,-0.66,-0.552,0.472,229,4,40994
2026-01-26 12:14:44,35.37,54.81,,,3.094,-0.82,-0.824,-0.532,229,4,40995
2026-01-26 12:14:46,35.39,54.88,,,3.094,-0.728,-0.68,-0.012,232,4,40996
2026-01-26 12:14:49,35.37,54.87,,,3.094,-0.72,-0.696,-0.056,232,4,40997
2026-01-26 12:14:52,35.38,54.89,,,3.094,-0.776,-0.636,0.008,232,4,40998
2026-01-26 12:14:54,35.38,54.91,,,3.094,-0.756,-0.68,-0.048,232,4,40999
2026-01-26 12:14:57,35.39,54.89,,,3.094,-0.728,-0.688,-0.036,232,4,41000
2026-01-26 12:14:59,35.38,54.88,,,3.094,-0.776,-0.66,-0.024,232,4,41001
2026-01-26 12:15:02,35.39,54.91,,,3.094,-0.74,-0.676,-0.012,232,4,41002
2026-01-26 12:15:05,35.39,54.91,,,3.094,-0.78,-0.656,-0.008,232,4,41003
2026-01-26 12:15:07,35.38,54.89,,,3.094,-0.748,-0.684,-0.048,232,4,41004
2026-01-26 12:15:09,35.38,54.93,,,3.094,-0.748,-0.668,-0.028,232,4,41005
2026-01-26 12:20:10,35.84,55.72,,,3.108,-0.752,-0.672,-0.016,232,4,41122
2026-01-26 12:25:11,36.22,56.17,,,3.09,-0.756,-0.664,-0.044,232,4,41239
2026-01-26 12:25:52,36.26,56.22,,,3.09,-0.76,-0.672,-0.052,232,4,41255
2026-01-26 12:25:54,36.28,56.22,,,3.09,-0.76,-0.668,-0.036,232,4,41256
2026-01-26 12:25:57,36.28,56.22,,,3.09,-0.744,-0.676,-0.052,232,4,41257
2026-01-26 12:26:00,36.28,56.22,,,3.09,0.008,0.448,-0.04,234,4,41258
2026-01-26 12:26:02,36.25,56.42,,,3.09,0.816,-0.62,-0.236,234,4,41259
2026-01-26 12:26:05,36.28,57.05,,,3.09,0.812,-0.612,-0.236,234,4,41260
2026-01-26 12:26:07,36.27,57.48,,,3.09,0.744,-0.708,-0.248,235,4,41261
2026-01-26 12:26:10,36.27,57.77,,,3.09,0.684,-0.764,-0.236,237,4,41262
2026-01-26 12:26:13,36.29,57.92,,,3.09,0.196,-1.032,-0.18,238,4,41263
2026-01-26 12:26:15,36.28,58,,,3.09,0.192,-1.028,-0.184,238,4,41264
2026-01-26 12:26:18,36.29,58.06,,,3.09,0.192,-1.044,-0.18,238,4,41265
2026-01-26 12:26:20,36.28,58.1,,,3.09,0.188,-1.04,-0.188,238,4,41266
2026-01-26 12:26:23,36.28,58.21,,,3.094,0.184,-1.036,-0.176,238,4,41267
2026-01-26 12:26:26,36.3,58.29,,,3.094,0.196,-1.036,-0.188,238,4,41268
2026-01-26 12:26:28,36.31,58.4,,,3.094,0.196,-1.04,-0.18,238,4,41269
2026-01-26 12:26:31,36.29,58.5,,,3.094,0.192,-1.04,-0.184,238,4,41270
2026-01-26 12:26:33,36.31,58.61,,,3.094,0.196,-1.04,-0.18,238,4,41271
2026-01-26 12:30:27,37.38,61.05,,,3.101,0.192,-1.044,-0.188,238,4,41362
2026-01-26 12:30:30,37.39,61.07,,,3.101,0.196,-1.04,-0.188,238,4,41363
2026-01-26 12:30:32,37.39,61.05,,,3.101,0.192,-1.036,-0.188,238,4,41364
2026-01-26 12:30:35,37.42,61.06,,,3.101,0.196,-1.04,-0.184,238,4,41365
2026-01-26 12:30:37,37.42,61.06,,,3.101,0.192,-1.032,-0.188,238,4,41366
2026-01-26 12:30:40,37.44,61.07,,,3.101,0.196,-1.04,-0.18,238,4,41367
2026-01-26 12:30:43,37.45,61.05,,,3.101,0.192,-1.04,-0.184,238,4,41368
2026-01-26 12:30:45,37.46,61.06,,,3.101,0.196,-1.036,-0.184,238,4,41369
2026-01-26 12:30:47,37.46,61.07,,,3.101,0.196,-1.04,-0.184,238,4,41370
2026-01-26 12:30:50,37.49,61.07,,,3.101,0.192,-1.04,-0.18,238,4,41371
2026-01-26 12:30:53,37.49,61.07,,,3.101,0.188,-1.036,-0.18,238,4,41372
2026-01-26 12:30:55,37.49,61.09,,,3.101,0.192,-1.04,-0.18,238,4,41373
2026-01-26 12:30:58,37.5,61.08,,,3.101,0.192,-1.04,-0.184,238,4,41374
2026-01-26 12:31:00,37.52,61.1,,,3.101,0.196,-1.036,-0.184,238,4,41375
2026-01-26 12:31:03,37.53,61.07,,,3.101,0.192,-1.036,-0.184,238,4,41376
2026-01-26 12:31:06,37.54,61.13,,,3.101,0.192,-1.036,-0.18,238,4,41377
2026-01-26 12:32:46,37.94,61.66,,,3.094,0.944,0.332,-0.192,244,4,41416
2026-01-26 12:32:48,37.94,61.66,,,3.094,0.952,0.328,-0.192,244,4,41417
2026-01-26 12:32:51,37.95,61.62,,,3.094,0.948,0.324,-0.192,244,4,41418
2026-01-26 12:32:54,37.97,61.58,,,3.094,0.944,0.336,-0.192,244,4,41419
2026-01-26 12:32:56,37.99,61.58,,,3.094,0.948,0.324,-0.192,244,4,41420
2026-01-26 12:32:59,38,61.55,,,3.094,0.948,0.328,-0.188,244,4,41421
2026-01-26 12:33:01,38.01,61.57,,,3.094,0.956,0.332,-0.192,244,4,41422
2026-01-26 12:33:04,38.03,61.56,,,3.094,0.948,0.332,-0.188,244,4,41423
2026-01-26 12:33:07,38.03,61.54,,,3.094,0.952,0.328,-0.188,244,4,41424
2026-01-26 12:33:09,38.04,61.53,,,3.094,0.948,0.328,-0.196,244,4,41425
2026-01-26 12:33:11,38.05,61.49,,,3.094,0.952,0.332,-0.196,244,4,41426
2026-01-26 12:33:14,38.07,61.47,,,3.094,0.948,0.332,-0.196,244,4,41427
2026-01-26 12:33:16,38.07,61.49,,,3.094,0.948,0.336,-0.192,244,4,41428
2026-01-26 12:33:19,38.09,61.45,,,3.094,0.948,0.328,-0.196,244,4,41429
2026-01-26 12:33:22,38.1,61.44,,,3.094,0.948,0.328,-0.204,244,4,41430
2026-01-26 12:33:24,38.12,61.45,,,3.094,0.948,0.336,-0.192,244,4,41431
2026-01-26 12:33:27,38.12,61.44,,,3.101,0.944,0.332,-0.196,244,4,41432
2026-01-26 12:33:29,38.14,61.42,,,3.101,0.944,0.324,-0.192,244,4,41433
2026-01-26 12:33:32,38.14,61.41,,,3.101,0.952,0.328,-0.2,244,4,41434
2026-01-26 12:33:35,38.16,61.4,,,3.101,0.948,0.328,-0.2,244,4,41435
2026-01-26 12:33:37,38.17,61.37,,,3.101,0.948,0.332,-0.192,244,4,41436
2026-01-26 12:33:40,38.17,61.37,,,3.101,0.948,0.332,-0.188,244,4,41437
2026-01-26 12:33:42,38.19,61.33,,,3.101,0.944,0.332,-0.196,244,4,41438
2026-01-26 12:33:45,38.21,61.33,,,3.101,0.948,0.328,-0.196,244,4,41439
2026-01-26 12:33:48,38.21,61.33,,,3.101,0.948,0.328,-0.192,244,4,41440
2026-01-26 12:33:51,38.24,61.31,,,3.101,0.956,0.328,-0.188,244,4,41441
2026-01-26 12:33:55,38.26,61.3,,,3.101,0.948,0.328,-0.188,244,4,41443
2026-01-26 12:33:58,38.26,61.27,,,3.101,0.948,0.332,-0.192,244,4,41444
2026-01-26 12:34:00,38.28,61.27,,,3.101,0.956,0.328,-0.196,244,4,41445
2026-01-26 12:34:03,38.29,61.25,,,3.101,0.944,0.328,-0.188,244,4,41446
2026-01-26 12:34:06,38.29,61.24,,,3.101,0.948,0.328,-0.192,244,4,41447
2026-01-26 12:34:11,38.31,61.25,,,3.101,0.952,0.332,-0.204,244,4,41449
2026-01-26 12:34:14,38.34,61.22,,,3.101,0.952,0.332,-0.2,244,4,41450
2026-01-26 12:34:18,38.36,61.2,,,3.101,0.948,0.332,-0.196,244,4,41452
2026-01-26 12:34:21,38.37,61.18,,,3.101,0.948,0.332,-0.192,244,4,41453
2026-01-26 12:34:23,38.38,61.2,,,3.101,0.952,0.336,-0.192,244,4,41454
2026-01-26 12:34:27,38.39,61.18,,,3.094,0.952,0.344,-0.2,244,4,41455
2026-01-26 12:34:29,38.39,61.15,,,3.094,0.952,0.328,-0.192,244,4,41456
2026-01-26 12:34:34,38.42,61.18,,,3.094,0.948,0.336,-0.192,244,4,41458
2026-01-26 12:34:36,38.42,61.16,,,3.094,0.944,0.332,-0.192,244,4,41459
2026-01-26 12:34:39,38.44,61.15,,,3.094,0.948,0.332,-0.196,244,4,41460
2026-01-26 12:34:42,38.44,61.15,,,3.094,0.944,0.332,-0.192,244,4,41461
2026-01-26 12:34:44,38.46,61.12,,,3.094,0.944,0.328,-0.192,244,4,41462
2026-01-26 12:34:47,38.48,61.11,,,3.094,0.944,0.332,-0.196,244,4,41463
2026-01-26 12:34:51,38.49,61.12,,,3.094,0.952,0.336,-0.192,244,4,41465
2026-01-26 12:34:55,38.52,61.12,,,3.094,0.948,0.332,-0.192,244,4,41466
2026-01-26 12:34:59,38.54,61.08,,,3.094,0.94,0.332,-0.196,244,4,41468
2026-01-26 12:35:02,38.53,61.06,,,3.094,0.944,0.332,-0.188,244,4,41469
2026-01-26 12:35:04,38.53,61.07,,,3.094,0.952,0.332,-0.196,244,4,41470
2026-01-26 12:35:07,38.56,61.07,,,3.094,0.948,0.336,-0.2,244,4,41471
2026-01-26 12:35:11,38.58,61.06,,,3.094,0.948,0.332,-0.204,244,4,41472
2026-01-26 12:35:15,38.57,61.07,,,3.094,0.948,0.332,-0.196,244,4,41474
2026-01-26 12:35:18,38.62,61.02,,,3.094,0.948,0.328,-0.192,244,4,41475
2026-01-26 12:35:20,38.61,61.01,,,3.094,0.944,0.336,-0.196,244,4,41476
2026-01-26 12:35:23,38.64,61.01,,,3.094,0.956,0.336,-0.196,244,4,41477
2026-01-26 12:35:26,38.65,61.02,,,3.115,0.952,0.34,-0.2,244,4,41478
2026-01-26 12:35:28,38.64,61.01,,,3.115,0.94,0.332,-0.204,244,4,41479
2026-01-26 12:35:33,38.68,60.98,,,3.115,0.948,0.34,-0.196,244,4,41481
2026-01-26 12:35:36,38.68,60.98,,,3.115,0.948,0.332,-0.192,244,4,41482
2026-01-26 12:35:38,38.7,60.98,,,3.115,0.956,0.332,-0.196,244,4,41483
2026-01-26 12:40:03,39.71,60.42,,,3.09,0.528,-0.02,0.88,248,4,41586
2026-01-26 12:40:05,39.72,60.39,,,3.09,0.524,0.012,0.872,248,4,41587
2026-01-26 12:40:08,39.73,60.35,,,3.09,0.516,0,0.872,248,4,41588
2026-01-26 12:40:10,39.74,60.31,,,3.09,0.536,-0.02,0.888,248,4,41589
2026-01-26 12:40:13,39.74,60.31,,,3.09,0.524,-0.012,0.888,248,4,41590
2026-01-26 12:40:16,39.77,60.29,,,3.09,0.516,-0.02,0.884,248,4,41591
2026-01-26 12:40:19,39.78,60.27,,,3.09,0.524,-0.02,0.876,248,4,41592
2026-01-26 12:40:21,39.78,60.27,,,3.09,0.524,-0.008,0.876,248,4,41593
2026-01-26 12:40:24,39.79,60.25,,,3.09,0.52,0.004,0.872,248,4,41594
2026-01-26 12:40:28,39.82,60.24,,,3.097,0.54,-0.028,0.888,248,4,41596
2026-01-26 12:40:31,39.83,60.22,,,3.097,0.524,-0.016,0.888,248,4,41597
2026-01-26 12:42:37,40.35,60.26,,,3.097,0.52,-0.02,0.884,248,4,41646
2026-01-26 12:42:39,40.38,60.25,,,3.097,0.52,-0.016,0.884,248,4,41647
2026-01-26 12:42:42,40.39,60.27,,,3.097,0.52,-0.028,0.884,248,4,41648
2026-01-26 12:42:45,40.39,60.25,,,3.097,0.516,-0.028,0.892,248,4,41649
2026-01-26 12:42:47,40.42,60.24,,,3.097,0.52,-0.032,0.884,248,4,41650
2026-01-26 12:42:50,40.42,60.23,,,3.097,0.524,-0.024,0.888,248,4,41651
2026-01-26 12:42:52,40.44,60.23,,,3.097,0.516,-0.016,0.892,248,4,41652
2026-01-26 12:42:55,40.45,60.27,,,3.097,0.52,-0.008,0.884,248,4,41653
2026-01-26 12:42:57,40.47,60.25,,,3.097,0.528,-0.024,0.888,248,4,41654
2026-01-26 12:45:16,41.08,60.23,,,3.097,0.52,-0.028,0.888,248,4,41708
2026-01-26 12:45:19,41.1,60.25,,,3.097,0.516,-0.02,0.892,248,4,41709
2026-01-26 12:45:21,41.1,60.23,,,3.097,0.52,0.004,0.888,248,4,41710
2026-01-26 12:45:24,41.11,60.2,,,3.097,0.516,-0.028,0.888,248,4,41711
2026-01-26 12:45:27,41.12,60.22,,,3.097,0.52,-0.016,0.884,248,4,41712
2026-01-26 12:45:29,41.14,60.23,,,3.097,0.524,-0.028,0.892,248,4,41713
2026-01-26 12:45:32,41.14,60.23,,,3.101,0.516,-0.008,0.884,248,4,41714
2026-01-26 12:45:34,41.17,60.23,,,3.101,0.52,-0.008,0.896,248,4,41715
2026-01-26 12:45:37,41.16,60.21,,,3.101,0.524,-0.008,0.892,248,4,41716
2026-01-26 12:50:38,42.07,60.13,,,3.101,0.512,-0.008,0.876,248,4,41833
2026-01-26 12:54:31,42.57,60.12,,,3.104,0.52,0,0.88,248,4,41924
2026-01-26 12:54:34,42.56,60.12,,,3.097,0.524,-0.012,0.896,248,4,41925
2026-01-26 12:54:37,42.58,60.11,,,3.097,0.524,-0.024,0.892,248,4,41926
2026-01-26 12:54:40,42.58,60.11,,,3.097,0.52,-0.024,0.892,248,4,41927
2026-01-26 12:59:42,43.07,60.36,,,3.101,0.508,-0.02,0.892,248,4,42045
2026-01-26 13:01:05,43.14,60.55,,,3.111,0.504,0,0.896,249,4,42077
2026-01-26 13:01:07,43.15,60.53,,,3.111,0.5,-0.016,0.9,249,4,42078
2026-01-26 13:01:10,43.15,60.56,,,3.111,0.504,-0.02,0.904,249,4,42079
2026-01-26 13:01:12,43.17,60.54,,,3.111,0.496,-0.024,0.888,249,4,42080
2026-01-26 13:01:15,43.14,60.56,,,3.111,0.5,-0.016,0.904,249,4,42081
2026-01-26 13:01:18,43.15,60.56,,,3.111,0.512,-0.02,0.908,249,4,42082
2026-01-26 13:01:20,43.16,60.56,,,3.111,0.5,-0.02,0.896,249,4,42083
2026-01-26 13:01:23,43.16,60.59,,,3.111,0.516,-0.016,0.908,249,4,42084
2026-01-26 13:01:26,43.17,60.58,,,3.111,0.5,0.004,0.888,249,4,42085
2026-01-26 13:01:30,43.17,60.58,,,3.111,0.508,-0.012,0.908,249,4,42087
2026-01-26 13:01:33,43.17,60.59,,,3.111,0.5,-0.016,0.904,249,4,42088
2026-01-26 13:05:37,43.58,60.96,,,3.101,1.004,0.208,0.14,250,4,42183
2026-01-26 13:05:39,43.6,60.97,,,3.108,1.004,0.24,0.164,250,4,42184
2026-01-26 13:05:42,43.58,60.95,,,3.108,1.004,0.204,0.14,250,4,42185
2026-01-26 13:05:45,43.6,60.98,,,3.108,1.008,0.252,0.14,250,4,42186
2026-01-26 13:05:47,43.61,60.95,,,3.108,1,0.204,0.144,250,4,42187
2026-01-26 13:05:50,43.6,60.97,,,3.108,1.004,0.244,0.152,250,4,42188
2026-01-26 13:05:52,43.61,60.97,,,3.108,1.004,0.204,0.136,250,4,42189
2026-01-26 13:05:55,43.6,60.95,,,3.108,1.004,0.248,0.14,250,4,42190
2026-01-26 13:05:57,43.61,60.98,,,3.108,1,0.204,0.156,250,4,42191
2026-01-26 13:06:00,43.61,60.95,,,3.108,1.008,0.232,0.132,250,4,42192
2026-01-26 13:11:01,44.07,61.83,,,3.101,0.884,0.48,0.272,254,4,42309
2026-01-26 13:11:06,44.08,61.81,,,3.101,0.884,0.48,0.276,254,4,42311
2026-01-26 13:11:09,44.09,61.82,,,3.101,0.876,0.484,0.268,254,4,42312
2026-01-26 13:11:12,44.09,61.85,,,3.101,0.88,0.484,0.276,254,4,42313
2026-01-26 13:13:25,44.35,62.25,,,3.104,0.884,0.48,0.276,254,4,42365
2026-01-26 13:13:27,44.36,62.27,,,3.104,0.876,0.48,0.28,254,4,42366
2026-01-26 13:13:30,44.36,62.27,,,3.104,0.88,0.476,0.276,254,4,42367
2026-01-26 13:13:32,44.37,62.27,,,3.104,0.876,0.484,0.28,254,4,42368
2026-01-26 13:13:35,44.38,62.26,,,3.104,0.88,0.472,0.272,254,4,42369
2026-01-26 13:13:38,44.39,62.28,,,3.104,0.888,0.476,0.272,254,4,42370
2026-01-26 13:13:40,44.39,62.29,,,3.118,0.88,0.472,0.272,254,4,42371
2026-01-26 13:13:43,44.4,62.32,,,3.118,0.892,0.488,0.28,254,4,42372
2026-01-26 13:13:45,44.42,62.3,,,3.118,0.884,0.476,0.276,254,4,42373
2026-01-26 13:13:48,44.4,62.33,,,3.118,0.88,0.476,0.276,254,4,42374
2026-01-26 13:13:50,44.4,62.31,,,3.118,0.88,0.476,0.28,254,4,42375
2026-01-26 13:13:53,44.42,62.32,,,3.118,0.88,0.48,0.272,254,4,42376
2026-01-26 13:13:55,44.42,62.3,,,3.118,0.876,0.48,0.276,254,4,42377
2026-01-26 13:13:58,44.45,62.31,,,3.118,0.876,0.48,0.268,254,4,42378
2026-01-26 13:14:01,44.44,62.33,,,3.118,0.876,0.48,0.264,254,4,42379
2026-01-26 13:14:03,44.43,62.33,,,3.118,0.884,0.48,0.272,254,4,42380
2026-01-26 13:14:06,44.44,62.33,,,3.118,0.876,0.484,0.272,254,4,42381
2026-01-26 13:14:08,44.45,62.33,,,3.118,0.88,0.48,0.276,254,4,42382
2026-01-26 13:14:11,44.46,62.37,,,3.118,0.876,0.484,0.272,254,4,42383
2026-01-26 13:14:14,44.44,62.36,,,3.118,0.88,0.48,0.276,254,4,42384
2026-01-26 13:14:16,44.46,62.37,,,3.118,0.884,0.484,0.276,254,4,42385
2026-01-26 13:14:19,44.47,62.36,,,3.118,0.88,0.48,0.28,254,4,42386
2026-01-26 13:14:21,44.47,62.37,,,3.118,0.88,0.48,0.276,254,4,42387
2026-01-26 13:14:24,44.47,62.37,,,3.118,0.88,0.484,0.268,254,4,42388
2026-01-26 13:14:27,44.48,62.37,,,3.118,0.876,0.48,0.268,254,4,42389
2026-01-26 13:14:29,44.49,62.36,,,3.118,0.88,0.476,0.276,254,4,42390
2026-01-26 13:14:32,44.5,62.39,,,3.118,0.88,0.488,0.276,254,4,42391
2026-01-26 13:14:34,44.5,62.39,,,3.118,0.88,0.488,0.276,254,4,42392
2026-01-26 13:14:37,44.51,62.37,,,3.118,0.884,0.48,0.28,254,4,42393
2026-01-26 13:14:39,44.51,62.37,,,3.118,0.884,0.484,0.272,254,4,42394
2026-01-26 13:14:42,44.51,62.38,,,3.104,0.884,0.484,0.264,254,4,42395
2026-01-26 13:14:44,44.53,62.39,,,3.104,0.884,0.476,0.276,254,4,42396
2026-01-26 13:14:47,44.53,62.4,,,3.104,0.876,0.476,0.272,254,4,42397
2026-01-26 13:14:49,44.53,62.38,,,3.104,0.88,0.48,0.276,254,4,42398
2026-01-26 13:14:52,44.55,62.42,,,3.104,0.68,0.26,0.768,0,4,42399
2026-01-26 13:14:55,44.55,62.41,,,3.104,0.32,0.016,0.904,2,4,42400
2026-01-26 13:14:58,44.54,62.48,,,3.104,0.332,-0.004,0.968,2,4,42401
2026-01-26 13:15:02,44.56,62.47,,,3.104,0.336,0.008,0.972,2,4,42403
2026-01-26 13:15:05,44.57,62.52,,,3.104,0.34,0.008,0.972,2,4,42404
2026-01-26 13:15:08,44.57,62.5,,,3.104,0.344,0.004,0.96,2,4,42405
2026-01-26 13:15:13,44.6,62.55,,,3.104,0.412,0.044,0.924,2,4,42407
2026-01-26 13:15:15,44.59,62.54,,,3.104,0.768,0.368,0.588,4,4,42408
2026-01-26 13:15:18,44.59,62.55,,,3.104,0.776,0.368,0.592,4,4,42409
2026-01-26 13:15:21,44.61,62.57,,,3.104,0.768,0.368,0.58,4,4,42410
2026-01-26 13:15:23,44.6,62.61,,,3.104,0.772,0.368,0.588,4,4,42411
2026-01-26 13:15:26,44.6,62.59,,,3.104,0.776,0.368,0.588,4,4,42412
2026-01-26 13:15:28,44.6,62.61,,,3.104,0.772,0.368,0.588,4,4,42413
2026-01-26 13:15:30,44.61,62.64,,,3.104,0.772,0.364,0.58,4,4,42414
2026-01-26 13:15:33,44.61,62.65,,,3.104,0.776,0.36,0.592,4,4,42415
2026-01-26 13:15:36,44.63,62.64,,,3.104,0.772,0.364,0.592,4,4,42416
2026-01-26 13:15:41,44.64,62.66,,,3.104,0.768,0.368,0.592,4,4,42418
2026-01-26 13:15:43,44.64,62.65,,,3.097,0.764,0.36,0.58,4,4,42419
2026-01-26 13:15:46,44.64,62.7,,,3.097,0.768,0.368,0.588,4,4,42420
2026-01-26 13:15:49,44.64,62.72,,,3.097,0.768,0.372,0.58,4,4,42421
2026-01-26 13:15:54,44.67,62.72,,,3.097,0.772,0.376,0.584,4,4,42423
2026-01-26 13:15:56,44.67,62.74,,,3.097,0.768,0.364,0.58,4,4,42424
2026-01-26 13:15:59,44.67,62.75,,,3.097,0.768,0.368,0.584,4,4,42425
2026-01-26 13:16:02,44.67,62.75,,,3.097,0.768,0.368,0.584,4,4,42426
2026-01-26 13:16:04,44.68,62.76,,,3.097,0.768,0.364,0.584,4,4,42427
2026-01-26 13:16:07,44.68,62.77,,,3.097,0.772,0.364,0.588,4,4,42428
2026-01-26 13:16:09,44.67,62.77,,,3.097,0.772,0.372,0.588,4,4,42429
2026-01-26 13:16:12,44.7,62.79,,,3.097,0.768,0.36,0.596,4,4,42430
2026-01-26 13:16:15,44.7,62.78,,,3.097,0.768,0.376,0.6,4,4,42431
2026-01-26 13:16:17,44.71,62.79,,,3.097,0.76,0.364,0.584,4,4,42432
2026-01-26 13:16:19,44.71,62.81,,,3.097,0.768,0.364,0.592,4,4,42433
2026-01-26 13:16:22,44.71,62.79,,,3.097,0.764,0.364,0.592,4,4,42434
2026-01-26 13:16:24,44.73,62.83,,,3.097,0.768,0.368,0.588,4,4,42435
2026-01-26 13:16:27,44.73,62.84,,,3.097,0.768,0.368,0.596,4,4,42436
2026-01-26 13:16:30,44.74,62.83,,,3.097,0.772,0.364,0.588,4,4,42437
2026-01-26 13:16:32,44.73,62.85,,,3.097,0.764,0.368,0.588,4,4,42438
2026-01-26 13:16:35,44.73,62.84,,,3.097,0.776,0.364,0.588,4,4,42439
2026-01-26 13:16:38,44.75,62.85,,,3.097,0.764,0.368,0.592,4,4,42440
2026-01-26 13:16:43,44.76,62.88,,,3.104,0.764,0.372,0.588,4,4,42442
2026-01-26 13:16:45,44.75,62.92,,,3.104,0.768,0.364,0.592,4,4,42443
2026-01-26 13:16:48,44.78,62.92,,,3.104,0.764,0.372,0.588,4,4,42444
2026-01-26 13:16:51,44.77,62.93,,,3.104,0.768,0.36,0.588,4,4,42445
2026-01-26 13:16:56,44.78,62.93,,,3.104,0.772,0.372,0.588,4,4,42447
2026-01-26 13:16:58,44.78,62.97,,,3.104,0.768,0.368,0.588,4,4,42448
2026-01-26 13:17:01,44.78,62.97,,,3.104,0.768,0.364,0.58,4,4,42449
2026-01-26 13:17:03,44.79,62.93,,,3.104,0.764,0.36,0.588,4,4,42450
2026-01-26 13:17:06,44.79,62.95,,,3.104,0.772,0.38,0.616,4,4,42451
2026-01-26 13:17:09,44.8,62.96,,,3.104,0.772,0.372,0.58,4,4,42452
2026-01-26 13:17:11,44.82,62.96,,,3.104,0.768,0.368,0.588,4,4,42453
2026-01-26 13:17:13,44.81,63.01,,,3.104,0.772,0.36,0.588,4,4,42454
2026-01-26 13:17:16,44.81,63.01,,,3.104,0.772,0.36,0.592,4,4,42455
2026-01-26 13:17:18,44.84,63.01,,,3.104,0.764,0.348,0.588,5,4,42456
2026-01-26 13:17:21,44.84,63.04,,,3.104,0.768,0.364,0.584,5,4,42457
2026-01-26 13:17:24,44.84,63.04,,,3.104,0.768,0.36,0.592,5,4,42458
2026-01-26 13:17:29,44.85,63.02,,,3.104,0.772,0.364,0.592,5,4,42460
2026-01-26 13:17:31,44.85,63.06,,,3.104,0.768,0.368,0.588,5,4,42461
2026-01-26 13:17:34,44.86,63.06,,,3.104,0.772,0.368,0.584,5,4,42462
2026-01-26 13:17:37,44.86,63.08,,,3.104,0.76,0.36,0.588,5,4,42463
2026-01-26 13:17:39,44.88,63.06,,,3.104,0.768,0.368,0.588,5,4,42464
2026-01-26 13:17:42,44.87,63.07,,,3.104,0.772,0.372,0.588,5,4,42465
2026-01-26 13:17:44,44.87,63.09,,,3.104,0.768,0.364,0.588,5,4,42466
2026-01-26 13:17:47,44.89,63.09,,,3.104,-0.032,-0.296,0.976,6,4,42467
2026-01-26 13:17:50,44.9,63.08,,,3.104,-0.768,-0.596,0.128,7,4,42468
2026-01-26 13:17:52,44.9,63.02,,,3.104,0.38,0.428,-0.96,8,4,42469
2026-01-26 13:17:55,44.9,62.94,,,3.104,0.328,0.348,1.148,8,4,42470
2026-01-26 13:17:58,44.9,62.96,,,3.104,-0.148,-0.508,0.904,8,4,42471
2026-01-26 13:18:02,44.92,62.86,,,3.104,-0.252,-0.772,-0.52,10,4,42473
2026-01-26 13:18:05,44.93,62.87,,,3.104,-0.196,-0.984,-0.46,11,4,42474
2026-01-26 13:18:07,44.94,62.84,,,3.104,0.724,0.584,-0.528,12,4,42475
2026-01-26 13:18:10,44.93,62.87,,,3.104,-0.02,-0.204,1.024,13,4,42476
2026-01-26 13:18:12,44.94,63.07,,,3.104,-0.576,-0.84,0.14,13,4,42477
2026-01-26 13:18:15,44.95,63.17,,,3.104,-0.512,-0.788,0.44,14,4,42478
2026-01-26 13:18:18,44.96,63.16,,,3.104,-0.508,-0.796,0.444,14,4,42479
2026-01-26 13:18:20,44.96,63.16,,,3.104,-0.508,-0.792,0.444,14,4,42480
2026-01-26 13:18:23,44.96,63.1,,,3.104,-0.516,-0.8,0.444,15,4,42481
2026-01-26 13:21:11,44.96,62.43,,,3.108,-0.508,-0.796,0.448,15,4,42546
2026-01-26 13:21:13,44.94,62.39,,,3.108,-0.5,-0.792,0.448,15,4,42547
2026-01-26 13:21:16,44.94,62.4,,,3.108,-0.508,-0.788,0.436,15,4,42548
2026-01-26 13:21:18,44.94,62.42,,,3.108,-0.508,-0.796,0.448,15,4,42549
2026-01-26 13:21:23,44.92,62.45,,,3.108,-0.508,-0.8,0.444,15,4,42551
2026-01-26 13:21:25,44.94,62.43,,,3.108,-0.5,-0.792,0.444,15,4,42552
2026-01-26 13:21:28,44.93,62.44,,,3.108,-0.504,-0.8,0.44,15,4,42553
2026-01-26 13:21:33,44.93,62.45,,,3.108,-0.504,-0.792,0.444,15,4,42555
2026-01-26 13:21:37,44.93,62.43,,,3.108,-0.508,-0.788,0.444,15,4,42556
2026-01-26 13:21:41,44.9,62.46,,,3.108,-0.508,-0.796,0.452,15,4,42558
2026-01-26 13:25:29,44.72,63.03,,,3.115,-0.508,-0.796,0.444,15,4,42647
2026-01-26 13:25:32,44.71,63.02,,,3.115,-0.5,-0.8,0.436,15,4,42648
2026-01-26 13:25:34,44.72,63.03,,,3.115,-0.504,-0.804,0.444,15,4,42649
2026-01-26 13:25:37,44.71,63.05,,,3.115,-0.512,-0.796,0.444,15,4,42650
2026-01-26 13:30:38,44.57,63.74,,,3.094,-0.504,-0.796,0.432,15,4,42767
2026-01-26 13:35:18,44.49,64.29,,,3.125,-0.5,-0.796,0.432,15,4,42876
2026-01-26 13:35:20,44.5,64.3,,,3.125,-0.5,-0.8,0.436,15,4,42877
2026-01-26 13:35:23,44.49,64.29,,,3.125,-0.504,-0.8,0.444,15,4,42878
2026-01-26 13:35:25,44.51,64.32,,,3.125,-0.504,-0.796,0.44,15,4,42879
2026-01-26 13:35:28,44.49,64.3,,,3.125,-0.504,-0.796,0.444,15,4,42880
2026-01-26 13:35:31,44.49,64.33,,,3.125,-0.504,-0.8,0.44,15,4,42881
2026-01-26 13:35:33,44.5,64.32,,,3.125,-0.504,-0.788,0.436,15,4,42882
2026-01-26 13:35:36,44.5,64.32,,,3.125,-0.504,-0.792,0.44,15,4,42883
2026-01-26 13:35:38,44.5,64.32,,,3.125,-0.496,-0.8,0.44,15,4,42884
2026-01-26 13:35:41,44.49,64.37,,,3.125,-0.504,-0.796,0.448,15,4,42885
2026-01-26 13:35:44,44.49,64.34,,,3.125,-0.504,-0.796,0.432,15,4,42886
2026-01-26 13:35:46,44.5,64.36,,,3.125,-0.504,-0.796,0.44,15,4,42887
2026-01-26 13:40:47,44.48,64.94,,,3.104,-0.068,-0.352,0.956,19,4,43004
2026-01-26 13:40:50,44.47,64.96,,,3.104,-0.088,-0.324,0.96,19,4,43005
2026-01-26 13:40:52,44.49,64.97,,,3.122,-0.112,-0.312,0.968,19,4,43006
2026-01-26 13:40:55,44.46,64.96,,,3.122,-0.096,-0.344,0.956,19,4,43007
2026-01-26 13:40:57,44.48,64.97,,,3.122,-0.072,-0.352,0.992,19,4,43008
2026-01-26 13:41:00,44.46,64.95,,,3.122,-0.076,-0.356,0.964,19,4,43009
2026-01-26 13:46:01,44.44,65.46,,,3.111,-0.076,-0.356,0.972,23,4,43126
2026-01-26 13:51:01,44.33,65.83,,,3.111,-0.072,-0.356,0.964,23,4,43243
2026-01-26 13:56:02,44.19,66.22,,,3.111,-0.076,-0.356,0.96,23,4,43360
2026-01-26 13:58:18,44.08,66.38,,,3.108,-0.076,-0.36,0.964,23,4,43413
2026-01-26 13:58:21,44.08,66.39,,,3.108,-0.088,-0.34,0.948,23,4,43414
2026-01-26 13:58:23,44.09,66.4,,,3.108,-0.096,-0.332,0.952,23,4,43415
2026-01-26 13:58:26,44.07,66.39,,,3.108,-0.068,-0.352,0.976,23,4,43416
2026-01-26 13:58:29,44.07,66.39,,,3.108,-0.092,-0.324,0.976,23,4,43417
2026-01-26 13:58:31,44.07,66.43,,,3.108,-0.08,-0.344,0.964,23,4,43418
2026-01-26 13:58:33,44.07,66.41,,,3.108,0.732,0.28,0.78,24,4,43419
2026-01-26 13:58:36,44.08,66.53,,,3.108,-0.064,-1.26,1.252,24,4,43420
2026-01-26 13:58:38,44.07,66.72,,,3.108,0.336,0.288,0.924,24,4,43421
2026-01-26 13:58:41,44.06,66.84,,,3.108,0.264,0.196,0.964,25,4,43422
2026-01-26 13:58:44,44.06,66.83,,,3.108,0.252,0.2,0.972,25,4,43423
2026-01-26 13:58:46,44.07,66.86,,,3.108,0.252,0.2,0.968,25,4,43424
2026-01-26 13:58:49,44.07,66.9,,,3.108,0.26,0.184,0.976,25,4,43425
2026-01-26 13:58:51,44.06,66.92,,,3.108,0.272,0.18,0.98,25,4,43426
2026-01-26 13:58:54,44.05,66.93,,,3.108,0.264,0.188,0.972,25,4,43427
2026-01-26 13:58:57,44.05,66.93,,,3.108,0.264,0.192,0.968,25,4,43428
2026-01-26 13:58:59,44.06,66.93,,,3.104,0.272,0.2,0.98,25,4,43429
2026-01-26 14:04:00,44.04,67.82,,,3.104,0.272,0.2,0.964,25,4,43546
2026-01-26 14:09:01,44.15,68.18,,,3.111,0.272,0.18,0.98,25,4,43663
2026-01-26 14:09:26,44.15,68.27,,,3.104,0.28,0.184,0.968,25,4,43673
2026-01-26 14:09:29,44.17,68.25,,,3.104,0.284,0.184,0.96,25,4,43674
2026-01-26 14:09:34,44.17,68.28,,,3.104,0.276,0.188,0.968,25,4,43676
2026-01-26 14:09:37,44.16,68.26,,,3.104,0.848,0.444,-0.62,26,4,43677
2026-01-26 14:09:39,44.15,68.18,,,3.104,0.668,0.152,0.276,26,4,43678
2026-01-26 14:09:42,44.18,68.53,,,3.104,-0.444,-0.764,-0.488,26,4,43679
2026-01-26 14:09:44,44.17,68.64,,,3.104,-1.108,0.28,-0.432,27,4,43680
2026-01-26 14:09:47,44.18,68.66,,,3.104,-0.408,-0.66,0.732,27,4,43681
2026-01-26 14:09:49,44.17,68.41,,,3.104,-0.456,-0.696,0.608,27,4,43682
2026-01-26 14:09:52,44.17,68.26,,,3.104,-0.44,-0.712,0.604,27,4,43683
2026-01-26 14:09:55,44.18,68.09,,,3.104,-0.424,-0.728,0.612,27,4,43684
2026-01-26 14:09:57,44.19,68,,,3.104,-0.408,-0.736,0.612,27,4,43685
2026-01-26 14:10:00,44.2,67.89,,,3.104,-0.38,-0.736,0.628,27,4,43686
2026-01-26 14:10:02,44.18,67.82,,,3.104,-0.368,-0.752,0.628,27,4,43687
2026-01-26 14:10:05,44.2,67.75,,,3.108,-0.368,-0.752,0.628,27,4,43688
2026-01-26 14:10:07,44.18,67.69,,,3.108,-0.36,-0.752,0.628,27,4,43689
2026-01-26 14:10:10,44.17,67.61,,,3.108,-0.348,-0.752,0.628,27,4,43690
2026-01-26 14:10:12,44.19,67.55,,,3.108,-0.336,-0.764,0.636,27,4,43691
2026-01-26 14:10:15,44.19,67.5,,,3.108,-0.272,-0.768,0.64,27,4,43692
2026-01-26 14:10:18,44.18,67.48,,,3.108,-0.06,-0.812,0.68,28,4,43693
2026-01-26 14:10:20,44.18,67.4,,,3.108,-0.06,-0.808,0.692,28,4,43694
2026-01-26 14:10:23,44.18,67.39,,,3.108,-0.06,-0.804,0.68,28,4,43695
2026-01-26 14:10:25,44.19,67.32,,,3.108,-0.068,-0.812,0.68,28,4,43696
2026-01-26 14:10:28,44.19,67.3,,,3.108,-0.056,-0.812,0.668,28,4,43697
2026-01-26 14:10:31,44.18,67.27,,,3.108,-0.064,-0.812,0.68,28,4,43698
2026-01-26 14:10:36,44.17,67.15,,,3.108,-0.064,-0.816,0.68,28,4,43700
2026-01-26 14:10:38,44.17,67.12,,,3.108,-0.068,-0.812,0.676,28,4,43701
2026-01-26 14:10:41,44.17,67.11,,,3.108,-0.064,-0.808,0.676,28,4,43702
2026-01-26 14:10:44,44.16,67.08,,,3.108,-0.068,-0.816,0.668,28,4,43703
2026-01-26 14:10:46,44.16,67.08,,,3.108,-0.064,-0.812,0.676,28,4,43704
2026-01-26 14:10:49,44.15,67.02,,,3.108,-0.068,-0.812,0.684,28,4,43705
2026-01-26 14:10:51,44.15,67.01,,,3.108,-0.064,-0.808,0.672,28,4,43706
2026-01-26 14:10:53,44.14,67,,,3.108,-0.072,-0.816,0.676,28,4,43707
2026-01-26 14:10:56,44.14,66.98,,,3.108,-0.064,-0.816,0.684,28,4,43708
2026-01-26 14:10:59,44.14,66.96,,,3.108,-0.068,-0.804,0.68,28,4,43709
2026-01-26 14:11:01,44.14,66.95,,,3.108,-0.072,-0.812,0.668,28,4,43710
2026-01-26 14:11:04,44.14,66.9,,,3.115,-0.064,-0.816,0.684,28,4,43711
2026-01-26 14:11:06,44.14,66.89,,,3.115,-0.072,-0.816,0.676,28,4,43712
2026-01-26 14:11:09,44.12,66.92,,,3.115,-0.068,-0.808,0.68,28,4,43713
2026-01-26 14:11:12,44.11,66.9,,,3.115,-0.064,-0.808,0.672,28,4,43714
2026-01-26 14:11:14,44.1,66.86,,,3.115,-0.072,-0.816,0.684,28,4,43715
2026-01-26 14:11:17,44.09,66.84,,,3.115,-0.068,-0.804,0.672,28,4,43716
2026-01-26 14:11:19,44.1,66.85,,,3.115,-0.072,-0.808,0.676,28,4,43717
2026-01-26 14:11:22,44.08,66.86,,,3.115,-0.064,-0.808,0.684,28,4,43718
2026-01-26 14:11:25,44.09,66.83,,,3.115,-0.068,-0.812,0.672,28,4,43719
2026-01-26 14:11:27,44.08,66.83,,,3.115,-0.072,-0.808,0.68,28,4,43720
2026-01-26 14:11:30,44.08,66.8,,,3.115,-0.068,-0.812,0.676,28,4,43721
2026-01-26 14:11:32,44.07,66.83,,,3.115,-0.064,-0.808,0.676,28,4,43722
2026-01-26 14:11:35,44.07,66.8,,,3.115,-0.068,-0.816,0.676,28,4,43723
2026-01-26 14:11:38,44.07,66.82,,,3.115,-0.064,-0.816,0.672,28,4,43724
2026-01-26 14:11:40,44.05,66.8,,,3.115,-0.068,-0.812,0.672,28,4,43725
2026-01-26 14:11:42,44.05,66.79,,,3.115,-0.068,-0.804,0.676,28,4,43726
2026-01-26 14:11:45,44.05,66.77,,,3.115,-0.068,-0.82,0.68,28,4,43727
2026-01-26 14:11:47,44.04,66.77,,,3.115,-0.064,-0.812,0.672,28,4,43728
2026-01-26 14:11:51,44.03,66.76,,,3.115,-0.068,-0.816,0.672,28,4,43729
2026-01-26 14:11:55,44.02,66.78,,,3.115,-0.072,-0.808,0.672,28,4,43731
2026-01-26 14:11:58,44.03,66.75,,,3.115,-0.068,-0.816,0.68,28,4,43732
2026-01-26 14:12:00,44.03,66.77,,,3.115,-0.072,-0.808,0.676,28,4,43733
2026-01-26 14:12:03,44.02,66.77,,,3.115,-0.068,-0.808,0.68,28,4,43734
2026-01-26 14:12:06,44.01,66.76,,,3.104,-0.064,-0.816,0.676,28,4,43735
2026-01-26 14:12:08,43.99,66.75,,,3.104,-0.072,-0.816,0.672,28,4,43736
2026-01-26 14:12:11,43.98,66.74,,,3.104,-0.068,-0.812,0.68,28,4,43737
2026-01-26 14:12:13,43.98,66.74,,,3.104,-0.068,-0.816,0.68,28,4,43738
2026-01-26 14:12:16,43.99,66.71,,,3.104,-0.064,-0.808,0.668,28,4,43739
2026-01-26 14:12:19,43.96,66.74,,,3.104,-0.072,-0.812,0.676,28,4,43740
2026-01-26 14:12:21,43.98,66.74,,,3.104,-0.072,-0.812,0.672,28,4,43741
2026-01-26 14:12:24,43.96,66.77,,,3.104,-0.068,-0.808,0.676,28,4,43742
2026-01-26 14:12:26,43.96,66.73,,,3.104,-0.072,-0.804,0.68,28,4,43743
2026-01-26 14:12:29,43.95,66.74,,,3.104,-0.064,-0.812,0.672,28,4,43744
2026-01-26 14:12:31,43.95,66.72,,,3.104,-0.068,-0.8,0.676,28,4,43745
2026-01-26 14:12:34,43.95,66.72,,,3.104,-0.072,-0.816,0.672,28,4,43746
2026-01-26 14:12:36,43.93,66.72,,,3.104,-0.068,-0.808,0.668,28,4,43747
2026-01-26 14:12:39,43.92,66.71,,,3.104,-0.068,-0.816,0.676,28,4,43748
2026-01-26 14:12:44,43.92,66.71,,,3.104,-0.068,-0.816,0.672,28,4,43750
2026-01-26 14:12:47,43.9,66.72,,,3.104,-0.072,-0.812,0.676,28,4,43751
2026-01-26 14:12:49,43.89,66.74,,,3.104,-0.072,-0.812,0.672,28,4,43752
2026-01-26 14:12:52,43.89,66.74,,,3.104,-0.068,-0.808,0.672,28,4,43753
2026-01-26 14:12:54,43.89,66.74,,,3.104,-0.068,-0.816,0.676,28,4,43754
2026-01-26 14:12:57,43.89,66.72,,,3.104,-0.068,-0.816,0.676,28,4,43755
2026-01-26 14:13:00,43.88,66.72,,,3.104,-0.068,-0.816,0.672,28,4,43756
2026-01-26 14:13:02,43.87,66.72,,,3.104,-0.068,-0.812,0.676,28,4,43757
2026-01-26 14:13:05,43.87,66.75,,,3.104,-0.072,-0.812,0.676,28,4,43758
2026-01-26 14:13:07,43.86,66.74,,,3.104,-0.072,-0.816,0.676,28,4,43759
2026-01-26 14:13:10,43.85,66.75,,,3.104,-0.068,-0.816,0.672,28,4,43760
2026-01-26 14:13:13,43.85,66.73,,,3.104,-0.072,-0.812,0.676,28,4,43761
2026-01-26 14:13:15,43.85,66.73,,,3.104,-0.072,-0.808,0.668,28,4,43762
2026-01-26 14:13:18,43.85,66.73,,,3.104,-0.068,-0.812,0.672,28,4,43763
2026-01-26 14:13:20,43.84,66.71,,,3.104,-0.068,-0.82,0.668,28,4,43764
2026-01-26 14:13:22,43.82,66.74,,,3.104,-0.064,-0.812,0.668,28,4,43765
2026-01-26 14:13:25,43.82,66.75,,,3.104,-0.072,-0.812,0.668,28,4,43766
2026-01-26 14:13:28,43.82,66.74,,,3.104,-0.072,-0.812,0.68,28,4,43767
2026-01-26 14:13:30,43.8,66.74,,,3.104,-0.076,-0.812,0.668,28,4,43768
2026-01-26 14:13:33,43.8,66.74,,,3.104,-0.072,-0.812,0.672,28,4,43769
2026-01-26 14:13:35,43.81,66.75,,,3.104,-0.076,-0.816,0.672,28,4,43770
2026-01-26 14:13:38,43.79,66.75,,,3.104,-0.076,-0.812,0.668,28,4,43771
2026-01-26 14:13:41,43.78,66.76,,,3.104,-0.076,-0.82,0.672,28,4,43772
2026-01-26 14:13:46,43.78,66.77,,,3.104,-0.076,-0.816,0.676,28,4,43774
2026-01-26 14:13:48,43.77,66.74,,,3.104,-0.072,-0.816,0.676,28,4,43775
2026-01-26 14:13:51,43.76,66.73,,,3.104,-0.068,-0.82,0.676,28,4,43776
2026-01-26 14:13:54,43.76,66.77,,,3.104,-0.072,-0.812,0.668,28,4,43777
2026-01-26 14:13:56,43.74,66.75,,,3.104,-0.08,-0.816,0.676,28,4,43778
2026-01-26 14:13:59,43.74,66.75,,,3.104,-0.068,-0.816,0.672,28,4,43779
2026-01-26 14:14:01,43.74,66.73,,,3.104,-0.068,-0.804,0.676,28,4,43780
2026-01-26 14:14:04,43.74,66.78,,,3.104,-0.072,-0.812,0.672,28,4,43781
2026-01-26 14:14:07,43.73,66.75,,,3.111,-0.076,-0.816,0.664,28,4,43782
2026-01-26 14:14:09,43.73,66.75,,,3.111,-0.076,-0.816,0.672,28,4,43783
2026-01-26 14:14:11,43.72,66.77,,,3.111,-0.072,-0.816,0.672,28,4,43784
2026-01-26 14:14:14,43.71,66.77,,,3.111,-0.068,-0.816,0.672,28,4,43785
2026-01-26 14:14:19,43.7,66.77,,,3.111,-0.072,-0.816,0.676,28,4,43787
2026-01-26 14:14:22,43.71,66.77,,,3.111,-0.08,-0.812,0.664,28,4,43788
2026-01-26 14:14:24,43.68,66.75,,,3.111,-0.08,-0.812,0.672,28,4,43789
2026-01-26 14:14:27,43.69,66.79,,,3.111,-0.068,-0.812,0.668,28,4,43790
2026-01-26 14:14:29,43.67,66.77,,,3.111,-0.08,-0.812,0.68,28,4,43791
2026-01-26 14:14:32,43.67,66.77,,,3.111,0.644,-0.716,0.252,29,4,43792
2026-01-26 14:14:35,43.67,66.83,,,3.111,-0.54,-0.42,-0.708,29,4,43793
2026-01-26 14:14:37,43.66,67.06,,,3.111,-0.548,0.552,-0.464,29,4,43794
2026-01-26 14:14:40,43.67,67.05,,,3.111,-0.26,0.672,-0.696,29,4,43795
2026-01-26 14:14:43,43.66,66.89,,,3.111,0.316,-0.608,0.12,29,4,43796
2026-01-26 14:14:45,43.66,66.91,,,3.111,-0.208,0.752,-0.576,29,4,43797
2026-01-26 14:14:48,43.64,66.83,,,3.111,-0.172,0.772,-0.548,29,4,43798
2026-01-26 14:14:50,43.64,66.74,,,3.111,-0.22,0.396,0.908,30,4,43799
2026-01-26 14:14:53,43.64,66.56,,,3.111,0.068,-0.276,0.988,32,4,43800
2026-01-26 14:14:55,43.61,66.36,,,3.111,0.072,-0.26,0.996,32,4,43801
2026-01-26 14:14:58,43.62,66.26,,,3.111,0.044,-0.224,1,32,4,43802
2026-01-26 14:15:00,43.61,66.15,,,3.111,0.048,-0.224,1,32,4,43803
2026-01-26 14:19:15,42.24,65.05,,,3.111,0.04,-0.216,0.988,32,4,43902
2026-01-26 14:19:17,42.26,65.04,,,3.111,0.04,-0.216,1,32,4,43903
2026-01-26 14:19:20,42.23,65.08,,,3.111,0.04,-0.22,1,32,4,43904
2026-01-26 14:19:23,42.24,65.03,,,3.111,0.044,-0.22,0.992,32,4,43905
2026-01-26 14:19:28,42.19,65.06,,,3.111,0.04,-0.216,0.996,32,4,43907
2026-01-26 14:19:30,42.17,65.07,,,3.111,0.048,-0.22,1,32,4,43908
2026-01-26 14:19:33,42.16,65.07,,,3.111,0.036,-0.22,0.992,32,4,43909
2026-01-26 14:19:35,42.14,65.07,,,3.111,0.052,-0.216,1,32,4,43910
2026-01-26 14:19:38,42.13,65.05,,,3.111,0.04,-0.216,0.988,32,4,43911
2026-01-26 14:19:41,42.12,65.07,,,3.111,0.04,-0.22,0.996,32,4,43912
2026-01-26 14:19:43,42.12,65.08,,,3.111,0.044,-0.216,1,32,4,43913
2026-01-26 14:19:46,42.1,65.07,,,3.111,0.044,-0.22,0.996,32,4,43914
2026-01-26 14:19:48,42.09,65.08,,,3.111,0.044,-0.216,0.996,32,4,43915
2026-01-26 14:19:51,42.07,65.07,,,3.111,0.048,-0.216,0.984,32,4,43916
2026-01-26 14:19:54,42.06,65.11,,,3.111,0.044,-0.224,0.992,32,4,43917
2026-01-26 14:19:56,42.04,65.09,,,3.111,0.548,-0.628,-0.548,33,4,43918
2026-01-26 14:19:58,42.04,65.22,,,3.111,-0.448,0.372,-0.672,34,4,43919
2026-01-26 14:20:01,42.03,65.66,,,3.111,0.068,0.224,1.012,34,4,43920
2026-01-26 14:20:03,42,65.8,,,3.111,0.552,0.756,0.216,35,4,43921
2026-01-26 14:20:06,42,65.72,,,3.122,0.44,0.756,0.552,37,4,43922
2026-01-26 14:20:09,41.98,65.7,,,3.122,0.456,0.764,0.548,37,4,43923
2026-01-26 14:20:11,41.96,65.67,,,3.122,0.452,0.764,0.548,37,4,43924
2026-01-26 14:24:31,41.09,66.78,,,3.132,0.452,0.764,0.544,38,4,44025
2026-01-26 14:24:33,41.07,66.79,,,3.132,0.452,0.768,0.544,38,4,44026
2026-01-26 14:24:36,41.05,66.81,,,3.132,0.448,0.764,0.54,38,4,44027
2026-01-26 14:24:39,41.06,66.83,,,3.132,0.46,0.764,0.548,38,4,44028
2026-01-26 14:24:41,41.03,66.81,,,3.132,0.452,0.764,0.548,38,4,44029
2026-01-26 14:24:44,41.05,66.82,,,3.132,0.452,0.768,0.544,38,4,44030
2026-01-26 14:24:46,41.03,66.83,,,3.132,0.452,0.764,0.544,38,4,44031
2026-01-26 14:24:49,41.02,66.83,,,3.132,0.456,0.764,0.552,38,4,44032
2026-01-26 14:24:52,41.03,66.83,,,3.132,0.452,0.76,0.544,38,4,44033
2026-01-26 14:24:54,41.02,66.86,,,3.132,0.452,0.764,0.544,38,4,44034
2026-01-26 14:24:56,41.01,66.85,,,3.132,0.456,0.764,0.552,38,4,44035
2026-01-26 14:24:59,41.01,66.83,,,3.132,0.452,0.764,0.54,38,4,44036
2026-01-26 14:25:02,40.99,66.86,,,3.132,0.452,0.764,0.536,38,4,44037
2026-01-26 14:25:04,40.99,66.85,,,3.132,0.452,0.768,0.536,38,4,44038
2026-01-26 14:25:07,40.98,66.88,,,3.132,0.456,0.764,0.552,38,4,44039
2026-01-26 14:25:09,40.98,66.87,,,3.108,0.452,0.764,0.544,38,4,44040
2026-01-26 14:25:12,40.96,66.86,,,3.108,0.456,0.76,0.544,38,4,44041
2026-01-26 14:25:15,40.96,66.88,,,3.108,0.452,0.76,0.548,38,4,44042
2026-01-26 14:25:17,40.96,66.89,,,3.108,0.448,0.76,0.556,38,4,44043
2026-01-26 14:25:20,40.95,66.9,,,3.108,0.456,0.764,0.552,38,4,44044
2026-01-26 14:25:23,40.96,66.9,,,3.108,0.456,0.768,0.54,38,4,44045
2026-01-26 14:25:28,40.93,66.9,,,3.108,0.456,0.76,0.544,38,4,44047
2026-01-26 14:25:30,40.94,66.9,,,3.108,0.456,0.764,0.548,38,4,44048
2026-01-26 14:25:33,40.92,66.91,,,3.108,0.456,0.768,0.544,38,4,44049
2026-01-26 14:25:36,40.91,66.94,,,3.108,0.464,0.764,0.54,38,4,44050
2026-01-26 14:26:19,40.81,66.39,,,3.136,-0.228,0.724,-0.612,44,4,44067
2026-01-26 14:26:22,40.82,66.33,,,3.136,-0.228,0.732,-0.62,44,4,44068
2026-01-26 14:26:24,40.79,66.27,,,3.136,-0.228,0.724,-0.616,44,4,44069
2026-01-26 14:31:25,40.08,66.25,,,3.118,-0.232,0.724,-0.608,44,4,44186
2026-01-26 14:34:32,39.8,66.5,,,3.129,-0.236,0.728,-0.612,44,4,44259
2026-01-26 14:34:35,39.79,66.49,,,3.129,-0.228,0.732,-0.608,44,4,44260
2026-01-26 14:34:38,39.79,66.51,,,3.129,-0.232,0.732,-0.616,44,4,44261
2026-01-26 14:34:40,39.8,66.5,,,3.129,-0.232,0.728,-0.612,44,4,44262
2026-01-26 14:34:43,39.78,66.49,,,3.129,-0.232,0.732,-0.612,44,4,44263
2026-01-26 14:34:45,39.78,66.51,,,3.129,-0.232,0.728,-0.616,44,4,44264
2026-01-26 14:34:47,39.77,66.5,,,3.129,-0.228,0.728,-0.604,44,4,44265
2026-01-26 14:34:51,39.78,66.52,,,3.129,-0.228,0.728,-0.612,44,4,44266
2026-01-26 14:34:55,39.77,66.52,,,3.129,-0.232,0.72,-0.62,44,4,44268
2026-01-26 14:34:58,39.77,66.52,,,3.129,-0.236,0.716,-0.608,44,4,44269
2026-01-26 14:35:00,39.77,66.52,,,3.129,-0.232,0.728,-0.616,44,4,44270
2026-01-26 14:35:03,39.76,66.52,,,3.129,-0.232,0.728,-0.616,44,4,44271
2026-01-26 14:35:06,39.75,66.53,,,3.129,-0.228,0.72,-0.616,44,4,44272
2026-01-26 14:35:08,39.75,66.55,,,3.129,0.008,0.704,0.728,45,4,44273
2026-01-26 14:35:11,39.74,66.75,,,3.129,0.58,0.224,0.572,45,4,44274
2026-01-26 14:35:13,39.74,67.15,,,3.125,0.252,-1.02,-0.196,45,4,44275
2026-01-26 14:35:16,39.73,67.09,,,3.125,0.06,-0.948,-0.476,48,4,44276
2026-01-26 14:35:19,39.74,66.92,,,3.125,-0.152,-0.6,-0.76,49,4,44277
2026-01-26 14:35:21,39.74,66.8,,,3.125,-0.02,-0.848,-0.572,49,4,44278
2026-01-26 14:35:24,39.72,66.79,,,3.125,-0.016,-0.852,-0.572,49,4,44279
2026-01-26 14:35:26,39.73,66.74,,,3.125,-0.012,-0.856,-0.576,49,4,44280
2026-01-26 14:40:27,39.23,66.36,,,3.132,-0.024,-0.84,-0.572,49,4,44397
2026-01-26 14:45:28,38.76,66.37,,,3.115,-0.012,-0.852,-0.572,49,4,44514
2026-01-26 14:50:28,38.39,66.37,,,3.122,-0.004,-0.848,-0.572,49,4,44631
2026-01-26 14:55:29,38.13,66.45,,,3.132,-0.04,-0.84,-0.584,49,4,44748
2026-01-26 15:00:29,37.92,66.51,,,3.125,-0.02,-0.864,-0.572,49,4,44865
2026-01-26 15:05:30,37.75,66.56,,,3.125,-0.024,-0.856,-0.576,49,4,44982
2026-01-26 15:10:31,37.6,66.64,,,3.122,-0.02,-0.84,-0.584,49,4,45099
2026-01-26 15:15:32,37.49,66.7,,,3.122,-0.024,-0.848,-0.576,49,4,45216
2026-01-26 15:20:32,37.34,66.76,,,3.122,-0.024,-0.848,-0.58,49,4,45333
2026-01-26 15:25:33,37.17,66.86,,,3.122,-0.048,-0.812,-0.604,49,4,45450
2026-01-26 15:30:34,37.03,66.95,,,3.122,-0.036,-0.82,-0.6,49,4,45567
2026-01-26 15:35:34,36.87,67.02,,,3.122,-0.044,-0.812,-0.604,49,4,45684
2026-01-26 15:40:35,36.72,67.13,,,3.122,-0.06,-0.82,-0.612,49,4,45801
2026-01-26 15:45:36,36.62,67.26,,,3.136,-0.028,-0.82,-0.604,49,4,45918
2026-01-26 15:50:37,36.51,67.33,,,3.139,-0.052,-0.816,-0.604,49,4,46035
2026-01-26 15:55:37,36.45,67.41,,,3.136,-0.032,-0.812,-0.6,49,4,46152
2026-01-26 16:00:38,36.41,67.45,,,3.139,-0.04,-0.82,-0.604,49,4,46269
2026-01-26 16:05:38,36.38,67.53,,,3.129,-0.036,-0.824,-0.6,49,4,46386
2026-01-26 16:10:39,36.35,67.58,,,3.136,-0.04,-0.82,-0.6,49,4,46503
2026-01-26 16:15:40,36.29,67.63,,,3.122,-0.044,-0.816,-0.6,49,4,46620
2026-01-26 16:20:40,36.21,67.71,,,3.125,-0.04,-0.82,-0.612,49,4,46737
2026-01-26 16:25:41,36.1,67.86,,,3.118,-0.044,-0.812,-0.608,49,4,46854
2026-01-26 16:30:42,35.97,67.95,,,3.118,-0.04,-0.812,-0.608,49,4,46971
2026-01-26 16:35:43,35.85,68.02,,,3.125,-0.044,-0.816,-0.608,49,4,47088
2026-01-26 16:40:43,35.72,68.13,,,3.118,-0.04,-0.82,-0.62,49,4,47205
2026-01-26 16:45:44,35.64,68.26,,,3.125,-0.044,-0.832,-0.612,49,4,47322
2026-01-26 16:50:45,35.58,68.35,,,3.122,-0.06,-0.812,-0.608,49,4,47439
2026-01-26 16:55:45,35.53,68.43,,,3.129,-0.04,-0.812,-0.608,49,4,47556
2026-01-26 17:00:46,35.52,68.49,,,3.122,-0.036,-0.816,-0.612,49,4,47673
2026-01-26 17:05:47,35.49,68.56,,,3.136,-0.044,-0.824,-0.612,49,4,47790
2026-01-26 17:10:48,35.49,68.64,,,3.125,-0.044,-0.812,-0.604,49,4,47907
2026-01-26 17:15:48,35.44,68.72,,,3.132,-0.044,-0.812,-0.612,49,4,48024
2026-01-26 17:20:49,35.36,68.8,,,3.111,-0.048,-0.812,-0.616,49,4,48141
2026-01-26 17:25:50,35.28,68.89,,,3.136,-0.052,-0.816,-0.612,49,4,48258
2026-01-26 17:30:50,35.18,69.01,,,3.118,-0.044,-0.816,-0.604,49,4,48375
2026-01-26 17:35:51,35.07,69.14,,,3.122,-0.044,-0.812,-0.608,49,4,48492
2026-01-26 17:40:51,34.96,69.25,,,3.132,-0.056,-0.804,-0.608,49,4,48609
2026-01-26 17:45:52,34.87,69.36,,,3.118,-0.02,-0.804,-0.62,49,4,48726
2026-01-26 17:50:53,34.82,69.44,,,3.115,-0.044,-0.816,-0.612,49,4,48843
2026-01-26 17:55:54,34.81,69.52,,,3.118,-0.04,-0.832,-0.608,49,4,48960
2026-01-26 18:00:54,34.8,69.59,,,3.125,-0.048,-0.808,-0.612,49,4,49077
2026-01-26 18:05:55,34.81,69.67,,,3.125,-0.044,-0.82,-0.596,49,4,49194
2026-01-26 18:10:56,34.82,69.71,,,3.129,-0.04,-0.812,-0.604,49,4,49311
2026-01-26 18:15:56,34.79,69.78,,,3.118,-0.048,-0.812,-0.608,49,4,49428
2026-01-26 18:20:57,34.74,69.83,,,3.118,-0.044,-0.824,-0.6,49,4,49545
2026-01-26 18:25:58,34.67,69.92,,,3.129,-0.048,-0.812,-0.608,49,4,49662
2026-01-26 18:30:59,34.57,69.99,,,3.122,-0.044,-0.812,-0.604,49,4,49779
2026-01-26 18:35:59,34.49,70.08,,,3.136,-0.044,-0.816,-0.608,49,4,49896
2026-01-26 18:41:00,34.4,70.22,,,3.122,-0.052,-0.816,-0.616,49,4,50013
2026-01-26 18:46:01,34.35,70.33,,,3.118,-0.044,-0.816,-0.604,49,4,50130
2026-01-26 18:51:01,34.29,70.43,,,3.132,-0.02,-0.808,-0.616,49,4,50247
2026-01-26 18:56:02,34.3,70.5,,,3.129,-0.056,-0.82,-0.616,49,4,50364
2026-01-26 19:01:02,34.32,70.55,,,3.129,-0.052,-0.812,-0.612,49,4,50481
2026-01-26 19:06:03,34.32,70.6,,,3.118,-0.044,-0.812,-0.616,49,4,50598
2026-01-26 19:11:04,34.34,70.67,,,3.129,-0.048,-0.812,-0.608,49,4,50715
2026-01-26 19:16:04,34.35,70.68,,,3.118,-0.04,-0.816,-0.616,49,4,50832
2026-01-26 19:21:05,34.31,70.74,,,3.129,-0.04,-0.808,-0.604,49,4,50949
2026-01-26 19:26:06,34.24,70.83,,,3.125,-0.048,-0.816,-0.608,49,4,51066
2026-01-26 19:31:07,34.16,70.95,,,3.115,-0.044,-0.812,-0.608,49,4,51183
2026-01-26 19:36:07,34.09,71.03,,,3.125,-0.04,-0.816,-0.6,49,4,51300
2026-01-26 19:41:08,34,71.13,,,3.122,-0.044,-0.828,-0.596,49,4,51417
2026-01-26 19:46:09,33.96,71.19,,,3.118,-0.04,-0.828,-0.608,49,4,51534
2026-01-26 19:51:09,33.92,71.31,,,3.118,-0.024,-0.808,-0.612,49,4,51651
2026-01-26 19:56:10,33.94,71.36,,,3.115,-0.04,-0.812,-0.608,49,4,51768
2026-01-26 20:01:11,33.96,71.39,,,3.118,-0.048,-0.824,-0.604,49,4,51885
2026-01-26 20:06:12,33.96,71.42,,,3.118,-0.04,-0.824,-0.608,49,4,52002
2026-01-26 20:11:15,33.99,71.47,,,3.125,-0.04,-0.816,-0.612,49,4,52120
2026-01-26 20:16:15,33.99,71.55,,,3.118,-0.044,-0.812,-0.616,49,4,52237
2026-01-26 20:21:16,33.96,71.61,,,3.129,-0.04,-0.816,-0.608,49,4,52354
2026-01-26 20:26:17,33.9,71.67,,,3.122,-0.044,-0.812,-0.604,49,4,52471
2026-01-26 20:31:17,33.82,71.74,,,3.136,-0.04,-0.82,-0.608,49,4,52588
2026-01-26 20:36:18,33.74,71.82,,,3.115,-0.04,-0.812,-0.612,49,4,52705
2026-01-26 20:41:19,33.67,71.91,,,3.136,-0.044,-0.804,-0.604,49,4,52822
2026-01-26 20:46:19,33.63,72.04,,,3.122,-0.024,-0.808,-0.608,49,4,52939
2026-01-26 20:51:20,33.63,72.13,,,3.136,-0.036,-0.812,-0.612,49,4,53056
2026-01-26 20:56:21,33.62,72.15,,,3.118,-0.06,-0.812,-0.604,49,4,53173
2026-01-26 21:01:22,33.65,72.21,,,3.122,-0.036,-0.808,-0.604,49,4,53290
2026-01-26 21:06:22,33.67,72.24,,,3.122,-0.044,-0.82,-0.604,49,4,53407
2026-01-26 21:11:23,33.73,72.28,,,3.118,-0.044,-0.812,-0.616,49,4,53524
2026-01-26 21:16:24,33.73,72.33,,,3.115,-0.04,-0.812,-0.608,49,4,53641
2026-01-26 21:21:24,33.7,72.38,,,3.132,-0.044,-0.82,-0.608,49,4,53758
2026-01-26 21:26:25,33.65,72.44,,,3.129,-0.044,-0.82,-0.612,49,4,53875
2026-01-26 21:31:25,33.6,72.51,,,3.111,-0.044,-0.82,-0.612,49,4,53992
2026-01-26 21:36:26,33.53,72.6,,,3.111,-0.048,-0.812,-0.608,49,4,54109
2026-01-26 21:41:27,33.46,72.67,,,3.122,-0.052,-0.824,-0.604,49,4,54226
2026-01-26 21:46:28,33.43,72.75,,,3.115,-0.052,-0.808,-0.608,49,4,54343
2026-01-26 21:51:28,33.42,72.83,,,3.122,-0.024,-0.808,-0.612,49,4,54460
2026-01-26 21:56:29,33.44,72.87,,,3.125,-0.056,-0.816,-0.616,49,4,54577
2026-01-26 22:01:30,33.47,72.9,,,3.122,-0.036,-0.816,-0.608,49,4,54694
2026-01-26 22:06:30,33.52,72.93,,,3.115,-0.044,-0.812,-0.612,49,4,54811
2026-01-26 22:11:31,33.57,72.97,,,3.115,-0.04,-0.812,-0.616,49,4,54928
2026-01-26 22:16:32,33.56,73.04,,,3.122,-0.04,-0.812,-0.608,49,4,55045
2026-01-26 22:21:32,33.54,73.08,,,3.132,-0.044,-0.816,-0.608,49,4,55162
2026-01-26 22:26:33,33.49,73.14,,,3.125,-0.04,-0.816,-0.612,49,4,55279
2026-01-26 22:31:34,33.46,73.21,,,3.115,-0.04,-0.812,-0.604,49,4,55396
2026-01-26 22:36:35,33.41,73.25,,,3.125,-0.04,-0.816,-0.612,49,4,55513
2026-01-26 22:41:35,33.34,73.37,,,3.118,-0.016,-0.8,-0.612,49,4,55630
2026-01-26 22:46:36,33.32,73.42,,,3.139,-0.04,-0.816,-0.62,49,4,55747
2026-01-26 22:51:37,33.31,73.5,,,3.118,-0.056,-0.808,-0.616,49,4,55864
2026-01-26 22:56:37,33.32,73.55,,,3.129,-0.04,-0.816,-0.6,49,4,55981
2026-01-26 23:01:38,33.38,73.57,,,3.111,-0.04,-0.82,-0.6,49,4,56098
2026-01-26 23:06:39,33.42,73.6,,,3.108,-0.044,-0.824,-0.608,49,4,56215
2026-01-26 23:11:39,33.46,73.62,,,3.115,-0.048,-0.812,-0.612,49,4,56332
2026-01-26 23:16:40,33.46,73.64,,,3.111,-0.04,-0.82,-0.608,49,4,56449
2026-01-26 23:21:41,33.45,73.71,,,3.122,-0.044,-0.812,-0.62,49,4,56566
2026-01-26 23:26:41,33.42,73.76,,,3.115,-0.036,-0.816,-0.608,49,4,56683
2026-01-26 23:31:42,33.37,73.81,,,3.111,-0.04,-0.812,-0.612,49,4,56800
2026-01-26 23:36:43,33.32,73.89,,,3.125,-0.04,-0.816,-0.62,49,4,56917
2026-01-26 23:41:43,33.26,74,,,3.118,-0.032,-0.808,-0.62,49,4,57034
2026-01-26 23:46:44,33.23,74.06,,,3.122,-0.048,-0.804,-0.612,49,4,57151
2026-01-26 23:51:45,33.23,74.1,,,3.118,-0.044,-0.816,-0.6,49,4,57268
2026-01-26 23:56:46,33.26,74.17,,,3.129,-0.036,-0.808,-0.616,49,4,57385
2026-01-27 00:01:46,33.3,74.17,,,3.115,-0.044,-0.816,-0.604,49,4,57502
2026-01-27 00:06:47,33.34,74.19,,,3.125,-0.036,-0.824,-0.604,49,4,57619
2026-01-27 00:11:48,33.39,74.22,,,3.115,-0.032,-0.812,-0.612,49,4,57736
2026-01-27 00:16:48,33.4,74.23,,,3.132,-0.04,-0.816,-0.612,49,4,57853
2026-01-27 00:21:49,33.38,74.3,,,3.111,-0.044,-0.812,-0.612,49,4,57970
2026-01-27 00:26:49,33.33,74.35,,,3.132,-0.04,-0.812,-0.616,49,4,58087
2026-01-27 00:31:50,33.3,74.43,,,3.122,-0.044,-0.824,-0.604,49,4,58204
2026-01-27 00:36:51,33.24,74.5,,,3.118,-0.036,-0.812,-0.616,49,4,58321
2026-01-27 00:41:51,33.2,74.59,,,3.125,-0.036,-0.804,-0.608,49,4,58438
2026-01-27 00:46:52,33.17,74.65,,,3.115,-0.036,-0.824,-0.6,49,4,58555
2026-01-27 00:51:53,33.16,74.7,,,3.118,-0.044,-0.828,-0.608,49,4,58672
2026-01-27 00:56:54,33.19,74.74,,,3.136,-0.052,-0.8,-0.612,49,4,58789
2026-01-27 01:01:54,33.23,74.77,,,3.118,-0.04,-0.832,-0.616,49,4,58906
2026-01-27 01:06:55,33.28,74.76,,,3.125,-0.036,-0.824,-0.604,49,4,59023
2026-01-27 01:11:56,33.33,74.78,,,3.132,-0.044,-0.812,-0.608,49,4,59140
2026-01-27 01:16:56,33.34,74.83,,,3.118,-0.036,-0.812,-0.608,49,4,59257
2026-01-27 01:21:57,33.32,74.86,,,3.115,-0.044,-0.812,-0.616,49,4,59374
2026-01-27 01:26:58,33.29,74.92,,,3.122,-0.04,-0.808,-0.612,49,4,59491
2026-01-27 01:31:59,33.23,74.98,,,3.118,-0.04,-0.812,-0.604,49,4,59608
2026-01-27 01:36:59,33.17,75.03,,,3.129,-0.04,-0.812,-0.604,49,4,59725
2026-01-27 01:42:00,33.12,75.14,,,3.115,-0.044,-0.808,-0.604,49,4,59842
2026-01-27 01:47:01,33.11,75.18,,,3.122,-0.024,-0.804,-0.612,49,4,59959
2026-01-27 01:52:01,33.12,75.24,,,3.115,-0.044,-0.82,-0.608,49,4,60076
2026-01-27 01:57:02,33.14,75.26,,,3.118,-0.052,-0.812,-0.616,49,4,60193
2026-01-27 02:02:02,33.18,75.28,,,3.132,-0.032,-0.812,-0.616,49,4,60310
2026-01-27 02:07:03,33.24,75.32,,,3.118,-0.044,-0.812,-0.62,49,4,60427
2026-01-27 02:12:04,33.28,75.32,,,3.118,-0.04,-0.812,-0.616,49,4,60544
2026-01-27 02:17:05,33.28,75.35,,,3.111,-0.036,-0.808,-0.604,49,4,60661
2026-01-27 02:22:05,33.24,75.4,,,3.125,-0.04,-0.812,-0.62,49,4,60778
2026-01-27 02:27:06,33.22,75.45,,,3.129,-0.044,-0.82,-0.604,49,4,60895
2026-01-27 02:32:07,33.17,75.51,,,3.129,-0.036,-0.812,-0.604,49,4,61012
2026-01-27 02:37:07,33.13,75.57,,,3.115,-0.04,-0.824,-0.616,49,4,61129
2026-01-27 02:42:08,33.08,75.65,,,3.111,-0.036,-0.808,-0.604,49,4,61246
2026-01-27 02:47:09,33.07,75.72,,,3.122,-0.048,-0.8,-0.612,49,4,61363
2026-01-27 02:52:10,33.1,75.75,,,3.115,-0.044,-0.832,-0.612,49,4,61480
2026-01-27 02:57:10,33.11,75.8,,,3.122,-0.048,-0.824,-0.608,49,4,61597
2026-01-27 03:02:11,33.16,75.79,,,3.122,-0.028,-0.816,-0.608,49,4,61714
2026-01-27 03:07:12,33.21,75.81,,,3.115,-0.02,-0.804,-0.612,49,4,61831
2026-01-27 03:12:12,33.25,75.83,,,3.122,-0.044,-0.816,-0.616,49,4,61948
2026-01-27 03:17:13,33.28,75.88,,,3.129,-0.036,-0.82,-0.612,49,4,62065
2026-01-27 03:22:13,33.26,75.89,,,3.115,-0.04,-0.812,-0.612,49,4,62182
2026-01-27 03:27:14,33.24,75.96,,,3.132,-0.036,-0.808,-0.608,49,4,62299
2026-01-27 03:32:15,33.17,76.03,,,3.125,-0.04,-0.812,-0.612,49,4,62416
2026-01-27 03:37:15,33.14,76.1,,,3.115,-0.036,-0.812,-0.608,49,4,62533
2026-01-27 03:42:16,33.1,76.14,,,3.125,-0.044,-0.832,-0.612,49,4,62650
2026-01-27 03:47:17,33.1,76.22,,,3.108,-0.056,-0.812,-0.612,49,4,62767
2026-01-27 03:52:18,33.1,76.24,,,3.125,-0.048,-0.82,-0.608,49,4,62884
2026-01-27 03:57:19,33.13,76.26,,,3.129,-0.04,-0.824,-0.616,49,4,63001
2026-01-27 04:02:19,33.17,76.28,,,3.129,-0.032,-0.832,-0.612,49,4,63118
2026-01-27 04:07:20,33.23,76.31,,,3.111,-0.048,-0.808,-0.608,49,4,63235
2026-01-27 04:12:20,33.27,76.3,,,3.115,-0.032,-0.812,-0.608,49,4,63352
2026-01-27 04:17:21,33.28,76.33,,,3.122,-0.036,-0.816,-0.608,49,4,63469
2026-01-27 04:22:22,33.28,76.37,,,3.122,-0.048,-0.816,-0.608,49,4,63586
2026-01-27 04:27:23,33.24,76.43,,,3.111,-0.04,-0.812,-0.612,49,4,63703
2026-01-27 04:32:23,33.21,76.45,,,3.115,-0.04,-0.816,-0.608,49,4,63820
2026-01-27 04:37:24,33.17,76.55,,,3.122,-0.04,-0.816,-0.616,49,4,63937
2026-01-27 04:42:25,33.13,76.61,,,3.125,-0.04,-0.812,-0.616,49,4,64054
2026-01-27 04:47:25,33.11,76.66,,,3.115,-0.04,-0.82,-0.612,49,4,64171
2026-01-27 04:52:26,33.11,76.7,,,3.125,-0.036,-0.804,-0.616,49,4,64288
2026-01-27 04:57:26,33.16,76.73,,,3.111,-0.016,-0.808,-0.608,49,4,64405
2026-01-27 05:02:27,33.2,76.75,,,3.122,-0.04,-0.812,-0.604,49,4,64522
2026-01-27 05:07:28,33.25,76.75,,,3.115,-0.036,-0.812,-0.616,49,4,64639
2026-01-27 05:12:29,33.31,76.75,,,3.118,-0.036,-0.816,-0.612,49,4,64756
2026-01-27 05:17:29,33.33,76.78,,,3.115,-0.036,-0.812,-0.608,49,4,64873
2026-01-27 05:22:30,33.3,76.83,,,3.118,-0.032,-0.816,-0.612,49,4,64990
2026-01-27 05:27:31,33.27,76.88,,,3.125,-0.036,-0.812,-0.616,49,4,65107
2026-01-27 05:32:31,33.25,76.93,,,3.115,-0.036,-0.816,-0.612,49,4,65224
2026-01-27 05:37:32,33.21,76.98,,,3.132,-0.044,-0.812,-0.616,49,4,65341
2026-01-27 05:42:33,33.17,77.03,,,3.129,-0.04,-0.828,-0.604,49,4,65458
2026-01-27 05:47:34,33.15,77.08,,,3.125,-0.016,-0.808,-0.608,49,4,40
2026-01-27 05:52:34,33.16,77.13,,,3.115,-0.044,-0.804,-0.612,49,4,157
2026-01-27 05:57:35,33.2,77.15,,,3.136,-0.036,-0.804,-0.62,49,4,274
2026-01-27 06:02:36,33.25,77.14,,,3.129,-0.036,-0.816,-0.604,49,4,391
2026-01-27 06:07:36,33.31,77.18,,,3.125,-0.052,-0.808,-0.608,49,4,508
2026-01-27 06:12:37,33.34,77.17,,,3.118,-0.036,-0.808,-0.612,49,4,625
2026-01-27 06:17:37,33.36,77.21,,,3.111,-0.036,-0.816,-0.612,49,4,742
2026-01-27 06:22:38,33.36,77.27,,,3.118,-0.04,-0.808,-0.608,49,4,859
2026-01-27 06:27:39,33.32,77.29,,,3.111,-0.032,-0.808,-0.616,49,4,976
2026-01-27 06:32:39,33.29,77.36,,,3.125,-0.028,-0.82,-0.616,49,4,1093
2026-01-27 06:37:40,33.26,77.38,,,3.118,-0.036,-0.816,-0.616,49,4,1210
2026-01-27 06:42:41,33.24,77.47,,,3.125,-0.032,-0.824,-0.612,49,4,1327
2026-01-27 06:47:42,33.21,77.53,,,3.111,-0.044,-0.82,-0.62,49,4,1444
2026-01-27 06:52:42,33.24,77.53,,,3.115,-0.044,-0.804,-0.624,49,4,1561
2026-01-27 06:57:43,33.28,77.55,,,3.118,-0.024,-0.812,-0.616,49,4,1678
2026-01-27 07:02:44,33.34,77.57,,,3.129,-0.036,-0.82,-0.604,49,4,1795
2026-01-27 07:07:44,33.4,77.6,,,3.132,-0.048,-0.808,-0.612,49,4,1912
2026-01-27 07:12:45,33.45,77.59,,,3.125,-0.032,-0.816,-0.612,49,4,2029
2026-01-27 07:17:46,33.46,77.6,,,3.115,-0.036,-0.82,-0.612,49,4,2146
2026-01-27 07:22:47,33.46,77.67,,,3.125,-0.04,-0.816,-0.616,49,4,2263
2026-01-27 07:27:48,33.42,77.7,,,3.125,-0.036,-0.812,-0.608,49,4,2380
2026-01-27 07:32:50,33.39,77.73,,,3.136,-0.04,-0.82,-0.608,49,4,2498
2026-01-27 07:37:51,33.37,77.79,,,3.118,-0.032,-0.816,-0.62,49,4,2615
2026-01-27 07:42:52,33.33,77.85,,,3.108,-0.024,-0.816,-0.604,49,4,2732
2026-01-27 07:47:52,33.48,80.28,,,3.118,0.708,-0.384,0.664,54,4,2849
2026-01-27 07:52:53,34.49,81.57,,,3.111,0.552,-0.356,0.8,56,4,2966
2026-01-27 07:57:54,35.07,81.83,,,3.122,0.56,-0.352,0.796,56,4,3083
2026-01-27 08:02:54,35.42,81.95,,,3.136,0.556,-0.344,0.82,56,4,3200
2026-01-27 08:07:55,35.66,82.04,,,3.122,0.552,-0.372,0.824,56,4,3317
2026-01-27 08:12:56,35.77,82.02,,,3.115,0.544,-0.364,0.816,56,4,3434
2026-01-27 08:17:57,35.85,82.06,,,3.122,0.56,-0.368,0.812,56,4,3551
2026-01-27 08:22:57,35.88,82.13,,,3.132,0.548,-0.36,0.804,56,4,3668
2026-01-27 08:27:58,35.91,82.22,,,3.122,0.552,-0.368,0.808,56,4,3785
2026-01-27 08:32:59,35.94,82.37,,,3.122,0.548,-0.364,0.808,56,4,3902
2026-01-27 08:37:59,35.98,82.47,,,3.115,0.544,-0.364,0.804,56,4,4019
2026-01-27 08:43:00,36.03,82.6,,,3.111,0.54,-0.384,0.82,56,4,4136
2026-01-27 08:48:01,36.16,82.83,,,3.125,0.548,-0.344,0.816,56,4,4253
2026-01-27 08:53:02,36.24,83,,,3.118,0.556,-0.356,0.796,56,4,4370
2026-01-27 08:58:02,36.35,83.07,,,3.118,0.548,-0.356,0.796,56,4,4487
2026-01-27 09:03:02,36.39,83.15,,,3.125,0.548,-0.368,0.84,56,4,4604
2026-01-27 09:08:03,36.42,83.28,,,3.125,0.548,-0.384,0.824,56,4,4721
2026-01-27 09:13:04,36.46,83.31,,,3.139,0.548,-0.364,0.816,56,4,4838
2026-01-27 09:18:05,36.46,83.32,,,3.125,0.548,-0.36,0.808,56,4,4955
2026-01-27 09:23:05,36.45,83.39,,,3.136,0.548,-0.364,0.812,56,4,5072
2026-01-27 09:28:06,36.44,83.48,,,3.122,0.544,-0.372,0.808,56,4,5189
2026-01-27 09:33:07,36.46,83.54,,,3.132,0.552,-0.368,0.812,56,4,5306
2026-01-27 09:38:07,36.49,83.65,,,3.125,0.552,-0.36,0.812,56,4,5423
2026-01-27 09:43:08,36.53,83.78,,,3.118,0.556,-0.384,0.804,56,4,5540
2026-01-27 09:48:09,36.63,83.98,,,3.129,0.548,-0.384,0.828,56,4,5657
2026-01-27 09:53:10,36.71,84.06,,,3.122,0.544,-0.396,0.816,56,4,5774
2026-01-27 09:58:10,36.79,84.14,,,3.122,0.552,-0.348,0.832,56,4,5891
2026-01-27 10:03:11,36.81,84.16,,,3.125,0.544,-0.388,0.82,56,4,6008
2026-01-27 10:08:12,36.83,84.26,,,3.118,0.552,-0.392,0.816,56,4,6125
2026-01-27 10:13:15,36.84,84.3,,,3.125,0.552,-0.364,0.808,56,4,6243
2026-01-27 10:18:16,36.83,84.31,,,3.118,0.556,-0.372,0.812,56,4,6360
2026-01-27 10:23:16,36.8,84.34,,,3.118,0.54,-0.36,0.808,56,4,6477
2026-01-27 10:28:17,36.83,84.41,,,3.136,0.552,-0.364,0.808,56,4,6594
2026-01-27 10:33:17,36.82,84.48,,,3.132,0.552,-0.364,0.812,56,4,6711
2026-01-27 10:38:18,36.85,84.48,,,3.118,0.548,-0.368,0.812,56,4,6828
2026-01-27 10:43:19,36.89,84.62,,,3.122,0.544,-0.4,0.82,56,4,6945
2026-01-27 10:48:20,36.97,84.76,,,3.136,0.548,-0.392,0.816,56,4,7062
2026-01-27 10:53:20,37.07,84.8,,,3.118,0.548,-0.368,0.832,56,4,7179
2026-01-27 10:58:21,37.11,84.82,,,3.139,0.552,-0.348,0.808,56,4,7296
2026-01-27 11:03:22,37.14,84.84,,,3.111,0.548,-0.352,0.828,56,4,7413
2026-01-27 11:08:22,37.14,84.88,,,3.118,0.556,-0.344,0.796,56,4,7530
2026-01-27 11:13:23,37.12,84.84,,,3.125,0.556,-0.364,0.816,56,4,7647
2026-01-27 11:18:24,37.1,84.86,,,3.118,0.548,-0.364,0.82,56,4,7764
2026-01-27 11:23:25,37.06,84.9,,,3.125,0.548,-0.364,0.812,56,4,7881
2026-01-27 11:28:25,37.07,84.97,,,3.129,0.548,-0.364,0.812,56,4,7998
2026-01-27 11:33:26,37.08,85.05,,,3.122,0.548,-0.36,0.812,56,4,8115
2026-01-27 11:38:27,37.1,85.04,,,3.129,0.552,-0.364,0.816,56,4,8232
2026-01-27 11:43:27,37.14,85.19,,,3.125,0.556,-0.364,0.824,56,4,8349
2026-01-27 11:48:28,37.27,85.3,,,3.122,0.548,-0.368,0.8,56,4,8466
2026-01-27 11:53:28,37.34,85.31,,,3.118,0.544,-0.38,0.804,56,4,8583
2026-01-27 11:58:29,37.39,85.31,,,3.118,0.56,-0.328,0.808,56,4,8700
2026-01-27 12:03:30,37.39,85.31,,,3.122,0.548,-0.408,0.824,56,4,8817
2026-01-27 12:08:31,37.41,85.35,,,3.129,0.544,-0.396,0.812,56,4,8934
2026-01-27 12:13:34,37.39,85.32,,,3.136,0.548,-0.364,0.816,56,4,9052
2026-01-27 12:18:35,37.34,85.31,,,3.136,0.552,-0.376,0.82,56,4,9169
2026-01-27 12:23:35,37.34,85.36,,,3.132,0.552,-0.36,0.82,56,4,9286
2026-01-27 12:28:36,37.34,85.36,,,3.129,0.548,-0.36,0.816,56,4,9403
2026-01-27 12:33:37,37.38,85.42,,,3.129,0.548,-0.372,0.816,56,4,9520
2026-01-27 12:38:37,37.4,85.45,,,3.136,0.552,-0.368,0.82,56,4,9637
2026-01-27 12:43:38,37.48,85.56,,,3.125,0.548,-0.396,0.828,56,4,9754
2026-01-27 12:48:39,37.58,85.61,,,3.136,0.556,-0.36,0.824,56,4,9871
2026-01-27 12:53:40,37.68,85.65,,,3.132,0.552,-0.344,0.796,56,4,9988
2026-01-27 12:58:40,37.72,85.68,,,3.125,0.544,-0.404,0.816,56,4,10105
2026-01-27 13:03:41,37.71,85.68,,,3.118,0.544,-0.352,0.8,56,4,10222
2026-01-27 13:08:42,37.73,85.67,,,3.118,0.544,-0.396,0.82,56,4,10339
2026-01-27 13:13:42,37.71,85.63,,,3.125,0.552,-0.368,0.816,56,4,10456
2026-01-27 13:18:43,37.67,85.65,,,3.129,0.54,-0.364,0.812,56,4,10573
2026-01-27 13:23:43,37.64,85.65,,,3.132,0.556,-0.36,0.812,56,4,10690
2026-01-27 13:28:44,37.64,85.73,,,3.122,0.552,-0.372,0.82,56,4,10807
2026-01-27 13:33:45,37.69,86.47,,,3.129,0.48,0.008,0.912,57,4,10924
2026-01-27 13:38:45,38.27,86.81,,,3.125,0.48,0.016,0.916,57,4,11041
2026-01-27 13:43:46,38.88,87.25,,,3.129,0.492,-0.012,0.924,57,4,11158
2026-01-27 13:48:47,39.48,87.07,,,3.118,0.472,0.012,0.912,57,4,11275
2026-01-27 13:53:48,39.92,86.93,,,3.122,0.472,-0.012,0.916,57,4,11392
2026-01-27 13:58:48,40.25,86.8,,,3.132,0.48,0.004,0.908,57,4,11509
2026-01-27 14:03:49,40.5,86.67,,,3.139,0.496,0.004,0.92,57,4,11626
2026-01-27 14:08:50,40.71,86.59,,,3.129,0.476,-0.008,0.908,57,4,11743
2026-01-27 14:13:50,40.71,86.06,,,3.139,0.48,0.008,0.912,57,4,11860
2026-01-27 14:18:51,40.58,85.99,,,3.125,0.484,0.02,0.916,57,4,11977
2026-01-27 14:23:52,40.46,85.97,,,3.129,0.484,-0.004,0.92,57,4,12094
2026-01-27 14:28:53,40.34,85.95,,,3.132,0.484,0.004,0.916,57,4,12211
2026-01-27 14:33:53,40.23,85.96,,,3.125,0.484,0.008,0.916,57,4,12328
2026-01-27 14:38:54,40.16,85.98,,,3.125,0.484,0.004,0.912,57,4,12445
2026-01-27 14:43:54,40.24,86.54,,,3.125,0.488,0.052,0.912,57,4,12562
2026-01-27 14:48:55,40.5,86.53,,,3.125,0.5,-0.008,0.928,57,4,12679
2026-01-27 14:53:56,40.74,86.53,,,3.136,0.504,-0.008,0.924,57,4,12796
2026-01-27 14:58:56,40.94,86.46,,,3.125,0.492,0.04,0.912,57,4,12913
2026-01-27 15:03:57,41.08,86.34,,,3.129,0.48,0.012,0.916,57,4,13030
2026-01-27 15:08:58,41.17,86.24,,,3.143,0.496,0.048,0.916,57,4,13147
2026-01-27 15:13:59,41.11,85.64,,,3.125,0.488,0.008,0.92,57,4,13264
2026-01-27 15:18:59,40.89,85.54,,,3.143,0.48,0.012,0.916,57,4,13381
2026-01-27 15:24:00,40.71,85.52,,,3.118,0.484,0.008,0.916,57,4,13498
2026-01-27 15:29:01,40.55,85.55,,,3.139,0.484,0.016,0.92,57,4,13615
2026-01-27 15:34:01,40.4,85.62,,,3.118,0.484,0.008,0.912,57,4,13732
2026-01-27 15:39:02,40.32,85.68,,,3.132,0.488,0.008,0.92,57,4,13849
2026-01-27 15:44:03,40.39,86.41,,,3.125,0.476,0,0.9,57,4,13966
2026-01-27 15:49:04,40.64,86.49,,,3.122,0.472,-0.004,0.904,57,4,14083
2026-01-27 15:54:04,40.87,86.49,,,3.129,0.488,0.052,0.916,57,4,14200
2026-01-27 15:59:05,41.07,86.4,,,3.129,0.496,0.04,0.916,57,4,14317
2026-01-27 16:04:05,41.21,86.31,,,3.129,0.484,0.044,0.916,57,4,14434
2026-01-27 16:09:06,41.31,86.22,,,3.129,0.468,-0.004,0.904,57,4,14551
2026-01-27 16:14:07,41.23,85.61,,,3.125,0.488,0.008,0.916,57,4,14668
2026-01-27 16:19:07,41.02,85.47,,,3.122,0.488,0.016,0.912,57,4,14785
2026-01-27 16:24:08,40.82,85.5,,,3.129,0.496,0.008,0.912,57,4,14902
2026-01-27 16:29:09,40.67,85.51,,,3.139,0.484,0.008,0.916,57,4,15019
2026-01-27 16:34:10,40.53,85.56,,,3.125,0.488,0.004,0.92,57,4,15136
2026-01-27 16:39:11,40.43,85.67,,,3.139,0.484,0.008,0.908,57,4,15253
2026-01-27 16:44:11,40.53,86.44,,,3.129,0.48,-0.016,0.916,57,4,15370
2026-01-27 16:49:12,40.76,86.47,,,3.132,0.468,0,0.908,57,4,15487
2026-01-27 16:54:16,40.98,86.48,,,3.125,0.472,-0.012,0.9,57,4,15605
2026-01-27 16:59:18,41.18,86.38,,,3.129,0.472,0.004,0.912,57,4,15723
2026-01-27 17:04:19,41.29,86.25,,,3.129,0.468,-0.012,0.908,57,4,15840
2026-01-27 17:09:19,41.37,86.08,,,3.139,0.492,0.012,0.916,57,4,15957
2026-01-27 17:14:20,41.28,85.51,,,3.125,0.488,0,0.908,57,4,16074
2026-01-27 17:19:21,41.07,85.35,,,3.136,0.492,0.012,0.908,57,4,16191
2026-01-27 17:24:21,40.87,85.33,,,3.132,0.488,0.016,0.904,57,4,16308
2026-01-27 17:29:22,40.71,85.41,,,3.129,0.488,0.008,0.904,57,4,16425
2026-01-27 17:34:23,40.56,85.47,,,3.129,0.496,0.008,0.916,57,4,16542
2026-01-27 17:39:24,40.46,85.52,,,3.143,0.492,0.04,0.912,57,4,16659
2026-01-27 17:44:24,40.56,86.3,,,3.129,0.48,-0.004,0.916,57,4,16776
2026-01-27 17:49:25,40.79,86.32,,,3.143,0.516,-0.004,0.92,57,4,16893
2026-01-27 17:54:26,41.01,86.25,,,3.132,0.48,0.004,0.9,57,4,17010
2026-01-27 17:59:26,41.19,86.15,,,3.125,0.468,0.008,0.908,57,4,17127
2026-01-27 18:04:27,41.32,86,,,3.139,0.492,-0.024,0.92,57,4,17244
2026-01-27 18:09:28,41.38,85.87,,,3.132,0.492,0.004,0.912,57,4,17361
2026-01-27 18:14:29,41.28,85.25,,,3.139,0.488,0.008,0.916,57,4,17478
2026-01-27 18:19:29,41.05,85.17,,,3.132,0.492,0.016,0.912,57,4,17595
2026-01-27 18:24:30,40.85,85.17,,,3.146,0.496,0.012,0.904,57,4,17712
2026-01-27 18:29:31,40.68,85.2,,,3.129,0.488,0.008,0.912,57,4,17829
2026-01-27 18:34:31,40.53,85.29,,,3.132,0.488,0.016,0.908,57,4,17946
2026-01-27 18:39:32,40.43,85.35,,,3.132,0.484,-0.004,0.908,57,4,18063
2026-01-27 18:44:32,40.53,86.09,,,3.136,0.5,0.044,0.924,57,4,18180
2026-01-27 18:49:33,40.75,86.1,,,3.132,0.488,-0.016,0.912,57,4,18297
2026-01-27 18:54:34,40.96,86.05,,,3.136,0.496,-0.024,0.908,57,4,18414
2026-01-27 18:59:35,41.13,85.94,,,3.125,0.488,-0.012,0.908,57,4,18531
2026-01-27 19:04:35,41.23,85.78,,,3.132,0.492,0.004,0.908,57,4,18648
2026-01-27 19:09:36,41.29,85.66,,,3.129,0.496,0.008,0.916,57,4,18765
2026-01-27 19:14:37,41.17,85.09,,,3.132,0.492,0.008,0.912,57,4,18882
2026-01-27 19:19:37,40.96,85.04,,,3.139,0.492,0.012,0.912,57,4,18999
2026-01-27 19:24:38,40.74,85.06,,,3.129,0.492,0.016,0.912,57,4,19116
2026-01-27 19:29:39,40.57,85.06,,,3.143,0.488,0.008,0.912,57,4,19233
2026-01-27 19:34:40,40.45,85.18,,,3.136,0.492,0.008,0.916,57,4,19350
2026-01-27 19:39:40,40.33,85.26,,,3.125,0.476,-0.004,0.924,57,4,19467
2026-01-27 19:44:41,40.43,85.83,,,3.129,0.484,-0.004,0.908,57,4,19584
2026-01-27 19:49:42,40.63,85.89,,,3.139,0.488,-0.012,0.92,57,4,19701
2026-01-27 19:54:42,40.85,85.8,,,3.129,0.508,0.012,0.92,57,4,19818
2026-01-27 19:59:43,41.01,85.72,,,3.132,0.484,0.012,0.904,57,4,19935
2026-01-27 20:04:43,41.1,85.59,,,3.129,0.476,0.008,0.912,57,4,20052
2026-01-27 20:09:44,41.16,85.46,,,3.139,0.488,0.012,0.916,57,4,20169
2026-01-27 20:14:45,41.03,84.92,,,3.132,0.492,0.008,0.912,57,4,20286
2026-01-27 20:19:45,40.82,84.94,,,3.129,0.488,0.008,0.916,57,4,20403
2026-01-27 20:24:46,40.62,84.95,,,3.125,0.492,0.008,0.908,57,4,20520
2026-01-27 20:29:47,40.46,84.99,,,3.129,0.496,0.012,0.912,57,4,20637
2026-01-27 20:34:48,40.32,85.1,,,3.132,0.496,0.008,0.908,57,4,20754
2026-01-27 20:39:48,40.19,85.17,,,3.132,0.492,0.016,0.908,57,4,20871
2026-01-27 20:44:49,40.3,85.64,,,3.129,0.504,-0.024,0.916,57,4,20988
2026-01-27 20:49:50,40.5,85.7,,,3.136,0.468,0.004,0.908,57,4,21105
2026-01-27 20:54:51,40.7,85.64,,,3.125,0.484,0,0.912,57,4,21222
2026-01-27 20:59:51,40.85,85.56,,,3.139,0.512,0.008,0.92,57,4,21339
2026-01-27 21:04:52,40.95,85.46,,,3.129,0.492,0.004,0.904,57,4,21456
2026-01-27 21:09:53,40.99,85.31,,,3.143,0.488,0.008,0.92,57,4,21573
2026-01-27 21:14:53,40.85,84.82,,,3.132,0.488,0.004,0.912,57,4,21690
2026-01-27 21:19:54,40.64,84.85,,,3.136,0.492,0.004,0.916,57,4,21807
2026-01-27 21:24:54,40.44,84.88,,,3.132,0.492,0.012,0.912,57,4,21924
2026-01-27 21:29:55,40.27,84.92,,,3.129,0.496,0.008,0.912,57,4,22041
2026-01-27 21:34:56,40.15,85.02,,,3.129,0.496,0.012,0.908,57,4,22158
2026-01-27 21:39:56,40.03,85.16,,,3.129,0.476,0.008,0.896,57,4,22275
2026-01-27 21:44:57,40.12,85.49,,,3.136,0.484,0,0.912,57,4,22392
2026-01-27 21:49:58,40.33,85.54,,,3.139,0.5,0.024,0.908,57,4,22509
2026-01-27 21:54:59,40.53,85.56,,,3.132,0.508,-0.008,0.92,57,4,22626
2026-01-27 21:59:59,40.67,85.42,,,3.132,0.488,0.008,0.908,57,4,22743
2026-01-27 22:05:00,40.75,85.27,,,3.132,0.484,-0.016,0.916,57,4,22860
2026-01-27 22:10:01,40.82,85.15,,,3.132,0.492,0.016,0.912,57,4,22977
2026-01-27 22:15:01,40.67,84.77,,,3.139,0.496,0.012,0.908,57,4,23094
2026-01-27 22:20:02,40.44,84.77,,,3.132,0.488,0.004,0.908,57,4,23211
2026-01-27 22:25:03,40.25,84.8,,,3.136,0.492,0.012,0.904,57,4,23328
2026-01-27 22:30:04,40.1,84.86,,,3.132,0.496,0.012,0.916,57,4,23445
2026-01-27 22:35:04,39.98,84.97,,,3.136,0.492,0.012,0.912,57,4,23562
2026-01-27 22:40:05,39.85,85.06,,,3.125,0.488,0.008,0.9,57,4,23679
2026-01-27 22:45:05,39.97,85.44,,,3.129,0.504,0.036,0.908,57,4,23796
2026-01-27 22:50:06,40.17,85.49,,,3.132,0.5,0.032,0.924,57,4,23913
2026-01-27 22:55:07,40.37,85.43,,,3.132,0.484,-0.02,0.908,57,4,24030
2026-01-27 23:00:07,40.51,85.34,,,3.129,0.504,0.008,0.916,57,4,24147
2026-01-27 23:05:08,40.6,85.2,,,3.132,0.504,-0.012,0.92,57,4,24264
2026-01-27 23:10:09,40.64,85.03,,,3.136,0.488,0.012,0.908,57,4,24381
2026-01-27 23:15:10,40.5,84.69,,,3.139,0.496,0.012,0.908,57,4,24498
2026-01-27 23:20:10,40.29,84.73,,,3.132,0.496,0.012,0.908,57,4,24615
2026-01-27 23:25:11,40.06,84.78,,,3.136,0.492,0.02,0.912,57,4,24732
2026-01-27 23:30:12,39.92,84.82,,,3.129,0.496,0.012,0.916,57,4,24849
2026-01-27 23:35:12,39.78,84.92,,,3.136,0.492,0.008,0.912,57,4,24966
2026-01-27 23:40:13,39.68,85.04,,,3.125,0.504,0.012,0.924,57,4,25083
2026-01-27 23:45:14,39.79,85.36,,,3.132,0.504,0.032,0.92,57,4,25200
2026-01-27 23:50:15,40,85.44,,,3.143,0.484,0.004,0.916,57,4,25317
2026-01-27 23:55:15,40.17,85.43,,,3.143,0.496,-0.012,0.908,57,4,25434
2026-01-28 00:00:16,40.3,85.35,,,3.136,0.5,-0.016,0.9,57,4,25551
2026-01-28 00:05:16,40.38,85.28,,,3.143,0.476,0.012,0.912,57,4,25668
2026-01-28 00:10:17,40.43,85.13,,,3.129,0.492,0.004,0.912,57,4,25785
2026-01-28 00:15:18,40.27,84.79,,,3.136,0.496,0.008,0.912,57,4,25902
2026-01-28 00:20:18,40.07,84.81,,,3.139,0.496,0.004,0.912,57,4,26019
2026-01-28 00:25:19,39.86,84.91,,,3.136,0.492,0.004,0.912,57,4,26136
2026-01-28 00:30:20,39.71,84.98,,,3.125,0.492,0.012,0.916,57,4,26253
2026-01-28 00:35:21,39.6,85.07,,,3.139,0.496,0.004,0.916,57,4,26370
2026-01-28 00:40:21,39.5,85.27,,,3.136,0.496,-0.004,0.908,57,4,26487
2026-01-28 00:45:23,39.6,85.58,,,3.143,0.48,0.008,0.912,57,4,26604
2026-01-28 00:50:25,39.82,85.62,,,3.129,0.476,0.004,0.904,57,4,26722
2026-01-28 00:55:26,39.98,85.62,,,3.132,0.496,0.02,0.924,57,4,26839
2026-01-28 01:00:27,40.11,85.51,,,3.143,0.508,0.024,0.908,57,4,26956
2026-01-28 01:05:27,40.22,85.41,,,3.132,0.496,0.024,0.928,57,4,27073
2026-01-28 01:10:28,40.24,85.24,,,3.139,0.496,0.008,0.912,57,4,27190
2026-01-28 01:15:29,40.1,84.91,,,3.136,0.492,0.016,0.904,57,4,27307
2026-01-28 01:20:30,39.87,84.93,,,3.146,0.496,0.012,0.908,57,4,27424
2026-01-28 01:25:30,39.69,85.06,,,3.139,0.496,0.004,0.912,57,4,27541
2026-01-28 01:30:31,39.54,85.12,,,3.125,0.496,0.012,0.908,57,4,27658
2026-01-28 01:35:31,39.44,85.2,,,3.129,0.504,0.012,0.908,57,4,27775
2026-01-28 01:40:32,39.35,85.41,,,3.129,0.488,0.008,0.912,57,4,27892
2026-01-28 01:45:33,39.47,85.69,,,3.132,0.5,0.02,0.904,57,4,28009
2026-01-28 01:50:33,39.67,85.72,,,3.132,0.504,0.032,0.904,57,4,28126
2026-01-28 01:55:34,39.82,85.7,,,3.136,0.5,-0.008,0.904,57,4,28243
2026-01-28 02:00:35,39.96,85.59,,,3.132,0.5,-0.012,0.912,57,4,28360
2026-01-28 02:05:36,40.06,85.49,,,3.129,0.476,0,0.908,57,4,28477
2026-01-28 02:10:36,40.1,85.33,,,3.136,0.496,0.008,0.908,57,4,28594
2026-01-28 02:15:37,39.94,85.02,,,3.136,0.496,0.012,0.904,57,4,28711
2026-01-28 02:20:38,39.74,85.07,,,3.132,0.496,0.008,0.908,57,4,28828
2026-01-28 02:25:38,39.57,85.18,,,3.132,0.492,0.004,0.916,57,4,28945
2026-01-28 02:30:39,39.41,85.22,,,3.139,0.488,0.012,0.904,57,4,29062
2026-01-28 02:35:40,39.32,85.29,,,3.143,0.492,0.004,0.908,57,4,29179
2026-01-28 02:40:41,39.23,85.53,,,3.129,0.5,0,0.896,57,4,29296
2026-01-28 02:45:41,39.37,85.75,,,3.15,0.496,-0.004,0.9,57,4,29413
2026-01-28 02:50:42,39.56,85.79,,,3.125,0.504,0.028,0.908,57,4,29530
2026-01-28 02:55:42,39.71,85.76,,,3.146,0.504,0.016,0.924,57,4,29647
2026-01-28 03:00:43,39.85,85.65,,,3.146,0.488,0.02,0.908,57,4,29764
2026-01-28 03:05:44,39.92,85.52,,,3.143,0.512,0.036,0.916,57,4,29881
2026-01-28 03:10:44,39.96,85.35,,,3.132,0.5,0.004,0.908,57,4,29998
2026-01-28 03:15:45,39.8,85.11,,,3.132,0.496,0.008,0.904,57,4,30115
2026-01-28 03:20:46,39.61,85.14,,,3.136,0.496,0.012,0.904,57,4,30232
2026-01-28 03:25:47,39.44,85.22,,,3.129,0.496,0.016,0.904,57,4,30349
2026-01-28 03:30:47,39.3,85.31,,,3.132,0.496,0.008,0.912,57,4,30466
2026-01-28 03:35:48,39.19,85.36,,,3.129,0.492,0.012,0.908,57,4,30583
2026-01-28 03:40:49,39.13,85.58,,,3.136,0.5,0,0.904,57,4,30700
2026-01-28 03:45:49,39.28,85.82,,,3.136,0.48,0.004,0.9,57,4,30817
2026-01-28 03:50:51,39.46,85.83,,,3.139,0.484,-0.008,0.928,57,4,30934
2026-01-28 03:55:53,39.64,85.78,,,3.132,0.5,0,0.9,57,4,31052
2026-01-28 04:00:54,39.77,85.66,,,3.15,0.5,-0.004,0.924,57,4,31169
2026-01-28 04:05:54,39.84,85.49,,,3.129,0.508,0.02,0.908,57,4,31286
2026-01-28 04:10:55,39.88,85.21,,,3.129,0.496,0.012,0.912,57,4,31403
2026-01-28 04:15:56,39.73,84.98,,,3.146,0.496,0.016,0.916,57,4,31520
2026-01-28 04:20:57,39.54,85.06,,,3.132,0.492,0.016,0.908,57,4,31637
2026-01-28 04:25:57,39.38,85.07,,,3.139,0.5,0.016,0.904,57,4,31754
2026-01-28 04:30:58,39.26,85.1,,,3.132,0.496,0.012,0.908,57,4,31871
2026-01-28 04:35:59,39.14,85.15,,,3.132,0.492,0.008,0.904,57,4,31988
2026-01-28 04:40:59,39.08,85.39,,,3.139,0.48,0.004,0.908,57,4,32105
2026-01-28 04:46:00,39.22,85.5,,,3.129,0.504,0,0.932,57,4,32222
2026-01-28 04:51:01,39.41,85.5,,,3.129,0.484,-0.008,0.924,57,4,32339
2026-01-28 04:56:02,39.58,85.47,,,3.132,0.508,0.024,0.92,57,4,32456
2026-01-28 05:01:02,39.69,85.34,,,3.129,0.512,0.032,0.904,57,4,32573
2026-01-28 05:06:03,39.78,85.2,,,3.132,0.5,0.02,0.916,57,4,32690
2026-01-28 05:11:04,39.81,84.97,,,3.136,0.492,0.016,0.908,57,4,32807
2026-01-28 05:16:04,39.65,84.8,,,3.143,0.504,0.012,0.912,57,4,32924
2026-01-28 05:21:05,39.46,84.88,,,3.125,0.496,0.008,0.908,57,4,33041
2026-01-28 05:26:06,39.31,84.96,,,3.143,0.5,0.008,0.912,57,4,33158
2026-01-28 05:31:06,39.18,85.02,,,3.136,0.5,0.004,0.916,57,4,33275
2026-01-28 05:36:07,39.1,85.1,,,3.139,0.5,0.008,0.912,57,4,33392
2026-01-28 05:41:07,39.04,85.37,,,3.143,0.496,0.004,0.908,57,4,33509
2026-01-28 05:46:08,39.19,85.49,,,3.139,0.488,0,0.908,57,4,33626
2026-01-28 05:51:09,39.38,85.44,,,3.15,0.508,0.024,0.92,57,4,33743
2026-01-28 05:56:10,39.55,85.38,,,3.139,0.5,-0.004,0.92,57,4,33860
2026-01-28 06:01:13,39.66,85.26,,,3.132,0.5,0.012,0.916,57,4,33978
2026-01-28 06:06:14,39.74,85.13,,,3.132,0.492,0.008,0.916,57,4,34095
2026-01-28 06:11:14,39.78,84.86,,,3.136,0.492,0.012,0.916,57,4,34212
2026-01-28 06:16:15,39.6,84.69,,,3.136,0.496,0.016,0.908,57,4,34329
2026-01-28 06:21:16,39.42,84.72,,,3.136,0.5,0.004,0.912,57,4,34446
2026-01-28 06:26:17,39.29,84.76,,,3.136,0.496,0.004,0.908,57,4,34563
2026-01-28 06:31:17,39.16,84.84,,,3.129,0.492,0.008,0.904,57,4,34680
2026-01-28 06:36:18,39.07,84.92,,,3.136,0.496,0.008,0.916,57,4,34797
2026-01-28 06:41:19,39.04,85.16,,,3.129,0.508,0.04,0.9,57,4,34914
2026-01-28 06:46:19,39.17,85.27,,,3.139,0.496,0.004,0.9,57,4,35031
2026-01-28 06:51:20,39.35,85.27,,,3.129,0.492,0.008,0.912,57,4,35148
2026-01-28 06:56:20,39.52,85.15,,,3.139,0.48,0.012,0.9,57,4,35265
2026-01-28 07:01:21,39.64,85.03,,,3.143,0.5,-0.004,0.916,57,4,35382
2026-01-28 07:06:22,39.7,84.91,,,3.15,0.488,0.004,0.896,57,4,35499
2026-01-28 07:11:22,39.74,84.66,,,3.125,0.5,0.016,0.908,57,4,35616
2026-01-28 07:16:23,39.57,84.5,,,3.132,0.492,0.016,0.912,57,4,35733
2026-01-28 07:21:24,39.39,84.57,,,3.136,0.496,0.004,0.908,57,4,35850
2026-01-28 07:26:25,39.25,84.65,,,3.129,0.496,0.016,0.908,57,4,35967
2026-01-28 07:31:25,39.14,84.65,,,3.129,0.5,0.012,0.912,57,4,36084
2026-01-28 07:36:26,39.05,84.76,,,3.136,0.5,0.008,0.916,57,4,36201
2026-01-28 07:41:27,38.99,85.04,,,3.129,0.508,0.036,0.908,57,4,36318
2026-01-28 07:42:23,39.02,85.11,,,3.125,0.504,0.036,0.908,57,4,36340
2026-01-28 07:42:26,39.03,85.13,,,3.125,0.512,0.028,0.916,57,4,36341
2026-01-28 07:42:29,39.02,85.11,,,3.125,0.484,0,0.904,57,4,36342
2026-01-28 07:42:31,39.03,85.12,,,3.125,0.5,0.036,0.908,57,4,36343
2026-01-28 07:42:34,39.03,85.11,,,3.125,0.5,-0.008,0.924,57,4,36344
2026-01-28 07:42:36,39.04,85.13,,,3.125,0.48,-0.004,0.904,57,4,36345
2026-01-28 07:42:38,39.03,85.11,,,3.125,0.508,0.044,0.908,57,4,36346
2026-01-28 07:42:41,39.03,85.13,,,3.125,0.512,0.032,0.916,57,4,36347
2026-01-28 07:42:44,39.03,85.13,,,3.125,0.5,0,0.912,57,4,36348
2026-01-28 07:42:46,39.02,85.13,,,3.125,0.48,0,0.908,57,4,36349
2026-01-28 07:42:49,39.03,85.13,,,3.125,0.516,0.036,0.904,57,4,36350
2026-01-28 07:42:51,39.03,85.11,,,3.125,0.5,0,0.924,57,4,36351
2026-01-28 07:42:54,39.04,85.14,,,3.125,0.476,0.004,0.9,57,4,36352
2026-01-28 07:42:57,39.05,85.11,,,3.125,0.484,-0.004,0.892,57,4,36353
2026-01-28 07:42:59,39.03,85.13,,,3.125,0.484,0.004,0.912,57,4,36354
2026-01-28 07:43:02,39.04,85.11,,,3.125,0.508,0.04,0.904,57,4,36355
2026-01-28 07:43:04,39.03,85.13,,,3.125,0.5,0,0.924,57,4,36356
2026-01-28 07:43:07,39.07,85.13,,,3.125,0.48,0,0.896,57,4,36357
2026-01-28 07:43:10,39.04,85.14,,,3.125,0.488,-0.008,0.908,57,4,36358
2026-01-28 07:43:15,39.05,85.12,,,3.125,0.5,-0.004,0.92,57,4,36360
2026-01-28 07:43:17,39.04,85.14,,,3.125,0.48,-0.008,0.896,57,4,36361
2026-01-28 07:43:20,39.06,85.13,,,3.139,0.496,0.024,0.904,57,4,36362
2026-01-28 07:43:23,39.07,85.13,,,3.139,0.508,-0.004,0.928,57,4,36363
2026-01-28 07:43:25,39.07,85.12,,,3.139,0.496,0,0.9,57,4,36364
2026-01-28 07:43:27,39.05,85.11,,,3.139,0.484,0,0.908,57,4,36365
2026-01-28 07:43:30,39.07,85.13,,,3.139,0.504,0.04,0.904,57,4,36366
2026-01-28 07:48:31,39.41,85.18,,,3.146,0.208,-0.34,0.956,58,4,36483
2026-01-28 07:51:07,39.57,84.88,,,3.125,0.232,-0.348,0.952,58,4,36544
2026-01-28 07:51:10,39.57,84.9,,,3.125,0.22,-0.32,0.952,58,4,36545
2026-01-28 07:51:13,39.58,84.88,,,3.125,0.232,-0.344,0.96,58,4,36546
2026-01-28 07:51:15,39.57,84.87,,,3.125,0.22,-0.328,0.956,58,4,36547
2026-01-28 07:51:18,39.58,84.87,,,3.125,0.236,-0.352,0.956,58,4,36548
2026-01-28 07:51:20,39.59,84.89,,,3.125,0.22,-0.324,0.96,58,4,36549
2026-01-28 07:51:23,39.6,84.89,,,3.139,0.236,-0.332,0.956,58,4,36550
2026-01-28 07:51:26,39.6,84.88,,,3.139,0.204,-0.34,0.956,58,4,36551
2026-01-28 07:51:28,39.59,84.88,,,3.139,0.236,-0.328,0.952,58,4,36552
2026-01-28 07:51:31,39.6,84.85,,,3.139,0.208,-0.344,0.956,58,4,36553
2026-01-28 07:51:33,39.6,84.86,,,3.139,0.236,-0.328,0.952,58,4,36554
2026-01-28 07:51:36,39.59,84.87,,,3.139,0.212,-0.344,0.948,58,4,36555
2026-01-28 07:51:39,39.6,84.87,,,3.139,0.212,-0.332,0.956,58,4,36556
2026-01-28 07:51:41,39.6,84.87,,,3.139,0.244,-0.34,0.952,58,4,36557
2026-01-28 07:51:46,39.6,84.86,,,3.139,0.24,-0.328,0.948,58,4,36559
2026-01-28 07:51:48,39.6,84.85,,,3.139,0.204,-0.34,0.952,58,4,36560
2026-01-28 07:51:51,39.6,84.84,,,3.139,0.236,-0.332,0.948,58,4,36561
2026-01-28 07:51:54,39.61,84.85,,,3.139,0.224,-0.34,0.96,58,4,36562
2026-01-28 07:51:56,39.61,84.83,,,3.139,0.216,-0.332,0.96,58,4,36563
2026-01-28 07:51:59,39.61,84.84,,,3.139,0.236,-0.348,0.964,58,4,36564
2026-01-28 07:52:01,39.61,84.84,,,3.139,0.216,-0.336,0.96,58,4,36565
2026-01-28 07:52:42,39.64,84.8,,,3.154,0.22,-0.332,0.952,58,4,36581
2026-01-28 07:52:45,39.64,84.82,,,3.154,0.236,-0.348,0.952,58,4,36582
2026-01-28 07:52:48,39.64,84.78,,,3.154,0.212,-0.332,0.952,58,4,36583
2026-01-28 07:52:50,39.67,84.79,,,3.154,0.248,-0.336,0.952,58,4,36584
2026-01-28 07:52:53,39.65,84.81,,,3.154,0.228,-0.344,0.952,58,4,36585
2026-01-28 07:52:55,39.65,84.81,,,3.154,0.208,-0.336,0.948,58,4,36586
2026-01-28 07:52:58,39.65,84.81,,,3.154,0.24,-0.332,0.948,58,4,36587
2026-01-28 07:53:01,39.65,84.79,,,3.154,0.212,-0.348,0.948,58,4,36588
2026-01-28 07:53:03,39.66,84.8,,,3.154,0.232,-0.328,0.952,58,4,36589
2026-01-28 07:53:06,39.67,84.79,,,3.154,0.212,-0.348,0.956,58,4,36590
2026-01-28 07:53:08,39.67,84.78,,,3.154,0.212,-0.328,0.96,58,4,36591
2026-01-28 07:53:11,39.66,84.8,,,3.154,0.232,-0.348,0.956,58,4,36592
2026-01-28 07:53:14,39.66,84.78,,,3.154,0.216,-0.336,0.96,58,4,36593
2026-01-28 07:53:17,39.66,84.78,,,3.154,0.232,-0.344,0.952,58,4,36594
2026-01-28 07:53:21,39.67,84.79,,,3.154,0.212,-0.348,0.952,58,4,36596
2026-01-28 07:53:24,39.67,84.77,,,3.132,0.216,-0.328,0.956,58,4,36597
2026-01-28 07:53:26,39.67,84.77,,,3.132,0.236,-0.348,0.956,58,4,36598
2026-01-28 07:53:29,39.67,84.8,,,3.132,0.212,-0.332,0.96,58,4,36599
2026-01-28 07:53:31,39.66,84.78,,,3.132,0.236,-0.348,0.96,58,4,36600
2026-01-28 07:53:34,39.67,84.77,,,3.132,0.224,-0.336,0.956,58,4,36601
2026-01-28 07:53:36,39.68,84.77,,,3.132,0.236,-0.328,0.952,58,4,36602
2026-01-28 07:53:39,39.67,84.75,,,3.132,0.22,-0.348,0.956,58,4,36603
2026-01-28 07:53:42,39.67,84.76,,,3.132,0.232,-0.332,0.956,58,4,36604
2026-01-28 07:53:44,39.67,84.77,,,3.132,0.212,-0.348,0.96,58,4,36605
2026-01-28 07:53:47,39.68,84.77,,,3.132,0.22,-0.328,0.948,58,4,36606
2026-01-28 07:53:49,39.68,84.77,,,3.132,0.224,-0.352,0.952,58,4,36607
2026-01-28 07:53:52,39.67,84.75,,,3.132,0.212,-0.344,0.952,58,4,36608
2026-01-28 07:53:55,39.68,84.77,,,3.132,0.24,-0.34,0.948,58,4,36609
2026-01-28 07:53:57,39.68,84.76,,,3.132,0.204,-0.336,0.952,58,4,36610
2026-01-28 07:54:00,39.68,84.77,,,3.132,0.232,-0.336,0.952,58,4,36611
2026-01-28 07:54:02,39.67,84.76,,,3.132,0.228,-0.352,0.952,58,4,36612
2026-01-28 07:54:05,39.68,84.73,,,3.132,0.208,-0.336,0.96,58,4,36613
2026-01-28 07:54:08,39.69,84.78,,,3.132,0.22,-0.324,0.96,58,4,36614
2026-01-28 07:54:10,39.71,84.76,,,3.132,0.24,-0.348,0.96,58,4,36615
2026-01-28 07:54:12,39.68,84.75,,,3.132,0.204,-0.348,0.948,58,4,36616
2026-01-28 07:54:15,39.7,84.76,,,3.132,0.224,-0.328,0.96,58,4,36617
2026-01-28 07:54:18,39.69,84.74,,,3.132,0.232,-0.348,0.952,58,4,36618
2026-01-28 07:54:20,39.69,84.74,,,3.132,0.212,-0.332,0.956,58,4,36619
2026-01-28 07:54:23,39.69,84.75,,,3.132,0.224,-0.332,0.952,58,4,36620
2026-01-28 07:54:25,39.69,84.74,,,3.136,0.236,-0.348,0.952,58,4,36621
2026-01-28 07:54:28,39.69,84.75,,,3.136,0.204,-0.34,0.956,58,4,36622
2026-01-28 07:54:31,39.7,84.73,,,3.136,0.236,-0.336,0.952,58,4,36623
2026-01-28 07:54:33,39.69,84.73,,,3.136,0.228,-0.352,0.956,58,4,36624
2026-01-28 07:54:36,39.7,84.74,,,3.136,0.208,-0.332,0.952,58,4,36625
2026-01-28 07:54:39,39.71,84.74,,,3.136,0.212,-0.332,0.952,58,4,36626
2026-01-28 07:54:44,39.7,84.73,,,3.136,0.244,-0.348,0.96,58,4,36628
2026-01-28 07:54:46,39.71,84.74,,,3.136,0.224,-0.348,0.948,58,4,36629
2026-01-28 07:54:49,39.71,84.72,,,3.136,0.204,-0.344,0.952,58,4,36630
2026-01-28 07:54:51,39.71,84.75,,,3.136,0.2,-0.344,0.956,58,4,36631
2026-01-28 07:54:54,39.71,84.73,,,3.136,0.2,-0.34,0.948,58,4,36632
2026-01-28 07:54:56,39.71,84.69,,,3.136,0.212,-0.336,0.952,58,4,36633
2026-01-28 07:54:59,39.71,84.72,,,3.136,0.232,-0.336,0.956,58,4,36634
2026-01-28 07:55:02,39.71,84.73,,,3.136,0.244,-0.348,0.96,58,4,36635
2026-01-28 07:55:06,39.71,84.73,,,3.136,0.216,-0.352,0.956,58,4,36637
2026-01-28 07:55:09,39.71,84.72,,,3.136,0.208,-0.332,0.952,58,4,36638
2026-01-28 07:55:12,39.71,84.72,,,3.136,0.228,-0.332,0.96,58,4,36639
2026-01-28 07:55:14,39.72,84.72,,,3.136,0.24,-0.344,0.952,58,4,36640
2026-01-28 07:55:17,39.71,84.71,,,3.136,0.228,-0.344,0.96,58,4,36641
2026-01-28 07:55:19,39.71,84.72,,,3.136,0.208,-0.336,0.956,58,4,36642
2026-01-28 07:55:22,39.72,84.73,,,3.136,0.208,-0.332,0.944,58,4,36643
2026-01-28 07:55:25,39.71,84.74,,,3.132,0.22,-0.328,0.952,58,4,36644
2026-01-28 07:55:27,39.71,84.72,,,3.132,0.248,-0.348,0.952,58,4,36645
2026-01-28 07:55:30,39.72,84.7,,,3.132,0.224,-0.348,0.956,58,4,36646
2026-01-28 07:55:32,39.71,84.7,,,3.132,0.224,-0.348,0.96,58,4,36647
2026-01-28 07:55:35,39.71,84.69,,,3.132,0.22,-0.34,0.916,58,4,36648
2026-01-28 07:55:38,39.72,84.68,,,3.132,0.228,-0.344,0.96,58,4,36649
2026-01-28 07:55:40,39.72,84.72,,,3.132,0.228,-0.34,0.956,58,4,36650
2026-01-28 07:55:43,39.71,84.7,,,3.132,0.228,-0.34,0.948,58,4,36651
2026-01-28 07:55:45,39.71,84.68,,,3.132,0.224,-0.34,0.952,58,4,36652
2026-01-28 07:55:48,39.71,84.69,,,3.132,0.224,-0.348,0.952,58,4,36653
2026-01-28 07:55:50,39.72,84.7,,,3.132,0.844,-0.032,0.544,60,4,36654
2026-01-28 07:55:53,39.71,84.74,,,3.132,0.732,-0.012,0.728,63,4,36655
2026-01-28 07:55:55,39.72,84.71,,,3.132,0.728,0.008,0.72,66,4,36656
2026-01-28 07:55:58,39.71,84.68,,,3.132,0.82,-0.04,0.656,67,4,36657
2026-01-28 07:56:00,39.71,84.65,,,3.132,0.812,-0.036,0.704,69,4,36658
2026-01-28 07:56:03,39.72,84.66,,,3.132,0.832,-0.004,0.64,70,4,36659
2026-01-28 07:56:06,39.72,84.59,,,3.132,0.816,-0.048,0.668,70,4,36660
2026-01-28 07:56:08,39.71,84.52,,,3.132,0.82,-0.048,0.664,70,4,36661
2026-01-28 07:56:11,39.71,84.51,,,3.132,0.824,-0.048,0.66,70,4,36662
2026-01-28 07:56:13,39.73,84.43,,,3.132,0.82,-0.052,0.664,70,4,36663
2026-01-28 07:56:16,39.72,84.36,,,3.132,0.82,-0.052,0.664,70,4,36664
2026-01-28 07:56:19,39.72,84.3,,,3.132,0.82,-0.048,0.668,70,4,36665
2026-01-28 07:56:21,39.7,84.23,,,3.132,0.816,-0.044,0.668,70,4,36666
2026-01-28 07:56:24,39.71,84.18,,,3.132,0.824,-0.044,0.668,70,4,36667
2026-01-28 07:56:26,39.71,84.13,,,3.136,0.816,-0.052,0.672,70,4,36668
2026-01-28 07:56:29,39.71,84.08,,,3.136,0.812,-0.052,0.664,70,4,36669
2026-01-28 07:56:32,39.71,84.06,,,3.136,0.812,-0.052,0.664,70,4,36670
2026-01-28 07:56:34,39.71,83.97,,,3.136,0.812,-0.048,0.668,70,4,36671
2026-01-28 07:56:37,39.71,83.95,,,3.136,0.824,-0.048,0.664,70,4,36672
2026-01-28 07:56:39,39.71,83.89,,,3.136,0.82,-0.056,0.668,70,4,36673
2026-01-28 07:56:41,39.71,83.85,,,3.136,0.816,-0.056,0.672,70,4,36674
2026-01-28 07:56:44,39.7,83.79,,,3.136,0.816,-0.056,0.664,70,4,36675
2026-01-28 07:56:47,39.69,83.74,,,3.136,0.808,-0.06,0.676,70,4,36676
2026-01-28 07:56:49,39.7,83.69,,,3.136,0.816,-0.04,0.664,70,4,36677
2026-01-28 07:56:52,39.69,83.66,,,3.136,0.808,-0.052,0.664,70,4,36678
2026-01-28 07:56:54,39.69,83.61,,,3.136,0.808,-0.048,0.66,70,4,36679
2026-01-28 07:56:57,39.68,83.57,,,3.136,0.812,-0.044,0.664,70,4,36680
2026-01-28 07:57:00,39.68,83.55,,,3.136,0.816,-0.052,0.66,70,4,36681
2026-01-28 07:57:05,39.69,83.46,,,3.136,0.816,-0.048,0.664,70,4,36683
2026-01-28 07:57:07,39.67,83.45,,,3.136,0.808,-0.048,0.672,71,4,36684
2026-01-28 07:57:10,39.67,83.4,,,3.136,0.808,-0.048,0.676,71,4,36685
2026-01-28 07:57:13,39.65,83.38,,,3.136,0.816,-0.052,0.676,71,4,36686
2026-01-28 07:57:15,39.67,83.36,,,3.136,0.808,-0.052,0.668,71,4,36687
2026-01-28 07:57:18,39.65,83.32,,,3.136,0.812,-0.048,0.672,71,4,36688
2026-01-28 07:57:20,39.64,83.3,,,3.136,0.816,-0.06,0.672,71,4,36689
2026-01-28 07:57:23,39.64,83.26,,,3.136,0.8,-0.112,0.696,71,4,36690
2026-01-28 07:57:26,39.62,83.25,,,3.15,0.776,-0.128,0.724,71,4,36691
2026-01-28 07:57:28,39.64,83.21,,,3.15,0.764,-0.132,0.728,71,4,36692
2026-01-28 07:57:33,39.61,83.17,,,3.15,0.776,-0.124,0.7,71,4,36694
2026-01-28 07:57:36,39.61,83.16,,,3.15,0.772,-0.12,0.708,71,4,36695
2026-01-28 07:57:38,39.59,83.1,,,3.15,0.772,-0.124,0.708,71,4,36696
2026-01-28 07:57:41,39.6,83.12,,,3.15,0.772,-0.116,0.716,71,4,36697
2026-01-28 07:57:43,39.6,83.08,,,3.15,0.768,-0.12,0.7,71,4,36698
2026-01-28 07:57:46,39.58,83.05,,,3.15,0.772,-0.12,0.708,71,4,36699
2026-01-28 07:57:48,39.59,83.03,,,3.15,0.756,-0.128,0.724,71,4,36700
2026-01-28 07:57:52,39.57,83.04,,,3.15,0.772,-0.124,0.708,71,4,36701
2026-01-28 07:57:55,39.56,83.01,,,3.15,0.772,-0.116,0.712,71,4,36702
2026-01-28 07:57:59,39.55,82.97,,,3.15,0.772,-0.124,0.716,71,4,36704
2026-01-28 07:58:01,39.54,82.97,,,3.15,0.772,-0.116,0.708,71,4,36705
2026-01-28 07:58:04,39.53,82.98,,,3.15,0.768,-0.116,0.716,71,4,36706
2026-01-28 07:58:07,39.53,82.99,,,3.15,0.772,-0.128,0.708,71,4,36707
2026-01-28 07:58:09,39.51,82.94,,,3.15,0.772,-0.124,0.712,71,4,36708
2026-01-28 07:58:12,39.51,82.96,,,3.15,0.772,-0.128,0.708,71,4,36709
2026-01-28 07:58:14,39.51,82.91,,,3.15,0.768,-0.124,0.712,71,4,36710
2026-01-28 07:58:17,39.49,82.92,,,3.15,0.768,-0.124,0.712,71,4,36711
2026-01-28 07:58:19,39.46,82.94,,,3.15,0.768,-0.12,0.704,71,4,36712
2026-01-28 07:58:22,39.46,82.92,,,3.15,0.768,-0.124,0.712,71,4,36713
2026-01-28 07:58:27,39.46,82.9,,,3.136,0.768,-0.12,0.712,71,4,36715
2026-01-28 07:58:32,39.45,82.89,,,3.136,0.768,-0.12,0.708,71,4,36717
2026-01-28 07:58:35,39.42,82.89,,,3.136,0.768,-0.128,0.704,71,4,36718
2026-01-28 07:58:39,39.44,82.89,,,3.136,0.768,-0.12,0.716,71,4,36719
2026-01-28 07:58:43,39.4,82.88,,,3.136,0.78,-0.12,0.708,71,4,36721
2026-01-28 07:58:46,39.39,82.9,,,3.136,0.768,-0.12,0.708,71,4,36722
2026-01-28 07:58:49,39.39,82.88,,,3.136,0.768,-0.12,0.708,71,4,36723
2026-01-28 07:58:54,39.39,82.85,,,3.136,0.768,-0.112,0.712,71,4,36725
2026-01-28 07:58:56,39.37,82.88,,,3.136,0.768,-0.12,0.708,71,4,36726
2026-01-28 07:59:01,39.35,82.88,,,3.136,0.768,-0.12,0.712,71,4,36728
2026-01-28 07:59:03,39.35,82.87,,,3.136,0.772,-0.116,0.712,71,4,36729
2026-01-28 07:59:06,39.33,82.87,,,3.136,0.768,-0.12,0.712,71,4,36730
2026-01-28 07:59:08,39.32,82.86,,,3.136,0.772,-0.14,0.704,71,4,36731
2026-01-28 07:59:11,39.32,82.89,,,3.136,0.776,-0.12,0.716,71,4,36732
2026-01-28 07:59:13,39.3,82.86,,,3.136,0.768,-0.116,0.712,71,4,36733
2026-01-28 07:59:16,39.29,82.87,,,3.136,0.768,-0.124,0.712,71,4,36734
2026-01-28 07:59:18,39.3,82.87,,,3.136,0.772,-0.124,0.712,71,4,36735
2026-01-28 07:59:21,39.28,82.86,,,3.136,0.772,-0.124,0.712,71,4,36736
2026-01-28 07:59:24,39.26,82.87,,,3.136,0.768,-0.124,0.708,71,4,36737
2026-01-28 07:59:26,39.25,82.88,,,3.139,0.768,-0.128,0.712,71,4,36738
2026-01-28 07:59:29,39.24,82.88,,,3.139,0.768,-0.12,0.712,71,4,36739
2026-01-28 07:59:35,39.22,82.88,,,3.139,0.772,-0.12,0.712,71,4,36741
2026-01-28 07:59:39,39.21,82.89,,,3.139,0.768,-0.12,0.712,71,4,36743
2026-01-28 07:59:42,39.2,82.91,,,3.139,0.776,-0.124,0.712,71,4,36744
2026-01-28 07:59:44,39.2,82.87,,,3.139,0.772,-0.124,0.708,71,4,36745
2026-01-28 07:59:48,39.19,82.9,,,3.139,0.78,-0.124,0.716,72,4,36746
2026-01-28 07:59:52,39.17,82.91,,,3.139,0.776,-0.148,0.708,73,4,36748
2026-01-28 07:59:55,39.14,82.9,,,3.139,0.764,-0.124,0.716,73,4,36749
2026-01-28 07:59:57,39.14,82.91,,,3.139,0.772,-0.12,0.704,73,4,36750
2026-01-28 07:59:59,39.13,82.92,,,3.139,0.764,-0.116,0.72,73,4,36751
2026-01-28 08:00:02,39.12,82.92,,,3.139,0.772,-0.124,0.708,73,4,36752
2026-01-28 08:00:04,39.12,82.93,,,3.139,0.788,-0.08,0.696,76,4,36753
2026-01-28 08:00:07,39.12,82.95,,,3.139,0.756,-0.084,0.672,77,4,36754
2026-01-28 08:00:10,39.1,82.95,,,3.139,0.784,-0.112,0.688,79,4,36755
2026-01-28 08:00:12,39.1,82.94,,,3.139,0.764,-0.12,0.712,79,4,36756
2026-01-28 08:00:15,39.08,82.96,,,3.139,0.736,-0.16,0.736,79,4,36757
2026-01-28 08:00:20,39.06,82.97,,,3.139,0.764,-0.124,0.708,79,4,36759
2026-01-28 08:02:24,38.63,83.3,,,3.136,0.768,-0.124,0.712,79,4,36807
2026-01-28 08:02:26,38.64,83.3,,,3.136,0.768,-0.128,0.708,79,4,36808
2026-01-28 08:02:29,38.62,83.28,,,3.132,0.772,-0.132,0.704,79,4,36809
2026-01-28 08:02:31,38.6,83.29,,,3.132,0.768,-0.12,0.712,79,4,36810
2026-01-28 08:02:34,38.6,83.29,,,3.132,0.772,-0.128,0.708,79,4,36811
2026-01-28 08:02:37,38.6,83.32,,,3.132,0.772,-0.12,0.708,79,4,36812
2026-01-28 08:02:39,38.59,83.32,,,3.132,0.772,-0.124,0.712,79,4,36813
2026-01-28 08:02:44,38.57,83.33,,,3.132,0.768,-0.124,0.704,79,4,36814
2026-01-28 08:02:44,38.59,83.32,,,3.132,0.768,-0.124,0.704,79,4,36815
2026-01-28 08:02:48,38.57,83.34,,,3.132,0.776,-0.12,0.708,79,4,36816
2026-01-28 08:02:52,38.55,83.35,,,3.132,0.768,-0.132,0.712,79,4,36818
2026-01-28 08:02:56,38.54,83.37,,,3.132,0.768,-0.128,0.708,79,4,36819
2026-01-28 08:03:00,38.52,83.41,,,3.132,0.772,-0.132,0.708,79,4,36821
2026-01-28 08:03:03,38.52,83.38,,,3.132,0.768,-0.124,0.708,79,4,36822
2026-01-28 08:03:07,38.49,83.41,,,3.132,0.768,-0.12,0.708,79,4,36824
2026-01-28 08:03:10,38.49,83.41,,,3.132,0.768,-0.124,0.712,79,4,36825
2026-01-28 08:03:14,38.48,83.44,,,3.132,0.776,-0.128,0.708,79,4,36826
2026-01-28 08:03:17,38.47,83.43,,,3.132,0.772,-0.128,0.712,79,4,36828
2026-01-28 08:03:20,38.45,83.45,,,3.132,0.772,-0.12,0.712,79,4,36829
2026-01-28 08:03:22,38.45,83.43,,,3.132,0.772,-0.124,0.704,79,4,36830
2026-01-28 08:03:25,38.44,83.45,,,3.132,0.772,-0.12,0.708,79,4,36831
2026-01-28 08:03:28,38.44,83.5,,,3.139,0.764,-0.124,0.708,79,4,36832
2026-01-28 08:03:30,38.42,83.49,,,3.139,0.772,-0.128,0.708,79,4,36833
2026-01-28 08:03:33,38.42,83.49,,,3.139,0.768,-0.124,0.708,79,4,36834
2026-01-28 08:03:35,38.41,83.49,,,3.139,0.756,-0.124,0.72,79,4,36835
2026-01-28 08:03:38,38.42,83.49,,,3.139,0.768,-0.116,0.704,79,4,36836
2026-01-28 08:03:41,38.39,83.52,,,3.139,0.772,-0.108,0.688,80,4,36837
2026-01-28 08:03:43,38.37,83.51,,,3.139,0.768,-0.108,0.716,81,4,36838
2026-01-28 08:03:46,38.39,83.53,,,3.139,0.768,-0.124,0.708,81,4,36839
2026-01-28 08:03:49,38.37,83.53,,,3.139,0.772,-0.128,0.712,81,4,36840
2026-01-28 08:03:52,38.36,83.55,,,3.139,0.78,-0.104,0.7,81,4,36841
2026-01-28 08:03:56,38.35,83.55,,,3.139,0.808,-0.152,0.748,81,4,36843
2026-01-28 08:03:59,38.35,83.57,,,3.139,-0.576,-0.172,0.792,82,4,36844
2026-01-28 08:04:02,38.32,83.53,,,3.139,-0.616,-0.164,0.732,83,4,36845
2026-01-28 08:04:06,38.32,83.55,,,3.139,-0.616,-0.32,0.692,85,4,36847
2026-01-28 08:04:09,38.32,83.58,,,3.139,-0.616,-0.316,0.704,85,4,36848
2026-01-28 08:04:12,38.3,83.59,,,3.139,-0.612,-0.324,0.7,85,4,36849
2026-01-28 08:04:16,38.29,83.59,,,3.139,-0.608,-0.324,0.7,85,4,36851
2026-01-28 08:04:19,38.28,83.59,,,3.139,-0.448,0.448,0.688,86,4,36852
2026-01-28 08:04:22,38.28,83.6,,,3.139,0.336,0.98,-0.252,86,4,36853
2026-01-28 08:04:24,38.27,83.6,,,3.139,-0.18,0.508,0.876,86,4,36854
2026-01-28 08:04:27,38.27,83.61,,,3.139,0.012,-0.696,-0.792,87,4,36855
2026-01-28 08:04:29,38.25,83.6,,,3.129,-0.084,-0.564,0.752,87,4,36856
2026-01-28 08:04:32,38.24,83.63,,,3.129,-0.684,0.2,-0.776,87,4,36857
2026-01-28 08:04:35,38.21,83.58,,,3.129,-0.276,0.36,-0.844,87,4,36858
2026-01-28 08:04:37,38.24,83.55,,,3.129,-1.156,-0.312,-0.264,87,4,36859
2026-01-28 08:04:40,38.21,83.52,,,3.129,0.064,0.296,0.956,87,4,36860
2026-01-28 08:04:42,38.22,83.51,,,3.129,-0.216,-0.584,-0.752,87,4,36861
2026-01-28 08:04:45,38.2,83.53,,,3.129,-0.384,-0.472,-0.732,87,4,36862
2026-01-28 08:04:48,38.18,83.54,,,3.129,0.864,-0.028,0.256,87,4,36863
2026-01-28 08:04:50,38.2,83.56,,,3.129,0.42,-0.78,-0.332,87,4,36864
2026-01-28 08:04:53,38.18,83.6,,,3.129,-0.772,0.312,0.152,87,4,36865
2026-01-28 08:04:55,38.17,83.64,,,3.129,0.824,0.648,0.04,87,4,36866
2026-01-28 08:04:57,38.17,83.68,,,3.129,0.952,-0.42,-0.204,88,4,36867
2026-01-28 08:05:00,38.16,83.76,,,3.129,1.024,-0.012,-0.232,89,4,36868
2026-01-28 08:05:03,38.15,83.79,,,3.129,-0.396,-0.94,0.136,90,4,36869
2026-01-28 08:05:08,38.12,83.94,,,3.129,-0.464,-0.912,0.148,90,4,36871
2026-01-28 08:05:13,38.11,84.07,,,3.129,-0.456,-0.92,0.128,90,4,36873
2026-01-28 08:05:16,38.12,84.12,,,3.129,-0.46,-0.916,0.144,90,4,36874
2026-01-28 08:05:21,38.09,84.22,,,3.129,-0.46,-0.908,0.136,90,4,36876
2026-01-28 08:05:23,38.1,84.26,,,3.129,-0.464,-0.916,0.136,90,4,36877
2026-01-28 08:05:26,38.08,84.3,,,3.129,-0.464,-0.916,0.136,90,4,36878
2026-01-28 08:05:29,38.07,84.35,,,3.139,-0.46,-0.912,0.14,90,4,36879
2026-01-28 08:05:31,38.07,84.39,,,3.139,-0.456,-0.92,0.136,90,4,36880
2026-01-28 08:05:34,38.06,84.47,,,3.139,-0.456,-0.916,0.136,90,4,36881
2026-01-28 08:05:39,38.06,84.52,,,3.139,-0.46,-0.92,0.136,90,4,36883
2026-01-28 08:05:42,38.05,84.56,,,3.139,-0.46,-0.916,0.132,90,4,36884
2026-01-28 08:05:44,38.03,84.61,,,3.139,-0.46,-0.916,0.128,90,4,36885
2026-01-28 08:05:47,38.03,84.64,,,3.139,-0.456,-0.924,0.136,90,4,36886
2026-01-28 08:05:51,38.01,84.72,,,3.139,-0.456,-0.92,0.136,90,4,36888
2026-01-28 08:05:54,38,84.75,,,3.139,-0.464,-0.916,0.144,90,4,36889
2026-01-28 08:05:57,38.01,84.78,,,3.139,-0.448,-0.924,0.132,90,4,36890
2026-01-28 08:05:59,38.02,84.84,,,3.139,-0.464,-0.92,0.132,90,4,36891
2026-01-28 08:06:02,37.99,84.86,,,3.139,-0.456,-0.912,0.128,90,4,36892
2026-01-28 08:06:04,38,84.87,,,3.139,-0.456,-0.916,0.132,90,4,36893
2026-01-28 08:06:07,37.97,84.91,,,3.139,-0.456,-0.924,0.132,90,4,36894
2026-01-28 08:06:10,37.98,84.92,,,3.139,-0.46,-0.92,0.136,90,4,36895
2026-01-28 08:06:12,37.97,84.93,,,3.139,-0.452,-0.92,0.128,90,4,36896
2026-01-28 08:06:15,37.96,84.95,,,3.139,-0.456,-0.924,0.132,90,4,36897
2026-01-28 08:06:17,37.97,85,,,3.139,-0.46,-0.916,0.136,90,4,36898
2026-01-28 08:06:20,37.96,84.99,,,3.139,-0.452,-0.916,0.128,90,4,36899
2026-01-28 08:06:23,37.96,85.04,,,3.139,-0.456,-0.916,0.128,90,4,36900
2026-01-28 08:06:28,37.94,85.08,,,3.139,-0.448,-0.916,0.132,90,4,36902
2026-01-28 08:06:30,37.96,85.07,,,3.132,-0.456,-0.92,0.136,90,4,36903
2026-01-28 08:06:33,37.93,85.12,,,3.132,-0.456,-0.916,0.124,90,4,36904
2026-01-28 08:06:35,37.92,85.14,,,3.132,-0.456,-0.92,0.132,90,4,36905
2026-01-28 08:06:38,37.92,85.15,,,3.132,-0.452,-0.916,0.132,90,4,36906
2026-01-28 08:06:40,37.92,85.17,,,3.132,-0.452,-0.92,0.132,90,4,36907
2026-01-28 08:06:43,37.92,85.18,,,3.132,-0.452,-0.92,0.128,90,4,36908
2026-01-28 08:06:46,37.9,85.2,,,3.132,-0.456,-0.924,0.136,90,4,36909
2026-01-28 08:06:48,37.91,85.22,,,3.132,-0.456,-0.916,0.124,90,4,36910
2026-01-28 08:06:51,37.9,85.27,,,3.132,-0.452,-0.92,0.14,90,4,36911
2026-01-28 08:06:53,37.89,85.25,,,3.132,-0.456,-0.916,0.124,90,4,36912
2026-01-28 08:06:56,37.89,85.27,,,3.132,-0.452,-0.92,0.136,90,4,36913
2026-01-28 08:06:58,37.88,85.31,,,3.132,-0.452,-0.924,0.132,90,4,36914
2026-01-28 08:07:01,37.89,85.31,,,3.132,-0.456,-0.924,0.136,90,4,36915
2026-01-28 08:07:04,37.86,85.32,,,3.132,-0.456,-0.928,0.132,90,4,36916
2026-01-28 08:07:06,37.87,85.34,,,3.132,-0.448,-0.928,0.144,90,4,36917
2026-01-28 08:07:09,37.87,85.34,,,3.132,-0.448,-0.916,0.128,90,4,36918
2026-01-28 08:07:11,37.86,85.36,,,3.132,-0.448,-0.92,0.132,90,4,36919
2026-01-28 08:07:14,37.87,85.36,,,3.132,-0.452,-0.92,0.128,90,4,36920
2026-01-28 08:07:17,37.86,85.37,,,3.132,-0.452,-0.916,0.128,90,4,36921
2026-01-28 08:07:19,37.85,85.41,,,3.132,-0.448,-0.928,0.128,90,4,36922
2026-01-28 08:07:22,37.85,85.38,,,3.132,-0.448,-0.924,0.128,90,4,36923
2026-01-28 08:07:24,37.84,85.43,,,3.132,-0.448,-0.916,0.14,90,4,36924
2026-01-28 08:07:26,37.83,85.43,,,3.132,-0.448,-0.924,0.132,90,4,36925
2026-01-28 08:07:29,37.83,85.44,,,3.132,-0.44,-0.932,0.116,90,4,36926
2026-01-28 08:07:32,37.82,85.47,,,3.132,-0.436,-0.924,0.124,90,4,36927
2026-01-28 08:07:35,37.81,85.46,,,3.132,-0.452,-0.92,0.136,90,4,36928
2026-01-28 08:07:39,37.81,85.51,,,3.132,-0.744,0.616,0.092,91,4,36930
2026-01-28 08:07:42,37.82,85.53,,,3.132,-0.244,-0.212,0.932,91,4,36931
2026-01-28 08:12:43,37.17,85.26,,,3.132,0.128,-0.876,0.616,94,4,37048
2026-01-28 08:14:54,36.94,85.39,,,3.125,0.12,-0.872,0.628,95,4,37099
2026-01-28 08:14:57,36.92,85.42,,,3.125,0.116,-0.86,0.612,95,4,37100
2026-01-28 08:15:01,36.92,85.41,,,3.125,0.112,-0.868,0.596,95,4,37102
2026-01-28 08:15:05,36.9,85.42,,,3.125,0.088,-0.828,0.652,95,4,37103
2026-01-28 08:15:10,36.89,85.43,,,3.125,0.096,-0.84,0.632,95,4,37105
2026-01-28 08:15:14,36.9,85.41,,,3.125,0.112,-0.864,0.604,95,4,37107
2026-01-28 08:15:17,36.88,85.45,,,3.125,0.1,-0.836,0.648,95,4,37108
2026-01-28 08:15:20,36.89,85.44,,,3.125,0.108,-0.868,0.636,95,4,37109
2026-01-28 08:15:22,36.89,85.44,,,3.125,0.104,-0.844,0.604,95,4,37110
2026-01-28 08:15:25,36.86,85.43,,,3.125,0.104,-0.844,0.652,95,4,37111
2026-01-28 08:15:27,36.86,85.42,,,3.125,0.108,-0.852,0.596,95,4,37112
2026-01-28 08:15:30,36.87,85.43,,,3.125,0.116,-0.836,0.656,95,4,37113
2026-01-28 08:15:33,36.86,85.42,,,3.143,0.116,-0.864,0.604,95,4,37114
2026-01-28 08:15:35,36.85,85.44,,,3.143,0.108,-0.844,0.628,95,4,37115
2026-01-28 08:15:38,36.85,85.45,,,3.143,0.112,-0.852,0.596,95,4,37116
2026-01-28 08:15:40,36.84,85.45,,,3.143,0.096,-0.836,0.636,95,4,37117
2026-01-28 08:15:42,36.85,85.46,,,3.143,0.116,-0.868,0.632,95,4,37118
2026-01-28 08:15:45,36.84,85.44,,,3.143,0.092,-0.836,0.656,95,4,37119
2026-01-28 08:15:48,36.82,85.45,,,3.143,0.108,-0.856,0.6,95,4,37120
2026-01-28 08:15:50,36.82,85.46,,,3.143,0.092,-0.832,0.656,95,4,37121
2026-01-28 08:15:53,36.82,85.44,,,3.143,0.108,-0.848,0.616,95,4,37122
2026-01-28 08:15:55,36.82,85.46,,,3.143,0.092,-0.828,0.648,95,4,37123
2026-01-28 08:15:59,36.83,85.44,,,3.143,0.104,-0.852,0.604,95,4,37124
2026-01-28 08:16:02,36.81,85.42,,,3.143,0.104,-0.832,0.66,95,4,37125
2026-01-28 08:16:06,36.78,85.46,,,3.143,0.092,-0.832,0.656,95,4,37127
2026-01-28 08:16:08,36.8,85.48,,,3.143,0.104,-0.856,0.608,95,4,37128
2026-01-28 08:16:11,36.78,85.47,,,3.143,0.108,-0.844,0.684,95,4,37129
2026-01-28 08:16:14,36.78,85.49,,,3.143,0.084,-0.816,0.66,95,4,37130
2026-01-28 08:16:16,36.78,85.47,,,3.143,0.104,-0.848,0.628,95,4,37131
2026-01-28 08:16:19,36.78,85.49,,,3.143,0.104,-0.836,0.668,95,4,37132
2026-01-28 08:16:21,36.77,85.49,,,3.143,0.084,-0.824,0.652,95,4,37133
2026-01-28 08:16:24,36.77,85.48,,,3.143,0.096,-0.844,0.612,95,4,37134
2026-01-28 08:16:27,36.76,85.5,,,3.143,0.1,-0.824,0.692,95,4,37135
2026-01-28 08:16:29,36.77,85.5,,,3.143,0.092,-0.816,0.66,95,4,37136
2026-01-28 08:16:31,36.76,85.49,,,3.143,0.104,-0.848,0.628,95,4,37137
2026-01-28 08:16:34,36.74,85.51,,,3.136,0.104,-0.836,0.672,95,4,37138
2026-01-28 08:16:37,36.76,85.52,,,3.136,0.076,-0.82,0.64,95,4,37139
2026-01-28 08:16:39,36.74,85.49,,,3.136,0.092,-0.844,0.664,95,4,37140
2026-01-28 08:16:42,36.73,85.51,,,3.136,0.08,-0.82,0.648,95,4,37141
2026-01-28 08:16:44,36.74,85.52,,,3.136,0.096,-0.84,0.62,95,4,37142
2026-01-28 08:16:47,36.72,85.53,,,3.136,0.084,-0.816,0.668,95,4,37143
2026-01-28 08:16:49,36.72,85.53,,,3.136,0.1,-0.836,0.616,95,4,37144
2026-01-28 08:16:52,36.72,85.52,,,3.136,0.08,-0.812,0.668,95,4,37145
2026-01-28 08:16:55,36.72,85.54,,,3.136,0.092,-0.844,0.62,95,4,37146
2026-01-28 08:16:57,36.73,85.55,,,3.136,0.08,-0.824,0.676,95,4,37147
2026-01-28 08:17:00,36.73,85.54,,,3.136,0.092,-0.824,0.628,95,4,37148
2026-01-28 08:17:02,36.71,85.55,,,3.136,0.096,-0.84,0.668,95,4,37149
2026-01-28 08:17:05,36.71,85.53,,,3.136,0.08,-0.82,0.628,95,4,37150
2026-01-28 08:17:08,36.68,85.55,,,3.136,0.096,-0.828,0.688,95,4,37151
2026-01-28 08:17:10,36.69,85.55,,,3.136,0.096,-0.832,0.632,95,4,37152
2026-01-28 08:17:13,36.7,85.56,,,3.136,0.108,-0.828,0.636,95,4,37153
2026-01-28 08:17:15,36.67,85.57,,,3.136,0.076,-0.812,0.672,95,4,37154
2026-01-28 08:17:18,36.69,85.56,,,3.136,0.096,-0.836,0.628,95,4,37155
2026-01-28 08:17:21,36.67,85.56,,,3.136,0.068,-0.808,0.668,97,4,37156
2026-01-28 08:17:25,36.67,85.57,,,3.136,0.092,-0.82,0.676,99,4,37158
2026-01-28 08:17:28,36.67,85.57,,,3.136,0.072,-0.808,0.672,99,4,37159
2026-01-28 08:17:31,36.67,85.58,,,3.136,0.104,-0.84,0.632,99,4,37160
2026-01-28 08:17:33,36.65,85.58,,,3.139,0.088,-0.82,0.688,99,4,37161
2026-01-28 08:17:36,36.65,85.59,,,3.139,0.088,-0.816,0.648,99,4,37162
2026-01-28 08:17:41,36.64,85.6,,,3.139,0.088,-0.836,0.652,99,4,37164
2026-01-28 08:17:44,36.65,85.59,,,3.139,0.096,-0.824,0.684,99,4,37165
2026-01-28 08:17:46,36.64,85.6,,,3.139,0.08,-0.812,0.672,99,4,37166
2026-01-28 08:17:49,36.63,85.58,,,3.139,0.1,-0.84,0.628,99,4,37167
2026-01-28 08:17:51,36.64,85.6,,,3.139,0.088,-0.816,0.68,99,4,37168
2026-01-28 08:17:54,36.63,85.59,,,3.139,0.084,-0.808,0.632,99,4,37169
2026-01-28 08:17:56,36.63,85.59,,,3.139,0.092,-0.84,0.668,99,4,37170
2026-01-28 08:17:59,36.61,85.61,,,3.139,0.084,-0.816,0.696,99,4,37171
2026-01-28 08:18:02,36.61,85.61,,,3.139,0.08,-0.808,0.644,99,4,37172
2026-01-28 08:18:04,36.62,85.6,,,3.139,0.096,-0.836,0.66,99,4,37173
2026-01-28 08:18:07,36.62,85.6,,,3.139,0.064,-0.82,0.664,99,4,37174
2026-01-28 08:18:12,36.6,85.62,,,3.139,0.068,-0.808,0.672,99,4,37176
2026-01-28 08:18:14,36.61,85.64,,,3.139,0.096,-0.832,0.636,99,4,37177
2026-01-28 08:18:17,36.59,85.62,,,3.139,0.072,-0.808,0.668,99,4,37178
2026-01-28 08:18:19,36.6,85.63,,,3.139,0.092,-0.832,0.636,99,4,37179
2026-01-28 08:18:22,36.6,85.63,,,3.139,0.076,-0.812,0.676,99,4,37180
2026-01-28 08:18:25,36.58,85.63,,,3.139,0.096,-0.824,0.664,99,4,37181
2026-01-28 08:18:28,36.6,85.62,,,3.139,0.064,-0.812,0.672,99,4,37182
2026-01-28 08:18:32,36.57,85.62,,,3.139,0.064,-0.812,0.664,99,4,37184
2026-01-28 08:18:35,36.58,85.64,,,3.129,0.088,-0.824,0.656,99,4,37185
2026-01-28 08:18:38,36.57,85.64,,,3.129,0.072,-0.824,0.66,99,4,37186
2026-01-28 08:18:40,36.57,85.64,,,3.129,0.088,-0.824,0.696,99,4,37187
2026-01-28 08:18:43,36.56,85.66,,,3.129,0.072,-0.812,0.648,99,4,37188
2026-01-28 08:18:45,36.57,85.63,,,3.129,0.08,-0.816,0.692,99,4,37189
2026-01-28 08:18:48,36.56,85.65,,,3.129,0.108,-0.832,0.632,99,4,37190
2026-01-28 08:18:50,36.54,85.65,,,3.129,0.072,-0.808,0.672,99,4,37191
2026-01-28 08:18:53,36.55,85.66,,,3.129,0.1,-0.836,0.624,99,4,37192
2026-01-28 08:18:56,36.54,85.65,,,3.129,0.088,-0.832,0.672,99,4,37193
2026-01-28 08:18:58,36.54,85.64,,,3.129,0.068,-0.812,0.664,99,4,37194
2026-01-28 08:19:00,36.53,85.65,,,3.129,0.088,-0.836,0.632,99,4,37195
2026-01-28 08:19:03,36.54,85.67,,,3.129,0.092,-0.812,0.692,99,4,37196
2026-01-28 08:19:06,36.53,85.66,,,3.129,0.088,-0.82,0.636,99,4,37197
2026-01-28 08:19:08,36.53,85.68,,,3.129,0.088,-0.828,0.672,99,4,37198
2026-01-28 08:19:11,36.51,85.67,,,3.129,0.088,-0.812,0.704,99,4,37199
2026-01-28 08:19:13,36.52,85.65,,,3.129,0.08,-0.812,0.64,99,4,37200
2026-01-28 08:19:16,36.52,85.65,,,3.129,0.104,-0.82,0.656,99,4,37201
2026-01-28 08:19:19,36.5,85.67,,,3.129,0.08,-0.824,0.66,99,4,37202
2026-01-28 08:19:21,36.51,85.65,,,3.129,0.08,-0.824,0.66,99,4,37203
2026-01-28 08:19:24,36.5,85.66,,,3.129,0.084,-0.816,0.664,99,4,37204
2026-01-28 08:19:26,36.49,85.69,,,3.129,0.072,-0.812,0.692,99,4,37205
2026-01-28 08:19:29,36.5,85.7,,,3.129,0.104,-0.836,0.652,99,4,37206
2026-01-28 08:19:32,36.49,85.67,,,3.129,0.088,-0.82,0.7,99,4,37207
2026-01-28 08:19:34,36.49,85.69,,,3.136,0.072,-0.804,0.648,99,4,37208
2026-01-28 08:19:37,36.49,85.7,,,3.136,0.1,-0.824,0.66,99,4,37209
2026-01-28 08:19:39,36.48,85.71,,,3.136,0.076,-0.812,0.688,99,4,37210
2026-01-28 08:19:42,36.48,85.69,,,3.136,0.1,-0.824,0.644,99,4,37211
2026-01-28 08:19:45,36.48,85.71,,,3.136,0.084,-0.836,0.688,99,4,37212
2026-01-28 08:19:47,36.47,85.7,,,3.136,0.068,-0.808,0.668,99,4,37213
2026-01-28 08:19:49,36.46,85.7,,,3.136,0.092,-0.828,0.632,99,4,37214
2026-01-28 08:19:52,36.47,85.66,,,3.136,0.076,-0.808,0.688,99,4,37215
2026-01-28 08:19:54,36.46,85.69,,,3.136,0.068,-0.812,0.668,99,4,37216
2026-01-28 08:23:10,36.24,85.84,,,3.125,0.076,-0.808,0.648,99,4,37292
2026-01-28 08:23:12,36.23,85.86,,,3.125,0.084,-0.836,0.684,99,4,37293
2026-01-28 08:23:15,36.23,85.84,,,3.125,0.068,-0.8,0.668,99,4,37294
2026-01-28 08:23:17,36.24,85.86,,,3.125,0.1,-0.828,0.636,99,4,37295
2026-01-28 08:23:20,36.23,85.89,,,3.125,0.092,-0.812,0.708,99,4,37296
2026-01-28 08:23:23,36.21,85.86,,,3.125,0.072,-0.812,0.664,99,4,37297
2026-01-28 08:23:25,36.22,85.85,,,3.125,0.092,-0.82,0.66,99,4,37298
2026-01-28 08:23:28,36.22,85.86,,,3.125,0.076,-0.792,0.672,99,4,37299
2026-01-28 08:23:30,36.21,85.86,,,3.125,0.104,-0.832,0.636,99,4,37300
2026-01-28 08:23:33,36.23,85.86,,,3.125,0.092,-0.816,0.712,99,4,37301
2026-01-28 08:23:36,36.21,85.87,,,3.139,0.08,-0.8,0.672,99,4,37302
2026-01-28 08:23:38,36.21,85.88,,,3.139,0.1,-0.828,0.632,99,4,37303
2026-01-28 08:23:41,36.19,85.89,,,3.139,0.092,-0.82,0.708,99,4,37304
2026-01-28 08:23:43,36.21,85.89,,,3.139,0.068,-0.8,0.66,99,4,37305
2026-01-28 08:23:46,36.2,85.85,,,3.139,0.088,-0.836,0.624,99,4,37306
2026-01-28 08:23:49,36.19,85.9,,,3.139,0.096,-0.804,0.716,99,4,37307
2026-01-28 08:23:53,36.19,85.87,,,3.139,0.064,-0.812,0.66,99,4,37309
2026-01-28 08:23:56,36.19,85.87,,,3.139,0.096,-0.836,0.62,99,4,37310
2026-01-28 08:23:59,36.17,85.89,,,3.139,0.088,-0.824,0.712,99,4,37311
2026-01-28 08:24:01,36.17,85.88,,,3.139,0.068,-0.812,0.672,99,4,37312
2026-01-28 08:24:04,36.21,85.89,,,3.139,0.104,-0.828,0.632,99,4,37313
2026-01-28 08:24:06,36.17,85.89,,,3.139,0.16,0.524,-0.424,100,4,37314
2026-01-28 08:24:09,36.18,85.9,,,3.139,0,0.768,-0.612,100,4,37315
2026-01-28 08:24:11,36.17,85.94,,,3.139,-0.032,0.664,-0.688,102,4,37316
2026-01-28 08:24:14,36.17,85.92,,,3.139,-0.032,0.704,-0.696,102,4,37317
2026-01-28 08:24:17,36.17,85.93,,,3.139,0.02,0.704,-0.704,102,4,37318
2026-01-28 08:24:19,36.16,85.92,,,3.139,0.04,0.72,-0.684,102,4,37319
2026-01-28 08:24:22,36.15,85.91,,,3.139,-0.044,0.644,-0.7,102,4,37320
2026-01-28 08:24:24,36.15,85.94,,,3.139,-0.02,0.704,-0.716,102,4,37321
2026-01-28 08:24:27,36.16,85.95,,,3.139,0.032,0.724,-0.684,102,4,37322
2026-01-28 08:24:30,36.15,85.93,,,3.139,-0.04,0.612,-0.728,102,4,37323
2026-01-28 08:24:32,36.14,85.96,,,3.139,-0.02,0.688,-0.72,102,4,37324
2026-01-28 08:24:35,36.14,85.95,,,3.136,-0.008,0.672,-0.732,102,4,37325
2026-01-28 08:24:37,36.14,85.97,,,3.136,0.016,0.708,-0.684,102,4,37326
2026-01-28 08:24:40,36.14,85.97,,,3.136,-0.04,0.624,-0.74,102,4,37327
2026-01-28 08:24:42,36.14,85.96,,,3.136,-0.02,0.668,-0.728,102,4,37328
2026-01-28 08:24:45,36.13,85.99,,,3.136,0.012,0.7,-0.684,102,4,37329
2026-01-28 08:24:48,36.14,86.01,,,3.136,-0.04,0.648,-0.748,102,4,37330
2026-01-28 08:24:53,36.13,86,,,3.136,0,0.668,-0.732,102,4,37332
2026-01-28 08:24:55,36.13,86.04,,,3.136,0,0.668,-0.68,102,4,37333
2026-01-28 08:24:58,36.14,86.05,,,3.136,-0.04,0.676,-0.732,102,4,37334
2026-01-28 08:25:00,36.13,86.02,,,3.136,0.016,0.676,-0.72,102,4,37335
2026-01-28 08:25:03,36.12,86.06,,,3.136,-0.032,0.612,-0.72,102,4,37336
2026-01-28 08:25:05,36.11,86.03,,,3.136,-0.04,0.644,-0.756,102,4,37337
2026-01-28 08:25:08,36.12,86.07,,,3.136,-0.008,0.664,-0.728,102,4,37338
2026-01-28 08:25:11,36.12,86.08,,,3.136,-0.012,0.648,-0.68,102,4,37339
2026-01-28 08:25:13,36.12,86.09,,,3.136,-0.032,0.672,-0.736,102,4,37340
2026-01-28 08:25:16,36.13,86.09,,,3.136,0,0.668,-0.736,102,4,37341
2026-01-28 08:25:18,36.1,86.09,,,3.136,0.004,0.684,-0.676,102,4,37342
2026-01-28 08:25:21,36.11,86.12,,,3.136,-0.02,0.616,-0.716,102,4,37343
2026-01-28 08:25:24,36.1,86.11,,,3.136,-0.024,0.66,-0.728,102,4,37344
2026-01-28 08:25:26,36.11,86.1,,,3.136,0.008,0.676,-0.672,102,4,37345
2026-01-28 08:25:29,36.1,86.12,,,3.136,-0.032,0.676,-0.72,102,4,37346
2026-01-28 08:25:34,36.11,86.14,,,3.136,0,0.664,-0.672,102,4,37348
2026-01-28 08:25:39,36.1,86.16,,,3.143,0.012,0.708,-0.688,102,4,37350
2026-01-28 08:25:41,36.1,86.18,,,3.143,-0.036,0.672,-0.748,102,4,37351
2026-01-28 08:25:44,36.1,86.18,,,3.143,0.012,0.696,-0.724,102,4,37352
2026-01-28 08:25:47,36.12,86.19,,,3.143,-0.036,0.632,-0.76,102,4,37353
2026-01-28 08:25:49,36.12,86.22,,,3.143,-0.02,0.672,-0.724,102,4,37354
2026-01-28 08:25:52,36.11,86.22,,,3.143,0.012,0.672,-0.676,102,4,37355
2026-01-28 08:25:54,36.1,86.2,,,3.143,-0.032,0.672,-0.732,102,4,37356
2026-01-28 08:25:57,36.12,86.21,,,3.143,0.02,0.704,-0.692,102,4,37357
2026-01-28 08:26:00,36.11,86.23,,,3.143,-0.032,0.672,-0.744,102,4,37358
2026-01-28 08:26:02,36.1,86.22,,,3.143,0.02,0.7,-0.716,102,4,37359
2026-01-28 08:26:05,36.12,86.25,,,3.143,-0.02,0.632,-0.7,102,4,37360
2026-01-28 08:26:08,36.11,86.28,,,3.143,-0.028,0.672,-0.724,102,4,37361
2026-01-28 08:26:12,36.12,86.26,,,3.143,-0.036,0.632,-0.76,102,4,37363
2026-01-28 08:26:16,36.11,86.26,,,3.143,-0.024,0.656,-0.732,102,4,37364
2026-01-28 08:26:20,36.12,86.3,,,3.143,-0.036,0.608,-0.736,102,4,37366
2026-01-28 08:26:22,36.14,86.3,,,3.143,-0.028,0.656,-0.74,102,4,37367
2026-01-28 08:26:25,36.13,86.3,,,3.143,0.012,0.688,-0.688,102,4,37368
2026-01-28 08:26:28,36.14,86.32,,,3.143,-0.036,0.668,-0.72,102,4,37369
2026-01-28 08:26:30,36.13,86.32,,,3.143,0.012,0.704,-0.72,102,4,37370
2026-01-28 08:26:33,36.14,86.32,,,3.143,0.004,0.672,-0.684,102,4,37371
2026-01-28 08:26:35,36.11,86.34,,,3.143,-0.02,0.684,-0.728,102,4,37372
2026-01-28 08:26:38,36.14,86.36,,,3.129,-0.008,0.688,-0.728,102,4,37373
2026-01-28 08:26:41,36.14,86.34,,,3.129,-0.028,0.604,-0.74,102,4,37374
2026-01-28 08:26:43,36.14,86.35,,,3.129,-0.012,0.66,-0.716,102,4,37375
2026-01-28 08:26:46,36.14,86.35,,,3.129,0.004,0.696,-0.676,102,4,37376
2026-01-28 08:26:48,36.15,86.36,,,3.129,-0.016,0.62,-0.728,102,4,37377
2026-01-28 08:26:51,36.16,86.38,,,3.129,-0.016,0.664,-0.716,102,4,37378
2026-01-28 08:26:54,36.15,86.39,,,3.129,0,0.708,-0.688,102,4,37379
2026-01-28 08:26:56,36.14,86.39,,,3.129,-0.02,0.656,-0.76,102,4,37380
2026-01-28 08:26:59,36.15,86.4,,,3.129,-0.016,0.664,-0.74,102,4,37381
2026-01-28 08:27:01,36.16,86.4,,,3.129,-0.016,0.632,-0.704,102,4,37382
2026-01-28 08:27:04,36.15,86.4,,,3.129,-0.032,0.612,-0.756,102,4,37383
2026-01-28 08:27:07,36.15,86.42,,,3.129,-0.016,0.652,-0.72,102,4,37384
2026-01-28 08:27:09,36.17,86.39,,,3.129,0.004,0.7,-0.68,102,4,37385
2026-01-28 08:27:12,36.17,86.44,,,3.129,-0.024,0.632,-0.768,102,4,37386
2026-01-28 08:27:14,36.17,86.42,,,3.129,-0.024,0.648,-0.74,102,4,37387
2026-01-28 08:27:16,36.16,86.45,,,3.129,0.008,0.708,-0.68,102,4,37388
2026-01-28 08:27:20,36.17,86.44,,,3.129,-0.028,0.64,-0.768,102,4,37389
2026-01-28 08:27:24,36.19,86.45,,,3.129,0.004,0.66,-0.684,102,4,37391
2026-01-28 08:27:27,36.2,86.47,,,3.129,-0.02,0.668,-0.756,102,4,37392
2026-01-28 08:27:29,36.18,86.46,,,3.129,-0.02,0.656,-0.74,102,4,37393
2026-01-28 08:27:32,36.19,86.46,,,3.129,0,0.692,-0.692,102,4,37394
2026-01-28 08:27:36,36.2,86.46,,,3.129,-0.024,0.632,-0.776,102,4,37395
2026-01-28 08:27:40,36.21,86.48,,,3.139,-0.012,0.632,-0.712,102,4,37397
2026-01-28 08:27:43,36.21,86.51,,,3.139,-0.02,0.66,-0.736,102,4,37398
2026-01-28 08:27:48,36.2,86.5,,,3.139,0,0.704,-0.688,102,4,37400
2026-01-28 08:27:50,36.21,86.5,,,3.139,-0.028,0.596,-0.748,102,4,37401
2026-01-28 08:27:53,36.21,86.51,,,3.139,-0.02,0.664,-0.732,102,4,37402
2026-01-28 08:27:55,36.22,86.53,,,3.139,0,0.688,-0.708,102,4,37403
2026-01-28 08:27:58,36.21,86.5,,,3.139,-0.032,0.596,-0.768,102,4,37404
2026-01-28 08:28:01,36.22,86.5,,,3.139,-0.024,0.644,-0.744,102,4,37405
2026-01-28 08:28:05,36.24,86.53,,,3.139,-0.024,0.632,-0.768,102,4,37407
2026-01-28 08:28:08,36.24,86.54,,,3.139,-0.028,0.644,-0.74,102,4,37408
2026-01-28 08:28:10,36.23,86.54,,,3.139,-0.008,0.632,-0.708,102,4,37409
2026-01-28 08:28:13,36.24,86.54,,,3.139,-0.024,0.66,-0.732,102,4,37410
2026-01-28 08:28:16,36.26,86.55,,,3.139,0,0.696,-0.704,102,4,37411
2026-01-28 08:28:18,36.24,86.54,,,3.139,-0.004,0.652,-0.696,102,4,37412
2026-01-28 08:28:21,36.25,86.57,,,3.139,-0.028,0.66,-0.724,102,4,37413
2026-01-28 08:28:23,36.26,86.59,,,3.139,0.004,0.704,-0.708,102,4,37414
2026-01-28 08:28:26,36.28,86.57,,,3.139,-0.028,0.628,-0.768,102,4,37415
2026-01-28 08:28:29,36.27,86.59,,,3.139,-0.012,0.664,-0.732,102,4,37416
2026-01-28 08:28:31,36.26,86.57,,,3.139,-0.012,0.64,-0.708,102,4,37417
2026-01-28 08:28:34,36.28,86.62,,,3.139,-0.016,0.644,-0.74,102,4,37418
2026-01-28 08:28:39,36.28,86.59,,,3.139,-0.02,0.644,-0.728,102,4,37420
2026-01-28 08:28:42,36.28,86.6,,,3.139,0.004,0.688,-0.684,102,4,37421
2026-01-28 08:28:44,36.29,86.62,,,3.139,-0.024,0.664,-0.744,102,4,37422
2026-01-28 08:28:47,36.3,86.62,,,3.139,-0.028,0.644,-0.744,102,4,37423
2026-01-28 08:28:49,36.3,86.64,,,3.139,-0.02,0.616,-0.724,102,4,37424
2026-01-28 08:28:51,36.3,86.62,,,3.139,-0.024,0.656,-0.732,102,4,37425
2026-01-28 08:28:54,36.31,86.63,,,3.139,-0.008,0.688,-0.72,102,4,37426
2026-01-28 08:28:57,36.29,86.64,,,3.139,-0.028,0.6,-0.744,102,4,37427
2026-01-28 08:28:59,36.32,86.65,,,3.139,-0.02,0.652,-0.732,102,4,37428
2026-01-28 08:29:02,36.32,86.65,,,3.139,-0.024,0.644,-0.748,102,4,37429
2026-01-28 08:29:04,36.33,86.64,,,3.139,-0.012,0.656,-0.692,102,4,37430
2026-01-28 08:29:07,36.32,86.66,,,3.139,-0.02,0.656,-0.768,102,4,37431
2026-01-28 08:29:10,36.32,86.69,,,3.139,-0.012,0.652,-0.752,102,4,37432
2026-01-28 08:29:12,36.33,86.67,,,3.139,-0.016,0.624,-0.724,102,4,37433
2026-01-28 08:29:15,36.35,86.65,,,3.139,-0.024,0.656,-0.732,102,4,37434
2026-01-28 08:29:17,36.34,86.68,,,3.139,-0.024,0.636,-0.744,102,4,37435
2026-01-28 08:29:21,36.35,86.71,,,3.139,0,0.66,-0.684,102,4,37436
2026-01-28 08:29:25,36.35,86.7,,,3.139,-0.004,0.68,-0.724,102,4,37438
2026-01-28 08:29:28,36.36,86.69,,,3.139,-0.032,0.616,-0.776,102,4,37439
2026-01-28 08:29:30,36.36,86.7,,,3.139,-0.012,0.652,-0.752,102,4,37440
2026-01-28 08:29:33,36.38,86.68,,,3.139,0,0.684,-0.676,102,4,37441
2026-01-28 08:29:36,36.37,86.7,,,3.139,-0.02,0.656,-0.764,102,4,37442
2026-01-28 08:29:38,36.36,86.71,,,3.143,-0.016,0.652,-0.744,102,4,37443
2026-01-28 08:29:40,36.39,86.73,,,3.143,-0.016,0.604,-0.732,102,4,37444
2026-01-28 08:29:43,36.39,86.72,,,3.143,-0.024,0.648,-0.74,102,4,37445
2026-01-28 08:29:45,36.39,86.71,,,3.143,-0.016,0.664,-0.744,102,4,37446
2026-01-28 08:29:48,36.39,86.73,,,3.143,-0.02,0.624,-0.732,102,4,37447
2026-01-28 08:29:51,36.39,86.72,,,3.143,-0.024,0.656,-0.736,102,4,37448
2026-01-28 08:29:53,36.39,86.74,,,3.143,-0.012,0.656,-0.736,102,4,37449
2026-01-28 08:29:56,36.39,86.76,,,3.143,-0.016,0.624,-0.712,102,4,37450
2026-01-28 08:29:58,36.41,86.73,,,3.143,-0.028,0.656,-0.724,102,4,37451
2026-01-28 08:30:01,36.41,86.77,,,3.143,-0.016,0.64,-0.74,102,4,37452
2026-01-28 08:30:04,36.41,86.76,,,3.143,0.004,0.696,-0.7,102,4,37453
2026-01-28 08:30:06,36.41,86.77,,,3.143,-0.036,0.604,-0.764,102,4,37454
2026-01-28 08:30:09,36.4,86.76,,,3.143,-0.024,0.64,-0.74,102,4,37455
2026-01-28 08:30:11,36.42,86.77,,,3.143,-0.004,0.672,-0.672,102,4,37456
2026-01-28 08:30:14,36.43,86.76,,,3.143,-0.028,0.628,-0.78,102,4,37457
2026-01-28 08:30:17,36.42,86.75,,,3.143,-0.028,0.656,-0.736,102,4,37458
2026-01-28 08:30:19,36.42,86.76,,,3.143,-0.008,0.66,-0.732,102,4,37459
2026-01-28 08:30:22,36.43,86.79,,,3.143,-0.024,0.616,-0.732,102,4,37460
2026-01-28 08:30:24,36.45,86.79,,,3.143,-0.032,0.652,-0.744,102,4,37461
2026-01-28 08:30:27,36.46,86.79,,,3.143,0.008,0.696,-0.696,102,4,37462
2026-01-28 08:30:30,36.43,86.79,,,3.143,-0.024,0.64,-0.768,102,4,37463
2026-01-28 08:30:32,36.46,86.79,,,3.143,-0.016,0.656,-0.72,102,4,37464
2026-01-28 08:30:34,36.46,86.8,,,3.143,-0.1,0.14,-0.896,103,4,37465
2026-01-28 08:30:37,36.46,86.79,,,3.143,-0.008,0.724,-0.684,105,4,37466
2026-01-28 08:30:39,36.46,86.8,,,3.122,0.016,0.752,-0.668,105,4,37467
2026-01-28 08:30:42,36.46,86.81,,,3.122,-0.008,0.7,-0.716,106,4,37468
2026-01-28 08:30:45,36.46,86.84,,,3.122,-0.008,0.724,-0.68,106,4,37469
2026-01-28 08:33:55,36.76,87.03,,,3.139,-0.012,0.708,-0.68,107,4,37543
2026-01-28 08:33:57,36.78,87.06,,,3.139,0.02,0.76,-0.672,107,4,37544
2026-01-28 08:34:00,36.76,87.04,,,3.139,-0.004,0.656,-0.704,107,4,37545
2026-01-28 08:34:03,36.78,87.06,,,3.139,-0.008,0.72,-0.692,107,4,37546
2026-01-28 08:39:03,37.74,87.9,,,3.129,0.196,-0.288,-0.892,109,4,37663
2026-01-28 08:44:04,38.48,87.69,,,3.136,0.196,-0.28,-0.908,109,4,37780
2026-01-28 08:49:05,39.03,87.65,,,3.132,0.248,-0.26,-0.876,109,4,37897
2026-01-28 08:54:05,39.44,87.61,,,3.136,0.224,-0.272,-0.912,110,4,38014
2026-01-28 08:58:58,39.81,87.64,,,3.136,0.224,-0.276,-0.912,110,4,38128
2026-01-28 08:59:01,39.82,87.65,,,3.136,0.224,-0.28,-0.904,110,4,38129
2026-01-28 08:59:04,39.82,87.64,,,3.136,0.228,-0.276,-0.908,110,4,38130
2026-01-28 08:59:06,39.82,87.65,,,3.136,0.224,-0.272,-0.904,110,4,38131
2026-01-28 08:59:09,39.83,87.63,,,3.136,0.224,-0.276,-0.912,110,4,38132
2026-01-28 08:59:11,39.82,87.65,,,3.136,0.22,-0.276,-0.912,110,4,38133
2026-01-28 08:59:14,39.82,87.67,,,3.136,0.224,-0.276,-0.916,110,4,38134
2026-01-28 08:59:17,39.83,87.66,,,3.136,0.224,-0.276,-0.904,110,4,38135
2026-01-28 08:59:21,39.82,87.66,,,3.136,0.22,-0.28,-0.904,110,4,38137
2026-01-28 08:59:24,39.84,87.65,,,3.136,0.224,-0.28,-0.908,110,4,38138
2026-01-28 08:59:26,39.84,87.64,,,3.136,0.228,-0.272,-0.904,110,4,38139
2026-01-28 08:59:29,39.83,87.67,,,3.136,0.228,-0.276,-0.908,110,4,38140
2026-01-28 08:59:32,39.83,87.66,,,3.136,0.228,-0.276,-0.908,110,4,38141
2026-01-28 08:59:34,39.83,87.66,,,3.136,0.228,-0.272,-0.904,110,4,38142
2026-01-28 08:59:37,39.85,87.65,,,3.136,0.224,-0.268,-0.936,110,4,38143
2026-01-28 08:59:39,39.85,87.67,,,3.136,0.228,-0.276,-0.904,110,4,38144
2026-01-28 08:59:42,39.86,87.62,,,3.136,0.224,-0.284,-0.904,110,4,38145
2026-01-28 08:59:45,39.85,87.7,,,3.136,-0.392,-1.036,0.68,111,4,38146
2026-01-28 08:59:47,39.86,87.79,,,3.136,-1.264,2.04,-2.036,111,4,38147
2026-01-28 08:59:50,39.86,87.92,,,3.132,-0.016,-0.032,1,111,4,38148
2026-01-28 08:59:52,39.86,88.01,,,3.132,0.524,-0.132,-0.832,111,4,38149
2026-01-28 08:59:55,39.88,88.01,,,3.132,0.7,-0.512,0.616,111,4,38150
2026-01-28 08:59:58,39.89,88.04,,,3.132,0.704,-0.512,0.628,111,4,38151
2026-01-28 09:00:00,39.88,88.05,,,3.132,0.7,-0.508,0.632,111,4,38152
2026-01-28 09:00:03,39.89,88.1,,,3.132,0.7,-0.512,0.624,111,4,38153
2026-01-28 09:00:05,39.89,88.1,,,3.132,0.704,-0.512,0.628,111,4,38154
2026-01-28 09:00:08,39.89,88.13,,,3.132,0.7,-0.508,0.628,111,4,38155
2026-01-28 09:00:10,39.9,88.16,,,3.132,0.704,-0.508,0.624,111,4,38156
2026-01-28 09:00:13,39.89,88.15,,,3.132,0.7,-0.512,0.628,111,4,38157
2026-01-28 09:00:15,39.91,88.14,,,3.132,0.7,-0.508,0.624,111,4,38158
2026-01-28 09:00:18,39.91,88.11,,,3.132,0.7,-0.512,0.616,111,4,38159
2026-01-28 09:00:20,39.91,88.16,,,3.132,0.7,-0.504,0.624,111,4,38160
2026-01-28 09:00:23,39.92,88.14,,,3.132,0.7,-0.512,0.632,111,4,38161
2026-01-28 09:00:26,39.92,88.14,,,3.132,0.7,-0.508,0.628,111,4,38162
2026-01-28 09:00:28,39.92,88.15,,,3.132,0.7,-0.508,0.624,111,4,38163
2026-01-28 09:00:31,39.93,88.16,,,3.132,0.696,-0.508,0.628,111,4,38164
2026-01-28 09:00:33,39.93,88.14,,,3.132,0.7,-0.508,0.632,111,4,38165
2026-01-28 09:00:36,39.93,88.13,,,3.132,0.708,-0.508,0.636,111,4,38166
2026-01-28 09:00:39,39.96,88.13,,,3.132,0.7,-0.512,0.632,111,4,38167
2026-01-28 09:00:41,39.96,88.14,,,3.132,0.7,-0.508,0.628,111,4,38168
2026-01-28 09:00:44,39.96,88.15,,,3.132,0.704,-0.512,0.632,111,4,38169
2026-01-28 09:00:46,39.98,88.11,,,3.132,0.7,-0.512,0.62,111,4,38170
2026-01-28 09:00:49,39.98,88.11,,,3.132,0.696,-0.512,0.628,111,4,38171
2026-01-28 09:00:52,39.98,88.11,,,3.132,0.704,-0.512,0.624,111,4,38172
2026-01-28 09:00:54,39.99,88.1,,,3.132,0.692,-0.516,0.628,111,4,38173
2026-01-28 09:00:57,39.99,88.11,,,3.132,0.7,-0.512,0.636,111,4,38174
2026-01-28 09:00:59,39.99,88.07,,,3.132,0.696,-0.512,0.632,111,4,38175
2026-01-28 09:01:01,39.99,88.07,,,3.132,0.704,-0.508,0.628,111,4,38176
2026-01-28 09:01:04,39.99,88.07,,,3.132,0.704,-0.508,0.624,111,4,38177
2026-01-28 09:01:07,40.02,88.05,,,3.132,0.704,-0.508,0.62,111,4,38178
2026-01-28 09:01:09,40.02,88.05,,,3.132,0.696,-0.512,0.628,111,4,38179
2026-01-28 09:01:12,40.03,88.05,,,3.132,0.696,-0.504,0.628,111,4,38180
2026-01-28 09:01:14,40.03,88.06,,,3.132,0.696,-0.512,0.628,111,4,38181
2026-01-28 09:01:17,40.04,88.02,,,3.132,0.7,-0.508,0.628,111,4,38182
2026-01-28 09:01:20,40.05,88.02,,,3.132,0.696,-0.504,0.632,111,4,38183
2026-01-28 09:01:22,40.06,88.03,,,3.132,0.692,-0.508,0.624,111,4,38184
2026-01-28 09:01:25,40.06,88.05,,,3.132,0.696,-0.512,0.628,111,4,38185
2026-01-28 09:01:27,40.05,88.03,,,3.132,0.696,-0.504,0.624,111,4,38186
2026-01-28 09:01:30,40.08,88.02,,,3.132,0.696,-0.508,0.624,111,4,38187
2026-01-28 09:01:33,40.08,88.02,,,3.132,0.7,-0.508,0.632,111,4,38188
2026-01-28 09:01:36,40.08,88,,,3.132,0.696,-0.516,0.624,111,4,38189
2026-01-28 09:01:40,40.09,88,,,3.132,0.7,-0.508,0.632,111,4,38191
2026-01-28 09:01:43,40.1,87.99,,,3.132,0.696,-0.512,0.628,111,4,38192
2026-01-28 09:01:46,40.1,88,,,3.132,0.7,-0.508,0.64,111,4,38193
2026-01-28 09:01:51,40.12,87.97,,,3.132,0.696,-0.512,0.632,111,4,38195
2026-01-28 09:05:08,40.42,87.9,,,3.132,0.7,-0.508,0.624,111,4,38272
2026-01-28 09:05:11,40.41,87.92,,,3.132,0.7,-0.508,0.632,111,4,38273
2026-01-28 09:05:13,40.42,87.92,,,3.132,0.692,-0.504,0.628,111,4,38274
2026-01-28 09:05:16,40.42,87.97,,,3.132,0.696,-0.504,0.628,111,4,38275
2026-01-28 09:05:19,40.43,87.92,,,3.132,0.704,-0.508,0.64,111,4,38276
2026-01-28 09:07:27,40.55,88.02,,,3.139,0.704,-0.512,0.628,111,4,38326
2026-01-28 09:07:30,40.56,88.03,,,3.139,0.696,-0.508,0.636,111,4,38327
2026-01-28 09:09:00,40.63,88.08,,,3.139,0.692,-0.508,0.628,111,4,38362
2026-01-28 09:09:03,40.62,88.09,,,3.139,0.696,-0.508,0.62,111,4,38363
2026-01-28 09:13:40,40.87,88.26,,,3.15,0.704,-0.508,0.628,111,4,38471
2026-01-28 09:13:42,40.85,88.29,,,3.15,0.688,-0.504,0.632,111,4,38472
2026-01-28 09:13:45,40.86,88.28,,,3.15,0.7,-0.508,0.636,111,4,38473
2026-01-28 09:13:48,40.85,88.26,,,3.15,0.692,-0.508,0.636,111,4,38474
2026-01-28 09:13:50,40.87,88.25,,,3.15,0.704,-0.508,0.64,111,4,38475
2026-01-28 09:13:53,40.87,88.27,,,3.15,0.692,-0.508,0.632,111,4,38476
2026-01-28 09:13:55,40.87,88.27,,,3.132,0.7,-0.508,0.632,111,4,38477
2026-01-28 09:13:58,40.87,88.27,,,3.132,0.636,-0.492,0.572,111,4,38478
2026-01-28 09:14:01,40.86,88.29,,,3.132,-0.616,0.036,0.432,112,4,38479
2026-01-28 09:14:03,40.87,88.37,,,3.132,-0.044,-0.156,0.036,112,4,38480
2026-01-28 09:14:06,40.89,88.51,,,3.132,0.12,-0.66,-0.712,112,4,38481
2026-01-28 09:14:08,40.87,88.56,,,3.132,-0.12,-0.136,0.868,112,4,38482
2026-01-28 09:14:11,40.9,88.7,,,3.132,-0.028,0.08,0.976,112,4,38483
2026-01-28 09:14:13,40.89,88.88,,,3.132,0.368,0.16,0.952,112,4,38484
2026-01-28 09:14:16,40.9,88.97,,,3.132,0.368,0.16,0.952,112,4,38485
2026-01-28 09:14:18,40.89,89.07,,,3.132,0.364,0.156,0.96,112,4,38486
2026-01-28 09:19:19,42.51,90.15,,,3.143,0.364,0.156,0.96,112,4,38603
2026-01-28 09:19:32,42.57,90.18,,,3.143,0.352,0.18,0.964,112,4,38608
2026-01-28 09:19:34,42.6,90.17,,,3.143,0.348,0.172,0.972,112,4,38609
2026-01-28 09:19:37,42.59,90.17,,,3.143,0.36,0.16,0.968,112,4,38610
2026-01-28 09:19:40,42.62,90.15,,,3.143,0.368,0.16,0.952,112,4,38611
2026-01-28 09:19:42,42.63,90.16,,,3.143,0.36,0.148,0.96,112,4,38612
2026-01-28 09:19:45,42.64,90.14,,,3.143,0.368,0.188,0.952,112,4,38613
2026-01-28 09:19:47,42.66,90.12,,,3.143,0.348,0.168,0.976,112,4,38614
2026-01-28 09:19:51,42.67,90.13,,,3.143,0.364,0.156,0.952,112,4,38615
2026-01-28 09:19:55,42.7,90.13,,,3.143,0.368,0.132,0.94,112,4,38617
2026-01-28 09:19:58,42.7,90.08,,,3.132,0.348,0.192,0.972,112,4,38618
2026-01-28 09:20:03,42.72,90.08,,,3.132,0.376,0.136,0.936,112,4,38620
2026-01-28 09:21:35,43.06,89.7,,,3.143,0.348,0.188,0.98,112,4,38656
2026-01-28 09:21:38,43.07,89.7,,,3.143,0.364,0.152,0.96,112,4,38657
2026-01-28 09:21:40,43.08,89.68,,,3.143,0.372,0.116,0.948,112,4,38658
2026-01-28 09:21:43,43.08,89.67,,,3.143,0.344,0.176,0.972,112,4,38659
2026-01-28 09:21:45,43.09,89.66,,,3.143,0.36,0.168,0.968,112,4,38660
2026-01-28 09:21:48,43.09,89.64,,,3.143,0.364,0.18,0.948,112,4,38661
2026-01-28 09:21:51,43.12,89.64,,,3.143,0.352,0.156,0.96,112,4,38662
2026-01-28 09:21:56,43.14,89.64,,,3.143,0.368,0.152,0.952,112,4,38664
2026-01-28 09:21:59,43.14,89.63,,,3.139,0.372,0.132,0.936,112,4,38665
2026-01-28 09:22:04,43.14,89.61,,,3.139,0.352,0.148,0.964,112,4,38667
2026-01-28 09:22:06,43.15,89.59,,,3.139,0.36,0.156,0.96,112,4,38668
2026-01-28 09:22:09,43.16,89.57,,,3.139,0.368,0.12,0.948,112,4,38669
2026-01-28 09:25:01,43.55,88.97,,,3.136,0.344,0.16,0.972,112,4,38736
2026-01-28 09:25:03,43.55,88.95,,,3.136,0.376,0.148,0.932,112,4,38737
2026-01-28 09:25:06,43.54,88.98,,,3.136,0.364,0.156,0.96,112,4,38738
2026-01-28 09:25:08,43.57,88.95,,,3.136,0.348,0.196,0.968,112,4,38739
2026-01-28 09:25:11,43.57,88.94,,,3.136,0.368,0.132,0.96,112,4,38740
2026-01-28 09:25:14,43.57,88.94,,,3.136,0.36,0.156,0.956,112,4,38741
2026-01-28 09:25:16,43.58,88.92,,,3.136,0.336,0.164,0.976,112,4,38742
2026-01-28 09:27:07,43.77,88.71,,,3.15,0.364,0.156,0.964,112,4,38785
2026-01-28 09:27:09,43.78,88.71,,,3.15,0.336,0.2,0.968,112,4,38786
2026-01-28 09:27:12,43.77,88.72,,,3.15,0.36,0.132,0.956,112,4,38787
2026-01-28 09:27:15,43.77,88.7,,,3.15,0.36,0.148,0.964,112,4,38788
2026-01-28 09:27:17,43.78,88.71,,,3.15,0.332,0.188,0.972,112,4,38789
2026-01-28 09:27:20,43.78,88.7,,,3.15,0.368,0.12,0.948,112,4,38790
2026-01-28 09:27:22,43.77,88.68,,,3.15,0.364,0.148,0.956,112,4,38791
2026-01-28 09:27:25,43.78,88.68,,,3.15,0.356,0.196,0.956,112,4,38792
2026-01-28 09:27:27,43.78,88.67,,,3.15,0.352,0.152,0.968,112,4,38793
2026-01-28 09:27:30,43.78,88.67,,,3.15,0.332,0.184,0.988,112,4,38794
2026-01-28 09:27:33,43.8,88.66,,,3.15,0.368,0.168,0.936,112,4,38795
2026-01-28 09:27:38,43.8,88.64,,,3.15,0.332,0.184,0.976,112,4,38797
2026-01-28 09:27:40,43.79,88.63,,,3.15,0.368,0.12,0.952,112,4,38798
2026-01-28 09:27:43,43.81,88.64,,,3.15,0.368,0.14,0.952,112,4,38799
2026-01-28 09:27:45,43.81,88.63,,,3.15,0.368,0.184,0.94,112,4,38800
2026-01-28 09:27:48,43.8,88.63,,,3.15,0.376,0.12,0.948,112,4,38801
2026-01-28 09:27:50,43.81,88.62,,,3.15,0.368,0.144,0.952,112,4,38802
2026-01-28 09:27:53,43.82,88.62,,,3.15,0.36,0.188,0.952,112,4,38803
2026-01-28 09:27:56,43.82,88.61,,,3.15,0.364,0.14,0.964,112,4,38804
2026-01-28 09:27:58,43.82,88.59,,,3.15,0.36,0.144,0.956,112,4,38805
2026-01-28 09:28:01,43.83,88.59,,,3.15,0.364,0.184,0.944,112,4,38806
2026-01-28 09:28:03,43.84,88.59,,,3.15,0.372,0.148,0.936,112,4,38807
2026-01-28 09:28:06,43.82,88.59,,,3.15,0.356,0.14,0.96,112,4,38808
2026-01-28 09:28:09,43.85,88.59,,,3.15,0.372,0.148,0.956,112,4,38809
2026-01-28 09:28:11,43.84,88.57,,,3.15,0.336,0.176,0.98,112,4,38810
2026-01-28 09:28:14,43.83,88.56,,,3.15,0.364,0.172,0.948,112,4,38811
2026-01-28 09:28:16,43.85,88.53,,,3.15,0.364,0.12,0.956,112,4,38812
2026-01-28 09:28:19,43.83,88.54,,,3.15,0.364,0.124,0.96,112,4,38813
2026-01-28 09:28:21,43.85,88.53,,,3.15,0.36,0.156,0.952,112,4,38814
2026-01-28 09:28:24,43.85,88.52,,,3.15,0.352,0.152,0.968,112,4,38815
2026-01-28 09:28:26,43.85,88.53,,,3.15,0.336,0.2,0.972,112,4,38816
2026-01-28 09:28:29,43.85,88.53,,,3.15,0.36,0.18,0.944,112,4,38817
2026-01-28 09:28:32,43.86,88.52,,,3.15,0.376,0.116,0.932,112,4,38818
2026-01-28 09:28:34,43.86,88.51,,,3.15,0.368,0.16,0.932,112,4,38819
2026-01-28 09:28:37,43.87,88.49,,,3.15,0.368,0.12,0.952,112,4,38820
2026-01-28 09:28:39,43.88,88.47,,,3.15,0.356,0.144,0.972,112,4,38821
2026-01-28 09:28:42,43.87,88.47,,,3.15,0.356,0.16,0.968,112,4,38822
2026-01-28 09:28:45,43.89,88.47,,,3.15,0.372,0.144,0.952,112,4,38823
2026-01-28 09:28:47,43.87,88.43,,,3.15,0.344,0.156,0.976,112,4,38824
2026-01-28 09:28:50,43.89,88.45,,,3.15,0.356,0.152,0.968,112,4,38825
2026-01-28 09:28:52,43.89,88.43,,,3.15,0.34,0.192,0.976,112,4,38826
2026-01-28 09:28:55,43.89,88.4,,,3.15,0.36,0.184,0.948,112,4,38827
2026-01-28 09:28:57,43.89,88.39,,,3.15,0.372,0.132,0.94,112,4,38828
2026-01-28 09:29:00,43.89,88.41,,,3.139,0.368,0.12,0.952,112,4,38829
2026-01-28 09:29:03,43.89,88.4,,,3.139,0.36,0.164,0.964,112,4,38830
2026-01-28 09:32:23,44.06,87.97,,,3.136,0.376,0.132,0.932,112,4,38908
2026-01-28 09:32:25,44.06,87.99,,,3.136,0.368,0.136,0.936,112,4,38909
2026-01-28 09:32:28,44.05,87.98,,,3.136,0.376,0.148,0.936,112,4,38910
2026-01-28 09:32:30,44.05,87.99,,,3.136,0.38,0.148,0.94,112,4,38911
2026-01-28 09:32:33,44.05,87.98,,,3.136,0.332,0.192,0.98,112,4,38912
2026-01-28 09:32:36,44.06,88,,,3.136,0.336,0.188,0.98,112,4,38913
2026-01-28 09:32:38,44.05,87.99,,,3.136,0.336,0.18,0.972,112,4,38914
2026-01-28 09:32:41,44.06,87.99,,,3.136,0.336,0.164,0.976,112,4,38915
2026-01-28 09:32:43,44.07,87.99,,,3.136,0.336,0.16,0.98,112,4,38916
2026-01-28 09:32:46,44.07,88.01,,,3.136,0.34,0.164,0.972,112,4,38917
2026-01-28 09:32:49,44.07,87.99,,,3.136,0.368,0.148,0.964,112,4,38918
2026-01-28 09:32:51,44.06,88,,,3.136,0.364,0.152,0.968,112,4,38919
2026-01-28 09:32:54,44.07,87.99,,,3.136,0.356,0.148,0.956,112,4,38920
2026-01-28 09:32:57,44.07,87.97,,,3.136,0.36,0.148,0.972,112,4,38921
2026-01-28 09:32:59,44.06,87.99,,,3.136,0.372,0.12,0.956,112,4,38922
2026-01-28 09:33:02,44.07,87.98,,,3.136,0.372,0.116,0.94,112,4,38923
2026-01-28 09:33:04,44.07,87.98,,,3.132,0.344,0.2,0.964,112,4,38924
2026-01-28 09:33:07,44.06,87.97,,,3.132,0.336,0.192,0.98,112,4,38925
2026-01-28 09:33:10,44.08,87.99,,,3.132,0.336,0.176,0.976,112,4,38926
2026-01-28 09:33:14,44.07,87.96,,,3.132,0.368,0.14,0.956,112,4,38928
2026-01-28 09:33:17,44.08,87.97,,,3.132,0.364,0.144,0.952,112,4,38929
2026-01-28 09:33:19,44.08,87.95,,,3.132,0.376,0.116,0.952,112,4,38930
2026-01-28 09:33:22,44.08,87.94,,,3.132,0.376,0.12,0.944,112,4,38931
2026-01-28 09:33:25,44.08,87.95,,,3.132,0.376,0.156,0.936,112,4,38932
2026-01-28 09:33:27,44.08,87.93,,,3.132,0.348,0.2,0.96,112,4,38933
2026-01-28 09:34:13,44.14,89.15,,,3.132,0.548,-0.052,0.884,114,4,38951
2026-01-28 09:34:16,44.13,89.19,,,3.132,0.548,-0.06,0.892,114,4,38952
2026-01-28 09:34:18,44.15,89.17,,,3.132,0.544,-0.064,0.892,114,4,38953
2026-01-28 09:34:21,44.14,89.17,,,3.132,0.56,-0.072,0.9,114,4,38954
2026-01-28 09:34:24,44.16,89.18,,,3.132,0.528,-0.08,0.876,114,4,38955
2026-01-28 09:34:26,44.17,89.17,,,3.132,0.532,-0.08,0.876,114,4,38956
2026-01-28 09:34:29,44.17,89.17,,,3.132,0.544,-0.064,0.864,114,4,38957
2026-01-28 09:34:31,44.17,89.17,,,3.132,0.544,-0.056,0.864,114,4,38958
2026-01-28 09:34:34,44.19,89.16,,,3.132,0.548,-0.056,0.86,114,4,38959
2026-01-28 09:34:37,44.2,89.17,,,3.132,0.56,-0.052,0.864,114,4,38960
2026-01-28 09:34:39,44.21,89.16,,,3.132,0.552,-0.008,0.888,114,4,38961
2026-01-28 09:34:42,44.21,89.16,,,3.132,0.556,-0.02,0.892,114,4,38962
2026-01-28 09:34:44,44.2,89.14,,,3.132,0.532,-0.024,0.884,114,4,38963
2026-01-28 09:34:47,44.2,89.15,,,3.132,0.528,-0.048,0.892,114,4,38964
2026-01-28 09:34:50,44.22,89.12,,,3.132,0.544,-0.076,0.904,114,4,38965
2026-01-28 09:34:52,44.21,89.13,,,3.132,0.54,-0.088,0.92,114,4,38966
2026-01-28 09:34:54,44.24,89.11,,,3.132,0.536,-0.064,0.868,114,4,38967
2026-01-28 09:34:57,44.22,89.1,,,3.132,0.568,-0.036,0.864,114,4,38968
2026-01-28 09:35:00,44.24,89.09,,,3.132,0.576,-0.004,0.884,114,4,38969
2026-01-28 09:35:03,44.24,89.09,,,3.132,0.548,-0.012,0.892,114,4,38970
2026-01-28 09:36:37,44.36,88.88,,,3.132,0.584,-0.008,0.876,114,4,39007
2026-01-28 09:36:40,44.35,88.88,,,3.132,0.548,-0.008,0.876,114,4,39008
2026-01-28 09:36:42,44.36,88.86,,,3.132,0.528,-0.044,0.888,114,4,39009
2026-01-28 09:36:45,44.36,88.89,,,3.132,0.536,-0.084,0.916,114,4,39010
2026-01-28 09:36:48,44.36,88.88,,,3.132,0.532,-0.056,0.856,114,4,39011
2026-01-28 09:36:50,44.38,88.89,,,3.132,0.576,-0.028,0.868,114,4,39012
2026-01-28 09:36:53,44.36,88.87,,,3.132,0.54,-0.016,0.888,114,4,39013
2026-01-28 09:36:55,44.37,88.87,,,3.132,0.536,-0.08,0.912,114,4,39014
2026-01-28 09:36:58,44.38,88.89,,,3.132,0.528,-0.076,0.912,114,4,39015
2026-01-28 09:37:01,44.36,88.85,,,3.132,0.548,-0.044,0.86,114,4,39016
2026-01-28 09:37:03,44.39,88.89,,,3.132,0.532,-0.068,0.904,114,4,39017
2026-01-28 09:37:06,44.37,88.89,,,3.129,0.528,-0.072,0.932,114,4,39018
2026-01-28 09:37:08,44.39,88.87,,,3.129,0.556,-0.044,0.86,114,4,39019
2026-01-28 09:37:11,44.37,88.88,,,3.129,0.528,-0.032,0.888,114,4,39020
2026-01-28 09:37:14,44.39,88.86,,,3.129,0.536,-0.084,0.928,114,4,39021
2026-01-28 09:37:16,44.39,88.89,,,3.129,0.532,-0.052,0.856,114,4,39022
2026-01-28 09:37:19,44.39,88.86,,,3.129,0.532,-0.068,0.892,114,4,39023
2026-01-28 09:37:21,44.39,88.88,,,3.129,0.464,-0.044,0.964,118,4,39024
2026-01-28 09:37:23,44.4,88.85,,,3.129,0.444,-0.032,0.92,119,4,39025
2026-01-28 09:37:26,44.4,88.87,,,3.129,0.568,-0.284,1.208,120,4,39026
2026-01-28 09:37:29,44.39,88.86,,,3.129,0.444,-0.056,0.94,122,4,39027
2026-01-28 09:37:31,44.41,88.84,,,3.129,0.44,-0.024,0.928,122,4,39028
2026-01-28 09:37:34,44.42,88.82,,,3.129,0.44,-0.048,0.94,122,4,39029
2026-01-28 09:37:36,44.41,88.76,,,3.129,0.444,-0.032,0.928,124,4,39030
2026-01-28 09:37:39,44.4,88.61,,,3.129,-0.216,-0.268,1.036,126,4,39031
2026-01-28 09:37:42,44.4,88.16,,,3.129,0.424,-0.316,0.936,126,4,39032
2026-01-28 09:37:44,44.41,87.76,,,3.129,0.412,-0.236,0.904,127,4,39033
2026-01-28 09:37:47,44.42,87.36,,,3.129,0.648,-0.792,-0.336,129,4,39034
2026-01-28 09:37:50,44.4,87.08,,,3.129,0.64,-0.744,-0.388,129,4,39035
2026-01-28 09:37:55,44.42,86.92,,,3.129,0.624,-0.712,-0.372,130,4,39037
2026-01-28 09:37:57,44.42,86.89,,,3.129,0.64,-0.764,-0.364,130,4,39038
2026-01-28 09:38:00,44.42,86.92,,,3.129,0.48,-0.752,-0.38,133,4,39039
2026-01-28 09:38:03,44.4,86.94,,,3.129,0.716,-0.536,-0.62,135,4,39040
2026-01-28 09:38:08,44.41,87.13,,,3.139,0.668,-0.624,-0.496,138,4,39042
2026-01-28 09:38:12,44.41,87.29,,,3.139,0.68,-0.568,-0.524,139,4,39044
2026-01-28 09:38:15,44.4,87.36,,,3.139,0.692,-0.604,-0.492,139,4,39045
2026-01-28 09:38:17,44.41,87.42,,,3.139,0.684,-0.592,-0.528,141,4,39046
2026-01-28 09:38:20,44.39,87.46,,,3.139,0.612,-0.576,-0.408,142,4,39047
2026-01-28 09:38:23,44.39,87.49,,,3.139,0.728,-0.7,-0.456,144,4,39048
2026-01-28 09:38:25,44.39,87.51,,,3.139,0.724,-0.852,-0.104,146,4,39049
2026-01-28 09:38:28,44.39,87.53,,,3.139,0.752,-0.712,-0.296,147,4,39050
2026-01-28 09:38:30,44.38,87.54,,,3.139,0.74,-0.732,-0.288,147,4,39051
2026-01-28 09:38:33,44.37,87.52,,,3.139,0.744,-0.68,-0.3,147,4,39052
2026-01-28 09:38:36,44.37,87.56,,,3.139,0.732,-0.712,-0.276,147,4,39053
2026-01-28 09:38:38,44.36,87.56,,,3.139,0.744,-0.68,-0.292,147,4,39054
2026-01-28 09:38:41,44.36,87.57,,,3.139,0.732,-0.688,-0.384,148,4,39055
2026-01-28 09:38:43,44.35,87.58,,,3.139,0.692,-0.72,-0.372,150,4,39056
2026-01-28 09:38:46,44.35,87.62,,,3.139,0.74,-0.676,-0.364,150,4,39057
2026-01-28 09:38:49,44.34,87.62,,,3.139,0.724,-0.684,-0.384,150,4,39058
2026-01-28 09:38:54,44.33,87.66,,,3.139,0.708,-0.716,-0.364,152,4,39060
2026-01-28 09:38:56,44.33,87.67,,,3.139,0.74,-0.66,-0.376,152,4,39061
2026-01-28 09:38:58,44.32,87.71,,,3.139,0.72,-0.68,-0.376,152,4,39062
2026-01-28 09:39:01,44.34,87.72,,,3.139,0.724,-0.712,-0.312,153,4,39063
2026-01-28 09:39:04,44.33,87.75,,,3.139,0.728,-0.68,-0.3,157,4,39064
2026-01-28 09:39:06,44.31,87.77,,,3.132,0.752,-0.664,-0.596,162,4,39065
2026-01-28 09:39:09,44.31,87.8,,,3.132,0.708,-0.6,-0.548,164,4,39066
2026-01-28 09:39:11,44.29,87.82,,,3.132,0.668,-0.596,0.008,168,4,39067
2026-01-28 09:39:14,44.29,87.83,,,3.132,0.704,-0.66,-0.46,170,4,39068
2026-01-28 09:39:17,44.28,87.84,,,3.132,0.684,-0.64,-0.432,170,4,39069
2026-01-28 09:39:19,44.29,87.85,,,3.132,0.716,-0.64,-0.452,170,4,39070
2026-01-28 09:39:22,44.28,87.9,,,3.132,0.692,-0.648,-0.456,170,4,39071
2026-01-28 09:39:24,44.27,87.91,,,3.132,0.72,-0.64,-0.444,170,4,39072
2026-01-28 09:39:27,44.27,87.94,,,3.132,0.7,-0.66,-0.464,170,4,39073
2026-01-28 09:39:30,44.26,87.97,,,3.132,0.704,-0.608,-0.452,170,4,39074
2026-01-28 09:39:32,44.26,87.99,,,3.132,0.716,-0.64,-0.436,170,4,39075
2026-01-28 09:39:35,44.24,87.97,,,3.132,0.696,-0.676,-0.452,170,4,39076
2026-01-28 09:39:37,44.25,88,,,3.132,0.72,-0.624,-0.452,170,4,39077
2026-01-28 09:39:40,44.24,88.03,,,3.132,0.704,-0.644,-0.452,170,4,39078
2026-01-28 09:39:43,44.24,88.06,,,3.132,0.716,-0.632,-0.456,170,4,39079
2026-01-28 09:39:45,44.24,88.07,,,3.132,0.696,-0.632,-0.46,170,4,39080
2026-01-28 09:39:47,44.24,88.09,,,3.132,0.684,-0.66,-0.436,170,4,39081
2026-01-28 09:39:50,44.22,88.1,,,3.132,0.716,-0.612,-0.46,170,4,39082
2026-01-28 09:39:52,44.22,88.11,,,3.132,0.712,-0.64,-0.436,170,4,39083
2026-01-28 09:39:55,44.21,88.13,,,3.132,0.704,-0.652,-0.456,170,4,39084
2026-01-28 09:39:58,44.2,88.14,,,3.132,0.716,-0.62,-0.452,170,4,39085
2026-01-28 09:40:00,44.2,88.14,,,3.132,0.708,-0.64,-0.44,170,4,39086
2026-01-28 09:40:03,44.18,88.17,,,3.132,0.7,-0.68,-0.444,170,4,39087
2026-01-28 09:40:05,44.18,88.18,,,3.129,0.7,-0.608,-0.452,170,4,39088
2026-01-28 09:40:08,44.2,88.2,,,3.129,0.72,-0.632,-0.444,170,4,39089
2026-01-28 09:40:11,44.18,88.22,,,3.129,0.7,-0.66,-0.46,170,4,39090
2026-01-28 09:40:13,44.17,88.23,,,3.129,0.712,-0.616,-0.464,170,4,39091
2026-01-28 09:40:16,44.17,88.24,,,3.129,0.712,-0.648,-0.444,170,4,39092
2026-01-28 09:40:18,44.16,88.24,,,3.129,0.776,-0.644,-0.46,171,4,39093
2026-01-28 09:40:21,44.17,88.26,,,3.129,0.696,-0.66,-0.444,171,4,39094
2026-01-28 09:40:24,44.16,88.29,,,3.129,0.708,-0.612,-0.46,171,4,39095
2026-01-28 09:40:26,44.15,88.29,,,3.129,0.696,-0.632,-0.448,171,4,39096
2026-01-28 09:40:29,44.15,88.3,,,3.129,0.712,-0.612,-0.46,171,4,39097
2026-01-28 09:40:31,44.14,88.32,,,3.129,0.7,-0.64,-0.444,171,4,39098
2026-01-28 09:40:34,44.14,88.34,,,3.129,0.688,-0.652,-0.428,171,4,39099
2026-01-28 09:40:36,44.13,88.34,,,3.129,0.704,-0.616,-0.464,171,4,39100
2026-01-28 09:40:39,44.14,88.32,,,3.129,0.7,-0.636,-0.452,171,4,39101
2026-01-28 09:40:41,44.1,88.37,,,3.129,0.692,-0.66,-0.436,171,4,39102
2026-01-28 09:40:44,44.11,88.38,,,3.129,0.704,-0.644,-0.444,171,4,39103
2026-01-28 09:40:46,44.1,88.38,,,3.129,0.696,-0.66,-0.444,171,4,39104
2026-01-28 09:40:49,44.1,88.39,,,3.129,0.708,-0.616,-0.464,171,4,39105
2026-01-28 09:40:52,44.1,88.4,,,3.129,0.704,-0.64,-0.444,171,4,39106
2026-01-28 09:40:54,44.09,88.42,,,3.129,0.7,-0.672,-0.444,171,4,39107
2026-01-28 09:40:57,44.09,88.42,,,3.129,0.708,-0.612,-0.464,171,4,39108
2026-01-28 09:40:59,44.09,88.44,,,3.129,0.704,-0.664,-0.46,171,4,39109
2026-01-28 09:41:02,44.07,88.46,,,3.129,0.68,-0.62,-0.44,171,4,39110
2026-01-28 09:41:05,44.07,88.44,,,3.129,0.716,-0.628,-0.452,171,4,39111
2026-01-28 09:41:07,44.07,88.43,,,3.132,0.704,-0.632,-0.452,171,4,39112
2026-01-28 09:41:10,44.07,88.44,,,3.132,0.708,-0.672,-0.448,171,4,39113
2026-01-28 09:41:12,44.06,88.45,,,3.132,0.692,-0.612,-0.452,171,4,39114
2026-01-28 09:41:15,44.05,88.5,,,3.132,0.708,-0.628,-0.44,171,4,39115
2026-01-28 09:41:18,44.06,88.47,,,3.132,0.684,-0.644,-0.436,171,4,39116
2026-01-28 09:41:20,44.05,88.48,,,3.132,0.724,-0.632,-0.452,171,4,39117
2026-01-28 09:41:23,44.06,88.49,,,3.132,0.708,-0.636,-0.452,171,4,39118
2026-01-28 09:41:25,44.04,88.49,,,3.132,0.688,-0.656,-0.44,171,4,39119
2026-01-28 09:41:28,44.04,88.52,,,3.132,0.716,-0.612,-0.456,171,4,39120
2026-01-28 09:41:30,44.03,88.54,,,3.132,0.708,-0.64,-0.44,171,4,39121
2026-01-28 09:41:33,44.03,88.52,,,3.132,0.684,-0.636,-0.436,171,4,39122
2026-01-28 09:41:35,44.02,88.54,,,3.132,0.716,-0.628,-0.448,171,4,39123
2026-01-28 09:41:38,44.01,88.54,,,3.132,0.7,-0.636,-0.452,171,4,39124
2026-01-28 09:41:40,43.99,88.52,,,3.132,0.688,-0.656,-0.436,171,4,39125
2026-01-28 09:41:43,44,88.54,,,3.132,0.712,-0.612,-0.464,171,4,39126
2026-01-28 09:41:46,44,88.56,,,3.132,0.704,-0.636,-0.456,171,4,39127
2026-01-28 09:41:48,43.99,88.56,,,3.132,0.716,-0.616,-0.464,171,4,39128
2026-01-28 09:42:04,43.97,88.57,,,3.132,0.716,-0.64,-0.436,171,4,39134
2026-01-28 09:42:06,43.96,88.58,,,3.129,0.7,-0.672,-0.452,171,4,39135
2026-01-28 09:42:09,43.95,88.57,,,3.129,0.692,-0.612,-0.452,171,4,39136
2026-01-28 09:42:12,43.95,88.58,,,3.129,0.636,-0.564,-0.444,171,4,39137
2026-01-28 09:42:14,43.95,88.56,,,3.129,0.672,-0.604,-0.56,174,4,39138
2026-01-28 09:42:16,43.95,88.59,,,3.129,0.668,-0.552,-0.516,175,4,39139
2026-01-28 09:42:19,43.94,88.6,,,3.129,0.684,-0.612,-0.54,175,4,39140
2026-01-28 09:46:28,43.64,88.97,,,3.132,0.676,-0.604,-0.544,175,4,39237
2026-01-28 09:46:31,43.64,88.96,,,3.132,0.656,-0.596,-0.496,175,4,39238
2026-01-28 09:46:33,43.63,88.96,,,3.132,0.708,-0.584,-0.504,175,4,39239
2026-01-28 09:46:36,43.61,88.99,,,3.132,0.676,-0.632,-0.504,175,4,39240
2026-01-28 09:46:39,43.62,88.96,,,3.132,0.676,-0.564,-0.524,175,4,39241
2026-01-28 09:49:46,43.54,89.02,,,3.129,0.684,-0.6,-0.512,175,4,39314
2026-01-28 09:49:49,43.53,89.03,,,3.129,0.68,-0.604,-0.516,175,4,39315
2026-01-28 09:49:51,43.54,89.05,,,3.129,0.684,-0.596,-0.512,175,4,39316
2026-01-28 09:49:54,43.54,89.01,,,3.129,0.68,-0.592,-0.508,175,4,39317
2026-01-28 09:49:56,43.54,89.03,,,3.129,0.684,-0.604,-0.516,175,4,39318
2026-01-28 09:49:59,43.54,89.04,,,3.129,0.68,-0.596,-0.508,175,4,39319
2026-01-28 09:50:02,43.53,89.02,,,3.129,0.676,-0.6,-0.516,175,4,39320
2026-01-28 09:50:04,43.53,89.05,,,3.129,0.684,-0.596,-0.508,175,4,39321
2026-01-28 09:50:07,43.54,89.04,,,3.129,0.676,-0.604,-0.524,175,4,39322
2026-01-28 09:50:09,43.54,89.08,,,3.125,0.68,-0.6,-0.512,175,4,39323
2026-01-28 09:50:12,43.53,89.04,,,3.125,0.68,-0.592,-0.516,175,4,39324
2026-01-28 09:50:15,43.53,89.06,,,3.125,0.68,-0.596,-0.516,175,4,39325
2026-01-28 09:50:17,43.53,89.05,,,3.125,0.68,-0.608,-0.512,175,4,39326
2026-01-28 09:50:20,43.53,89.05,,,3.125,0.684,-0.592,-0.52,175,4,39327
2026-01-28 09:50:22,43.53,89.04,,,3.125,0.676,-0.592,-0.512,175,4,39328
2026-01-28 09:50:25,43.53,89.06,,,3.125,0.68,-0.596,-0.508,175,4,39329
2026-01-28 09:50:28,43.53,89.08,,,3.125,0.676,-0.6,-0.516,175,4,39330
2026-01-28 09:50:30,43.52,89.08,,,3.125,0.684,-0.6,-0.512,175,4,39331
2026-01-28 09:50:32,43.52,89.09,,,3.125,0.68,-0.596,-0.508,175,4,39332
2026-01-28 09:50:35,43.52,89.09,,,3.125,0.684,-0.6,-0.516,175,4,39333
2026-01-28 09:50:38,43.51,89.08,,,3.125,0.68,-0.592,-0.516,175,4,39334
2026-01-28 09:50:40,43.52,89.11,,,3.125,0.676,-0.588,-0.516,175,4,39335
2026-01-28 09:50:43,43.51,89.1,,,3.125,0.672,-0.596,-0.512,175,4,39336
2026-01-28 09:50:45,43.53,89.08,,,3.125,0.68,-0.6,-0.508,175,4,39337
2026-01-28 09:50:48,43.52,89.09,,,3.125,0.68,-0.592,-0.516,175,4,39338
2026-01-28 09:50:51,43.52,89.11,,,3.125,0.676,-0.6,-0.512,175,4,39339
2026-01-28 09:50:53,43.51,89.13,,,3.125,0.684,-0.6,-0.516,175,4,39340
2026-01-28 09:50:56,43.52,89.12,,,3.125,0.684,-0.596,-0.512,175,4,39341
2026-01-28 09:50:58,43.51,89.12,,,3.125,0.68,-0.592,-0.508,175,4,39342
2026-01-28 09:51:01,43.5,89.14,,,3.125,0.684,-0.596,-0.516,175,4,39343
2026-01-28 09:51:03,43.51,89.13,,,3.125,0.68,-0.596,-0.508,175,4,39344
2026-01-28 09:51:06,43.5,89.15,,,3.125,0.676,-0.596,-0.52,175,4,39345
2026-01-28 09:51:09,43.5,89.14,,,3.125,0.684,-0.6,-0.524,175,4,39346
2026-01-28 09:51:11,43.52,89.17,,,3.129,0.684,-0.596,-0.512,175,4,39347
2026-01-28 09:51:14,43.51,89.16,,,3.129,0.68,-0.596,-0.516,175,4,39348
2026-01-28 09:51:16,43.51,89.18,,,3.129,0.68,-0.6,-0.512,175,4,39349
2026-01-28 09:51:19,43.51,89.17,,,3.129,0.68,-0.608,-0.516,175,4,39350
2026-01-28 09:51:21,43.49,89.18,,,3.129,0.684,-0.596,-0.512,175,4,39351
2026-01-28 09:51:24,43.5,89.19,,,3.129,0.672,-0.6,-0.512,175,4,39352
2026-01-28 09:51:26,43.51,89.2,,,3.129,0.68,-0.604,-0.516,175,4,39353
2026-01-28 09:51:29,43.5,89.19,,,3.129,0.68,-0.588,-0.516,175,4,39354
2026-01-28 09:51:32,43.52,89.2,,,3.129,0.68,-0.596,-0.512,175,4,39355
2026-01-28 09:51:34,43.5,89.21,,,3.129,0.684,-0.604,-0.512,175,4,39356
2026-01-28 09:51:37,43.51,89.24,,,3.129,0.68,-0.604,-0.52,175,4,39357
2026-01-28 09:51:39,43.5,89.21,,,3.129,0.684,-0.596,-0.512,175,4,39358
2026-01-28 09:51:42,43.52,89.21,,,3.129,0.68,-0.596,-0.512,175,4,39359
2026-01-28 09:51:45,43.51,89.22,,,3.129,0.676,-0.6,-0.516,175,4,39360
2026-01-28 09:51:47,43.51,89.25,,,3.129,0.676,-0.596,-0.516,175,4,39361
2026-01-28 09:51:50,43.49,89.23,,,3.129,0.676,-0.592,-0.512,175,4,39362
2026-01-28 09:51:52,43.5,89.23,,,3.129,0.676,-0.592,-0.516,175,4,39363
2026-01-28 09:51:55,43.51,89.25,,,3.129,0.68,-0.592,-0.516,175,4,39364
2026-01-28 09:51:58,43.51,89.22,,,3.129,0.676,-0.596,-0.516,175,4,39365
2026-01-28 09:52:00,43.5,89.26,,,3.129,0.68,-0.596,-0.52,175,4,39366
2026-01-28 09:52:03,43.51,89.25,,,3.129,0.676,-0.588,-0.512,175,4,39367
2026-01-28 09:52:05,43.51,89.25,,,3.129,0.68,-0.6,-0.52,175,4,39368
2026-01-28 09:52:08,43.5,89.25,,,3.129,0.676,-0.592,-0.512,175,4,39369
2026-01-28 09:52:10,43.5,89.28,,,3.132,0.68,-0.6,-0.508,175,4,39370
2026-01-28 09:52:13,43.51,89.28,,,3.132,0.676,-0.6,-0.512,175,4,39371
2026-01-28 09:52:15,43.51,89.3,,,3.132,0.676,-0.604,-0.516,175,4,39372
2026-01-28 09:52:18,43.5,89.28,,,3.132,0.684,-0.596,-0.52,175,4,39373
2026-01-28 09:52:20,43.5,89.27,,,3.132,0.676,-0.592,-0.512,175,4,39374
2026-01-28 09:52:23,43.5,89.28,,,3.132,0.68,-0.6,-0.508,175,4,39375
2026-01-28 09:52:26,43.5,89.28,,,3.132,0.68,-0.596,-0.512,175,4,39376
2026-01-28 09:52:28,43.5,89.3,,,3.132,0.68,-0.596,-0.512,175,4,39377
2026-01-28 09:52:31,43.5,89.28,,,3.132,0.676,-0.6,-0.508,175,4,39378
2026-01-28 09:52:33,43.51,89.29,,,3.132,0.68,-0.596,-0.512,175,4,39379
2026-01-28 09:52:36,43.5,89.28,,,3.132,0.68,-0.592,-0.52,175,4,39380
2026-01-28 09:52:39,43.52,89.3,,,3.132,0.68,-0.596,-0.52,175,4,39381
2026-01-28 09:52:41,43.52,89.3,,,3.132,0.68,-0.6,-0.512,175,4,39382
2026-01-28 09:52:44,43.51,89.31,,,3.132,0.68,-0.596,-0.508,175,4,39383
2026-01-28 09:52:46,43.51,89.28,,,3.132,0.672,-0.596,-0.516,175,4,39384
2026-01-28 09:52:49,43.53,89.3,,,3.132,0.676,-0.6,-0.512,175,4,39385
2026-01-28 09:52:52,43.51,89.3,,,3.132,0.68,-0.592,-0.516,175,4,39386
2026-01-28 09:52:54,43.51,89.28,,,3.132,0.684,-0.592,-0.52,175,4,39387
2026-01-28 09:52:57,43.51,89.28,,,3.132,0.676,-0.596,-0.52,175,4,39388
2026-01-28 09:52:59,43.52,89.29,,,3.132,0.68,-0.592,-0.516,175,4,39389
2026-01-28 09:53:01,43.52,89.3,,,3.132,0.676,-0.592,-0.516,175,4,39390
2026-01-28 09:53:04,43.52,89.28,,,3.132,0.68,-0.6,-0.512,175,4,39391
2026-01-28 09:53:07,43.51,89.29,,,3.132,0.672,-0.6,-0.52,175,4,39392
2026-01-28 09:53:09,43.52,89.29,,,3.132,0.676,-0.596,-0.512,175,4,39393
2026-01-28 09:53:12,43.52,89.28,,,3.129,0.68,-0.6,-0.508,175,4,39394
2026-01-28 09:53:14,43.52,89.27,,,3.129,0.676,-0.596,-0.52,175,4,39395
2026-01-28 09:53:17,43.52,89.3,,,3.129,0.68,-0.6,-0.508,175,4,39396
2026-01-28 09:53:20,43.52,89.26,,,3.129,0.676,-0.588,-0.512,175,4,39397
2026-01-28 09:53:22,43.52,89.28,,,3.129,0.68,-0.592,-0.508,175,4,39398
2026-01-28 09:53:25,43.51,89.28,,,3.129,0.688,-0.6,-0.512,175,4,39399
2026-01-28 09:53:27,43.54,89.31,,,3.129,0.676,-0.588,-0.516,175,4,39400
2026-01-28 09:56:45,43.61,89.07,,,3.132,0.68,-0.596,-0.508,175,4,39477
2026-01-28 09:56:48,43.61,89.07,,,3.132,0.68,-0.6,-0.508,175,4,39478
2026-01-28 09:56:50,43.61,89.1,,,3.132,0.68,-0.596,-0.508,175,4,39479
2026-01-28 09:56:53,43.61,89.08,,,3.132,0.676,-0.596,-0.508,175,4,39480
2026-01-28 09:56:56,43.61,89.1,,,3.132,0.68,-0.604,-0.516,175,4,39481
2026-01-28 09:56:58,43.61,89.08,,,3.132,0.692,-0.596,-0.512,175,4,39482
2026-01-28 09:57:01,43.6,89.1,,,3.132,0.68,-0.6,-0.516,175,4,39483
2026-01-28 09:57:03,43.62,89.09,,,3.132,0.676,-0.592,-0.52,175,4,39484
2026-01-28 09:57:06,43.63,89.09,,,3.132,0.68,-0.592,-0.516,175,4,39485
2026-01-28 09:59:14,43.73,89.2,,,3.132,0.676,-0.592,-0.508,175,4,39535
2026-01-28 09:59:17,43.72,89.2,,,3.132,0.676,-0.6,-0.516,175,4,39536
2026-01-28 09:59:19,43.72,89.19,,,3.132,0.676,-0.592,-0.516,175,4,39537
2026-01-28 09:59:22,43.73,89.18,,,3.132,0.68,-0.592,-0.512,175,4,39538
2026-01-28 09:59:25,43.71,89.19,,,3.132,0.68,-0.6,-0.516,175,4,39539
2026-01-28 09:59:27,43.74,89.17,,,3.132,0.68,-0.6,-0.5,175,4,39540
2026-01-28 09:59:30,43.74,89.19,,,3.132,0.68,-0.6,-0.508,175,4,39541
2026-01-28 09:59:32,43.74,89.16,,,3.132,0.68,-0.596,-0.516,175,4,39542
2026-01-28 09:59:35,43.74,89.16,,,3.132,0.664,-0.592,-0.516,175,4,39543
2026-01-28 09:59:37,43.75,89.15,,,3.132,0.676,-0.592,-0.516,175,4,39544
2026-01-28 09:59:40,43.74,89.15,,,3.132,0.672,-0.596,-0.512,175,4,39545
2026-01-28 09:59:42,43.74,89.16,,,3.132,0.676,-0.592,-0.516,175,4,39546
2026-01-28 09:59:45,43.74,89.16,,,3.132,0.676,-0.596,-0.516,175,4,39547
2026-01-28 09:59:48,43.74,89.15,,,3.132,0.68,-0.596,-0.512,175,4,39548
2026-01-28 09:59:50,43.74,89.16,,,3.132,0.684,-0.592,-0.516,175,4,39549
2026-01-28 09:59:53,43.77,89.16,,,3.132,0.684,-0.6,-0.512,175,4,39550
2026-01-28 09:59:55,43.75,89.17,,,3.132,0.68,-0.596,-0.516,175,4,39551
2026-01-28 09:59:58,43.77,89.16,,,3.132,0.68,-0.596,-0.52,175,4,39552
2026-01-28 10:00:01,43.76,89.16,,,3.132,0.68,-0.604,-0.504,175,4,39553
2026-01-28 10:01:23,43.85,89,,,3.132,0.676,-0.592,-0.516,175,4,39585
2026-01-28 10:01:25,43.86,89,,,3.132,0.68,-0.596,-0.52,175,4,39586
2026-01-28 10:01:28,43.85,88.97,,,3.132,0.684,-0.6,-0.52,175,4,39587
2026-01-28 10:01:30,43.84,88.98,,,3.132,0.68,-0.6,-0.516,175,4,39588
2026-01-28 10:01:33,43.86,88.98,,,3.132,0.676,-0.596,-0.52,175,4,39589
2026-01-28 10:01:36,43.87,88.97,,,3.132,0.676,-0.596,-0.512,175,4,39590
2026-01-28 10:01:38,43.87,88.94,,,3.132,0.68,-0.6,-0.516,175,4,39591
2026-01-28 10:01:41,43.88,88.95,,,3.132,0.68,-0.592,-0.512,175,4,39592
2026-01-28 10:01:43,43.87,88.96,,,3.132,0.676,-0.592,-0.508,175,4,39593
2026-01-28 10:01:46,43.85,88.96,,,3.132,0.684,-0.592,-0.516,175,4,39594
2026-01-28 10:01:49,43.87,88.96,,,3.132,0.688,-0.604,-0.516,175,4,39595
2026-01-28 10:01:51,43.87,88.95,,,3.132,0.68,-0.6,-0.516,175,4,39596
2026-01-28 10:01:54,43.87,88.95,,,3.132,0.68,-0.596,-0.516,175,4,39597
2026-01-28 10:01:56,43.89,88.93,,,3.132,0.676,-0.6,-0.516,175,4,39598
2026-01-28 10:01:59,43.88,88.92,,,3.132,0.68,-0.6,-0.52,175,4,39599
2026-01-28 10:02:02,43.89,88.92,,,3.132,0.676,-0.596,-0.512,175,4,39600
2026-01-28 10:02:04,43.89,88.93,,,3.132,0.684,-0.596,-0.516,175,4,39601
2026-01-28 10:02:06,43.88,88.89,,,3.132,0.672,-0.6,-0.512,175,4,39602
2026-01-28 10:02:09,43.9,88.89,,,3.132,0.684,-0.596,-0.516,175,4,39603
2026-01-28 10:02:11,43.89,88.89,,,3.132,0.68,-0.592,-0.512,175,4,39604
2026-01-28 10:02:14,43.9,88.89,,,3.132,0.676,-0.592,-0.508,175,4,39605
2026-01-28 10:02:17,43.9,88.9,,,3.132,0.68,-0.596,-0.52,175,4,39606
2026-01-28 10:02:20,43.89,88.88,,,3.132,0.68,-0.596,-0.516,175,4,39607
2026-01-28 10:02:24,43.9,88.88,,,3.132,0.676,-0.596,-0.516,175,4,39609
2026-01-28 10:02:27,43.91,88.86,,,3.132,0.68,-0.596,-0.512,175,4,39610
2026-01-28 10:05:27,44.06,88.89,,,3.132,0.684,-0.596,-0.52,175,4,39680
2026-01-28 10:05:29,44.05,88.87,,,3.132,0.68,-0.596,-0.516,175,4,39681
2026-01-28 10:05:32,44.06,88.88,,,3.132,0.684,-0.6,-0.516,175,4,39682
2026-01-28 10:05:35,44.07,88.89,,,3.132,0.688,-0.596,-0.512,175,4,39683
2026-01-28 10:05:37,44.07,88.88,,,3.132,0.68,-0.6,-0.512,175,4,39684
2026-01-28 10:05:40,44.05,88.86,,,3.132,0.684,-0.596,-0.516,175,4,39685
2026-01-28 10:05:42,44.07,88.88,,,3.132,0.672,-0.596,-0.516,175,4,39686
2026-01-28 10:10:28,44.36,88.53,,,3.139,0.684,-0.6,-0.52,175,4,39797
2026-01-28 10:10:30,44.37,88.55,,,3.139,0.68,-0.588,-0.512,175,4,39798
2026-01-28 10:10:33,44.36,88.54,,,3.139,0.68,-0.596,-0.52,175,4,39799
2026-01-28 10:10:35,44.37,88.53,,,3.139,0.68,-0.6,-0.516,175,4,39800
2026-01-28 10:10:38,44.37,88.56,,,3.139,0.68,-0.592,-0.516,175,4,39801
2026-01-28 10:10:40,44.37,88.54,,,3.139,0.68,-0.6,-0.512,175,4,39802
2026-01-28 10:10:43,44.38,88.52,,,3.139,0.684,-0.592,-0.508,175,4,39803
2026-01-28 10:10:46,44.35,88.56,,,3.139,0.684,-0.596,-0.512,175,4,39804
2026-01-28 10:10:48,44.37,88.54,,,3.139,0.684,-0.596,-0.516,175,4,39805
2026-01-28 10:10:51,44.39,88.54,,,3.139,0.684,-0.6,-0.512,175,4,39806
2026-01-28 10:14:58,44.64,88.4,,,3.136,0.676,-0.596,-0.512,175,4,39902
2026-01-28 10:15:00,44.64,88.39,,,3.136,0.68,-0.596,-0.524,175,4,39903
2026-01-28 10:15:03,44.63,88.39,,,3.136,0.688,-0.596,-0.52,175,4,39904
2026-01-28 10:15:05,44.64,88.37,,,3.136,0.68,-0.592,-0.512,175,4,39905
2026-01-28 10:15:08,44.65,88.37,,,3.136,0.68,-0.6,-0.512,175,4,39906
2026-01-28 10:15:11,44.64,88.38,,,3.136,0.68,-0.592,-0.512,175,4,39907
2026-01-28 10:15:15,44.66,88.37,,,3.136,0.68,-0.588,-0.512,175,4,39909
2026-01-28 10:15:18,44.66,88.38,,,3.136,0.676,-0.596,-0.516,175,4,39910
2026-01-28 10:15:20,44.67,88.35,,,3.132,0.676,-0.592,-0.512,175,4,39911
2026-01-28 10:15:23,44.65,88.36,,,3.132,0.68,-0.592,-0.512,175,4,39912
2026-01-28 10:15:26,44.65,88.34,,,3.132,0.68,-0.596,-0.512,175,4,39913
2026-01-28 10:15:28,44.66,88.33,,,3.132,0.676,-0.596,-0.516,175,4,39914
2026-01-28 10:15:31,44.67,88.34,,,3.132,0.68,-0.592,-0.512,175,4,39915
2026-01-28 10:15:33,44.65,88.33,,,3.132,0.676,-0.596,-0.512,175,4,39916
2026-01-28 10:15:36,44.67,88.32,,,3.132,0.68,-0.596,-0.516,175,4,39917
2026-01-28 10:15:39,44.67,88.32,,,3.132,0.684,-0.596,-0.516,175,4,39918
2026-01-28 10:15:41,44.67,88.29,,,3.132,0.688,-0.592,-0.516,175,4,39919
2026-01-28 10:15:44,44.66,88.29,,,3.132,0.676,-0.6,-0.512,175,4,39920
2026-01-28 10:15:46,44.67,88.3,,,3.132,0.684,-0.6,-0.504,175,4,39921
2026-01-28 10:15:49,44.69,88.3,,,3.132,0.676,-0.596,-0.516,175,4,39922
2026-01-28 10:15:52,44.68,88.28,,,3.132,0.672,-0.6,-0.512,175,4,39923
2026-01-28 10:15:54,44.68,88.29,,,3.132,0.684,-0.596,-0.512,175,4,39924
2026-01-28 10:15:57,44.69,88.28,,,3.132,0.676,-0.596,-0.516,175,4,39925
2026-01-28 10:15:59,44.68,88.27,,,3.132,0.676,-0.596,-0.512,175,4,39926
2026-01-28 10:16:02,44.68,88.27,,,3.132,0.68,-0.596,-0.508,175,4,39927
2026-01-28 10:16:05,44.7,88.26,,,3.132,0.684,-0.604,-0.512,175,4,39928
2026-01-28 10:16:07,44.69,88.27,,,3.132,0.684,-0.592,-0.508,175,4,39929
2026-01-28 10:16:09,44.68,88.26,,,3.132,0.684,-0.592,-0.516,175,4,39930
2026-01-28 10:16:12,44.7,88.29,,,3.132,0.68,-0.6,-0.516,175,4,39931
2026-01-28 10:16:14,44.71,88.26,,,3.132,0.676,-0.6,-0.516,175,4,39932
2026-01-28 10:16:17,44.68,88.27,,,3.132,0.676,-0.596,-0.516,175,4,39933
2026-01-28 10:16:20,44.7,88.27,,,3.132,0.68,-0.596,-0.512,175,4,39934
2026-01-28 10:16:22,44.7,88.25,,,3.132,0.684,-0.6,-0.516,175,4,39935
2026-01-28 10:16:25,44.68,88.23,,,3.132,0.68,-0.588,-0.516,175,4,39936
2026-01-28 10:16:27,44.7,88.27,,,3.132,0.68,-0.604,-0.52,175,4,39937
2026-01-28 10:16:30,44.72,88.25,,,3.132,0.68,-0.592,-0.508,175,4,39938
2026-01-28 10:16:33,44.7,88.24,,,3.132,0.684,-0.596,-0.52,175,4,39939
2026-01-28 10:16:36,44.7,88.25,,,3.132,0.676,-0.596,-0.516,175,4,39940
2026-01-28 10:16:40,44.71,88.25,,,3.132,0.676,-0.588,-0.516,175,4,39942
2026-01-28 10:16:43,44.71,88.27,,,3.132,0.688,-0.6,-0.512,175,4,39943
2026-01-28 10:16:46,44.71,88.24,,,3.132,0.676,-0.592,-0.516,175,4,39944
2026-01-28 10:16:48,44.73,88.26,,,3.132,0.676,-0.604,-0.512,175,4,39945
2026-01-28 10:16:51,44.74,88.24,,,3.132,0.68,-0.6,-0.524,175,4,39946
2026-01-28 10:16:55,44.71,88.26,,,3.132,0.68,-0.588,-0.508,175,4,39948
2026-01-28 10:16:58,44.73,88.25,,,3.132,0.68,-0.604,-0.516,175,4,39949
2026-01-28 10:17:01,44.72,88.27,,,3.132,0.676,-0.6,-0.516,175,4,39950
2026-01-28 10:17:03,44.74,88.25,,,3.132,0.68,-0.596,-0.512,175,4,39951
2026-01-28 10:17:06,44.74,88.27,,,3.132,0.684,-0.596,-0.516,175,4,39952
2026-01-28 10:17:08,44.74,88.25,,,3.132,0.676,-0.592,-0.52,175,4,39953
2026-01-28 10:17:11,44.74,88.28,,,3.132,0.68,-0.596,-0.512,175,4,39954
2026-01-28 10:17:14,44.73,88.28,,,3.132,0.68,-0.588,-0.512,175,4,39955
2026-01-28 10:17:16,44.74,88.26,,,3.132,0.68,-0.596,-0.516,175,4,39956
2026-01-28 10:17:19,44.74,88.26,,,3.132,0.68,-0.592,-0.516,175,4,39957
2026-01-28 10:17:21,44.75,88.27,,,3.136,0.676,-0.588,-0.516,175,4,39958
2026-01-28 10:17:24,44.74,88.25,,,3.136,0.684,-0.596,-0.512,175,4,39959
2026-01-28 10:17:27,44.75,88.26,,,3.136,0.676,-0.596,-0.512,175,4,39960
2026-01-28 10:17:29,44.74,88.28,,,3.136,0.68,-0.6,-0.524,175,4,39961
2026-01-28 10:17:32,44.76,88.27,,,3.136,0.68,-0.592,-0.512,175,4,39962
2026-01-28 10:17:34,44.76,88.26,,,3.136,0.684,-0.592,-0.508,175,4,39963
2026-01-28 10:17:37,44.76,88.28,,,3.136,0.68,-0.596,-0.516,175,4,39964
2026-01-28 10:17:40,44.74,88.28,,,3.136,0.676,-0.588,-0.512,175,4,39965
2026-01-28 10:17:42,44.77,88.26,,,3.136,0.68,-0.592,-0.512,175,4,39966
2026-01-28 10:17:44,44.76,88.29,,,3.136,0.68,-0.592,-0.52,175,4,39967
2026-01-28 10:17:47,44.77,88.27,,,3.136,0.684,-0.608,-0.512,175,4,39968
2026-01-28 10:17:49,44.78,88.29,,,3.136,0.676,-0.596,-0.508,175,4,39969
2026-01-28 10:17:52,44.76,88.29,,,3.136,0.684,-0.596,-0.512,175,4,39970
2026-01-28 10:17:55,44.78,88.27,,,3.136,0.688,-0.6,-0.508,175,4,39971
2026-01-28 10:18:00,44.77,88.27,,,3.136,0.672,-0.588,-0.512,175,4,39973
2026-01-28 10:18:02,44.78,88.3,,,3.136,0.676,-0.596,-0.516,175,4,39974
2026-01-28 10:18:05,44.79,88.31,,,3.136,0.684,-0.596,-0.516,175,4,39975
2026-01-28 10:18:08,44.78,88.31,,,3.136,0.688,-0.596,-0.512,175,4,39976
2026-01-28 10:18:10,44.78,88.29,,,3.136,0.68,-0.604,-0.516,175,4,39977
2026-01-28 10:18:13,44.79,88.29,,,3.136,0.68,-0.592,-0.516,175,4,39978
2026-01-28 10:18:15,44.8,88.32,,,3.136,0.676,-0.592,-0.508,175,4,39979
2026-01-28 10:18:19,44.8,88.32,,,3.136,0.688,-0.596,-0.512,175,4,39980
2026-01-28 10:18:23,44.8,88.32,,,3.143,0.676,-0.604,-0.512,175,4,39982
2026-01-28 10:18:26,44.81,88.3,,,3.143,0.684,-0.592,-0.512,175,4,39983
2026-01-28 10:18:28,44.8,88.33,,,3.143,0.684,-0.596,-0.516,175,4,39984
2026-01-28 10:18:31,44.8,88.31,,,3.143,0.684,-0.6,-0.508,175,4,39985
2026-01-28 10:18:33,44.8,88.31,,,3.143,0.676,-0.6,-0.516,175,4,39986
2026-01-28 10:18:36,44.81,88.31,,,3.143,0.68,-0.6,-0.512,175,4,39987
2026-01-28 10:18:38,44.81,88.33,,,3.143,0.676,-0.592,-0.512,175,4,39988
2026-01-28 10:18:41,44.8,88.34,,,3.143,0.68,-0.596,-0.512,175,4,39989
2026-01-28 10:18:43,44.82,88.32,,,3.143,0.68,-0.604,-0.512,175,4,39990
2026-01-28 10:18:46,44.82,88.33,,,3.143,0.68,-0.596,-0.516,175,4,39991
2026-01-28 10:18:49,44.82,88.34,,,3.143,0.684,-0.592,-0.512,175,4,39992
2026-01-28 10:18:51,44.82,88.32,,,3.143,0.676,-0.592,-0.516,175,4,39993
2026-01-28 10:18:54,44.82,88.34,,,3.143,0.676,-0.6,-0.508,175,4,39994
2026-01-28 10:18:56,44.83,88.32,,,3.143,0.68,-0.592,-0.516,175,4,39995
2026-01-28 10:18:59,44.84,88.32,,,3.143,0.676,-0.596,-0.52,175,4,39996
2026-01-28 10:23:30,45.1,88.33,,,3.132,0.672,-0.6,-0.516,175,4,40101
2026-01-28 10:23:34,45.07,88.35,,,3.132,0.676,-0.608,-0.528,175,4,40103
2026-01-28 10:23:36,45.08,88.35,,,3.132,0.672,-0.572,-0.524,175,4,40104
2026-01-28 10:23:39,45.08,88.36,,,3.132,0.676,-0.608,-0.532,175,4,40105
2026-01-28 10:23:42,45.08,88.36,,,3.132,0.688,-0.588,-0.496,175,4,40106
2026-01-28 10:23:44,45.08,88.37,,,3.132,0.664,-0.604,-0.5,175,4,40107
2026-01-28 10:23:47,45.09,88.35,,,3.132,0.672,-0.596,-0.516,175,4,40108
2026-01-28 10:23:49,45.08,88.36,,,3.132,0.664,-0.568,-0.524,175,4,40109
2026-01-28 10:23:52,45.1,88.4,,,3.132,0.676,-0.604,-0.536,175,4,40110
2026-01-28 10:28:53,45.22,88.35,,,3.139,0.664,-0.576,-0.516,175,4,40227
2026-01-28 10:32:05,45.22,88.48,,,3.136,0.708,-0.58,-0.512,175,4,40302
2026-01-28 10:32:08,45.22,88.5,,,3.136,0.68,-0.596,-0.512,175,4,40303
2026-01-28 10:32:11,45.24,88.48,,,3.136,0.676,-0.604,-0.528,175,4,40304
2026-01-28 10:32:16,45.23,88.48,,,3.136,0.708,-0.576,-0.512,175,4,40306
2026-01-28 10:32:18,45.22,88.5,,,3.136,0.676,-0.604,-0.524,175,4,40307
2026-01-28 10:32:21,45.23,88.5,,,3.136,0.66,-0.616,-0.488,175,4,40308
2026-01-28 10:32:24,45.22,88.49,,,3.136,0.68,-0.556,-0.524,175,4,40309
2026-01-28 10:32:26,45.22,88.47,,,3.143,0.704,-0.588,-0.5,175,4,40310
2026-01-28 10:32:29,45.24,88.49,,,3.143,0.676,-0.6,-0.504,175,4,40311
2026-01-28 10:32:31,45.23,88.47,,,3.143,0.684,-0.624,-0.532,175,4,40312
2026-01-28 10:32:34,45.23,88.49,,,3.143,0.672,-0.56,-0.524,175,4,40313
2026-01-28 10:32:37,45.24,88.5,,,3.143,0.696,-0.564,-0.52,175,4,40314
2026-01-28 10:32:41,45.23,88.48,,,3.143,0.7,-0.58,-0.496,175,4,40316
2026-01-28 10:32:44,45.24,88.49,,,3.143,0.696,-0.58,-0.488,175,4,40317
2026-01-28 10:32:46,45.22,88.48,,,3.143,0.684,-0.592,-0.504,175,4,40318
2026-01-28 10:32:49,45.24,88.51,,,3.143,0.68,-0.624,-0.496,175,4,40319
2026-01-28 10:32:52,45.23,88.47,,,3.143,0.66,-0.608,-0.5,175,4,40320
2026-01-28 10:32:55,45.22,88.48,,,3.143,0.656,-0.608,-0.496,175,4,40321
2026-01-28 10:32:59,45.22,88.48,,,3.143,0.66,-0.604,-0.492,175,4,40323
2026-01-28 10:33:03,45.23,88.47,,,3.143,0.66,-0.608,-0.5,175,4,40324
2026-01-28 10:33:07,45.24,88.47,,,3.143,0.668,-0.568,-0.536,175,4,40326
2026-01-28 10:33:10,45.23,88.47,,,3.143,0.66,-0.564,-0.524,175,4,40327
2026-01-28 10:33:12,45.23,88.44,,,3.143,0.668,-0.576,-0.52,175,4,40328
2026-01-28 10:33:15,45.24,88.47,,,3.143,0.664,-0.58,-0.504,175,4,40329
2026-01-28 10:33:18,45.24,88.45,,,3.143,0.668,-0.572,-0.512,175,4,40330
2026-01-28 10:33:20,45.23,88.42,,,3.143,0.7,-0.58,-0.508,175,4,40331
2026-01-28 10:33:23,45.24,88.44,,,3.143,0.696,-0.584,-0.5,175,4,40332
2026-01-28 10:33:25,45.24,88.44,,,3.143,0.688,-0.584,-0.492,175,4,40333
2026-01-28 10:33:27,45.22,88.44,,,3.143,0.68,-0.596,-0.508,175,4,40334
2026-01-28 10:33:30,45.23,88.43,,,3.143,0.68,-0.6,-0.524,175,4,40335
2026-01-28 10:33:33,45.24,88.42,,,3.143,0.668,-0.604,-0.528,175,4,40336
2026-01-28 10:33:35,45.24,88.44,,,3.143,0.664,-0.604,-0.5,175,4,40337
2026-01-28 10:33:38,45.23,88.44,,,3.143,0.676,-0.556,-0.524,175,4,40338
2026-01-28 10:33:40,45.23,88.41,,,3.143,0.704,-0.576,-0.516,175,4,40339
2026-01-28 10:33:44,45.24,88.41,,,3.143,0.68,-0.596,-0.508,175,4,40340
2026-01-28 10:33:48,45.24,88.42,,,3.143,0.656,-0.608,-0.5,175,4,40342
2026-01-28 10:33:51,45.24,88.43,,,3.143,0.688,-0.596,-0.52,175,4,40343
2026-01-28 10:33:53,45.23,88.42,,,3.143,0.68,-0.632,-0.496,175,4,40344
2026-01-28 10:33:56,45.23,88.38,,,3.143,0.672,-0.56,-0.528,175,4,40345
2026-01-28 10:33:59,45.22,88.41,,,3.143,0.692,-0.592,-0.492,175,4,40346
2026-01-28 10:34:01,45.23,88.4,,,3.143,0.688,-0.624,-0.52,175,4,40347
2026-01-28 10:34:04,45.23,88.39,,,3.143,0.652,-0.588,-0.504,175,4,40348
2026-01-28 10:34:07,45.24,88.38,,,3.143,0.696,-0.572,-0.504,175,4,40349
2026-01-28 10:34:12,45.21,88.38,,,3.143,0.692,-0.564,-0.528,175,4,40351
2026-01-28 10:34:14,45.23,88.39,,,3.143,0.684,-0.592,-0.504,175,4,40352
2026-01-28 10:34:16,45.23,88.38,,,3.143,0.684,-0.612,-0.528,175,4,40353
2026-01-28 10:34:19,45.23,88.39,,,3.143,0.664,-0.612,-0.496,175,4,40354
2026-01-28 10:34:21,45.22,88.38,,,3.143,0.692,-0.56,-0.528,175,4,40355
2026-01-28 10:34:24,45.24,88.38,,,3.143,0.676,-0.608,-0.524,175,4,40356
2026-01-28 10:34:27,45.23,88.38,,,3.143,0.672,-0.624,-0.488,175,4,40357
2026-01-28 10:34:29,45.24,88.36,,,3.143,0.692,-0.564,-0.528,175,4,40358
2026-01-28 10:34:32,45.23,88.37,,,3.143,0.68,-0.596,-0.516,175,4,40359
2026-01-28 10:34:34,45.22,88.38,,,3.143,0.676,-0.632,-0.504,175,4,40360
2026-01-28 10:34:37,45.22,88.4,,,3.143,0.668,-0.568,-0.532,175,4,40361
2026-01-28 10:34:40,45.24,88.38,,,3.143,0.672,-0.604,-0.528,175,4,40362
2026-01-28 10:34:42,45.24,88.38,,,3.143,0.668,-0.616,-0.492,175,4,40363
2026-01-28 10:34:45,45.23,88.38,,,3.143,0.708,-0.56,-0.52,175,4,40364
2026-01-28 10:34:47,45.24,88.37,,,3.143,0.684,-0.596,-0.512,175,4,40365
2026-01-28 10:34:51,45.22,88.36,,,3.143,0.684,-0.632,-0.504,175,4,40366
2026-01-28 10:34:55,45.23,88.35,,,3.143,0.68,-0.612,-0.536,175,4,40368
2026-01-28 10:34:58,45.23,88.38,,,3.143,0.664,-0.612,-0.504,175,4,40369
2026-01-28 10:35:00,45.23,88.36,,,3.143,0.704,-0.572,-0.52,175,4,40370
2026-01-28 10:35:03,45.23,88.34,,,3.143,0.684,-0.596,-0.508,175,4,40371
2026-01-28 10:35:06,45.21,88.34,,,3.143,0.68,-0.612,-0.528,175,4,40372
2026-01-28 10:40:08,45.23,88.46,,,3.146,0.68,-0.612,-0.532,178,4,40490
2026-01-28 10:44:36,45.22,88.7,,,3.136,0.696,-0.584,-0.488,178,4,40594
2026-01-28 10:44:41,45.22,88.68,,,3.136,0.692,-0.568,-0.532,178,4,40596
2026-01-28 10:44:44,45.23,88.67,,,3.136,0.676,-0.62,-0.532,178,4,40597
2026-01-28 10:44:46,45.22,88.68,,,3.136,0.704,-0.588,-0.496,178,4,40598
2026-01-28 10:44:49,45.23,88.68,,,3.136,0.676,-0.64,-0.5,178,4,40599
2026-01-28 10:44:51,45.24,88.68,,,3.136,0.712,-0.58,-0.512,178,4,40600
2026-01-28 10:44:54,45.22,88.71,,,3.136,0.668,-0.636,-0.492,178,4,40601
2026-01-28 10:44:57,45.22,88.68,,,3.136,0.704,-0.58,-0.5,178,4,40602
2026-01-28 10:44:59,45.22,88.7,,,3.136,0.676,-0.604,-0.524,178,4,40603
2026-01-28 10:45:01,45.24,88.69,,,3.136,0.34,-0.288,-0.064,179,4,40604
2026-01-28 10:45:04,45.23,88.7,,,3.136,0.536,-0.376,-1.404,179,4,40605
2026-01-28 10:45:07,45.24,88.67,,,3.136,0.12,0.052,-1.452,179,4,40606
2026-01-28 10:45:09,45.23,88.6,,,3.136,0.684,-0.576,-0.544,180,4,40607
2026-01-28 10:45:12,45.24,88.6,,,3.136,0.652,-0.552,-0.528,180,4,40608
2026-01-28 10:45:14,45.24,88.61,,,3.136,0.676,-0.6,-0.536,180,4,40609
2026-01-28 10:45:17,45.24,88.58,,,3.136,0.68,-0.556,-0.556,180,4,40610
2026-01-28 10:45:20,45.23,88.58,,,3.136,0.644,-0.568,-0.532,180,4,40611
2026-01-28 10:45:22,45.23,88.55,,,3.136,0.704,-0.552,-0.548,180,4,40612
2026-01-28 10:45:25,45.22,88.57,,,3.136,0.692,-0.612,-0.532,180,4,40613
2026-01-28 10:45:27,45.24,88.56,,,3.136,0.7,-0.564,-0.54,180,4,40614
2026-01-28 10:45:30,45.24,88.5,,,3.136,0.648,-0.58,-0.536,180,4,40615
2026-01-28 10:45:33,45.24,88.52,,,3.139,0.668,-0.56,-0.528,180,4,40616
2026-01-28 10:45:35,45.25,88.51,,,3.139,0.66,-0.596,-0.544,180,4,40617
2026-01-28 10:45:38,45.23,88.52,,,3.139,0.632,-0.568,-0.528,180,4,40618
2026-01-28 10:45:40,45.25,88.5,,,3.139,0.708,-0.552,-0.544,180,4,40619
2026-01-28 10:45:43,45.24,88.51,,,3.139,0.692,-0.616,-0.536,180,4,40620
2026-01-28 10:45:45,45.23,88.49,,,3.139,0.688,-0.564,-0.532,180,4,40621
2026-01-28 10:45:48,45.23,88.49,,,3.139,0.66,-0.604,-0.536,180,4,40622
2026-01-28 10:45:50,45.23,88.5,,,3.139,0.712,-0.556,-0.548,180,4,40623
2026-01-28 10:45:53,45.22,88.48,,,3.139,0.696,-0.612,-0.532,180,4,40624
2026-01-28 10:45:55,45.24,88.49,,,3.139,0.664,-0.568,-0.528,180,4,40625
2026-01-28 10:45:58,45.23,88.48,,,3.139,0.656,-0.56,-0.544,180,4,40626
2026-01-28 10:46:01,45.24,88.44,,,3.139,0.668,-0.592,-0.536,180,4,40627
2026-01-28 10:46:03,45.22,88.48,,,3.139,0.716,-0.56,-0.556,180,4,40628
2026-01-28 10:46:06,45.23,88.44,,,3.139,0.656,-0.584,-0.532,180,4,40629
2026-01-28 10:46:08,45.21,88.44,,,3.139,0.692,-0.548,-0.552,180,4,40630
2026-01-28 10:46:11,45.24,88.45,,,3.139,0.668,-0.58,-0.528,180,4,40631
2026-01-28 10:46:14,45.23,88.43,,,3.139,0.696,-0.548,-0.552,180,4,40632
2026-01-28 10:46:16,45.22,88.41,,,3.139,0.688,-0.6,-0.54,180,4,40633
2026-01-28 10:46:19,45.23,88.41,,,3.139,0.72,-0.556,-0.544,180,4,40634
2026-01-28 10:46:21,45.23,88.42,,,3.139,0.7,-0.616,-0.536,180,4,40635
2026-01-28 10:46:24,45.24,88.39,,,3.139,0.672,-0.544,-0.54,180,4,40636
2026-01-28 10:46:27,45.23,88.39,,,3.139,0.672,-0.588,-0.536,180,4,40637
2026-01-28 10:46:29,45.24,88.39,,,3.139,0.72,-0.556,-0.548,180,4,40638
2026-01-28 10:46:32,45.24,88.35,,,3.132,0.676,-0.596,-0.532,180,4,40639
2026-01-28 10:46:34,45.23,88.38,,,3.132,0.68,-0.544,-0.548,180,4,40640
2026-01-28 10:46:37,45.21,88.36,,,3.132,0.66,-0.584,-0.54,180,4,40641
2026-01-28 10:46:39,45.23,88.34,,,3.132,0.644,-0.588,-0.54,180,4,40642
2026-01-28 10:46:42,45.22,88.38,,,3.132,0.636,-0.56,-0.528,180,4,40643
2026-01-28 10:46:44,45.23,88.35,,,3.132,0.648,-0.556,-0.536,180,4,40644
2026-01-28 10:46:47,45.23,88.31,,,3.132,0.648,-0.58,-0.528,180,4,40645
2026-01-28 10:46:49,45.23,88.31,,,3.132,0.712,-0.556,-0.544,180,4,40646
2026-01-28 10:46:52,45.23,88.33,,,3.132,0.688,-0.612,-0.532,180,4,40647
2026-01-28 10:46:55,45.22,88.31,,,3.132,0.668,-0.552,-0.552,180,4,40648
2026-01-28 10:46:57,45.21,88.31,,,3.132,0.636,-0.576,-0.532,180,4,40649
2026-01-28 10:47:00,45.23,88.29,,,3.132,0.656,-0.56,-0.544,180,4,40650
2026-01-28 10:47:02,45.21,88.28,,,3.132,0.656,-0.58,-0.528,180,4,40651
2026-01-28 10:47:05,45.21,88.27,,,3.132,0.716,-0.548,-0.556,180,4,40652
2026-01-28 10:47:08,45.22,88.25,,,3.132,0.696,-0.616,-0.536,180,4,40653
2026-01-28 10:47:10,45.21,88.25,,,3.132,0.708,-0.552,-0.552,180,4,40654
2026-01-28 10:47:13,45.22,88.28,,,3.132,0.7,-0.616,-0.536,180,4,40655
2026-01-28 10:47:15,45.21,88.25,,,3.132,0.656,-0.568,-0.524,180,4,40656
2026-01-28 10:47:18,45.21,88.24,,,3.132,0.664,-0.548,-0.552,180,4,40657
2026-01-28 10:47:21,45.21,88.23,,,3.132,0.7,-0.616,-0.532,180,4,40658
2026-01-28 10:47:23,45.21,88.21,,,3.132,0.632,-0.572,-0.532,180,4,40659
2026-01-28 10:47:26,45.22,88.21,,,3.132,0.712,-0.548,-0.548,180,4,40660
2026-01-28 10:47:28,45.22,88.17,,,3.132,0.652,-0.576,-0.532,180,4,40661
2026-01-28 10:47:30,45.21,88.19,,,3.132,0.712,-0.56,-0.552,180,4,40662
2026-01-28 10:47:33,45.19,88.19,,,3.132,0.644,-0.584,-0.532,180,4,40663
2026-01-28 10:47:36,45.21,88.18,,,3.132,0.684,-0.592,-0.54,180,4,40664
2026-01-28 10:47:38,45.2,88.15,,,3.132,0.648,-0.572,-0.532,180,4,40665
2026-01-28 10:47:41,45.2,88.17,,,3.132,0.7,-0.54,-0.556,180,4,40666
2026-01-28 10:47:43,45.21,88.12,,,3.132,0.648,-0.58,-0.532,180,4,40667
2026-01-28 10:47:46,45.2,88.14,,,3.132,0.712,-0.564,-0.54,180,4,40668
2026-01-28 10:47:49,45.2,88.15,,,3.132,0.648,-0.584,-0.532,180,4,40669
2026-01-28 10:47:51,45.21,88.1,,,3.132,0.652,-0.58,-0.524,180,4,40670
2026-01-28 10:47:54,45.21,88.1,,,3.132,0.716,-0.56,-0.552,180,4,40671
2026-01-28 10:47:57,45.2,88.08,,,3.132,0.684,-0.616,-0.536,180,4,40672
2026-01-28 10:48:02,45.19,88.08,,,3.132,0.692,-0.624,-0.532,180,4,40674
2026-01-28 10:48:04,45.19,88.1,,,3.132,0.632,-0.584,-0.528,180,4,40675
2026-01-28 10:48:07,45.19,88.06,,,3.132,0.676,-0.544,-0.556,180,4,40676
2026-01-28 10:48:09,45.17,88.06,,,3.132,0.688,-0.592,-0.54,180,4,40677
2026-01-28 10:48:12,45.17,88.03,,,3.132,0.716,-0.552,-0.552,180,4,40678
2026-01-28 10:48:15,45.19,88.05,,,3.132,0.632,-0.572,-0.524,180,4,40679
2026-01-28 10:48:18,45.17,88.03,,,3.132,0.676,-0.548,-0.548,180,4,40680
2026-01-28 10:48:22,45.17,88,,,3.132,0.68,-0.568,-0.528,180,4,40682
2026-01-28 10:48:24,45.17,88,,,3.132,0.652,-0.604,-0.536,180,4,40683
2026-01-28 10:48:27,45.17,87.98,,,3.132,0.636,-0.58,-0.528,180,4,40684
2026-01-28 10:48:30,45.17,87.94,,,3.132,0.672,-0.552,-0.548,180,4,40685
2026-01-28 10:48:33,45.17,87.95,,,3.132,0.636,-0.584,-0.524,180,4,40686
2026-01-28 10:48:37,45.17,87.96,,,3.132,0.7,-0.604,-0.528,180,4,40688
2026-01-28 10:48:40,45.17,87.94,,,3.132,0.66,-0.572,-0.524,180,4,40689
2026-01-28 10:48:43,45.17,87.96,,,3.132,0.644,-0.568,-0.536,180,4,40690
2026-01-28 10:48:45,45.16,87.93,,,3.132,0.696,-0.6,-0.54,180,4,40691
2026-01-28 10:48:48,45.15,87.93,,,3.132,0.716,-0.54,-0.56,180,4,40692
2026-01-28 10:48:50,45.15,87.91,,,3.132,0.648,-0.576,-0.532,180,4,40693
2026-01-28 10:48:53,45.15,87.92,,,3.132,0.696,-0.588,-0.532,180,4,40694
2026-01-28 10:48:56,45.15,87.91,,,3.132,0.68,-0.568,-0.528,180,4,40695
2026-01-28 10:48:58,45.14,87.92,,,3.132,0.652,-0.564,-0.548,180,4,40696
2026-01-28 10:49:01,45.14,87.92,,,3.132,0.7,-0.592,-0.528,180,4,40697
2026-01-28 10:49:03,45.14,87.89,,,3.132,0.672,-0.548,-0.548,180,4,40698
2026-01-28 10:49:06,45.15,87.87,,,3.132,0.692,-0.608,-0.536,180,4,40699
2026-01-28 10:49:08,45.15,87.87,,,3.132,0.676,-0.564,-0.528,180,4,40700
2026-01-28 10:49:11,45.14,87.87,,,3.132,0.652,-0.572,-0.54,180,4,40701
2026-01-28 10:49:13,45.14,87.86,,,3.132,0.632,-0.584,-0.528,180,4,40702
2026-01-28 10:49:16,45.13,87.86,,,3.132,0.712,-0.552,-0.548,180,4,40703
2026-01-28 10:49:18,45.13,87.87,,,3.132,0.644,-0.584,-0.524,180,4,40704
2026-01-28 10:49:21,45.12,87.84,,,3.132,0.704,-0.564,-0.544,180,4,40705
2026-01-28 10:49:24,45.11,87.84,,,3.132,0.66,-0.56,-0.544,180,4,40706
2026-01-28 10:49:26,45.13,87.84,,,3.132,0.704,-0.6,-0.536,180,4,40707
2026-01-28 10:49:29,45.12,87.83,,,3.132,0.676,-0.58,-0.536,180,4,40708
2026-01-28 10:49:34,45.12,87.83,,,3.132,0.672,-0.584,-0.54,180,4,40710
2026-01-28 10:49:37,45.12,87.83,,,3.132,0.664,-0.58,-0.532,180,4,40711
2026-01-28 10:49:39,45.1,87.83,,,3.132,0.676,-0.568,-0.536,180,4,40712
2026-01-28 10:49:42,45.1,87.85,,,3.132,0.676,-0.576,-0.536,180,4,40713
2026-01-28 10:49:44,45.1,87.83,,,3.132,0.672,-0.576,-0.536,180,4,40714
2026-01-28 10:49:47,45.1,87.81,,,3.132,0.672,-0.572,-0.536,180,4,40715
2026-01-28 10:49:50,45.1,87.8,,,3.132,0.672,-0.58,-0.532,180,4,40716
2026-01-28 10:49:52,45.1,87.84,,,3.132,0.676,-0.584,-0.532,180,4,40717
2026-01-28 10:49:55,45.1,87.82,,,3.132,0.672,-0.576,-0.536,180,4,40718
2026-01-28 10:54:55,44.99,88.04,,,3.129,0.668,-0.572,-0.536,180,4,40835
2026-01-28 10:56:23,44.97,87.98,,,3.132,0.672,-0.584,-0.54,180,4,40869
2026-01-28 10:56:25,44.98,87.99,,,3.132,0.676,-0.584,-0.536,180,4,40870
2026-01-28 10:56:28,44.98,87.98,,,3.132,0.672,-0.576,-0.54,180,4,40871
2026-01-28 10:56:31,44.97,87.98,,,3.132,0.676,-0.584,-0.544,180,4,40872
2026-01-28 10:56:33,44.97,87.95,,,3.132,0.676,-0.58,-0.528,180,4,40873
2026-01-28 10:56:35,44.97,87.98,,,3.132,0.676,-0.576,-0.528,180,4,40874
2026-01-28 10:56:38,44.98,87.96,,,3.132,0.672,-0.572,-0.532,180,4,40875
2026-01-28 10:56:40,44.98,87.97,,,3.132,0.68,-0.58,-0.528,180,4,40876
2026-01-28 10:56:43,44.96,87.98,,,3.132,0.68,-0.58,-0.532,180,4,40877
2026-01-28 10:56:46,44.96,88,,,3.132,0.676,-0.58,-0.536,180,4,40878
2026-01-28 10:56:48,44.97,87.96,,,3.132,0.668,-0.576,-0.54,180,4,40879
2026-01-28 10:56:51,44.96,88,,,3.132,0.676,-0.58,-0.524,180,4,40880
2026-01-28 10:56:53,44.96,87.98,,,3.132,-0.808,0.828,0.396,181,4,40881
2026-01-28 10:56:56,44.97,88.05,,,3.132,0.948,-0.016,-0.632,181,4,40882
2026-01-28 10:56:59,44.96,88.08,,,3.132,0.816,-0.448,0.312,181,4,40883
2026-01-28 10:57:02,44.96,88.16,,,3.132,-0.4,0.46,0.796,181,4,40884
2026-01-28 10:57:06,44.96,88.3,,,3.132,-0.536,0.484,0.636,185,4,40886
2026-01-28 10:57:09,44.97,88.38,,,3.132,-0.56,0.524,0.608,185,4,40887
2026-01-28 10:57:12,44.96,88.43,,,3.132,-0.54,0.54,0.604,185,4,40888
2026-01-28 10:57:15,44.97,88.48,,,3.132,-0.56,0.564,0.6,187,4,40889
2026-01-28 10:57:19,44.97,88.63,,,3.132,-0.536,0.544,0.604,187,4,40891
2026-01-28 10:57:22,44.98,88.7,,,3.132,-0.548,0.54,0.6,187,4,40892
2026-01-28 10:57:25,44.97,88.75,,,3.132,-0.556,0.536,0.608,187,4,40893
2026-01-28 10:57:29,44.99,88.84,,,3.132,-0.492,0.48,0.716,189,4,40895
2026-01-28 10:57:32,44.99,88.87,,,3.132,-0.508,0.488,0.724,190,4,40896
2026-01-28 10:57:34,44.99,88.92,,,3.132,-0.484,0.48,0.74,190,4,40897
2026-01-28 10:57:37,45.01,88.96,,,3.132,-0.476,0.472,0.748,190,4,40898
2026-01-28 10:57:40,45,88.98,,,3.132,-0.492,0.468,0.724,190,4,40899
2026-01-28 10:57:42,45,89.04,,,3.132,-0.48,0.448,0.736,190,4,40900
2026-01-28 10:57:45,45.03,89.09,,,3.132,-0.476,0.48,0.728,190,4,40901
2026-01-28 10:57:47,45.03,89.12,,,3.132,-0.516,0.456,0.66,190,4,40902
2026-01-28 10:57:50,45.04,89.16,,,3.132,-0.396,0.62,0.664,193,4,40903
2026-01-28 10:57:53,45.03,89.19,,,3.132,-0.396,0.652,0.648,194,4,40904
2026-01-28 10:57:55,45.05,89.24,,,3.132,-0.396,0.64,0.656,194,4,40905
2026-01-28 10:57:58,45.07,89.31,,,3.132,-0.408,0.644,0.656,194,4,40906
2026-01-28 10:58:00,45.07,89.29,,,3.132,-0.392,0.64,0.66,194,4,40907
2026-01-28 10:58:04,45.07,89.34,,,3.132,-0.408,0.572,0.704,194,4,40908
2026-01-28 10:58:08,45.1,89.32,,,3.132,-0.424,0.52,0.752,194,4,40910
2026-01-28 10:58:11,45.1,89.26,,,3.132,-0.444,0.484,0.748,196,4,40911
2026-01-28 10:58:13,45.12,89.23,,,3.132,-0.456,0.476,0.748,196,4,40912
2026-01-28 10:58:16,45.13,89.22,,,3.132,-0.448,0.452,0.76,196,4,40913
2026-01-28 10:58:21,45.15,89.19,,,3.132,-0.448,0.448,0.78,196,4,40915
2026-01-28 10:58:24,45.16,89.2,,,3.132,-0.448,0.416,0.8,196,4,40916
2026-01-28 10:58:28,45.17,89.17,,,3.132,-0.448,0.452,0.768,196,4,40918
2026-01-28 10:58:31,45.2,89.15,,,3.132,-0.428,0.432,0.776,196,4,40919
2026-01-28 10:58:34,45.21,89.14,,,3.132,-0.472,0.408,0.8,197,4,40920
2026-01-28 10:58:39,45.22,89.13,,,3.136,-0.452,0.436,0.78,197,4,40922
2026-01-28 10:58:41,45.24,89.13,,,3.136,-0.456,0.456,0.796,197,4,40923
2026-01-28 10:58:45,45.25,89.13,,,3.136,-0.44,0.504,0.764,198,4,40924
2026-01-28 10:58:49,45.28,89.17,,,3.136,-0.444,0.408,0.804,199,4,40926
2026-01-28 10:58:52,45.3,89.18,,,3.136,-0.488,0.392,0.804,199,4,40927
2026-01-28 10:58:54,45.31,89.16,,,3.136,-0.452,0.324,0.808,199,4,40928
2026-01-28 10:58:57,45.32,89.17,,,3.136,-0.46,0.3,0.824,199,4,40929
2026-01-28 10:59:00,45.34,89.13,,,3.136,-0.512,0.232,0.784,200,4,40930
2026-01-28 10:59:02,45.35,89.15,,,3.136,-0.5,0.232,0.824,200,4,40931
2026-01-28 10:59:04,45.35,89.17,,,3.136,-0.504,0.236,0.8,200,4,40932
2026-01-28 10:59:07,45.36,89.16,,,3.136,-0.5,0.224,0.832,200,4,40933
2026-01-28 10:59:10,45.39,89.15,,,3.136,-0.512,0.244,0.82,201,4,40934
2026-01-28 10:59:12,45.4,89.16,,,3.136,-0.492,0.236,0.828,201,4,40935
2026-01-28 10:59:15,45.41,89.12,,,3.136,-0.52,0.228,0.816,201,4,40936
2026-01-28 10:59:17,45.43,89.17,,,3.136,-0.548,0.248,0.78,201,4,40937
2026-01-28 10:59:20,45.45,89.15,,,3.136,-0.532,0.232,0.808,201,4,40938
2026-01-28 10:59:22,45.46,89.16,,,3.136,-0.536,0.244,0.792,201,4,40939
2026-01-28 10:59:25,45.46,89.13,,,3.136,-0.54,0.244,0.796,201,4,40940
2026-01-28 10:59:28,45.48,89.14,,,3.136,-0.536,0.232,0.796,202,4,40941
2026-01-28 10:59:30,45.49,89.12,,,3.136,-0.532,0.196,0.808,202,4,40942
2026-01-28 10:59:33,45.51,89.1,,,3.136,-0.528,0.176,0.812,202,4,40943
2026-01-28 10:59:36,45.53,89.12,,,3.136,-0.52,0.08,0.804,204,4,40944
2026-01-28 10:59:38,45.54,89.07,,,3.139,-0.532,0.104,0.816,204,4,40945
2026-01-28 10:59:41,45.54,89.04,,,3.139,-0.5,0.112,0.832,206,4,40946
2026-01-28 10:59:43,45.57,89.01,,,3.139,-0.364,0.16,0.84,209,4,40947
2026-01-28 10:59:46,45.58,89.01,,,3.139,-0.364,0.54,0.156,210,4,40948
2026-01-28 10:59:48,45.6,89.23,,,3.139,-0.604,0.584,0.548,210,4,40949
2026-01-28 10:59:51,45.6,89.05,,,3.139,-0.304,0.344,0.904,211,4,40950
2026-01-28 10:59:54,45.62,89.13,,,3.139,-0.744,0.364,0.496,211,4,40951
2026-01-28 10:59:59,45.64,89.23,,,3.139,-0.756,0.144,0.592,215,4,40953
2026-01-28 11:00:01,45.67,89.32,,,3.139,-0.64,0.12,0.708,216,4,40954
2026-01-28 11:00:04,45.66,89.47,,,3.139,-0.764,0.172,0.644,218,4,40955
2026-01-28 11:00:06,45.67,89.58,,,3.139,-0.628,0.092,0.724,224,4,40956
2026-01-28 11:00:09,45.67,89.7,,,3.139,-0.616,0.108,0.756,227,4,40957
2026-01-28 11:00:12,45.69,89.83,,,3.139,-0.604,0.092,0.76,227,4,40958
2026-01-28 11:00:17,45.71,90.06,,,3.139,-0.624,0.12,0.752,229,4,40960
2026-01-28 11:00:19,45.74,90.18,,,3.139,-0.6,0.112,0.752,230,4,40961
2026-01-28 11:00:22,45.74,90.29,,,3.139,-0.608,0.116,0.692,231,4,40962
2026-01-28 11:00:25,45.76,90.4,,,3.139,-0.788,0.224,0.436,232,4,40963
2026-01-28 11:00:29,45.78,90.6,,,3.139,-0.756,0.192,0.572,233,4,40965
2026-01-28 11:00:32,45.8,90.7,,,3.139,-0.756,0.192,0.576,233,4,40966
2026-01-28 11:00:35,45.8,90.76,,,3.139,-0.752,0.196,0.58,233,4,40967
2026-01-28 11:00:37,45.82,90.87,,,3.132,-0.752,0.196,0.576,233,4,40968
2026-01-28 11:00:40,45.85,90.94,,,3.132,-0.756,0.192,0.58,233,4,40969
2026-01-28 11:00:42,45.85,91.02,,,3.132,-0.752,0.188,0.576,233,4,40970
2026-01-28 11:00:45,45.89,91.11,,,3.132,-0.752,0.188,0.576,233,4,40971
2026-01-28 11:00:47,45.89,91.17,,,3.132,-0.752,0.196,0.58,233,4,40972
2026-01-28 11:00:50,45.93,91.25,,,3.132,-0.756,0.196,0.58,233,4,40973
2026-01-28 11:00:52,45.94,91.3,,,3.132,-0.756,0.188,0.58,233,4,40974
2026-01-28 11:00:55,45.96,91.37,,,3.132,-0.756,0.192,0.576,233,4,40975
2026-01-28 11:00:58,45.98,91.44,,,3.132,-0.752,0.188,0.572,233,4,40976
2026-01-28 11:01:00,45.99,91.47,,,3.132,-0.752,0.2,0.584,233,4,40977
2026-01-28 11:01:03,46,91.51,,,3.132,-0.756,0.196,0.58,233,4,40978
2026-01-28 11:01:05,46.03,91.56,,,3.132,-0.756,0.196,0.576,233,4,40979
2026-01-28 11:01:08,46.07,91.6,,,3.132,-0.748,0.192,0.572,233,4,40980
2026-01-28 11:01:11,46.08,91.63,,,3.132,-0.748,0.192,0.58,233,4,40981
2026-01-28 11:01:16,46.13,91.72,,,3.132,-0.756,0.188,0.572,233,4,40983
2026-01-28 11:01:18,46.14,91.73,,,3.132,-0.752,0.192,0.576,233,4,40984
2026-01-28 11:01:22,46.18,91.75,,,3.132,-0.752,0.192,0.576,233,4,40985
2026-01-28 11:01:25,46.21,91.79,,,3.132,-0.756,0.192,0.58,233,4,40986
2026-01-28 11:01:29,46.24,91.83,,,3.132,-0.756,0.188,0.58,233,4,40988
2026-01-28 11:01:33,46.29,91.87,,,3.132,-0.756,0.196,0.572,233,4,40990
2026-01-28 11:01:36,46.32,91.86,,,3.132,-0.752,0.196,0.58,233,4,40991
2026-01-28 11:01:39,46.36,91.9,,,3.132,-0.756,0.192,0.576,233,4,40992
2026-01-28 11:01:43,46.37,91.9,,,3.132,-0.756,0.188,0.576,233,4,40993
2026-01-28 11:01:46,46.42,91.85,,,3.132,-0.756,0.192,0.576,233,4,40995
2026-01-28 11:01:49,46.45,91.88,,,3.132,-0.752,0.192,0.58,233,4,40996
2026-01-28 11:01:52,46.47,91.86,,,3.132,-0.756,0.196,0.58,233,4,40997
2026-01-28 11:01:54,46.49,91.83,,,3.132,-0.76,0.188,0.576,233,4,40998
2026-01-28 11:01:57,46.51,91.84,,,3.132,-0.76,0.192,0.576,233,4,40999
2026-01-28 11:01:59,46.57,91.83,,,3.132,-0.752,0.188,0.572,233,4,41000
2026-01-28 11:02:02,46.58,91.82,,,3.132,-0.752,0.192,0.584,233,4,41001
2026-01-28 11:02:05,46.6,91.81,,,3.132,-0.756,0.192,0.58,233,4,41002
2026-01-28 11:02:07,46.63,91.8,,,3.132,-0.752,0.188,0.584,233,4,41003
2026-01-28 11:02:10,46.64,91.76,,,3.132,-0.756,0.192,0.576,233,4,41004
2026-01-28 11:02:12,46.68,91.77,,,3.132,-0.752,0.196,0.58,233,4,41005
2026-01-28 11:02:15,46.69,91.72,,,3.132,-0.756,0.192,0.58,233,4,41006
2026-01-28 11:02:18,46.72,91.71,,,3.132,-0.756,0.192,0.58,233,4,41007
2026-01-28 11:02:22,46.77,91.67,,,3.132,-0.756,0.196,0.58,233,4,41009
2026-01-28 11:02:25,46.79,91.66,,,3.132,-0.756,0.192,0.58,233,4,41010
2026-01-28 11:02:27,46.83,91.63,,,3.132,-0.756,0.188,0.584,233,4,41011
2026-01-28 11:02:30,46.86,91.61,,,3.132,-0.752,0.196,0.576,233,4,41012
2026-01-28 11:02:33,46.89,91.58,,,3.132,-0.752,0.192,0.588,233,4,41013
2026-01-28 11:02:35,46.92,91.58,,,3.132,-0.76,0.192,0.572,233,4,41014
2026-01-28 11:02:38,46.94,91.53,,,3.132,-0.756,0.192,0.572,233,4,41015
2026-01-28 11:02:43,47,91.49,,,3.132,-0.752,0.192,0.58,233,4,41017
2026-01-28 11:02:46,47.02,91.47,,,3.132,-0.76,0.196,0.584,233,4,41018
2026-01-28 11:02:48,47.05,91.45,,,3.132,-0.756,0.196,0.58,233,4,41019
2026-01-28 11:02:51,47.07,91.42,,,3.132,-0.756,0.192,0.576,233,4,41020
2026-01-28 11:02:54,47.11,91.39,,,3.132,-0.756,0.196,0.572,233,4,41021
2026-01-28 11:02:59,47.15,91.35,,,3.132,-0.748,0.2,0.58,233,4,41023
2026-01-28 11:03:01,47.15,91.29,,,3.132,-0.752,0.196,0.58,233,4,41024
2026-01-28 11:03:04,47.2,91.27,,,3.132,-0.756,0.18,0.576,233,4,41025
2026-01-28 11:03:06,47.21,91.24,,,3.132,-0.752,0.188,0.584,233,4,41026
2026-01-28 11:03:09,47.26,91.2,,,3.132,-0.756,0.192,0.576,233,4,41027
2026-01-28 11:03:11,47.27,91.22,,,3.132,-0.752,0.188,0.58,233,4,41028
2026-01-28 11:03:14,47.3,91.2,,,3.132,-0.748,0.188,0.576,233,4,41029
2026-01-28 11:03:16,47.31,91.17,,,3.132,-0.756,0.188,0.58,233,4,41030
2026-01-28 11:03:19,47.33,91.13,,,3.132,-0.752,0.196,0.576,233,4,41031
2026-01-28 11:03:21,47.36,91.13,,,3.132,-0.756,0.2,0.58,233,4,41032
2026-01-28 11:03:24,47.39,91.11,,,3.132,-0.752,0.188,0.58,233,4,41033
2026-01-28 11:03:27,47.42,91.06,,,3.132,-0.748,0.184,0.576,233,4,41034
2026-01-28 11:03:29,47.44,91.04,,,3.132,-0.748,0.192,0.572,233,4,41035
2026-01-28 11:03:32,47.46,91,,,3.132,-0.756,0.196,0.576,233,4,41036
2026-01-28 11:06:06,48.64,89.59,,,3.136,-0.752,0.192,0.576,234,4,41096
2026-01-28 11:06:09,48.64,89.58,,,3.136,-0.752,0.192,0.58,234,4,41097
2026-01-28 11:06:11,48.67,89.58,,,3.136,-0.756,0.188,0.58,234,4,41098
2026-01-28 11:06:14,48.68,89.57,,,3.136,-0.756,0.188,0.576,234,4,41099
2026-01-28 11:06:17,48.71,89.56,,,3.136,-0.752,0.196,0.58,234,4,41100
2026-01-28 11:06:19,48.72,89.55,,,3.136,-0.752,0.196,0.588,234,4,41101
2026-01-28 11:06:22,48.74,89.55,,,3.136,-0.752,0.196,0.588,234,4,41102
2026-01-28 11:11:23,50.88,88.3,,,3.143,-0.76,0.188,0.588,234,4,41219
2026-01-28 11:16:08,52.03,86.53,,,3.143,-0.76,0.184,0.572,234,4,41330
2026-01-28 11:16:10,52.04,86.52,,,3.143,-0.752,0.188,0.58,234,4,41331
2026-01-28 11:16:13,52.04,86.52,,,3.143,-0.752,0.188,0.58,234,4,41332
2026-01-28 11:16:15,52.05,86.49,,,3.143,-0.756,0.188,0.584,234,4,41333
2026-01-28 11:16:18,52.06,86.51,,,3.143,-0.752,0.188,0.576,234,4,41334
2026-01-28 11:21:19,52.91,86.45,,,3.136,-0.756,0.196,0.58,234,4,41451
2026-01-28 11:21:21,52.92,86.43,,,3.136,-0.752,0.188,0.588,234,4,41452
2026-01-28 11:21:23,52.92,86.42,,,3.136,-0.752,0.2,0.584,234,4,41453
2026-01-28 11:21:26,52.92,86.4,,,3.136,-0.744,0.196,0.592,234,4,41454
2026-01-28 11:21:29,52.95,86.39,,,3.136,-0.76,0.18,0.572,234,4,41455
2026-01-28 11:25:05,53.45,85.6,,,3.132,-0.748,0.196,0.584,235,4,41539
2026-01-28 11:25:08,53.43,85.61,,,3.132,-0.744,0.188,0.596,235,4,41540
2026-01-28 11:27:47,53.7,85.58,,,3.132,-0.744,0.188,0.592,235,4,41602
2026-01-28 11:27:49,53.72,85.58,,,3.136,-0.752,0.184,0.58,235,4,41603
2026-01-28 11:30:21,54.03,85.47,,,3.139,-0.748,0.2,0.6,235,4,41662
2026-01-28 11:30:23,54.03,85.47,,,3.139,-0.748,0.2,0.596,235,4,41663
2026-01-28 11:35:24,54.57,85.18,,,3.139,-0.752,0.192,0.584,238,4,41780
2026-01-28 11:40:24,55.15,84.84,,,3.139,-0.76,0.188,0.596,238,4,41897
2026-01-28 11:45:25,55.64,84.81,,,3.143,-0.756,0.184,0.6,238,4,42014
2026-01-28 11:50:26,56.14,84.55,,,3.136,-0.752,0.18,0.584,238,4,42131
2026-01-28 11:55:27,56.6,84.24,,,3.132,-0.756,0.188,0.588,238,4,42248
2026-01-28 12:00:27,57.06,84.02,,,3.143,-0.752,0.188,0.584,238,4,42365
2026-01-28 12:05:28,57.32,83.95,,,3.143,-0.748,0.192,0.592,238,4,42482
2026-01-28 12:10:29,57.62,83.83,,,3.143,-0.756,0.184,0.592,238,4,42599
2026-01-28 12:15:30,57.74,83.74,,,3.146,-0.752,0.188,0.592,238,4,42716
2026-01-28 12:20:31,58.03,83.84,,,3.154,-0.748,0.176,0.596,238,4,42833
2026-01-28 12:25:34,58.1,83.49,,,3.136,-0.756,0.196,0.588,238,4,42951
2026-01-28 12:30:34,58.28,83.62,,,3.136,-0.756,0.18,0.588,238,4,43068
2026-01-28 12:35:35,58.52,83.23,,,3.146,-0.748,0.168,0.6,238,4,43185
2026-01-28 12:40:36,58.75,83.42,,,3.132,-0.74,0.192,0.596,238,4,43302
2026-01-28 12:45:36,59.28,82.9,,,3.136,-0.756,0.176,0.584,238,4,43419
2026-01-28 12:50:37,59.53,82.75,,,3.139,-0.752,0.18,0.588,238,4,43536
2026-01-28 12:55:37,59.74,82.69,,,3.143,-0.756,0.188,0.592,238,4,43653
2026-01-28 13:00:38,60.01,82.35,,,3.143,-0.756,0.176,0.588,238,4,43770
2026-01-28 13:05:39,60.24,82.44,,,3.146,-0.752,0.176,0.592,238,4,43887
2026-01-28 13:10:40,60.35,82.41,,,3.143,-0.756,0.184,0.588,238,4,44004
2026-01-28 13:15:41,60.4,82.42,,,3.146,-0.752,0.184,0.592,238,4,44121
2026-01-28 13:20:41,60.64,82.38,,,3.139,-0.752,0.18,0.584,238,4,44238
2026-01-28 13:25:42,60.76,82.34,,,3.146,-0.756,0.168,0.588,238,4,44355
2026-01-28 13:30:43,60.85,81.94,,,3.143,-0.756,0.18,0.588,238,4,44472
2026-01-28 13:35:43,60.85,82.02,,,3.146,-0.744,0.176,0.6,238,4,44589
2026-01-28 13:40:44,60.94,81.72,,,3.146,-0.752,0.188,0.588,238,4,44706
2026-01-28 13:45:45,60.97,81.72,,,3.154,-0.756,0.18,0.58,238,4,44823
2026-01-28 13:50:45,61.1,81.69,,,3.143,-0.752,0.176,0.592,238,4,44940
2026-01-28 13:55:46,61.28,81.38,,,3.154,-0.756,0.18,0.592,238,4,45057
2026-01-28 14:00:47,61.35,81.32,,,3.154,-0.752,0.184,0.6,238,4,45174
2026-01-28 14:05:48,61.46,81.46,,,3.154,-0.756,0.184,0.592,238,4,45291
2026-01-28 14:10:48,61.82,81.62,,,3.15,-0.748,0.176,0.592,238,4,45408
2026-01-28 14:15:49,61.89,81.02,,,3.143,-0.756,0.168,0.592,238,4,45525
2026-01-28 14:20:49,61.82,81.24,,,3.146,-0.764,0.168,0.588,238,4,45642
2026-01-28 14:25:50,61.91,81.16,,,3.157,-0.748,0.18,0.592,238,4,45759
2026-01-28 14:30:51,61.94,81.04,,,3.154,-0.756,0.168,0.592,238,4,45876
2026-01-28 14:35:51,62.04,80.64,,,3.154,-0.756,0.18,0.6,238,4,45993
2026-01-28 14:40:52,62.14,80.69,,,3.146,-0.756,0.192,0.584,238,4,46110
2026-01-28 14:45:53,62.21,80.01,,,3.157,-0.744,0.168,0.6,238,4,46227
2026-01-28 14:50:54,61.91,80.07,,,3.157,-0.748,0.176,0.592,238,4,46344
2026-01-28 14:55:54,62.14,80.37,,,3.154,-0.756,0.18,0.596,238,4,46461
2026-01-28 15:00:55,62.31,80.08,,,3.154,-0.756,0.184,0.596,238,4,46578
2026-01-28 15:05:56,62.24,79.58,,,3.154,-0.748,0.18,0.588,238,4,46695
2026-01-28 15:10:57,61.6,79.42,,,3.157,-0.752,0.176,0.596,238,4,46812
2026-01-28 15:15:57,60.59,79.71,,,3.161,-0.756,0.184,0.604,238,4,46929
2026-01-28 15:20:58,59.42,80.28,,,3.161,-0.756,0.18,0.592,238,4,47046
2026-01-28 15:25:59,58.25,80.99,,,3.157,-0.756,0.176,0.588,238,4,47163
2026-01-28 15:30:59,57.92,83.1,,,3.161,-0.76,0.192,0.588,238,4,47280
2026-01-28 15:36:00,58.48,82.86,,,3.161,-0.752,0.172,0.592,238,4,47397
2026-01-28 15:41:01,58.51,82,,,3.164,-0.76,0.188,0.592,238,4,47514
2026-01-28 15:46:01,57.99,81.67,,,3.154,-0.752,0.184,0.588,238,4,47631
2026-01-28 15:51:02,57.17,81.69,,,3.164,-0.748,0.184,0.6,238,4,47748
2026-01-28 15:56:03,56.82,83.32,,,3.157,-0.752,0.188,0.584,238,4,47865
2026-01-28 16:01:06,57.86,84.04,,,3.161,-0.756,0.18,0.592,238,4,47983
2026-01-28 16:06:07,59.63,83.05,,,3.168,-0.752,0.184,0.596,238,4,48100
2026-01-28 16:11:07,60.78,81.78,,,3.164,-0.752,0.184,0.596,238,4,48217
2026-01-28 16:16:08,61.69,80.41,,,3.171,-0.76,0.18,0.608,238,4,48334
2026-01-28 16:21:09,62.35,79.94,,,3.168,-0.752,0.172,0.592,238,4,48451
2026-01-28 16:26:10,62.8,79.53,,,3.164,-0.756,0.184,0.592,238,4,48568
2026-01-28 16:31:10,63.15,78.69,,,3.161,-0.764,0.172,0.592,238,4,48685
2026-01-28 16:36:11,63.49,78.08,,,3.161,-0.756,0.18,0.608,238,4,48802
2026-01-28 16:41:12,63.86,77.66,,,3.168,-0.748,0.18,0.6,238,4,48919
2026-01-28 16:46:12,64.14,77.39,,,3.157,-0.736,0.176,0.604,238,4,49036
2026-01-28 16:51:13,64.38,76.97,,,3.161,-0.756,0.176,0.6,238,4,49153
2026-01-28 16:56:14,64.67,76.34,,,3.161,-0.756,0.176,0.6,238,4,49270
2026-01-28 17:01:15,65,76.15,,,3.146,-0.756,0.184,0.596,238,4,49387
2026-01-28 17:06:15,65.24,76.1,,,3.161,-0.756,0.18,0.596,238,4,49504
2026-01-28 17:11:16,65.41,75.9,,,3.171,-0.756,0.172,0.596,238,4,49621
2026-01-28 17:16:16,65.57,75.32,,,3.154,-0.752,0.176,0.604,238,4,49738
2026-01-28 17:21:17,65.1,75.5,,,3.164,-0.76,0.176,0.596,238,4,49855
2026-01-28 17:26:18,65.39,76.2,,,3.161,-0.744,0.176,0.6,238,4,49972
2026-01-28 17:31:19,65.57,75.68,,,3.164,-0.744,0.164,0.608,238,4,50089
2026-01-28 17:36:22,65.8,75.13,,,3.168,-0.752,0.172,0.604,238,4,50207
2026-01-28 17:41:23,66,74.88,,,3.168,-0.756,0.18,0.612,238,4,50324
2026-01-28 17:46:23,66.17,74.66,,,3.168,-0.756,0.172,0.588,238,4,50441
2026-01-28 17:51:24,66.33,74.42,,,3.146,-0.744,0.168,0.6,238,4,50558
2026-01-28 17:56:25,66.47,74.06,,,3.161,-0.752,0.164,0.596,238,4,50675
2026-01-28 18:01:26,66.68,73.75,,,3.161,-0.752,0.176,0.596,238,4,50792
2026-01-28 18:06:26,66.94,73.51,,,3.157,-0.756,0.172,0.592,238,4,50909
2026-01-28 18:11:27,67.07,73.38,,,3.164,-0.752,0.176,0.6,238,4,51026
2026-01-28 18:16:27,67.14,73.06,,,3.161,-0.76,0.176,0.6,238,4,51143
2026-01-28 18:21:28,67.21,72.69,,,3.164,-0.756,0.18,0.596,238,4,51260
2026-01-28 18:26:29,67.39,72.57,,,3.164,-0.756,0.172,0.628,238,4,51377
2026-01-28 18:31:29,67.42,72.33,,,3.171,-0.76,0.164,0.596,238,4,51494
2026-01-28 18:36:30,67.44,72.06,,,3.171,-0.752,0.18,0.6,238,4,51611
2026-01-28 18:41:31,67.49,71.76,,,3.164,-0.756,0.172,0.592,238,4,51728
2026-01-28 18:46:32,67.68,71.45,,,3.164,-0.76,0.16,0.592,238,4,51845
2026-01-28 18:51:32,67.82,71.27,,,3.161,-0.756,0.184,0.596,238,4,51962
2026-01-28 18:56:33,67.94,71.1,,,3.171,-0.752,0.176,0.6,238,4,52079
2026-01-28 19:01:34,68.06,70.86,,,3.161,-0.756,0.176,0.6,238,4,52196
2026-01-28 19:06:35,68.28,70.56,,,3.164,-0.756,0.176,0.608,238,4,52313
2026-01-28 19:11:35,68.38,70.47,,,3.175,-0.756,0.164,0.604,238,4,52430
2026-01-28 19:16:36,68.52,70.39,,,3.178,-0.76,0.176,0.604,238,4,52547
2026-01-28 19:21:37,68.57,70.36,,,3.168,-0.756,0.176,0.608,238,4,52664
2026-01-28 19:26:37,68.57,70.19,,,3.164,-0.76,0.18,0.588,238,4,52781
2026-01-28 19:31:38,68.64,69.78,,,3.168,-0.756,0.176,0.588,238,4,52898
2026-01-28 19:36:39,68.72,69.58,,,3.175,-0.756,0.18,0.6,238,4,53015
2026-01-28 19:41:39,68.79,69.44,,,3.164,-0.756,0.172,0.6,238,4,53132
2026-01-28 19:46:40,68.83,69.43,,,3.175,-0.76,0.18,0.604,238,4,53249
2026-01-28 19:51:41,68.94,69.22,,,3.168,-0.752,0.168,0.608,238,4,53366
2026-01-28 19:56:41,69.14,69.04,,,3.171,-0.764,0.176,0.604,238,4,53483
2026-01-28 20:01:42,69.31,69.22,,,3.171,-0.756,0.164,0.62,238,4,53600
2026-01-28 20:06:43,69.39,69.31,,,3.171,-0.756,0.164,0.612,238,4,53717
2026-01-28 20:11:44,69.47,69.07,,,3.168,-0.756,0.176,0.604,238,4,53834
2026-01-28 20:16:44,69.6,69,,,3.171,-0.752,0.168,0.608,238,4,53951
2026-01-28 20:21:45,69.64,69.14,,,3.171,-0.756,0.18,0.604,238,4,54068
2026-01-28 20:26:46,69.64,69.04,,,3.171,-0.764,0.172,0.596,238,4,54185
2026-01-28 20:31:47,69.63,68.48,,,3.178,-0.748,0.16,0.624,238,4,54302
2026-01-28 20:36:47,69.69,67.89,,,3.175,-0.76,0.18,0.592,238,4,54419
2026-01-28 20:41:48,69.82,67.5,,,3.175,-0.756,0.16,0.6,238,4,54536
2026-01-28 20:46:49,69.96,67.3,,,3.178,-0.744,0.172,0.624,238,4,54653
2026-01-28 20:51:49,69.99,67.19,,,3.168,-0.756,0.164,0.608,238,4,54770
2026-01-28 20:56:50,70.11,66.9,,,3.171,-0.764,0.176,0.608,238,4,54887
2026-01-28 21:01:50,70.28,66.86,,,3.171,-0.752,0.168,0.6,238,4,55004
2026-01-28 21:06:51,70.43,66.93,,,3.182,-0.76,0.168,0.6,238,4,55121
2026-01-28 21:11:52,70.5,66.99,,,3.175,-0.752,0.168,0.604,238,4,55238
2026-01-28 21:16:53,70.5,66.77,,,3.182,-0.76,0.172,0.6,238,4,55355
2026-01-28 21:21:53,70.58,66.41,,,3.182,-0.764,0.176,0.612,238,4,55472
2026-01-28 21:26:54,70.67,66.31,,,3.175,-0.76,0.172,0.608,238,4,55589
2026-01-28 21:31:55,70.64,66.07,,,3.178,-0.768,0.184,0.604,238,4,55706
2026-01-28 21:36:56,70.57,65.65,,,3.175,-0.752,0.168,0.608,238,4,55823
2026-01-28 21:41:57,70.04,65.19,,,3.175,-0.756,0.164,0.616,238,4,55940
2026-01-28 21:46:57,69.28,65.55,,,3.178,-0.764,0.164,0.596,238,4,56057
2026-01-28 21:51:58,69.17,66.29,,,3.178,-0.752,0.164,0.612,238,4,56174
2026-01-28 21:56:59,69.78,65.77,,,3.189,-0.756,0.172,0.604,238,4,56291
2026-01-28 22:01:59,70.22,65.65,,,3.182,-0.76,0.18,0.612,238,4,56408
2026-01-28 22:07:00,70.57,65.49,,,3.178,-0.76,0.164,0.6,238,4,56525
2026-01-28 22:12:01,70.78,65.34,,,3.178,-0.756,0.172,0.608,238,4,56642
2026-01-28 22:17:01,70.91,65.02,,,3.182,-0.76,0.168,0.604,238,4,56759
2026-01-28 22:22:02,71.1,64.75,,,3.178,-0.76,0.168,0.612,238,4,56876
2026-01-28 22:27:02,71.24,64.74,,,3.185,-0.76,0.188,0.6,238,4,56993
2026-01-28 22:32:03,71.27,64.47,,,3.178,-0.76,0.172,0.612,238,4,57110
2026-01-28 22:37:04,71.31,64.39,,,3.196,-0.768,0.176,0.62,238,4,57227
2026-01-28 22:42:05,71.42,64.15,,,3.185,-0.752,0.168,0.624,238,4,57344
2026-01-28 22:47:05,71.58,64.05,,,3.175,-0.768,0.156,0.604,238,4,57461
2026-01-28 22:52:06,71.71,63.92,,,3.178,-0.768,0.18,0.608,238,4,57578
2026-01-28 22:57:07,71.81,63.75,,,3.192,-0.76,0.164,0.604,238,4,57695
2026-01-28 23:02:08,71.96,63.74,,,3.175,-0.76,0.164,0.608,238,4,57812
2026-01-28 23:07:08,72.17,63.71,,,3.182,-0.764,0.164,0.608,238,4,57929
2026-01-28 23:12:09,72.26,63.87,,,3.185,-0.76,0.172,0.604,238,4,58046
2026-01-28 23:17:10,72.26,63.85,,,3.182,-0.76,0.176,0.612,238,4,58163
2026-01-28 23:22:11,72.28,63.77,,,3.178,-0.764,0.176,0.604,238,4,58280
2026-01-28 23:27:11,72.32,63.59,,,3.182,-0.768,0.176,0.592,238,4,58397
2026-01-28 23:32:12,72.39,63.27,,,3.182,-0.764,0.164,0.592,238,4,58514
2026-01-28 23:37:13,72.44,62.87,,,3.189,-0.768,0.168,0.612,238,4,58631
2026-01-28 23:42:13,72.5,62.53,,,3.189,-0.76,0.164,0.624,238,4,58748
2026-01-28 23:47:14,72.6,62.11,,,3.182,-0.752,0.16,0.616,238,4,58865
2026-01-28 23:52:15,72.72,61.64,,,3.189,-0.768,0.164,0.604,238,4,58982
2026-01-28 23:57:15,72.94,61.4,,,3.182,-0.76,0.168,0.596,238,4,59099
2026-01-29 00:02:16,73.1,61.45,,,3.185,-0.76,0.164,0.608,238,4,59216
2026-01-29 00:07:17,73.17,61.47,,,3.185,-0.764,0.18,0.612,238,4,59333
2026-01-29 00:12:17,73.21,61.32,,,3.185,-0.756,0.168,0.62,238,4,59450
2026-01-29 00:17:18,73.33,61.18,,,3.192,-0.768,0.168,0.604,238,4,59567
2026-01-29 00:22:19,73.33,61.68,,,3.175,-0.764,0.172,0.604,238,4,59684
2026-01-29 00:27:20,73.28,61.8,,,3.189,-0.772,0.164,0.596,238,4,59801
2026-01-29 00:32:20,73.22,61.66,,,3.182,-0.764,0.16,0.612,238,4,59918
2026-01-29 00:37:21,73.26,61.49,,,3.185,-0.756,0.16,0.612,238,4,60035
2026-01-29 00:42:22,73.39,61.45,,,3.196,-0.768,0.168,0.604,238,4,60152
2026-01-29 00:47:23,73.47,61.36,,,3.196,-0.764,0.168,0.62,238,4,60269
2026-01-29 00:52:23,73.57,61.18,,,3.192,-0.776,0.172,0.612,238,4,60386
2026-01-29 00:57:24,73.68,61.03,,,3.192,-0.76,0.164,0.608,238,4,60503
2026-01-29 01:02:25,73.77,60.99,,,3.185,-0.768,0.168,0.608,238,4,60620
2026-01-29 01:07:26,73.97,60.85,,,3.185,-0.756,0.168,0.616,238,4,60737
2026-01-29 01:12:26,74.07,60.98,,,3.182,-0.76,0.168,0.612,238,4,60854
2026-01-29 01:17:27,74.05,61.16,,,3.189,-0.768,0.168,0.62,238,4,60971
2026-01-29 01:22:27,74.06,60.62,,,3.182,-0.768,0.164,0.608,238,4,61088
2026-01-29 01:27:28,74.14,60.33,,,3.185,-0.764,0.16,0.6,238,4,61205
2026-01-29 01:32:29,74.14,60.09,,,3.182,-0.752,0.16,0.62,238,4,61322
2026-01-29 01:37:29,74.13,60.22,,,3.185,-0.772,0.176,0.612,238,4,61439
2026-01-29 01:42:30,74.14,60.21,,,3.199,-0.772,0.176,0.604,238,4,61556
2026-01-29 01:47:31,74.21,60,,,3.185,-0.772,0.18,0.604,238,4,61673
2026-01-29 01:52:32,74.36,59.62,,,3.196,-0.768,0.156,0.604,238,4,61790
2026-01-29 01:57:32,74.56,59.23,,,3.189,-0.768,0.168,0.612,238,4,61907
2026-01-29 02:02:33,74.69,59.26,,,3.185,-0.772,0.168,0.616,238,4,62024
2026-01-29 02:07:34,74.77,59.17,,,3.178,-0.764,0.164,0.616,238,4,62141
2026-01-29 02:12:35,74.85,58.99,,,3.192,-0.768,0.164,0.608,238,4,62258
2026-01-29 02:17:36,74.96,58.92,,,3.185,-0.76,0.176,0.612,238,4,62375
2026-01-29 02:22:39,74.97,59.03,,,3.182,-0.764,0.164,0.608,238,4,62493
2026-01-29 02:27:39,74.91,59.01,,,3.185,-0.768,0.176,0.604,238,4,62610
2026-01-29 02:32:40,74.86,58.6,,,3.182,-0.76,0.18,0.608,238,4,62727
2026-01-29 02:37:41,74.92,58.4,,,3.182,-0.776,0.16,0.62,238,4,62844
2026-01-29 02:42:42,74.99,58.49,,,3.199,-0.76,0.176,0.608,238,4,62961
2026-01-29 02:47:42,75.08,58.48,,,3.192,-0.764,0.168,0.616,238,4,63078
2026-01-29 02:52:43,75.17,58.52,,,3.189,-0.768,0.172,0.604,238,4,63195
2026-01-29 02:57:43,75.27,58.5,,,3.189,-0.76,0.168,0.608,238,4,63312
2026-01-29 03:02:44,75.39,58.5,,,3.196,-0.768,0.16,0.616,238,4,63429
2026-01-29 03:07:45,75.53,58.48,,,3.203,-0.772,0.168,0.612,238,4,63546
2026-01-29 03:12:46,75.6,58.38,,,3.196,-0.768,0.168,0.608,238,4,63663
2026-01-29 03:17:46,75.61,58.37,,,3.185,-0.76,0.168,0.616,238,4,63780
2026-01-29 03:22:47,75.56,58.27,,,3.189,-0.768,0.168,0.608,238,4,63897
2026-01-29 03:27:48,75.57,58.01,,,3.192,-0.768,0.176,0.608,238,4,64014
2026-01-29 03:32:49,75.58,57.78,,,3.192,-0.768,0.168,0.624,238,4,64131
2026-01-29 03:37:49,75.58,57.66,,,3.192,-0.772,0.16,0.596,238,4,64248
2026-01-29 03:42:50,75.61,57.55,,,3.199,-0.768,0.164,0.604,238,4,64365
2026-01-29 03:47:51,75.69,57.67,,,3.192,-0.768,0.164,0.62,238,4,64482
2026-01-29 03:52:52,75.75,57.62,,,3.192,-0.752,0.16,0.628,238,4,64599
2026-01-29 03:57:52,75.89,57.49,,,3.192,-0.764,0.164,0.62,238,4,64716
2026-01-29 04:02:53,76.1,57.68,,,3.199,-0.768,0.164,0.608,238,4,64833
2026-01-29 04:07:53,76.19,57.86,,,3.189,-0.768,0.168,0.608,238,4,64950
2026-01-29 04:12:54,76.19,57.57,,,3.189,-0.764,0.164,0.612,238,4,65067
2026-01-29 04:17:55,76.27,57.36,,,3.185,-0.764,0.164,0.62,238,4,65184
2026-01-29 04:22:55,76.33,57.47,,,3.192,-0.768,0.168,0.608,238,4,65301
2026-01-29 04:27:57,76.28,57.43,,,3.192,-0.772,0.156,0.608,238,4,65418
2026-01-29 04:33:00,76.21,57.15,,,3.185,-0.768,0.168,0.616,238,4,1
2026-01-29 04:38:00,76.22,56.86,,,3.185,-0.76,0.164,0.628,238,4,118
2026-01-29 04:43:01,76.27,56.74,,,3.185,-0.776,0.176,0.6,238,4,235
2026-01-29 04:48:02,76.39,56.8,,,3.185,-0.76,0.156,0.624,238,4,352
2026-01-29 04:53:03,76.44,56.8,,,3.189,-0.756,0.16,0.624,238,4,469
2026-01-29 04:58:03,76.55,56.89,,,3.192,-0.768,0.168,0.616,238,4,586
2026-01-29 05:03:04,76.61,56.98,,,3.196,-0.776,0.168,0.62,238,4,703
2026-01-29 05:08:05,76.72,56.88,,,3.192,-0.764,0.16,0.612,238,4,820
2026-01-29 05:13:05,76.83,56.86,,,3.182,-0.764,0.16,0.612,238,4,937
2026-01-29 05:18:06,76.83,56.92,,,3.199,-0.768,0.168,0.616,238,4,1054
2026-01-29 05:23:06,76.77,56.89,,,3.185,-0.76,0.164,0.62,238,4,1171
2026-01-29 05:28:07,76.78,56.66,,,3.178,-0.752,0.168,0.62,238,4,1288
2026-01-29 05:33:08,76.76,56.51,,,3.182,-0.764,0.168,0.62,238,4,1405
2026-01-29 05:38:09,76.74,56.42,,,3.185,-0.776,0.176,0.612,238,4,1522
2026-01-29 05:43:09,76.76,56.27,,,3.192,-0.776,0.168,0.608,238,4,1639
2026-01-29 05:48:10,76.85,55.99,,,3.185,-0.772,0.176,0.624,238,4,1756
2026-01-29 05:53:11,76.94,55.74,,,3.185,-0.76,0.16,0.616,238,4,1873
2026-01-29 05:58:12,77.08,55.66,,,3.178,-0.764,0.156,0.62,238,4,1990
2026-01-29 06:03:12,77.22,55.93,,,3.178,-0.768,0.164,0.608,238,4,2107
2026-01-29 06:08:13,77.25,56.06,,,3.182,-0.772,0.168,0.62,238,4,2224
2026-01-29 06:13:14,77.29,56.11,,,3.189,-0.772,0.164,0.62,238,4,2341
2026-01-29 06:18:15,77.33,56.01,,,3.192,-0.768,0.156,0.612,238,4,2458
2026-01-29 06:23:15,77.39,56.24,,,3.189,-0.764,0.164,0.62,238,4,2575
2026-01-29 06:28:16,77.33,56.24,,,3.185,-0.772,0.16,0.608,238,4,2692
2026-01-29 06:33:17,77.22,56.46,,,3.185,-0.772,0.168,0.608,238,4,2809
2026-01-29 06:38:18,77.18,56.48,,,3.185,-0.772,0.168,0.612,238,4,2926
2026-01-29 06:43:18,77.21,56.41,,,3.192,-0.768,0.176,0.62,238,4,3043
2026-01-29 06:48:19,77.32,56.34,,,3.196,-0.772,0.16,0.604,238,4,3160
2026-01-29 06:53:19,77.39,56.3,,,3.182,-0.772,0.164,0.612,238,4,3277
2026-01-29 06:58:20,77.49,56.39,,,3.192,-0.768,0.164,0.616,238,4,3394
2026-01-29 07:03:21,77.58,56.63,,,3.171,-0.772,0.16,0.608,238,4,3511
2026-01-29 07:08:22,77.66,56.91,,,3.175,-0.768,0.16,0.612,238,4,3628
2026-01-29 07:13:22,77.69,56.88,,,3.171,-0.768,0.16,0.616,238,4,3745
2026-01-29 07:18:23,77.78,56.99,,,3.171,-0.768,0.152,0.616,238,4,3862
2026-01-29 07:23:24,77.74,57.21,,,3.192,-0.768,0.168,0.616,238,4,3979
2026-01-29 07:28:25,77.65,57.23,,,3.182,-0.772,0.16,0.604,238,4,4096
2026-01-29 07:33:25,77.58,56.92,,,3.178,-0.764,0.156,0.616,238,4,4213
2026-01-29 07:38:26,77.6,56.48,,,3.182,-0.772,0.16,0.604,238,4,4330
2026-01-29 07:43:27,77.66,56.18,,,3.182,-0.768,0.164,0.62,238,4,4447
2026-01-29 07:46:21,77.67,56.12,,,3.192,-0.772,0.172,0.608,238,4,4515
2026-01-29 07:46:24,77.65,56.11,,,3.192,-0.764,0.156,0.624,238,4,4516
2026-01-29 07:46:26,77.66,56.11,,,3.192,-0.76,0.156,0.616,238,4,4517
2026-01-29 07:46:29,77.67,56.12,,,3.192,-0.776,0.164,0.604,238,4,4518
2026-01-29 07:46:32,77.67,56.11,,,3.192,-0.772,0.172,0.612,238,4,4519
2026-01-29 07:46:34,77.67,56.14,,,3.192,-0.768,0.172,0.616,238,4,4520
2026-01-29 07:46:37,77.67,56.12,,,3.192,-0.76,0.156,0.624,238,4,4521
2026-01-29 07:46:39,77.67,56.08,,,3.192,-0.756,0.156,0.62,238,4,4522
2026-01-29 07:46:42,77.66,56.12,,,3.192,-0.764,0.168,0.628,238,4,4523
2026-01-29 07:46:45,77.68,56.12,,,3.192,-0.784,0.164,0.616,238,4,4524
2026-01-29 07:46:47,77.69,56.12,,,3.192,-0.764,0.152,0.596,239,4,4525
2026-01-29 07:46:50,77.68,56.1,,,3.185,-0.772,0.16,0.616,239,4,4526
2026-01-29 07:46:52,77.68,56.11,,,3.185,-0.768,0.16,0.616,239,4,4527
2026-01-29 07:46:55,77.68,56.12,,,3.185,-0.764,0.16,0.612,239,4,4528
2026-01-29 07:46:58,77.69,56.09,,,3.185,-0.772,0.168,0.612,239,4,4529
2026-01-29 07:47:10,77.69,56.12,,,3.185,-0.772,0.168,0.608,239,4,4534
2026-01-29 07:47:13,77.69,56.11,,,3.185,-0.764,0.168,0.608,239,4,4535
2026-01-29 07:47:15,77.69,56.12,,,3.185,-0.76,0.164,0.62,239,4,4536
2026-01-29 07:47:18,77.69,56.13,,,3.185,-0.768,0.164,0.616,239,4,4537
2026-01-29 07:47:20,77.71,56.1,,,3.185,-0.764,0.164,0.612,239,4,4538
2026-01-29 07:47:23,77.71,56.1,,,3.185,-0.76,0.164,0.616,239,4,4539
2026-01-29 07:47:26,77.71,56.12,,,3.185,-0.768,0.16,0.616,239,4,4540
2026-01-29 07:47:31,77.72,56.09,,,3.185,-0.764,0.156,0.616,239,4,4542
2026-01-29 07:47:33,77.71,56.14,,,3.185,-0.768,0.164,0.612,239,4,4543
2026-01-29 07:47:37,77.71,56.15,,,3.185,-0.764,0.172,0.612,239,4,4544
2026-01-29 07:47:41,77.72,56.12,,,3.185,-0.768,0.16,0.616,239,4,4546
2026-01-29 07:47:44,77.72,56.07,,,3.185,-0.768,0.16,0.62,239,4,4547
2026-01-29 07:47:46,77.72,56.11,,,3.185,-0.768,0.164,0.616,239,4,4548
2026-01-29 07:47:49,77.72,56.12,,,3.185,-0.764,0.156,0.612,239,4,4549
2026-01-29 07:47:51,77.72,56.13,,,3.189,-0.772,0.16,0.616,239,4,4550
2026-01-29 07:47:54,77.74,56.12,,,3.189,-0.768,0.164,0.612,239,4,4551
2026-01-29 07:47:56,77.74,56.13,,,3.189,-0.768,0.172,0.616,239,4,4552
2026-01-29 07:47:59,77.74,56.1,,,3.189,-0.776,0.16,0.612,239,4,4553
2026-01-29 07:48:02,77.72,56.13,,,3.189,-0.768,0.16,0.624,239,4,4554
2026-01-29 07:48:04,77.75,56.11,,,3.189,-0.772,0.164,0.612,239,4,4555
2026-01-29 07:48:07,77.74,56.13,,,3.189,-0.764,0.168,0.608,239,4,4556
2026-01-29 07:48:09,77.74,56.11,,,3.189,-0.768,0.16,0.612,239,4,4557
2026-01-29 07:48:12,77.75,56.13,,,3.189,-0.772,0.164,0.608,239,4,4558
2026-01-29 07:48:15,77.77,56.08,,,3.189,-0.768,0.164,0.616,239,4,4559
2026-01-29 07:48:17,77.75,56.08,,,3.189,-0.768,0.156,0.604,239,4,4560
2026-01-29 07:48:20,77.76,56.08,,,3.189,-0.772,0.156,0.62,239,4,4561
2026-01-29 07:48:22,77.75,56.13,,,3.189,-0.768,0.16,0.628,239,4,4562
2026-01-29 07:48:25,77.76,56.12,,,3.189,-0.764,0.164,0.612,239,4,4563
2026-01-29 07:48:27,77.77,56.08,,,3.189,-0.764,0.168,0.612,239,4,4564
2026-01-29 07:48:30,77.76,56.08,,,3.189,-0.764,0.164,0.612,239,4,4565
2026-01-29 07:48:33,77.78,56.08,,,3.189,-0.772,0.164,0.608,239,4,4566
2026-01-29 07:48:35,77.78,56.06,,,3.189,-0.764,0.164,0.612,239,4,4567
2026-01-29 07:48:38,77.77,56.11,,,3.189,-0.772,0.164,0.62,239,4,4568
2026-01-29 07:48:40,77.78,56.08,,,3.189,-0.768,0.16,0.612,239,4,4569
2026-01-29 07:48:43,77.78,56.1,,,3.189,-0.768,0.16,0.616,239,4,4570
2026-01-29 07:48:45,77.78,56.09,,,3.189,-0.768,0.168,0.616,239,4,4571
2026-01-29 07:48:48,77.78,56.07,,,3.189,-0.768,0.168,0.616,239,4,4572
2026-01-29 07:48:50,77.78,56.08,,,3.178,-0.768,0.16,0.616,239,4,4573
2026-01-29 07:48:53,77.78,56.06,,,3.178,-0.768,0.164,0.62,239,4,4574
2026-01-29 07:48:56,77.78,56.07,,,3.178,-0.772,0.164,0.62,239,4,4575
2026-01-29 07:51:33,75.65,53.68,,,3.175,-0.148,0.512,-0.744,244,4,4636
2026-01-29 07:51:36,75.58,53.69,,,3.175,-0.144,0.508,-0.748,244,4,4637
2026-01-29 07:51:40,75.46,53.69,,,3.175,-0.148,0.512,-0.744,244,4,4639
2026-01-29 07:51:43,75.4,53.74,,,3.175,-0.148,0.516,-0.744,244,4,4640
2026-01-29 07:51:45,75.36,53.77,,,3.175,-0.152,0.516,-0.744,244,4,4641
2026-01-29 07:51:48,75.29,53.8,,,3.175,-0.144,0.508,-0.748,244,4,4642
2026-01-29 07:51:51,75.22,53.78,,,3.175,-0.144,0.512,-0.748,244,4,4643
2026-01-29 07:51:53,75.17,53.82,,,3.175,-0.14,0.508,-0.752,244,4,4644
2026-01-29 07:51:56,75.11,53.82,,,3.175,-0.14,0.512,-0.752,244,4,4645
2026-01-29 07:51:58,75.06,53.85,,,3.175,-0.136,0.5,-0.76,244,4,4646
2026-01-29 07:52:00,75,53.88,,,3.175,-0.136,0.492,-0.76,244,4,4647
2026-01-29 07:52:03,74.94,53.9,,,3.175,-0.132,0.484,-0.768,244,4,4648
2026-01-29 07:52:06,74.89,53.9,,,3.175,-0.132,0.48,-0.764,244,4,4649
2026-01-29 07:52:08,74.82,53.94,,,3.175,-0.132,0.484,-0.764,244,4,4650
2026-01-29 07:52:11,74.78,53.91,,,3.175,-0.136,0.496,-0.764,244,4,4651
2026-01-29 07:52:13,74.69,53.96,,,3.175,-0.14,0.48,-0.768,244,4,4652
2026-01-29 07:52:16,74.66,53.95,,,3.175,-0.132,0.484,-0.768,244,4,4653
2026-01-29 07:52:19,74.58,54.01,,,3.175,-0.124,0.496,-0.768,244,4,4654
2026-01-29 07:52:21,74.54,54.05,,,3.175,-0.096,0.464,-0.82,244,4,4655
2026-01-29 07:52:24,74.49,54.04,,,3.175,-0.124,0.484,-0.768,244,4,4656
2026-01-29 07:52:26,74.42,54.04,,,3.175,-0.144,0.484,-0.764,244,4,4657
2026-01-29 07:52:29,74.36,54.06,,,3.175,-0.124,0.48,-0.76,244,4,4658
2026-01-29 07:52:32,74.31,54.08,,,3.175,-0.132,0.488,-0.772,244,4,4659
2026-01-29 07:52:34,74.24,54.11,,,3.175,-0.132,0.484,-0.764,244,4,4660
2026-01-29 07:52:37,74.21,54.14,,,3.175,-0.12,0.48,-0.768,244,4,4661
2026-01-29 07:52:39,74.13,54.17,,,3.175,-0.128,0.484,-0.768,244,4,4662
2026-01-29 07:52:42,74.08,54.18,,,3.175,-0.132,0.484,-0.764,244,4,4663
2026-01-29 07:52:45,74.03,54.22,,,3.175,-0.132,0.492,-0.772,244,4,4664
2026-01-29 07:52:47,73.97,54.23,,,3.175,-0.128,0.488,-0.768,244,4,4665
2026-01-29 07:52:49,73.91,54.25,,,3.175,-0.124,0.488,-0.764,244,4,4666
2026-01-29 07:52:52,73.85,54.24,,,3.182,-0.12,0.484,-0.776,244,4,4667
2026-01-29 07:52:55,73.81,54.26,,,3.182,-0.128,0.48,-0.772,244,4,4668
2026-01-29 07:52:57,73.75,54.3,,,3.182,-0.136,0.484,-0.776,244,4,4669
2026-01-29 07:53:00,73.69,54.32,,,3.182,-0.136,0.492,-0.772,244,4,4670
2026-01-29 07:53:02,73.64,54.34,,,3.182,-0.132,0.484,-0.764,244,4,4671
2026-01-29 07:53:05,73.58,54.34,,,3.182,-0.132,0.48,-0.772,244,4,4672
2026-01-29 07:53:07,73.53,54.39,,,3.182,-0.136,0.492,-0.768,244,4,4673
2026-01-29 07:53:11,73.47,54.4,,,3.182,-0.132,0.484,-0.776,244,4,4674
2026-01-29 07:53:16,73.35,54.47,,,3.182,-0.132,0.496,-0.76,244,4,4676
2026-01-29 07:53:20,73.24,54.47,,,3.182,-0.128,0.484,-0.768,244,4,4678
2026-01-29 07:53:23,73.19,54.52,,,3.182,-0.132,0.48,-0.772,244,4,4679
2026-01-29 07:53:26,73.14,54.53,,,3.182,-0.124,0.488,-0.768,244,4,4680
2026-01-29 07:53:28,73.1,54.57,,,3.182,-0.128,0.484,-0.764,244,4,4681
2026-01-29 07:53:31,73.03,54.58,,,3.182,-0.132,0.48,-0.764,244,4,4682
2026-01-29 07:53:33,72.99,54.6,,,3.182,-0.128,0.48,-0.764,244,4,4683
2026-01-29 07:53:36,72.93,54.61,,,3.182,-0.128,0.484,-0.772,244,4,4684
2026-01-29 07:53:38,72.89,54.63,,,3.182,-0.132,0.488,-0.768,244,4,4685
2026-01-29 07:53:41,72.82,54.69,,,3.182,-0.128,0.484,-0.764,244,4,4686
2026-01-29 07:53:43,72.78,54.69,,,3.182,-0.132,0.48,-0.772,244,4,4687
2026-01-29 07:53:46,72.72,54.73,,,3.182,-0.128,0.492,-0.776,244,4,4688
2026-01-29 07:53:49,72.67,54.74,,,3.182,-0.132,0.488,-0.768,244,4,4689
2026-01-29 07:53:54,72.57,54.78,,,3.189,-0.128,0.492,-0.768,244,4,4691
2026-01-29 07:53:56,72.51,54.8,,,3.189,-0.132,0.484,-0.768,244,4,4692
2026-01-29 07:53:59,72.47,54.84,,,3.189,-0.124,0.488,-0.772,244,4,4693
2026-01-29 07:54:01,72.41,54.82,,,3.189,-0.136,0.484,-0.768,244,4,4694
2026-01-29 07:54:04,72.36,54.88,,,3.189,-0.132,0.496,-0.768,244,4,4695
2026-01-29 07:54:07,72.32,54.9,,,3.189,-0.128,0.492,-0.772,244,4,4696
2026-01-29 07:54:09,72.27,54.94,,,3.189,-0.136,0.484,-0.772,244,4,4697
2026-01-29 07:54:12,72.19,54.92,,,3.189,-0.128,0.492,-0.764,244,4,4698
2026-01-29 07:54:14,72.17,54.96,,,3.189,-0.128,0.488,-0.776,244,4,4699
2026-01-29 07:54:18,72.11,55,,,3.189,-0.12,0.492,-0.768,244,4,4700
2026-01-29 07:54:22,72,55.03,,,3.189,-0.136,0.484,-0.768,244,4,4702
2026-01-29 07:54:25,71.94,55.03,,,3.189,-0.136,0.492,-0.768,244,4,4703
2026-01-29 07:54:27,71.91,55.11,,,3.189,-0.124,0.48,-0.768,244,4,4704
2026-01-29 07:54:30,71.85,55.07,,,3.189,-0.128,0.488,-0.772,244,4,4705
2026-01-29 07:54:35,71.74,55.12,,,3.189,-0.132,0.484,-0.768,244,4,4707
2026-01-29 07:54:38,71.71,55.16,,,3.189,-0.124,0.484,-0.764,244,4,4708
2026-01-29 07:54:43,71.61,55.17,,,3.189,-0.124,0.496,-0.768,244,4,4710
2026-01-29 07:54:46,71.56,55.23,,,3.189,-0.556,-0.14,-0.724,245,4,4711
2026-01-29 07:54:50,71.46,55.03,,,3.189,-0.44,-0.504,-0.696,247,4,4713
2026-01-29 07:54:53,71.42,55.05,,,3.182,-0.44,-0.504,-0.684,247,4,4714
2026-01-29 07:54:56,71.36,55.07,,,3.182,-0.44,-0.496,-0.684,247,4,4715
2026-01-29 07:54:58,71.33,55.02,,,3.182,-0.452,-0.504,-0.688,247,4,4716
2026-01-29 07:55:01,71.28,55.01,,,3.182,-0.44,-0.496,-0.688,247,4,4717
2026-01-29 07:55:03,71.24,55.03,,,3.182,-0.444,-0.5,-0.676,247,4,4718
2026-01-29 07:55:06,71.17,55.02,,,3.182,-0.448,-0.496,-0.68,247,4,4719
2026-01-29 07:55:08,71.14,54.99,,,3.182,-0.444,-0.488,-0.684,247,4,4720
2026-01-29 07:55:11,71.07,54.95,,,3.182,-0.452,-0.492,-0.692,247,4,4721
2026-01-29 07:55:14,71.03,54.97,,,3.182,-0.448,-0.476,-0.692,247,4,4722
2026-01-29 07:55:16,70.97,54.96,,,3.182,-0.44,-0.492,-0.688,247,4,4723
2026-01-29 07:55:19,70.93,54.92,,,3.182,-0.452,-0.512,-0.676,247,4,4724
2026-01-29 07:55:24,70.82,54.9,,,3.182,-0.448,-0.5,-0.684,247,4,4726
2026-01-29 07:55:26,70.74,54.87,,,3.182,-0.44,-0.5,-0.692,247,4,4727
2026-01-29 07:55:29,70.72,54.84,,,3.182,-0.444,-0.5,-0.688,247,4,4728
2026-01-29 07:55:32,70.66,54.84,,,3.182,-0.444,-0.5,-0.688,247,4,4729
2026-01-29 07:55:37,70.54,54.79,,,3.182,-0.436,-0.496,-0.684,247,4,4731
2026-01-29 07:55:39,70.49,54.76,,,3.182,-0.444,-0.496,-0.696,247,4,4732
2026-01-29 07:55:42,70.42,54.75,,,3.182,-0.44,-0.504,-0.688,247,4,4733
2026-01-29 07:55:47,70.32,54.74,,,3.182,-0.456,-0.496,-0.688,247,4,4735
2026-01-29 07:55:50,70.26,54.73,,,3.182,-0.444,-0.484,-0.696,247,4,4736
2026-01-29 07:55:52,70.21,54.72,,,3.182,-0.44,-0.504,-0.696,247,4,4737
2026-01-29 07:55:55,70.17,54.67,,,3.178,-0.436,-0.5,-0.688,247,4,4738
2026-01-29 07:55:57,70.1,54.67,,,3.178,-0.444,-0.5,-0.688,247,4,4739
2026-01-29 07:56:00,70.04,54.68,,,3.178,-0.44,-0.5,-0.692,247,4,4740
2026-01-29 07:56:03,69.97,54.69,,,3.178,-0.436,-0.496,-0.692,247,4,4741
2026-01-29 07:56:05,69.92,54.68,,,3.178,-0.444,-0.504,-0.696,247,4,4742
2026-01-29 07:56:07,69.88,54.69,,,3.178,-0.444,-0.5,-0.688,247,4,4743
2026-01-29 07:56:10,69.81,54.64,,,3.178,-0.436,-0.5,-0.7,248,4,4744
2026-01-29 07:56:12,69.77,54.65,,,3.178,-0.44,-0.496,-0.7,248,4,4745
2026-01-29 07:56:15,69.71,54.6,,,3.178,-0.44,-0.496,-0.692,248,4,4746
2026-01-29 07:56:18,69.65,54.65,,,3.178,-0.448,-0.5,-0.696,248,4,4747
2026-01-29 07:56:21,69.58,54.62,,,3.178,-0.444,-0.504,-0.692,248,4,4748
2026-01-29 07:56:25,69.46,54.63,,,3.178,-0.448,-0.488,-0.684,248,4,4750
2026-01-29 07:56:28,69.43,54.61,,,3.178,-0.44,-0.508,-0.688,248,4,4751
2026-01-29 07:56:31,69.35,54.62,,,3.178,-0.444,-0.504,-0.696,248,4,4752
2026-01-29 08:01:31,63.31,55.23,,,3.185,0.344,0.968,-0.032,10,4,4869
2026-01-29 08:06:32,58.42,57.75,,,3.171,0.32,0.912,-0.28,10,4,4986
2026-01-29 08:11:33,55.15,60.01,,,3.171,0.308,0.876,-0.364,10,4,5103
2026-01-29 08:12:35,54.63,60.48,,,3.203,0.312,0.884,-0.372,10,4,5127
2026-01-29 08:12:38,54.6,60.48,,,3.203,0.316,0.88,-0.376,10,4,5128
2026-01-29 08:12:42,54.55,60.55,,,3.203,0.308,0.888,-0.372,10,4,5130
2026-01-29 08:12:44,54.53,60.54,,,3.203,0.312,0.88,-0.368,10,4,5131
2026-01-29 08:12:48,54.52,60.57,,,3.203,0.308,0.88,-0.372,10,4,5132
2026-01-29 08:12:52,54.47,60.59,,,3.203,0.308,0.884,-0.372,10,4,5134
2026-01-29 08:12:55,54.46,60.59,,,3.203,0.316,0.876,-0.376,10,4,5135
2026-01-29 08:12:57,54.42,60.63,,,3.203,0.304,0.876,-0.376,10,4,5136
2026-01-29 08:13:00,54.43,60.65,,,3.185,0.304,0.88,-0.372,10,4,5137
2026-01-29 08:13:03,54.4,60.65,,,3.185,0.308,0.888,-0.376,10,4,5138
2026-01-29 08:13:08,54.35,60.68,,,3.185,0.308,0.876,-0.372,10,4,5140
2026-01-29 08:13:10,54.35,60.7,,,3.185,0.308,0.88,-0.376,10,4,5141
2026-01-29 08:13:13,54.32,60.73,,,3.185,0.312,0.876,-0.372,10,4,5142
2026-01-29 08:13:16,54.28,60.76,,,3.185,0.312,0.88,-0.368,10,4,5143
2026-01-29 08:13:18,54.28,60.75,,,3.185,0.304,0.884,-0.368,10,4,5144
2026-01-29 08:13:21,54.26,60.8,,,3.185,0.308,0.876,-0.372,10,4,5145
2026-01-29 08:13:23,54.22,60.82,,,3.185,0.308,0.88,-0.368,10,4,5146
2026-01-29 08:13:25,54.21,60.86,,,3.185,0.312,0.876,-0.368,10,4,5147
2026-01-29 08:13:28,54.19,60.84,,,3.185,0.312,0.876,-0.372,10,4,5148
2026-01-29 08:13:31,54.17,60.86,,,3.185,0.308,0.88,-0.368,10,4,5149
2026-01-29 08:13:33,54.16,60.9,,,3.185,0.316,0.876,-0.376,10,4,5150
2026-01-29 08:13:36,54.14,60.94,,,3.185,0.312,0.88,-0.372,10,4,5151
2026-01-29 08:13:38,54.1,60.93,,,3.185,0.3,0.88,-0.372,10,4,5152
2026-01-29 08:13:41,54.09,60.94,,,3.185,0.304,0.884,-0.376,10,4,5153
2026-01-29 08:13:44,54.08,60.95,,,3.185,0.312,0.88,-0.372,10,4,5154
2026-01-29 08:13:46,54.06,60.98,,,3.185,0.312,0.88,-0.372,10,4,5155
2026-01-29 08:13:49,54.03,61,,,3.185,0.304,0.876,-0.376,10,4,5156
2026-01-29 08:13:51,54.01,61.02,,,3.185,0.304,0.884,-0.368,10,4,5157
2026-01-29 08:18:53,52.09,64.79,,,3.196,0.876,-0.512,0.352,11,4,5274
2026-01-29 08:23:55,50.37,64.24,,,3.22,-0.268,-0.048,-0.892,14,4,5392
2026-01-29 08:25:25,49.7,64.68,,,3.206,-0.26,-0.048,-0.888,14,4,5427
2026-01-29 08:25:28,49.7,64.72,,,3.206,-0.26,-0.06,-0.9,14,4,5428
2026-01-29 08:25:31,49.67,64.71,,,3.206,-0.264,-0.048,-0.9,14,4,5429
2026-01-29 08:25:33,49.66,64.72,,,3.206,-0.26,-0.048,-0.896,14,4,5430
2026-01-29 08:25:36,49.64,64.75,,,3.206,-0.268,-0.056,-0.892,14,4,5431
2026-01-29 08:30:36,47.74,65.98,,,3.192,-0.032,0.808,-0.556,20,4,5548
2026-01-29 08:32:09,47.26,66.24,,,3.192,-0.652,0.452,-0.512,21,4,5584
2026-01-29 08:32:11,47.24,66.24,,,3.192,-0.652,0.456,-0.5,21,4,5585
2026-01-29 08:32:14,47.24,66.24,,,3.192,-0.66,0.464,-0.516,21,4,5586
2026-01-29 08:32:17,47.21,66.23,,,3.192,-0.66,0.456,-0.512,21,4,5587
2026-01-29 08:32:19,47.19,66.24,,,3.192,-0.66,0.456,-0.508,21,4,5588
2026-01-29 08:32:22,47.2,66.25,,,3.192,-0.66,0.452,-0.512,21,4,5589
2026-01-29 08:32:27,47.15,66.25,,,3.192,-0.66,0.452,-0.508,21,4,5591
2026-01-29 08:32:29,47.15,66.3,,,3.192,-0.66,0.448,-0.508,21,4,5592
2026-01-29 08:32:32,47.13,66.3,,,3.192,-0.656,0.452,-0.508,21,4,5593
2026-01-29 08:37:32,46.62,72.55,,,3.203,0.548,-0.596,0.692,24,4,5710
2026-01-29 08:39:33,46.49,73.27,,,3.206,-0.044,0.26,-0.9,25,4,5757
2026-01-29 08:39:36,46.48,73.23,,,3.206,-0.036,0.268,-0.904,25,4,5758
2026-01-29 08:39:39,46.49,73.18,,,3.206,-0.048,0.272,-0.904,25,4,5759
2026-01-29 08:39:41,46.48,73.17,,,3.206,-0.036,0.264,-0.9,25,4,5760
2026-01-29 08:39:44,46.49,73.15,,,3.206,-0.044,0.268,-0.904,25,4,5761
2026-01-29 08:39:46,46.49,73.13,,,3.206,-0.04,0.26,-0.908,25,4,5762
2026-01-29 08:39:50,46.48,73.11,,,3.206,-0.044,0.272,-0.9,25,4,5763
2026-01-29 08:44:52,47.29,73.89,,,3.21,-0.032,0.196,-0.928,26,4,5881
2026-01-29 08:47:19,47.69,75.71,,,3.213,0.428,0.452,-0.744,29,4,5938
2026-01-29 08:47:24,47.7,75.68,,,3.213,0.428,0.46,-0.748,29,4,5940
2026-01-29 08:47:26,47.71,75.67,,,3.213,0.428,0.46,-0.744,29,4,5941
2026-01-29 08:47:29,47.72,75.65,,,3.213,0.424,0.464,-0.744,29,4,5942
2026-01-29 08:47:31,47.72,75.63,,,3.213,0.432,0.464,-0.736,29,4,5943
2026-01-29 08:47:34,47.75,75.61,,,3.213,0.432,0.46,-0.74,29,4,5944
2026-01-29 08:47:37,47.74,75.59,,,3.213,0.428,0.456,-0.74,29,4,5945
2026-01-29 08:47:39,47.74,75.61,,,3.213,0.432,0.452,-0.74,29,4,5946
2026-01-29 08:47:42,47.76,75.59,,,3.213,0.428,0.452,-0.74,29,4,5947
2026-01-29 08:47:44,47.78,75.58,,,3.213,0.428,0.456,-0.744,29,4,5948
2026-01-29 08:47:47,47.78,75.57,,,3.213,0.436,0.456,-0.74,29,4,5949
2026-01-29 08:47:50,47.78,75.54,,,3.213,0.428,0.452,-0.74,29,4,5950
2026-01-29 08:47:53,47.8,75.56,,,3.213,0.428,0.456,-0.74,29,4,5951
2026-01-29 08:47:57,47.82,75.54,,,3.213,0.428,0.456,-0.744,29,4,5953
2026-01-29 08:48:00,47.83,75.53,,,3.213,0.428,0.452,-0.74,29,4,5954
2026-01-29 08:50:13,48.21,77.78,,,3.213,0.128,0.004,1.012,32,4,6006
2026-01-29 08:50:16,48.21,77.78,,,3.196,0.132,-0.008,1.02,32,4,6007
2026-01-29 08:50:19,48.22,77.79,,,3.196,0.128,-0.004,1.016,32,4,6008
2026-01-29 08:50:22,48.23,77.79,,,3.196,0.128,0.004,1.024,32,4,6009
2026-01-29 08:50:26,48.26,77.8,,,3.196,0.124,-0.004,1.024,32,4,6011
2026-01-29 08:54:56,48.65,78.81,,,3.203,0.128,-0.004,1.02,32,4,6116
2026-01-29 08:54:58,48.64,78.83,,,3.203,0.132,-0.008,1.024,32,4,6117
2026-01-29 08:55:01,48.65,78.83,,,3.203,0.132,-0.004,1.016,32,4,6118
2026-01-29 08:55:04,48.65,78.85,,,3.203,0.124,0,1.012,32,4,6119
2026-01-29 08:55:06,48.67,78.84,,,3.203,0.128,0,1.02,32,4,6120
2026-01-29 08:59:16,49.02,79.89,,,3.21,0.128,-0.008,1.02,32,4,6217
2026-01-29 08:59:18,49.01,79.89,,,3.206,0.128,-0.008,1.008,32,4,6218
2026-01-29 08:59:21,49.01,79.89,,,3.206,0.136,0,1.016,32,4,6219
2026-01-29 08:59:24,49.03,79.92,,,3.206,0.132,0,1.02,32,4,6220
2026-01-29 08:59:29,49.03,79.96,,,3.206,0.128,0,1.016,32,4,6222
2026-01-29 08:59:34,49.04,79.98,,,3.206,0.14,-0.004,1.024,32,4,6224
2026-01-29 09:04:34,49.49,80.89,,,3.206,0.132,0,1.02,32,4,6341
2026-01-29 09:06:07,49.67,81.14,,,3.203,0.124,-0.004,1.02,32,4,6377
2026-01-29 09:06:11,49.66,81.16,,,3.203,0.132,-0.004,1.02,32,4,6378
2026-01-29 09:09:08,49.99,81.61,,,3.199,0.132,-0.004,1.012,32,4,6447
2026-01-29 09:09:12,50,81.63,,,3.199,0.128,0,1.02,32,4,6449
2026-01-29 09:14:13,50.59,82.25,,,3.206,0.132,0.004,1.02,32,4,6566
2026-01-29 09:15:25,50.74,82.4,,,3.203,0.132,0,1.02,32,4,6594
2026-01-29 09:15:27,50.73,82.4,,,3.203,0.136,0.008,1.012,32,4,6595
2026-01-29 09:15:32,50.74,82.43,,,3.203,0.132,0.004,1.008,32,4,6597
2026-01-29 09:15:35,50.74,82.42,,,3.203,0.132,0.004,1.016,32,4,6598
2026-01-29 09:15:37,50.75,82.41,,,3.203,0.128,0,1.02,32,4,6599
2026-01-29 09:15:40,50.75,82.44,,,3.203,0.136,0,1.024,32,4,6600
2026-01-29 09:20:41,51.38,82.94,,,3.206,0.116,-0.024,1.028,32,4,6717
2026-01-29 09:25:41,52,83.29,,,3.206,0.116,-0.028,1.024,32,4,6834
2026-01-29 09:30:43,52.58,83.41,,,3.21,0.12,-0.028,1.02,32,4,6951
2026-01-29 09:35:45,53.07,83.4,,,3.21,0.112,-0.02,1.028,32,4,7069
2026-01-29 09:40:46,53.51,83.25,,,3.206,0.112,-0.028,1.028,32,4,7186
2026-01-29 09:44:58,53.79,83.13,,,3.206,0.112,-0.024,1.028,32,4,7284
2026-01-29 09:45:01,53.81,83.12,,,3.206,0.112,-0.028,1.024,32,4,7285
2026-01-29 09:45:03,53.81,83.11,,,3.206,0.112,-0.028,1.032,32,4,7286
2026-01-29 09:45:06,53.82,83.13,,,3.206,0.12,-0.024,1.032,32,4,7287
2026-01-29 09:45:08,53.81,83.1,,,3.206,0.112,-0.028,1.036,32,4,7288
2026-01-29 09:45:11,53.82,83.1,,,3.206,0.112,-0.02,1.028,32,4,7289
2026-01-29 09:45:14,53.83,83.1,,,3.206,0.112,-0.02,1.028,32,4,7290
2026-01-29 09:50:14,53.92,85.04,,,3.196,-0.388,-0.952,0.268,34,4,7407
2026-01-29 09:55:14,54.28,85.66,,,3.196,-0.38,-0.956,0.272,34,4,7524
2026-01-29 10:00:15,54.79,85.9,,,3.206,-0.392,-0.956,0.272,34,4,7641
2026-01-29 10:05:16,55.33,86.03,,,3.203,-0.384,-0.964,0.264,34,4,7758
2026-01-29 10:10:17,55.82,86.15,,,3.196,-0.376,-0.952,0.272,34,4,7875
2026-01-29 10:10:22,55.84,86.15,,,3.196,-0.38,-0.956,0.276,34,4,7877
2026-01-29 10:10:24,55.84,86.15,,,3.196,-0.38,-0.952,0.276,34,4,7878
2026-01-29 10:10:27,55.84,86.16,,,3.196,-0.38,-0.952,0.268,34,4,7879
2026-01-29 10:10:30,55.85,86.17,,,3.196,-0.38,-0.952,0.264,34,4,7880
2026-01-29 10:10:32,55.85,86.16,,,3.196,-0.38,-0.956,0.272,34,4,7881
2026-01-29 10:15:33,56.3,86.23,,,3.206,-0.38,-0.956,0.268,34,4,7998
2026-01-29 10:19:09,56.59,86.28,,,3.206,-0.384,-0.956,0.272,34,4,8082
2026-01-29 10:19:11,56.6,86.28,,,3.206,-0.38,-0.956,0.268,34,4,8083
2026-01-29 10:19:14,56.58,86.27,,,3.206,-0.376,-0.952,0.272,34,4,8084
2026-01-29 10:19:16,56.58,86.28,,,3.206,-0.376,-0.952,0.268,34,4,8085
2026-01-29 10:19:19,56.61,86.28,,,3.206,-0.376,-0.956,0.268,34,4,8086
2026-01-29 10:23:54,56.95,86.32,,,3.206,-0.38,-0.96,0.276,34,4,8193
2026-01-29 10:23:57,56.94,86.3,,,3.206,-0.38,-0.952,0.272,34,4,8194
2026-01-29 10:23:59,56.96,86.31,,,3.206,-0.376,-0.956,0.264,34,4,8195
2026-01-29 10:24:02,56.96,86.32,,,3.206,-0.38,-0.952,0.272,34,4,8196
2026-01-29 10:24:05,56.96,86.31,,,3.206,-0.384,-0.956,0.268,34,4,8197
2026-01-29 10:24:07,56.95,86.31,,,3.206,-0.38,-0.956,0.272,34,4,8198
2026-01-29 10:24:09,56.96,86.31,,,3.206,-0.376,-0.956,0.276,34,4,8199
2026-01-29 10:29:10,57.29,86.31,,,3.203,-0.38,-0.96,0.276,34,4,8316
2026-01-29 10:34:11,57.6,86.32,,,3.21,-0.38,-0.956,0.272,34,4,8433
2026-01-29 10:39:11,57.88,86.3,,,3.199,-0.38,-0.952,0.28,34,4,8550
2026-01-29 10:44:04,58.1,86.27,,,3.203,-0.38,-0.96,0.276,34,4,8664
2026-01-29 10:44:07,58.11,86.24,,,3.203,-0.376,-0.952,0.28,34,4,8665
2026-01-29 10:44:10,58.1,86.29,,,3.203,-0.38,-0.96,0.272,34,4,8666
2026-01-29 10:44:12,58.11,86.28,,,3.203,-0.376,-0.952,0.28,34,4,8667
2026-01-29 10:44:15,58.13,86.27,,,3.203,-0.38,-0.96,0.272,34,4,8668
2026-01-29 10:44:18,58.12,86.28,,,3.203,-0.38,-0.956,0.272,34,4,8669
2026-01-29 10:49:18,58.34,86.24,,,3.199,-0.38,-0.956,0.272,34,4,8786
2026-01-29 10:54:19,58.51,86.2,,,3.196,-0.376,-0.952,0.276,34,4,8903
2026-01-29 10:54:29,58.52,86.2,,,3.196,-0.376,-0.948,0.276,34,4,8907
2026-01-29 10:54:32,58.51,86.2,,,3.196,-0.376,-0.96,0.276,34,4,8908
2026-01-29 10:54:34,58.51,86.2,,,3.196,-0.38,-0.956,0.276,34,4,8909
2026-01-29 10:54:37,58.52,86.18,,,3.196,-0.376,-0.952,0.272,34,4,8910
2026-01-29 10:54:39,58.51,86.19,,,3.196,-0.372,-0.952,0.276,34,4,8911
2026-01-29 10:54:42,58.53,86.19,,,3.196,-0.38,-0.948,0.268,34,4,8912
2026-01-29 10:54:44,58.51,86.19,,,3.196,-0.368,-0.952,0.28,34,4,8913
2026-01-29 10:54:47,58.52,86.19,,,3.196,-0.384,-0.952,0.272,34,4,8914
2026-01-29 10:59:48,58.69,86.12,,,3.199,-0.372,-0.952,0.284,34,4,9031
2026-01-29 11:04:48,58.85,86.11,,,3.199,-0.384,-0.952,0.28,34,4,9148
2026-01-29 11:07:51,58.94,86.09,,,3.206,-0.376,-0.948,0.28,44,4,9219
2026-01-29 11:07:53,58.94,86.09,,,3.206,-0.368,-0.952,0.284,44,4,9220
2026-01-29 11:07:56,58.94,86.09,,,3.206,-0.372,-0.948,0.288,44,4,9221
2026-01-29 11:07:58,58.94,86.1,,,3.206,-0.368,-0.956,0.288,44,4,9222
2026-01-29 11:08:01,58.93,86.11,,,3.206,-0.38,-0.96,0.276,44,4,9223
2026-01-29 11:08:04,58.94,86.09,,,3.206,-0.376,-0.952,0.284,44,4,9224
2026-01-29 11:08:06,58.93,86.07,,,3.206,-0.376,-0.956,0.284,44,4,9225
2026-01-29 11:08:09,58.95,86.11,,,3.203,-0.368,-0.948,0.28,44,4,9226
2026-01-29 11:08:11,58.94,86.09,,,3.203,-0.364,-0.952,0.288,44,4,9227
2026-01-29 11:08:14,58.96,86.09,,,3.203,-0.368,-0.956,0.28,44,4,9228
2026-01-29 11:08:17,58.96,86.08,,,3.203,-0.368,-0.956,0.28,44,4,9229
2026-01-29 11:08:19,58.95,86.09,,,3.203,-0.376,-0.956,0.276,44,4,9230
2026-01-29 11:08:22,58.94,86.08,,,3.203,-0.372,-0.96,0.284,44,4,9231
2026-01-29 11:08:24,58.95,86.1,,,3.203,-0.372,-0.944,0.284,44,4,9232
2026-01-29 11:08:27,58.96,86.1,,,3.203,-0.376,-0.952,0.276,44,4,9233
2026-01-29 11:08:30,58.96,86.1,,,3.203,-0.38,-0.948,0.284,44,4,9234
2026-01-29 11:08:32,58.96,86.12,,,3.203,-0.368,-0.956,0.284,44,4,9235
2026-01-29 11:08:35,58.96,86.1,,,3.203,-0.372,-0.952,0.28,44,4,9236
2026-01-29 11:08:37,58.96,86.08,,,3.203,-0.368,-0.96,0.288,44,4,9237
2026-01-29 11:08:39,58.95,86.1,,,3.203,-0.372,-0.96,0.284,44,4,9238
2026-01-29 11:08:42,58.97,86.1,,,3.203,-0.376,-0.952,0.284,44,4,9239
2026-01-29 11:08:45,58.97,86.09,,,3.203,-0.372,-0.948,0.28,44,4,9240
2026-01-29 11:08:48,58.97,86.09,,,3.203,-0.372,-0.952,0.284,44,4,9241
2026-01-29 11:08:50,58.96,86.08,,,3.203,-0.364,-0.952,0.292,44,4,9242
2026-01-29 11:08:55,58.98,86.08,,,3.203,-0.372,-0.952,0.288,44,4,9244
2026-01-29 11:08:58,58.96,86.09,,,3.203,-0.368,-0.956,0.284,44,4,9245
2026-01-29 11:09:00,58.98,86.08,,,3.203,-0.376,-0.952,0.288,44,4,9246
2026-01-29 11:09:03,58.98,86.08,,,3.203,-0.376,-0.948,0.292,44,4,9247
2026-01-29 11:09:05,58.99,86.09,,,3.203,-0.376,-0.952,0.284,44,4,9248
2026-01-29 11:09:08,58.96,86.1,,,3.206,-0.376,-0.956,0.284,44,4,9249
2026-01-29 11:09:11,58.97,86.07,,,3.206,-0.364,-0.956,0.28,44,4,9250
2026-01-29 11:09:13,58.97,86.09,,,3.206,-0.372,-0.956,0.284,44,4,9251
2026-01-29 11:09:16,58.98,86.1,,,3.206,-0.368,-0.956,0.284,44,4,9252
2026-01-29 11:09:18,58.98,86.11,,,3.206,-0.372,-0.952,0.284,44,4,9253
2026-01-29 11:09:21,58.99,86.1,,,3.206,-0.376,-0.956,0.28,44,4,9254
2026-01-29 11:09:24,58.99,86.08,,,3.206,-0.372,-0.952,0.292,44,4,9255
2026-01-29 11:09:26,58.98,86.07,,,3.206,-0.368,-0.956,0.28,44,4,9256
2026-01-29 11:09:29,58.99,86.08,,,3.206,-0.372,-0.952,0.276,44,4,9257
2026-01-29 11:09:31,58.99,86.09,,,3.206,-0.376,-0.956,0.28,44,4,9258
2026-01-29 11:09:34,58.97,86.08,,,3.206,-0.376,-0.948,0.284,44,4,9259
2026-01-29 11:09:39,59,86.09,,,3.206,-0.372,-0.956,0.28,44,4,9261
2026-01-29 11:09:42,59,86.1,,,3.206,-0.212,-0.792,0.484,45,4,9262
2026-01-29 11:09:46,59,86.09,,,3.206,-0.456,-0.936,0.084,53,4,9264
2026-01-29 11:09:49,59.01,86.09,,,3.206,-0.408,-0.956,0.184,53,4,9265
2026-01-29 11:09:52,58.99,86.09,,,3.206,-0.412,-0.96,0.188,53,4,9266
2026-01-29 11:09:54,59,86.09,,,3.206,-0.412,-0.96,0.18,53,4,9267
2026-01-29 11:09:57,59,86.08,,,3.206,-0.412,-0.956,0.188,53,4,9268
2026-01-29 11:09:59,59.01,86.08,,,3.206,-0.408,-0.96,0.188,53,4,9269
2026-01-29 11:10:02,59.02,86.09,,,3.206,-0.412,-0.956,0.184,53,4,9270
2026-01-29 11:10:05,59.01,86.09,,,3.206,-0.408,-0.952,0.184,53,4,9271
2026-01-29 11:10:07,59,86.08,,,3.206,-0.412,-0.956,0.18,53,4,9272
2026-01-29 11:10:10,59.01,86.07,,,3.199,-0.412,-0.952,0.188,53,4,9273
2026-01-29 11:10:12,59.01,86.05,,,3.199,-0.408,-0.952,0.184,53,4,9274
2026-01-29 11:10:15,59.01,86.07,,,3.199,-0.416,-0.96,0.18,53,4,9275
2026-01-29 11:10:17,59.02,86.08,,,3.199,-0.412,-0.952,0.184,53,4,9276
2026-01-29 11:10:20,59.01,86.07,,,3.199,-0.42,-0.952,0.184,53,4,9277
2026-01-29 11:10:22,59.02,86.07,,,3.199,-0.408,-0.96,0.188,53,4,9278
2026-01-29 11:15:23,59.18,86.06,,,3.206,-0.356,-0.948,0.304,57,4,9395
2026-01-29 11:16:30,59.23,86.09,,,3.196,-0.36,-0.944,0.312,57,4,9421
2026-01-29 11:16:33,59.24,86.07,,,3.196,-0.36,-0.952,0.296,57,4,9422
2026-01-29 11:16:36,59.23,86.08,,,3.196,-0.356,-0.952,0.304,57,4,9423
2026-01-29 11:16:40,59.24,86.09,,,3.196,-0.364,-0.948,0.304,57,4,9425
2026-01-29 11:16:43,59.24,86.09,,,3.196,-0.36,-0.956,0.304,57,4,9426
2026-01-29 11:16:46,59.24,86.07,,,3.196,-0.36,-0.952,0.3,57,4,9427
2026-01-29 11:16:48,59.27,86.09,,,3.196,-0.36,-0.948,0.3,57,4,9428
2026-01-29 11:19:20,59.01,85.84,,,3.203,0.18,-0.22,1.004,75,4,9487
2026-01-29 11:19:22,59.01,85.89,,,3.203,0.176,-0.224,1.008,75,4,9488
2026-01-29 11:19:25,58.99,85.94,,,3.203,0.18,-0.216,1.008,75,4,9489
2026-01-29 11:19:27,58.99,85.98,,,3.203,0.18,-0.224,1.004,75,4,9490
2026-01-29 11:24:28,58.91,87.38,,,3.21,0.184,-0.224,1.004,75,4,9607
2026-01-29 11:24:56,58.93,87.32,,,3.21,0.184,-0.216,1.004,75,4,9618
2026-01-29 11:24:59,58.92,87.34,,,3.21,0.18,-0.228,1.004,75,4,9619
2026-01-29 11:25:02,58.93,87.33,,,3.21,0.188,-0.22,1,75,4,9620
2026-01-29 11:25:07,58.93,87.31,,,3.21,0.176,-0.232,1.012,75,4,9622
2026-01-29 11:25:09,58.92,87.29,,,3.21,0.188,-0.22,1,75,4,9623
2026-01-29 11:25:12,58.92,87.28,,,3.21,0.18,-0.22,1.004,75,4,9624
2026-01-29 11:25:17,58.94,87.29,,,3.203,0.188,-0.216,1.004,75,4,9626
2026-01-29 11:25:19,58.93,87.26,,,3.203,0.18,-0.224,1.004,75,4,9627
2026-01-29 11:25:22,58.93,87.26,,,3.203,0.184,-0.224,1.008,75,4,9628
2026-01-29 11:28:32,59.07,86.47,,,3.206,0.188,-0.228,1.008,76,4,9702
2026-01-29 11:28:35,59.05,86.45,,,3.206,0.188,-0.216,1,76,4,9703
2026-01-29 11:28:37,59.07,86.43,,,3.206,0.176,-0.22,1,76,4,9704
2026-01-29 11:28:40,59.07,86.42,,,3.206,0.184,-0.228,1,76,4,9705
2026-01-29 11:28:45,59.08,86.39,,,3.206,0.196,-0.228,1.02,76,4,9707
2026-01-29 11:28:48,59.07,86.36,,,3.206,0.196,-0.244,0.98,78,4,9708
2026-01-29 11:28:50,59.07,86.36,,,3.206,0.184,-0.228,1.008,80,4,9709
2026-01-29 11:28:53,59.07,86.34,,,3.206,0.18,-0.224,0.996,80,4,9710
2026-01-29 11:28:55,59.08,86.3,,,3.206,0.176,-0.228,1,80,4,9711
2026-01-29 11:28:58,59.09,86.27,,,3.206,0.192,-0.232,1,82,4,9712
2026-01-29 11:29:01,59.08,86.27,,,3.206,0.168,-0.228,1,82,4,9713
2026-01-29 11:29:06,59.08,85.53,,,3.206,0.26,-0.284,0.98,85,4,9715
2026-01-29 11:29:08,59.09,85.5,,,3.206,0.244,-0.296,0.98,86,4,9716
2026-01-29 11:29:11,59.08,85.58,,,3.206,0.26,-0.292,0.976,86,4,9717
2026-01-29 11:29:14,59.07,85.67,,,3.206,0.248,-0.304,0.992,87,4,9718
2026-01-29 11:29:16,59.08,85.76,,,3.206,0.268,-0.28,0.972,89,4,9719
2026-01-29 11:29:18,59.09,85.78,,,3.199,0.264,-0.324,0.964,90,4,9720
2026-01-29 11:29:21,59.09,85.83,,,3.199,0.268,-0.32,0.964,90,4,9721
2026-01-29 11:29:23,59.09,85.84,,,3.199,0.264,-0.316,0.972,90,4,9722
2026-01-29 11:29:26,59.1,85.85,,,3.199,0.268,-0.312,0.968,90,4,9723
2026-01-29 11:29:29,59.08,85.9,,,3.199,0.268,-0.32,0.968,90,4,9724
2026-01-29 11:29:31,59.08,85.9,,,3.199,0.264,-0.324,0.96,90,4,9725
2026-01-29 11:29:34,59.08,85.93,,,3.199,0.268,-0.32,0.968,90,4,9726
2026-01-29 11:29:36,59.1,85.95,,,3.199,0.264,-0.32,0.968,90,4,9727
2026-01-29 11:29:40,59.09,85.96,,,3.199,0.268,-0.312,0.976,90,4,9728
2026-01-29 11:29:44,59.1,85.98,,,3.199,0.268,-0.32,0.976,90,4,9730
2026-01-29 11:29:47,59.12,85.98,,,3.199,0.268,-0.32,0.972,90,4,9731
2026-01-29 11:29:49,59.11,85.99,,,3.199,0.26,-0.316,0.972,90,4,9732
2026-01-29 11:29:52,59.1,85.97,,,3.199,0.264,-0.316,0.972,90,4,9733
2026-01-29 11:29:55,59.12,85.99,,,3.199,0.268,-0.32,0.964,90,4,9734
2026-01-29 11:29:57,59.12,86.02,,,3.199,0.268,-0.32,0.972,90,4,9735
2026-01-29 11:30:00,59.12,85.99,,,3.199,0.264,-0.32,0.972,90,4,9736
2026-01-29 11:30:03,59.11,85.99,,,3.199,0.268,-0.32,0.964,90,4,9737
2026-01-29 11:30:07,59.14,85.99,,,3.199,0.268,-0.316,0.96,90,4,9739
2026-01-29 11:30:10,59.14,85.99,,,3.199,0.264,-0.324,0.968,90,4,9740
2026-01-29 11:30:13,59.14,85.96,,,3.199,0.264,-0.32,0.976,90,4,9741
2026-01-29 11:30:17,59.15,85.95,,,3.196,0.268,-0.32,0.968,90,4,9743
2026-01-29 11:30:20,59.15,85.94,,,3.196,0.268,-0.324,0.972,90,4,9744
2026-01-29 11:30:23,59.16,85.9,,,3.196,0.272,-0.324,0.972,90,4,9745
2026-01-29 11:30:25,59.17,85.9,,,3.196,0.264,-0.324,0.968,90,4,9746
2026-01-29 11:30:28,59.17,85.89,,,3.196,0.268,-0.324,0.968,90,4,9747
2026-01-29 11:30:30,59.18,85.89,,,3.196,0.264,-0.316,0.972,90,4,9748
2026-01-29 11:30:33,59.19,85.87,,,3.196,0.264,-0.324,0.968,90,4,9749
2026-01-29 11:30:36,59.21,85.84,,,3.196,0.268,-0.32,0.972,90,4,9750
2026-01-29 11:30:38,59.18,85.84,,,3.196,0.264,-0.32,0.964,90,4,9751
2026-01-29 11:30:41,59.21,85.83,,,3.196,0.264,-0.32,0.968,90,4,9752
2026-01-29 11:30:43,59.21,85.82,,,3.196,0.26,-0.316,0.976,90,4,9753
2026-01-29 11:30:46,59.21,85.78,,,3.196,0.272,-0.316,0.976,90,4,9754
2026-01-29 11:30:49,59.21,85.76,,,3.196,0.264,-0.32,0.976,90,4,9755
2026-01-29 11:30:51,59.23,85.72,,,3.196,0.264,-0.316,0.964,90,4,9756
2026-01-29 11:30:54,59.24,85.72,,,3.196,0.264,-0.324,0.968,90,4,9757
2026-01-29 11:30:56,59.24,85.7,,,3.196,0.264,-0.324,0.972,90,4,9758
2026-01-29 11:30:58,59.24,85.67,,,3.196,0.268,-0.32,0.972,90,4,9759
2026-01-29 11:31:01,59.26,85.67,,,3.196,0.264,-0.324,0.976,90,4,9760
2026-01-29 11:31:04,59.26,85.63,,,3.196,0.268,-0.324,0.968,90,4,9761
2026-01-29 11:31:06,59.28,85.65,,,3.196,0.272,-0.32,0.972,90,4,9762
2026-01-29 11:31:09,59.27,85.63,,,3.196,0.272,-0.316,0.968,90,4,9763
2026-01-29 11:31:14,59.29,85.57,,,3.196,0.264,-0.324,0.976,90,4,9765
2026-01-29 11:31:17,59.3,85.56,,,3.196,0.28,-0.408,0.968,91,4,9766
2026-01-29 11:31:19,59.32,85.54,,,3.206,0.28,-0.396,0.952,91,4,9767
2026-01-29 11:31:22,59.31,85.53,,,3.206,0.276,-0.388,0.944,91,4,9768
2026-01-29 11:31:24,59.31,85.5,,,3.206,0.288,-0.396,0.948,92,4,9769
2026-01-29 11:31:27,59.32,85.48,,,3.206,0.268,-0.392,0.936,93,4,9770
2026-01-29 11:31:30,59.34,85.47,,,3.206,0.28,-0.544,0.9,94,4,9771
2026-01-29 11:31:33,59.34,85.22,,,3.206,0.272,-0.364,0.952,95,4,9772
2026-01-29 11:31:37,59.36,84.8,,,3.206,0.284,-0.38,0.948,95,4,9774
2026-01-29 11:31:40,59.38,84.84,,,3.206,0.216,-0.312,0.968,96,4,9775
2026-01-29 11:31:43,59.37,84.69,,,3.206,0.328,-0.572,0.84,97,4,9776
2026-01-29 11:31:45,59.39,84.6,,,3.206,0.364,-0.572,0.84,99,4,9777
2026-01-29 11:31:47,59.39,84.45,,,3.206,0.36,-0.596,0.868,99,4,9778
2026-01-29 11:31:50,59.39,84.45,,,3.206,0.328,-0.616,0.808,99,4,9779
2026-01-29 11:31:53,59.41,84.47,,,3.206,0.36,-0.572,0.844,100,4,9780
2026-01-29 11:31:55,59.4,84.51,,,3.206,0.476,-0.612,0.628,102,4,9781
2026-01-29 11:31:58,59.42,84.54,,,3.206,0.352,-0.576,0.832,104,4,9782
2026-01-29 11:32:00,59.42,84.51,,,3.206,0.352,-0.556,0.844,107,4,9783
2026-01-29 11:32:03,59.43,84.51,,,3.206,0.368,-0.532,0.828,108,4,9784
2026-01-29 11:32:05,59.44,84.5,,,3.206,0.348,-0.508,0.876,110,4,9785
2026-01-29 11:32:08,59.46,84.49,,,3.206,0.368,-0.556,0.832,110,4,9786
2026-01-29 11:32:11,59.46,84.47,,,3.206,0.368,-0.548,0.836,111,4,9787
2026-01-29 11:32:13,59.47,84.44,,,3.206,0.336,-0.476,0.872,115,4,9788
2026-01-29 11:32:16,59.48,84.41,,,3.206,0.32,-0.484,0.876,115,4,9789
2026-01-29 11:32:18,59.48,84.37,,,3.196,0.332,-0.484,0.916,116,4,9790
2026-01-29 11:32:21,59.5,84.37,,,3.196,0.324,-0.48,0.896,117,4,9791
2026-01-29 11:32:24,59.49,84.35,,,3.196,0.324,-0.48,0.896,118,4,9792
2026-01-29 11:32:26,59.5,84.32,,,3.196,0.344,-0.476,0.88,119,4,9793
2026-01-29 11:32:29,59.52,84.31,,,3.196,0.316,-0.492,0.884,121,4,9794
2026-01-29 11:32:31,59.54,84.29,,,3.196,0.352,-0.564,0.836,123,4,9795
2026-01-29 11:32:34,59.53,84.25,,,3.196,0.364,-0.572,0.832,123,4,9796
2026-01-29 11:32:36,59.56,84.24,,,3.196,0.356,-0.576,0.84,123,4,9797
2026-01-29 11:32:39,59.57,84.2,,,3.196,0.356,-0.576,0.836,123,4,9798
2026-01-29 11:32:41,59.56,84.16,,,3.196,0.352,-0.572,0.836,123,4,9799
2026-01-29 11:32:44,59.57,84.15,,,3.196,0.352,-0.572,0.832,123,4,9800
2026-01-29 11:32:47,59.59,84.15,,,3.196,0.36,-0.568,0.832,123,4,9801
2026-01-29 11:32:52,59.6,84.09,,,3.196,0.352,-0.584,0.832,123,4,9803
2026-01-29 11:32:54,59.6,84.05,,,3.196,0.36,-0.568,0.832,123,4,9804
2026-01-29 11:32:57,59.64,84.04,,,3.196,0.352,-0.568,0.844,123,4,9805
2026-01-29 11:33:00,59.64,83.98,,,3.196,0.356,-0.572,0.832,123,4,9806
2026-01-29 11:33:05,59.64,83.94,,,3.196,0.352,-0.572,0.84,123,4,9808
2026-01-29 11:33:07,59.67,83.92,,,3.196,0.352,-0.568,0.836,123,4,9809
2026-01-29 11:33:10,59.67,83.9,,,3.196,0.352,-0.564,0.836,123,4,9810
2026-01-29 11:33:15,59.69,83.85,,,3.196,0.348,-0.572,0.84,123,4,9812
2026-01-29 11:33:18,59.71,83.83,,,3.206,0.348,-0.576,0.84,123,4,9813
2026-01-29 11:33:20,59.71,83.8,,,3.206,0.356,-0.576,0.836,123,4,9814
2026-01-29 11:33:23,59.72,83.78,,,3.206,0.356,-0.576,0.836,123,4,9815
2026-01-29 11:33:25,59.72,83.74,,,3.206,0.352,-0.568,0.836,123,4,9816
2026-01-29 11:37:37,60.61,81.86,,,3.206,0.356,-0.568,0.828,124,4,9914
2026-01-29 11:37:39,60.61,81.85,,,3.206,0.352,-0.58,0.84,124,4,9915
2026-01-29 11:37:42,60.62,81.83,,,3.206,0.36,-0.576,0.828,124,4,9916
2026-01-29 11:37:45,60.64,81.83,,,3.206,0.352,-0.568,0.84,124,4,9917
2026-01-29 11:37:47,60.65,81.83,,,3.206,0.36,-0.58,0.836,124,4,9918
2026-01-29 11:37:50,60.65,81.79,,,3.206,0.352,-0.568,0.84,124,4,9919
2026-01-29 11:37:52,60.65,81.79,,,3.206,0.352,-0.572,0.836,124,4,9920
2026-01-29 11:37:55,60.67,81.78,,,3.206,0.356,-0.576,0.836,124,4,9921
2026-01-29 11:41:26,61.27,80.76,,,3.196,0.356,-0.572,0.84,124,4,10003
2026-01-29 11:41:29,61.27,80.73,,,3.196,0.352,-0.572,0.844,124,4,10004
2026-01-29 11:41:31,61.28,80.72,,,3.196,0.356,-0.576,0.836,124,4,10005
2026-01-29 11:41:34,61.28,80.71,,,3.196,0.352,-0.572,0.836,124,4,10006
2026-01-29 11:41:36,61.29,80.71,,,3.196,0.348,-0.568,0.84,124,4,10007
2026-01-29 11:41:39,61.3,80.69,,,3.196,0.36,-0.572,0.844,124,4,10008
2026-01-29 11:46:39,61.64,79.25,,,3.196,0.348,-0.58,0.84,124,4,10125
2026-01-29 11:51:40,61.34,79.14,,,3.206,0.348,-0.572,0.836,124,4,10242
2026-01-29 11:51:46,61.34,79.14,,,3.206,0.352,-0.572,0.844,124,4,10244
2026-01-29 11:51:50,61.32,79.1,,,3.206,0.356,-0.568,0.836,124,4,10246
2026-01-29 11:56:51,61.56,78.73,,,3.203,0.352,-0.572,0.836,124,4,10363
2026-01-29 12:01:52,61.92,78.24,,,3.21,0.344,-0.568,0.84,124,4,10480
2026-01-29 12:06:52,62.25,77.74,,,3.203,0.352,-0.572,0.84,124,4,10597
2026-01-29 12:11:53,62.47,77.32,,,3.199,0.352,-0.568,0.836,124,4,10714
2026-01-29 12:16:54,62.6,77,,,3.203,0.348,-0.58,0.832,124,4,10831
2026-01-29 12:21:55,62.68,76.78,,,3.199,0.348,-0.572,0.836,124,4,10948
2026-01-29 12:26:55,62.74,76.46,,,3.192,0.352,-0.576,0.836,124,4,11065
2026-01-29 12:31:56,62.79,76.14,,,3.206,0.356,-0.568,0.84,124,4,11182
2026-01-29 12:36:57,62.84,75.79,,,3.199,0.352,-0.572,0.84,124,4,11299
2026-01-29 12:41:58,62.88,75.49,,,3.206,0.348,-0.568,0.844,124,4,11416
2026-01-29 12:46:58,62.9,75.17,,,3.203,0.352,-0.572,0.832,124,4,11533
2026-01-29 12:51:59,62.92,74.85,,,3.196,0.352,-0.572,0.84,124,4,11650
2026-01-29 12:56:59,62.99,74.6,,,3.199,0.356,-0.58,0.84,124,4,11767
2026-01-29 13:02:00,63.06,74.29,,,3.206,0.352,-0.568,0.84,124,4,11884
2026-01-29 13:02:31,63.07,74.27,,,3.206,0.348,-0.572,0.84,124,4,11896
2026-01-29 13:02:34,63.07,74.23,,,3.206,0.356,-0.576,0.84,124,4,11897
2026-01-29 13:02:36,63.07,74.23,,,3.206,0.356,-0.568,0.844,124,4,11898
2026-01-29 13:02:39,63.06,74.24,,,3.206,0.352,-0.568,0.844,124,4,11899
2026-01-29 13:02:41,63.05,74.25,,,3.206,0.352,-0.572,0.84,124,4,11900
2026-01-29 13:02:44,63.06,74.2,,,3.206,0.356,-0.564,0.836,124,4,11901
2026-01-29 13:02:46,63.08,74.21,,,3.206,0.352,-0.568,0.84,124,4,11902
2026-01-29 13:02:49,63.07,74.21,,,3.206,0.352,-0.572,0.84,124,4,11903
2026-01-29 13:02:51,63.06,74.2,,,3.206,0.356,-0.572,0.84,124,4,11904
2026-01-29 13:02:54,63.07,74.21,,,3.196,0.36,-0.576,0.84,124,4,11905
2026-01-29 13:02:57,63.07,74.2,,,3.196,0.352,-0.576,0.828,124,4,11906
2026-01-29 13:03:01,63.07,74.2,,,3.196,0.356,-0.576,0.84,124,4,11907
2026-01-29 13:03:04,63.08,74.18,,,3.196,0.356,-0.58,0.848,124,4,11909
2026-01-29 13:03:07,63.07,74.21,,,3.196,0.352,-0.572,0.844,124,4,11910
2026-01-29 13:03:10,63.08,74.19,,,3.196,0.356,-0.58,0.844,124,4,11911
2026-01-29 13:03:12,63.05,74.19,,,3.196,0.348,-0.572,0.84,124,4,11912
2026-01-29 13:03:15,63.08,74.19,,,3.196,0.352,-0.572,0.84,124,4,11913
2026-01-29 13:03:17,63.07,74.19,,,3.196,0.352,-0.576,0.844,124,4,11914
2026-01-29 13:03:20,63.06,74.18,,,3.196,0.352,-0.58,0.844,124,4,11915
2026-01-29 13:03:23,63.07,74.19,,,3.196,0.356,-0.572,0.844,124,4,11916
2026-01-29 13:03:26,63.07,74.17,,,3.196,0.356,-0.576,0.844,124,4,11917
2026-01-29 13:03:29,63.05,74.19,,,3.196,0.356,-0.58,0.836,124,4,11918
2026-01-29 13:03:32,63.07,74.19,,,3.196,0.352,-0.572,0.836,124,4,11920
2026-01-29 13:03:35,63.08,74.18,,,3.196,0.356,-0.572,0.84,124,4,11921
2026-01-29 13:03:38,63.07,74.2,,,3.196,0.348,-0.576,0.84,124,4,11922
2026-01-29 13:03:40,63.07,74.2,,,3.196,0.348,-0.572,0.844,124,4,11923
2026-01-29 13:03:43,63.07,74.17,,,3.196,0.356,-0.568,0.84,124,4,11924
2026-01-29 13:03:48,63.08,74.18,,,3.196,0.36,-0.572,0.84,124,4,11926
2026-01-29 13:03:51,63.07,74.16,,,3.196,0.356,-0.568,0.836,124,4,11927
2026-01-29 13:03:53,63.07,74.18,,,3.196,0.356,-0.572,0.844,124,4,11928
2026-01-29 13:03:56,63.08,74.18,,,3.196,0.344,-0.568,0.84,124,4,11929
2026-01-29 13:03:58,63.07,74.18,,,3.196,0.352,-0.576,0.844,124,4,11930
2026-01-29 13:04:01,63.08,74.17,,,3.196,0.348,-0.576,0.84,124,4,11931
2026-01-29 13:04:04,63.09,74.17,,,3.196,0.348,-0.576,0.844,124,4,11932
2026-01-29 13:04:07,63.07,74.16,,,3.196,0.356,-0.568,0.836,124,4,11933
2026-01-29 13:04:11,63.08,74.17,,,3.196,0.356,-0.576,0.848,124,4,11935
2026-01-29 13:04:14,63.07,74.15,,,3.196,0.356,-0.568,0.848,124,4,11936
2026-01-29 13:04:17,63.08,74.14,,,3.196,0.352,-0.58,0.84,124,4,11937
2026-01-29 13:04:19,63.07,74.17,,,3.196,0.352,-0.572,0.84,124,4,11938
2026-01-29 13:04:21,63.09,74.15,,,3.196,0.352,-0.572,0.848,124,4,11939
2026-01-29 13:04:24,63.08,74.17,,,3.196,0.352,-0.576,0.844,124,4,11940
2026-01-29 13:04:26,63.08,74.14,,,3.196,0.344,-0.568,0.836,124,4,11941
2026-01-29 13:04:29,63.08,74.15,,,3.196,0.356,-0.576,0.844,124,4,11942
2026-01-29 13:04:32,63.08,74.16,,,3.196,0.352,-0.572,0.844,124,4,11943
2026-01-29 13:04:34,63.07,74.17,,,3.196,0.348,-0.572,0.844,124,4,11944
2026-01-29 13:04:37,63.1,74.14,,,3.196,0.356,-0.576,0.84,124,4,11945
2026-01-29 13:04:39,63.07,74.15,,,3.196,0.352,-0.572,0.844,124,4,11946
2026-01-29 13:04:42,63.09,74.13,,,3.196,0.356,-0.572,0.836,124,4,11947
2026-01-29 13:04:45,63.09,74.13,,,3.196,0.356,-0.572,0.84,124,4,11948
2026-01-29 13:04:50,63.08,73.96,,,3.196,0.124,-0.696,0.824,125,4,11950
2026-01-29 13:04:52,63.1,73.49,,,3.196,-0.672,1.096,0.12,125,4,11951
2026-01-29 13:04:55,63.1,73.08,,,3.203,-0.32,0.916,0.844,125,4,11952
2026-01-29 13:04:58,63.08,73.1,,,3.203,-0.276,-0.108,0.304,125,4,11953
2026-01-29 13:05:00,63.08,73.12,,,3.203,-0.572,0.516,-0.788,125,4,11954
2026-01-29 13:05:03,63.09,73.33,,,3.203,0.348,-0.148,-0.876,125,4,11955
2026-01-29 13:05:05,63.08,73.41,,,3.203,0.356,-0.148,-0.872,125,4,11956
2026-01-29 13:05:08,63.09,73.45,,,3.203,0.36,-0.152,-0.876,125,4,11957
2026-01-29 13:05:10,63.1,73.49,,,3.203,0.356,-0.148,-0.876,125,4,11958
2026-01-29 13:05:13,63.08,73.5,,,3.203,0.356,-0.144,-0.88,125,4,11959
2026-01-29 13:05:16,63.08,73.51,,,3.203,0.36,-0.136,-0.876,125,4,11960
2026-01-29 13:05:20,63.09,73.51,,,3.203,0.356,-0.14,-0.872,125,4,11962
2026-01-29 13:05:23,63.07,73.48,,,3.203,0.352,-0.136,-0.872,125,4,11963
2026-01-29 13:05:26,63.07,73.49,,,3.203,0.352,-0.136,-0.86,125,4,11964
2026-01-29 13:05:29,63.05,73.47,,,3.203,0.356,-0.148,-0.872,125,4,11965
2026-01-29 13:05:33,63.03,73.48,,,3.203,0.352,-0.144,-0.876,125,4,11967
2026-01-29 13:05:36,63.03,73.44,,,3.203,0.352,-0.136,-0.876,125,4,11968
2026-01-29 13:05:39,63.03,73.46,,,3.203,0.356,-0.144,-0.876,125,4,11969
2026-01-29 13:05:41,63.03,73.47,,,3.203,0.356,-0.136,-0.872,125,4,11970
2026-01-29 13:05:44,62.99,73.46,,,3.203,0.356,-0.148,-0.872,125,4,11971
2026-01-29 13:05:46,62.98,73.47,,,3.203,0.356,-0.148,-0.88,125,4,11972
2026-01-29 13:05:49,62.97,73.46,,,3.203,0.356,-0.144,-0.88,125,4,11973
2026-01-29 13:05:52,62.97,73.46,,,3.203,0.352,-0.148,-0.88,125,4,11974
2026-01-29 13:05:54,62.96,73.44,,,3.203,0.348,-0.136,-0.88,125,4,11975
2026-01-29 13:05:57,62.94,73.49,,,3.206,0.352,-0.148,-0.888,125,4,11976
2026-01-29 13:05:59,62.92,73.49,,,3.206,0.352,-0.14,-0.868,125,4,11977
2026-01-29 13:06:02,62.92,73.47,,,3.206,0.352,-0.14,-0.876,125,4,11978
2026-01-29 13:06:07,62.88,73.37,,,3.206,-0.048,-0.16,-0.644,126,4,11980
2026-01-29 13:06:09,62.87,73.12,,,3.206,0.656,0.544,0.62,126,4,11981
2026-01-29 13:06:12,62.84,73.22,,,3.206,0.66,0.524,0.62,126,4,11982
2026-01-29 13:06:15,62.85,73.22,,,3.206,0.652,0.536,0.616,126,4,11983
2026-01-29 13:06:17,62.82,73.18,,,3.206,0.66,0.528,0.62,126,4,11984
2026-01-29 13:06:20,62.8,73.16,,,3.206,0.652,0.524,0.616,126,4,11985
2026-01-29 13:06:22,62.78,73.15,,,3.206,0.664,0.532,0.624,126,4,11986
2026-01-29 13:06:25,62.75,73.1,,,3.206,0.656,0.528,0.62,126,4,11987
2026-01-29 13:06:27,62.73,73.05,,,3.206,0.66,0.524,0.62,126,4,11988
2026-01-29 13:06:30,62.72,73.05,,,3.206,0.656,0.52,0.624,126,4,11989
2026-01-29 13:06:33,62.71,73,,,3.206,0.648,0.532,0.616,126,4,11990
2026-01-29 13:06:35,62.68,73.01,,,3.206,0.66,0.536,0.628,126,4,11991
2026-01-29 13:06:38,62.66,72.98,,,3.206,0.66,0.536,0.624,126,4,11992
2026-01-29 13:06:40,62.64,72.95,,,3.206,0.656,0.528,0.616,126,4,11993
2026-01-29 13:06:43,62.61,72.92,,,3.206,0.66,0.536,0.62,126,4,11994
2026-01-29 13:06:46,62.6,72.92,,,3.206,0.66,0.524,0.628,126,4,11995
2026-01-29 13:06:48,62.57,72.89,,,3.206,0.66,0.528,0.624,126,4,11996
2026-01-29 13:06:50,62.56,72.89,,,3.206,0.664,0.528,0.62,126,4,11997
2026-01-29 13:06:53,62.53,72.89,,,3.206,0.656,0.548,0.612,126,4,11998
2026-01-29 13:06:56,62.52,72.86,,,3.199,0.66,0.532,0.612,126,4,11999
2026-01-29 13:06:58,62.49,72.88,,,3.199,0.66,0.528,0.62,126,4,12000
2026-01-29 13:07:01,62.47,72.89,,,3.199,0.664,0.524,0.62,126,4,12001
2026-01-29 13:07:03,62.44,72.88,,,3.199,0.66,0.52,0.628,126,4,12002
2026-01-29 13:07:06,62.43,72.88,,,3.199,0.66,0.528,0.624,126,4,12003
2026-01-29 13:07:09,62.39,72.85,,,3.199,0.652,0.528,0.628,126,4,12004
2026-01-29 13:07:11,62.38,72.9,,,3.199,0.66,0.524,0.624,126,4,12005
2026-01-29 13:07:14,62.35,72.88,,,3.199,0.66,0.52,0.612,126,4,12006
2026-01-29 13:07:19,62.31,72.86,,,3.199,0.66,0.528,0.612,126,4,12008
2026-01-29 13:07:22,62.31,72.88,,,3.199,0.668,0.532,0.624,126,4,12009
2026-01-29 13:07:25,62.25,72.87,,,3.199,0.612,0.5,0.644,127,4,12010
2026-01-29 13:07:30,62.24,72.87,,,3.199,0.668,0.528,0.624,129,4,12012
2026-01-29 13:07:34,62.18,72.88,,,3.199,0.664,0.516,0.616,129,4,12014
2026-01-29 13:07:37,62.16,72.86,,,3.199,0.664,0.516,0.624,129,4,12015
2026-01-29 13:07:39,62.13,72.86,,,3.199,0.664,0.52,0.616,129,4,12016
2026-01-29 13:07:42,62.1,72.89,,,3.199,0.672,0.528,0.62,129,4,12017
2026-01-29 13:07:44,62.1,72.9,,,3.199,0.664,0.524,0.62,129,4,12018
2026-01-29 13:07:47,62.07,72.88,,,3.199,0.66,0.52,0.62,129,4,12019
2026-01-29 13:07:50,62.04,72.87,,,3.199,0.672,0.528,0.624,129,4,12020
2026-01-29 13:07:52,62.01,72.88,,,3.199,0.656,0.52,0.628,129,4,12021
2026-01-29 13:07:55,61.99,72.89,,,3.199,0.668,0.516,0.628,129,4,12022
2026-01-29 13:07:57,61.98,72.88,,,3.196,0.66,0.524,0.636,129,4,12023
2026-01-29 13:08:00,61.93,72.86,,,3.196,0.664,0.524,0.616,129,4,12024
2026-01-29 13:08:03,61.93,72.88,,,3.196,0.668,0.516,0.616,129,4,12025
2026-01-29 13:08:05,61.91,72.88,,,3.196,0.656,0.52,0.596,130,4,12026
2026-01-29 13:08:08,61.88,72.9,,,3.196,0.672,0.52,0.62,130,4,12027
2026-01-29 13:08:10,61.85,72.88,,,3.196,0.66,0.528,0.616,130,4,12028
2026-01-29 13:08:13,61.83,72.9,,,3.196,0.664,0.524,0.62,130,4,12029
2026-01-29 13:08:16,61.8,72.88,,,3.196,0.668,0.52,0.624,130,4,12030
2026-01-29 13:08:18,61.78,72.89,,,3.196,0.668,0.516,0.62,130,4,12031
2026-01-29 13:08:21,61.74,72.9,,,3.196,0.668,0.52,0.624,130,4,12032
2026-01-29 13:08:23,61.73,72.92,,,3.196,0.656,0.524,0.62,130,4,12033
2026-01-29 13:08:26,61.7,72.89,,,3.196,0.664,0.516,0.624,130,4,12034
2026-01-29 13:08:28,61.68,72.92,,,3.196,0.66,0.524,0.624,130,4,12035
2026-01-29 13:08:31,61.64,72.92,,,3.196,0.66,0.52,0.616,130,4,12036
2026-01-29 13:08:33,61.62,72.93,,,3.196,0.668,0.516,0.628,130,4,12037
2026-01-29 13:08:36,61.6,72.96,,,3.196,0.668,0.52,0.62,130,4,12038
