Time_min,Temp_In_C,Temp_Out_C
-0.216666666666667,22.55,22.6
-0.2,22.54,22.57
-0.183333333333333,22.58,22.62
-0.166666666666667,22.56,22.62
-0.15,22.53,22.64
-0.133333333333333,22.59,22.62
-0.116666666666667,22.57,22.65
-0.1,22.55,22.6
-0.0833333333333333,22.54,22.59
-0.0666666666666667,22.55,22.65
-0.05,22.54,22.64
-0.0333333333333333,22.58,22.65
-0.0166666666666667,22.58,22.66
0,22.52,22.71
0.0166666666666667,22.56,22.54
0.0333333333333333,22.47,22.58
0.05,21.09,22.71
0.0666666666666667,21.57,22.77
0.0833333333333333,22.44,22.47
0.1,22.53,23.31
0.116666666666667,21.97,22.7
0.133333333333333,22.68,22.58
0.15,23.02,22.51
0.166666666666667,22.51,22.91
0.183333333333333,22.94,22.65
0.2,22.44,22.96
0.216666666666667,22.65,23.46
0.233333333333333,22.81,23.78
0.25,22.75,23.93
0.266666666666667,23.08,23.51
0.283333333333333,22.54,25.17
0.3,22.35,25.69
0.316666666666667,22.13,26.09
0.333333333333333,22.52,26.51
0.35,22.82,26.98
0.366666666666667,22.08,27.19
0.383333333333333,22.82,27.94
0.4,22.85,27.74
0.416666666666667,22.69,28.83
0.433333333333333,22.97,28.72
0.45,22.23,29.07
0.466666666666667,22.91,30.04
0.483333333333333,22.25,30.73
0.5,22.79,31.25
0.516666666666667,21.56,31.04
0.533333333333333,21.26,31.86
0.55,17.11,32.9
0.566666666666667,22.54,33.31
0.6,22.96,34.04
0.616666666666667,22.42,34.21
0.633333333333333,22.66,34.73
0.65,22.96,35.22
0.666666666666667,22.72,35.8
0.683333333333333,22.87,35.79
0.7,22.33,36.52
0.716666666666667,22.31,36.75
0.733333333333333,22.51,37.51
0.75,22.49,38.12
0.766666666666667,22.97,38.43
0.783333333333333,22.62,39.35
0.8,19.91,39.31
0.816666666666667,22.65,39.7
0.833333333333333,22.4,40.3
0.85,21.82,40.42
0.866666666666667,22.27,40.78
0.883333333333333,22.87,41.29
0.9,22.83,41.88
0.916666666666667,23,42.41
0.933333333333333,22.85,42.86
0.95,23.11,42.53
0.966666666666667,21.88,43.68
0.983333333333333,22.71,43.26
1,22.48,43.75
1.01666666666667,22.76,45.09
1.03333333333333,22.82,45.28
1.05,22.49,45.34
1.06666666666667,21.86,45.68
1.08333333333333,22.38,45.82
1.1,23.31,45.75
1.11666666666667,22.55,46.91
1.13333333333333,21.99,46.8
1.15,23.14,47.32
1.16666666666667,21.7,47.88
1.18333333333333,22.68,48.73
1.2,22.97,48.51
1.21666666666667,23.02,49.06
1.23333333333333,22.93,49.56
1.25,23.1,49.93
1.26666666666667,23.21,49.82
1.28333333333333,22.85,50.02
1.3,22.45,50.48
1.31666666666667,22.97,50.89
1.33333333333333,23.23,51.5
1.35,23.12,51.64
1.36666666666667,22.19,51.91
1.38333333333333,22.85,52.02
1.4,21.7,52.56
1.41666666666667,23.59,52.47
1.45,20.91,52.63
1.46666666666667,23.2,53.98
1.48333333333333,23.55,53.54
1.5,24.01,53.53
1.51666666666667,23.41,53.9
1.53333333333333,23.54,53.58
1.55,23.15,54.8
1.56666666666667,23.65,55.27
1.58333333333333,23.2,54.57
1.6,23.64,55.05
1.61666666666667,23.57,54.55
1.63333333333333,23.41,55.78
1.65,23.36,56.49
1.66666666666667,23.68,55.93
1.68333333333333,23.86,56.36
1.7,23.24,56.2
1.71666666666667,23.5,57.36
1.73333333333333,24.17,57.29
1.75,24.06,56.54
1.76666666666667,23.77,58.13
1.78333333333333,23.92,58.12
1.8,23.85,57.83
1.81666666666667,23.78,56.83
1.83333333333333,24.36,58.74
1.85,24.38,58.28
1.86666666666667,23.82,58.83
1.88333333333333,23.92,59.17
1.9,24.06,59.33
1.91666666666667,24.01,58.88
1.93333333333333,25.06,60.05
1.95,24.18,60.1
1.96666666666667,24.47,59.99
1.98333333333333,24.58,60.29
2,24.59,59.03
2.01666666666667,24.34,60.93
2.03333333333333,24.69,60.82
2.05,24.76,60.37
2.06666666666667,24.17,61.63
2.08333333333333,24.59,61.56
2.1,23.93,61.3
2.11666666666667,24.14,61.22
2.13333333333333,25.01,61.47
2.15,24.49,62.45
2.16666666666667,24.59,61.44
2.18333333333333,24.68,61.71
2.2,24.93,62.81
2.21666666666667,25.15,62.65
2.23333333333333,24.94,63.01
2.25,24.75,63.07
2.26666666666667,24.6,63.99
2.3,25.26,63.3
2.31666666666667,24.61,63.91
2.33333333333333,25.01,63.96
2.35,24.92,63.52
2.36666666666667,25.32,64.23
2.38333333333333,25.33,64.19
2.4,25.25,64.35
2.41666666666667,25.27,63.34
2.43333333333333,25.45,64.86
2.45,25.41,65.48
2.46666666666667,25.59,64.68
2.48333333333333,25.65,64.76
2.5,25.38,65
2.51666666666667,25.52,65.02
2.53333333333333,25.35,64.72
2.55,25.77,65.8
2.56666666666667,25.76,65.62
2.58333333333333,25.67,65.64
2.6,26.04,66.23
2.61666666666667,25.78,66.21
2.63333333333333,25.59,66.64
2.65,25.96,66.41
2.66666666666667,25.91,66.16
2.68333333333333,26.47,66.58
2.7,25.68,66.1
2.71666666666667,25.97,66.4
2.73333333333333,26.35,66.39
2.75,26.42,67.4
2.76666666666667,26.39,67.82
2.78333333333333,25.91,67.28
2.8,25.97,67.08
2.81666666666667,25.58,67.48
2.83333333333333,26.23,67.65
2.85,26.79,67.91
2.86666666666667,26.44,67.2
2.88333333333333,26.07,68.52
2.9,26.44,68.41
2.91666666666667,26.09,68.57
2.93333333333333,26.51,68.62
2.95,27.07,68.96
2.96666666666667,26.81,68.62
2.98333333333333,27.04,68.92
3,27.06,68.98
3.01666666666667,26.82,70.7
3.03333333333333,27.06,69.02
3.05,27.16,68.39
3.06666666666667,27.18,69.14
3.08333333333333,26.94,69.1
3.1,26.96,70.95
3.11666666666667,27.4,70.1
3.15,27.55,70
3.16666666666667,27.47,69.71
3.18333333333333,27.68,69.63
3.2,27.61,69.89
3.21666666666667,27.67,69.79
3.23333333333333,27.68,70.26
3.25,27.61,70.06
3.26666666666667,27.85,70.41
3.28333333333333,28.04,70.28
3.3,27.97,69.94
3.31666666666667,28.49,69.91
3.33333333333333,28.15,69.51
3.35,28.2,69.71
3.36666666666667,27.98,69.9
3.38333333333333,27.51,68.3
3.4,28.42,69.7
3.41666666666667,28.19,69.05
3.43333333333333,28.21,68.03
3.45,28.48,68.93
3.46666666666667,28.47,69.13
3.48333333333333,28.58,68.36
3.5,28.22,68.25
3.51666666666667,28.54,68.5
3.53333333333333,28.8,68.32
3.55,28.69,68.26
3.56666666666667,28.74,68.23
3.58333333333333,28.94,68.05
3.6,29.49,67.72
3.61666666666667,28.96,67.81
3.63333333333333,28.66,68.12
3.65,28.97,67.77
3.66666666666667,29.33,68.58
3.68333333333333,29.21,68.47
3.7,29.2,68.69
3.71666666666667,29.3,68.79
3.73333333333333,29.17,69.19
3.75,29.16,68.18
3.76666666666667,29.57,68.83
3.78333333333333,29.37,68.88
3.8,29.54,68.6
3.81666666666667,29.91,69.01
3.83333333333333,29.79,68.48
3.85,29.27,69.04
3.86666666666667,29.87,69.48
3.88333333333333,29.68,69.2
3.9,29.48,70.06
3.91666666666667,29.87,69.28
3.93333333333333,29.87,69.43
3.95,30.12,69.81
3.96666666666667,30.2,69.89
4,30.01,69.91
4.01666666666667,29.92,70.03
4.03333333333333,30.31,70.23
4.05,30.13,70
4.06666666666667,30.28,70.18
4.08333333333333,30.42,69.96
4.1,30.57,70.02
4.11666666666667,30.5,69.83
4.13333333333333,30.64,70.2
4.15,30.64,70.8
4.16666666666667,31.05,69.88
4.18333333333333,30.06,69.23
4.2,30.89,70.23
4.21666666666667,30.96,68.84
4.23333333333333,30.91,68.93
4.25,31.49,69.03
4.26666666666667,30.09,68.38
4.28333333333333,31.38,68.19
4.3,31.31,68.24
4.31666666666667,31.28,67.86
4.33333333333333,31.03,67.8
4.35,31.41,68.42
4.36666666666667,31.09,67.21
4.38333333333333,31.46,68.17
4.4,31.72,68.84
4.41666666666667,30.96,68.93
4.43333333333333,31.09,68.19
4.45,32.28,68.79
4.46666666666667,31.51,68.39
4.48333333333333,31.8,67.71
4.5,31.69,68.81
4.51666666666667,32.05,68.75
4.53333333333333,31.66,68.97
4.55,32.26,70.25
4.56666666666667,32.14,69.18
4.58333333333333,32.02,68.91
4.6,32.21,69.14
4.61666666666667,32.1,70.03
4.63333333333333,32.42,68.86
4.65,32.55,69.52
4.66666666666667,32.29,69.99
4.68333333333333,32.22,70.08
4.7,32.75,70.34
4.71666666666667,32.34,70.61
4.73333333333333,32.56,70.69
4.75,32.76,70.53
4.76666666666667,32.54,70.41
4.78333333333333,32.49,70.27
4.8,32.78,70.08
4.81666666666667,32.64,70.07
4.85,32.84,70.25
4.86666666666667,32.83,70.07
4.88333333333333,32.91,70.02
4.9,29.63,69.08
4.91666666666667,32.95,69.62
4.93333333333333,33.18,69.15
4.95,33.45,68.71
4.96666666666667,33.21,69.17
4.98333333333333,33.26,69.08
5,33.78,68.89
5.01666666666667,33.53,67.9
5.03333333333333,33.63,68.11
5.05,33.74,68.14
5.06666666666667,32.79,67.94
5.08333333333333,33.48,67.96
5.1,33.83,68.51
5.11666666666667,33.48,68.07
5.13333333333333,34.4,68.86
5.15,34.36,66.95
5.16666666666667,34.07,68.01
5.18333333333333,33.49,68.1
5.2,33.87,68.42
5.21666666666667,34.12,68.73
5.23333333333333,34.18,69.39
5.25,34.23,68.32
5.26666666666667,34.11,69.09
5.28333333333333,34.18,68.26
5.3,34.4,68.95
5.31666666666667,34.34,69.23
5.33333333333333,33.94,68.82
5.35,34.38,69.82
5.36666666666667,34.4,69.53
5.38333333333333,33.82,69.74
5.4,34.6,70.12
5.41666666666667,34.62,70.06
5.43333333333333,34.61,69.79
5.45,34.45,70.05
5.46666666666667,34.67,70.58
5.48333333333333,34.68,70.56
5.5,35.07,70.54
5.51666666666667,34.65,70.3
5.53333333333333,35.03,70.39
5.55,34.82,70.28
5.56666666666667,35.13,70.01
5.58333333333333,35.47,70.07
5.6,35,69.52
5.61666666666667,34.64,69.88
5.63333333333333,35.28,69.68
5.65,35.41,69.9
5.66666666666667,35.12,68.8
5.7,35.51,68.8
5.71666666666667,35.64,68.44
5.73333333333333,35.65,68.45
5.75,31.35,69.63
5.76666666666667,35.54,68.59
5.78333333333333,35.89,67.94
5.8,35.43,68.2
5.81666666666667,35.67,68.21
5.83333333333333,35.92,68.15
5.85,35.73,68.03
5.86666666666667,35.81,68.31
5.88333333333333,36.15,67.61
5.9,36.03,68.38
5.91666666666667,35.74,68.79
5.93333333333333,36.22,68.35
5.95,36.08,68.56
5.96666666666667,36.55,68.23
5.98333333333333,36.42,68.15
6,36.63,69.19
6.01666666666667,36.89,69.33
6.03333333333333,36.2,69.17
6.05,36.3,69.15
6.06666666666667,36.3,69.23
6.08333333333333,36.91,69.5
6.1,36.68,70.36
6.11666666666667,36.75,69.62
6.13333333333333,36.97,70.14
6.15,36.76,70.28
6.16666666666667,36.79,70.29
6.18333333333333,36.95,70.62
6.2,37.02,70.58
6.21666666666667,37.13,71.24
6.23333333333333,36.83,70.62
6.25,37.27,70.13
6.26666666666667,37.39,70.64
6.28333333333333,37.16,69.92
6.3,37.17,70.14
6.31666666666667,37.11,70.36
6.33333333333333,36.84,70.09
6.35,37.26,69.44
6.36666666666667,36.47,70.2
6.38333333333333,37.95,69.18
6.4,37.54,69.48
6.41666666666667,37.86,69.73
6.43333333333333,37.72,68.46
6.45,37.68,68.26
6.46666666666667,37.71,68.12
6.48333333333333,37.28,68.61
6.5,37.68,68.52
6.51666666666667,37.79,67.83
6.55,37.98,68.85
6.56666666666667,37.58,68.3
6.58333333333333,37.99,67.01
6.6,38.53,68.65
6.61666666666667,38.33,68.82
6.63333333333333,38.06,68.37
6.65,38.68,68.54
6.66666666666667,38.39,68.4
6.68333333333333,38.29,68.98
6.7,38.63,69.53
6.71666666666667,38.58,68.07
6.73333333333333,38.48,69.34
6.75,38.58,69.95
6.76666666666667,38.69,69.82
6.78333333333333,38.52,70.08
6.8,38.69,70.07
6.81666666666667,38.62,70.27
6.83333333333333,38.73,70.18
6.85,38.64,70.4
6.86666666666667,38.85,70.14
6.88333333333333,38.84,70.48
6.9,38.93,70.3
6.91666666666667,38.89,70.94
6.93333333333333,38.57,71.04
6.95,38.85,70.35
6.96666666666667,38.97,70.25
6.98333333333333,39.12,70.36
7,39.34,69.59
7.01666666666667,39.39,70.19
7.03333333333333,39.07,69.49
7.05,39.42,67.92
7.06666666666667,39.75,68.34
7.08333333333333,39.57,68.86
7.1,39.74,68.3
7.11666666666667,39.63,68.54
7.13333333333333,39.69,68.91
7.15,39.85,68.5
7.16666666666667,39.77,68.7
7.18333333333333,37.98,68.36
7.2,39.95,67.73
7.21666666666667,39.81,68.32
7.23333333333333,39.97,68.9
7.25,39.69,69.3
7.26666666666667,39.78,68.59
7.28333333333333,40.08,69.74
7.3,39.94,68.81
7.31666666666667,40.25,69.54
7.33333333333333,40.49,68.63
7.35,39.5,68.61
7.36666666666667,40.26,69.05
7.4,40.14,70.08
7.41666666666667,40.43,69.64
7.43333333333333,40.91,69.12
7.45,40.46,69.96
7.46666666666667,40.69,69.74
7.48333333333333,40.8,70.24
7.5,40.88,70.43
7.51666666666667,40.73,71.09
7.53333333333333,41.09,70.73
7.55,41.02,70.65
7.56666666666667,40.92,70.83
7.58333333333333,41.08,70.54
7.6,40.98,70.74
7.61666666666667,41.25,70.16
7.63333333333333,41.31,70.22
7.65,41.25,70.41
7.66666666666667,41.59,70.43
7.68333333333333,41.36,69.85
7.7,41.97,69.18
7.71666666666667,41.85,69.7
7.73333333333333,41.59,70.11
7.75,41.74,68.64
7.76666666666667,41.25,69.29
7.78333333333333,41.64,69.26
7.8,42.53,68.8
7.81666666666667,41.88,68.86
7.83333333333333,42.25,68.49
7.85,42.01,68.68
7.86666666666667,42.27,69.08
7.88333333333333,42.37,68.27
7.9,42.98,68.52
7.91666666666667,40.08,69.25
7.93333333333333,42.45,68.94
7.95,42.47,68.73
7.96666666666667,42.95,68.92
7.98333333333333,42.64,69.51
8,43.06,68.22
8.01666666666667,42.65,69.06
8.03333333333333,42.94,69.86
8.05,43.11,69.57
8.06666666666667,42.92,69.44
8.08333333333333,43.39,70.25
8.1,43.17,69.96
8.11666666666667,43.33,70.44
8.13333333333333,43.21,70.3
8.15,43.46,70.66
8.16666666666667,43.25,70.52
8.18333333333333,43.43,71.01
8.2,43.39,70.52
8.21666666666667,43.43,70.67
8.25,43.75,70.75
8.26666666666667,43.59,71
8.28333333333333,43.94,70.08
8.3,44.1,70.7
8.31666666666667,43.95,70.41
8.33333333333333,43.94,70.3
8.35,44.03,70.05
8.36666666666667,44.21,70.03
8.38333333333333,44.39,69.84
8.4,43.74,68.37
8.41666666666667,44.22,68.65
8.43333333333333,44.42,69.11
8.45,44.58,68.17
8.46666666666667,44.68,68.81
8.48333333333333,44.67,67.83
8.5,44.33,68.75
8.51666666666667,43.81,69.1
8.53333333333333,44.42,68.41
8.55,44.81,68
8.56666666666667,44.79,68.44
8.58333333333333,45.03,68.11
8.6,44.65,68.58
8.61666666666667,44.78,68.77
8.63333333333333,44.99,69.3
8.65,45.09,67.07
8.66666666666667,45.29,68.82
8.68333333333333,45.21,69.31
8.7,45.2,69.17
8.71666666666667,45.59,69.6
8.73333333333333,45.47,69.79
8.75,45.66,69.86
8.76666666666667,44.84,70.52
8.78333333333333,45.54,69.77
8.8,45.61,70.1
8.81666666666667,45.72,70.16
8.83333333333333,46.11,70.8
8.85,45.92,70.46
8.86666666666667,46.06,70.33
8.88333333333333,46.02,70.94
8.9,46.06,70.76
8.91666666666667,46.13,70.65
8.93333333333333,46.13,70.79
8.95,46.17,71.13
8.96666666666667,46.3,70.72
8.98333333333333,46.27,70.87
9,46.2,70.72
9.01666666666667,46.29,70.18
9.03333333333333,46.3,70.18
9.05,46.56,69.48
9.06666666666667,46.63,70.02
9.1,46.67,69.29
9.11666666666667,46.34,69.2
9.13333333333333,46.48,68.93
9.15,46.61,67.7
9.16666666666667,46.85,69.15
9.18333333333333,46.99,68.41
9.2,47.01,68.55
9.21666666666667,46.76,68.48
9.23333333333333,47.15,68.58
9.25,47.3,68.8
9.26666666666667,47.02,68.46
9.28333333333333,46.87,67.32
9.3,47.19,68.38
9.31666666666667,47.36,68.83
9.33333333333333,47.83,69.3
9.35,47.61,68.58
9.36666666666667,47.26,69.48
9.38333333333333,47.44,68.24
9.4,47.18,68.58
9.41666666666667,48,69.12
9.43333333333333,48.02,70.57
9.45,47.61,70.21
9.46666666666667,47.76,70.2
9.48333333333333,47.72,69.83
9.5,47.63,70.18
9.51666666666667,47.87,70.28
9.53333333333333,48.23,70.81
9.55,47.79,70.57
9.56666666666667,48.03,71.19
9.58333333333333,48.3,70.72
9.6,48.3,71.22
9.61666666666667,48.41,70.76
9.63333333333333,48.68,70.53
9.65,48.06,70.74
9.66666666666667,48.75,70.3
9.68333333333333,47.94,70.34
9.7,48.51,70.26
9.71666666666667,48.5,70.03
9.73333333333333,48.7,70
9.75,49.26,69.6
9.76666666666667,48.93,69.6
9.78333333333333,48.79,69.64
9.8,48.43,69.25
9.81666666666667,48.96,69.26
9.83333333333333,49.06,69.14
9.85,48.78,68.09
9.86666666666667,49.31,68.59
9.88333333333333,48.87,67.71
9.9,49.13,68.51
9.91666666666667,49.76,68.42
9.95,49.52,68.12
9.96666666666667,49.42,67.99
9.98333333333333,49.36,68.34
10,49.45,68.71
10.0166666666667,49.83,67.58
10.0333333333333,49.62,69.5
10.05,49.87,69.01
10.0666666666667,50.13,69.43
10.0833333333333,49.81,69.11
10.1,50.14,69.91
10.1166666666667,50.15,70.07
10.1333333333333,50.11,70.38
10.15,50.17,70.54
10.1666666666667,50.21,70.57
10.1833333333333,50.12,70.4
10.2,49.8,71.03
10.2166666666667,50.25,71.38
10.2333333333333,50.13,71.19
10.25,50.45,71.02
10.2666666666667,50.34,71.45
10.2833333333333,50.22,70.92
10.3,50.4,70.73
10.3166666666667,50.22,71.09
10.3333333333333,50.72,70.62
10.35,50.63,70.68
10.3666666666667,50.72,70.35
10.3833333333333,50.6,69.98
10.4,50.51,70.22
10.4166666666667,50.91,70.16
10.4333333333333,50.5,69.65
10.45,51.22,69.61
10.4666666666667,50.9,69.02
10.4833333333333,51.03,69.27
10.5,50.72,69.55
10.5166666666667,51.73,69.08
10.5333333333333,51.03,68.81
10.55,51.36,68.54
10.5666666666667,51.13,67.56
10.5833333333333,51.81,68.72
10.6,51.01,68.61
10.6166666666667,51.27,69.34
10.6333333333333,51.56,68.65
10.65,51.85,68.87
10.6666666666667,51.36,69.54
10.6833333333333,51.69,69.6
10.7,51.09,69.85
10.7166666666667,51.54,69.58
10.7333333333333,51.5,69.42
10.75,51.51,69.76
10.7666666666667,51.32,70.4
10.8,51.49,70.36
10.8166666666667,51.71,70.93
10.8333333333333,51.56,70.89
10.85,51.44,71.05
10.8666666666667,52.14,71
10.8833333333333,52.27,70.95
10.9,52.13,71.08
10.9166666666667,52.05,71.19
10.9333333333333,52,70.66
10.95,52.27,70.88
10.9666666666667,52.17,70.59
10.9833333333333,52.24,70.37
11,52.11,70.09
11.0166666666667,52.4,70.77
11.0333333333333,52.15,70.55
11.05,52.62,70.33
11.0666666666667,52.31,69.86
11.0833333333333,52.35,69.61
11.1,52.35,69.09
11.1166666666667,52.65,69.33
11.1333333333333,52.84,69.45
11.15,52.66,69.15
11.1666666666667,52.87,68.61
11.1833333333333,53.02,69.57
11.2,52.62,68.97
11.2166666666667,53.38,68.67
11.2333333333333,52.34,68.24
11.25,53.1,68.74
11.2666666666667,52.96,68.63
11.2833333333333,52.98,66.98
11.3,53.21,67.73
11.3166666666667,53.33,67.79
11.3333333333333,52.95,68.76
11.35,52.74,68.84
11.3666666666667,53.04,69.37
11.3833333333333,53.11,68.86
11.4,53.37,69.99
11.4166666666667,52.96,69.27
11.4333333333333,53.35,69.88
11.45,53.61,70.1
11.4666666666667,53.59,70.42
11.4833333333333,53.77,70.53
11.5,53.28,70.36
11.5166666666667,53.38,70.98
11.5333333333333,53.55,71.36
11.55,53.42,70.95
11.5666666666667,53.77,71.26
11.5833333333333,53.45,70.73
11.6,53.74,70.72
11.6166666666667,53.68,70.77
11.65,53.67,70.96
11.6666666666667,53.9,70.31
11.6833333333333,53.95,70.93
11.7,54.09,70.16
11.7166666666667,53.87,70.52
11.7333333333333,53.98,70.06
11.75,55.4,69.91
11.7666666666667,54.04,69.66
11.7833333333333,54.45,68.52
11.8,54.16,69.07
11.8166666666667,53.68,69.42
11.8333333333333,54.13,69.65
11.85,54.52,68.58
11.8666666666667,54.94,68.15
11.8833333333333,54.39,68.2
11.9,54.99,69.15
11.9166666666667,54.76,68
11.9333333333333,54.64,69.01
11.95,54.06,68.44
11.9666666666667,54.72,68.9
11.9833333333333,54.83,69.06
12,54.55,69.3
12.0166666666667,54.81,69.11
12.0333333333333,54.77,69.92
12.05,54.71,69.56
12.0666666666667,54.86,69.97
12.0833333333333,54.76,69.36
12.1,54.88,70.17
12.1166666666667,54.6,70.53
12.1333333333333,54.77,70.83
12.15,55.03,71.19
12.1666666666667,55.16,71.13
12.1833333333333,55.05,71.11
12.2,55.09,70.92
12.2166666666667,54.96,70.89
12.2333333333333,55.35,70.84
12.25,55.11,70.98
12.2666666666667,55.27,70.93
12.2833333333333,55.08,70.66
12.3,55.38,70.66
12.3166666666667,55.17,71.01
12.3333333333333,55.33,69.92
12.35,55.47,70.49
12.3666666666667,55.44,70.08
12.3833333333333,55.45,69.93
12.4,55.48,69.48
12.4166666666667,55.35,69.48
12.4333333333333,55.42,68.72
12.45,55.55,68.91
12.4666666666667,55.44,69.16
12.5,55.22,68.65
12.5166666666667,55.61,68.14
12.5333333333333,55.97,68.23
12.55,55.36,68.29
12.5666666666667,55.82,68.76
12.5833333333333,55.76,68.62
12.6,56.48,68.58
12.6166666666667,55.97,69.36
12.6333333333333,55.86,68.6
12.65,56.2,69.17
12.6666666666667,56.25,68.92
12.6833333333333,56.3,69.46
12.7,55.45,69.15
12.7166666666667,56.23,69.48
12.7333333333333,56.21,69.58
12.75,56.37,69.78
12.7666666666667,56.12,70.29
12.7833333333333,56.63,70.21
12.8,56.36,70.19
12.8166666666667,56.5,70.45
12.8333333333333,56.35,71.03
12.85,56.23,70.78
12.8666666666667,56.7,71.28
12.8833333333333,56.4,70.76
12.9,56.63,71.18
12.9166666666667,56.94,71.08
12.9333333333333,56.45,71.23
12.95,56.84,71.38
12.9666666666667,56.52,71
12.9833333333333,56.67,70.79
13,56.68,70.6
13.0166666666667,56.81,70.67
13.0333333333333,57.15,70.82
13.05,56.92,69.91
13.0666666666667,57.01,70.43
13.0833333333333,56.67,70.29
13.1,57.25,69.86
13.1166666666667,56.78,69.34
13.1333333333333,57.1,68.69
13.15,56.26,70.33
13.1666666666667,57.71,68.62
13.1833333333333,56.64,69.45
13.2,56.68,68.82
13.2166666666667,57.68,69.03
13.2333333333333,57.34,68.81
13.25,57.05,68.04
13.2666666666667,56.66,68.59
13.2833333333333,57.05,68.5
13.3,57.8,68.87
13.3166666666667,57.14,68.66
13.35,57.6,68.61
13.3666666666667,57.41,69.13
13.3833333333333,57.4,69.11
13.4,57.41,69.28
13.4166666666667,57.27,69.87
13.4333333333333,57.62,70.33
13.45,57.78,70.08
13.4666666666667,57.59,70.65
13.4833333333333,57.79,70.82
13.5,57.65,70.77
13.5166666666667,57.59,70.5
13.5333333333333,57.21,71.14
13.55,57.76,71.1
13.5666666666667,57.88,70.66
13.5833333333333,57.64,70.96
13.6,57.84,71.12
13.6166666666667,57.83,71.17
13.6333333333333,57.58,71.36
13.65,58.08,70.72
13.6666666666667,58.13,70.94
13.6833333333333,58.14,70.73
13.7,57.7,70.13
13.7166666666667,57.92,70.15
13.7333333333333,57.81,69.99
13.75,57.88,70.35
13.7666666666667,58.01,69.59
13.7833333333333,58,69.09
13.8,57.99,69.99
13.8166666666667,58.4,69.44
13.8333333333333,58.26,68.59
13.85,58.7,68.55
13.8666666666667,58.02,69.64
13.8833333333333,58.27,68.66
13.9,58.16,69.35
13.9166666666667,58.41,68.22
13.9333333333333,58.56,67.24
13.95,58.31,69.38
13.9666666666667,58.59,68.34
13.9833333333333,58.67,68.87
14,59.14,68.84
14.0166666666667,57.24,69.42
14.0333333333333,59.21,68.78
14.05,58.5,69.97
14.0666666666667,58.82,69.71
14.0833333333333,58.38,70.36
14.1,58.65,70.33
14.1166666666667,58.36,71.06
14.1333333333333,58.76,70.61
14.15,58.42,70
14.1666666666667,58.76,71.56
14.2,58.89,71.09
14.2166666666667,58.81,71.3
14.2333333333333,59.18,71.41
14.25,59.06,70.85
14.2666666666667,58.93,71.04
14.2833333333333,58.98,71.2
14.3,58.91,70.7
14.3166666666667,59.12,70.76
14.3333333333333,58.87,70.7
14.35,59.2,70.73
14.3666666666667,58.85,71.2
14.3833333333333,59.21,70.14
14.4,59.11,69.83
14.4166666666667,58.8,69.63
14.4333333333333,59.36,69.77
14.45,59.69,69.8
14.4666666666667,59.87,68.97
14.4833333333333,59.16,69.26
14.5,59.22,68.87
14.5166666666667,59.62,69.48
14.5333333333333,59.6,68.6
14.55,60.32,68.28
14.5666666666667,59.52,68.3
14.5833333333333,59.6,68.6
14.6,59.54,68.5
14.6166666666667,60.4,69.57
14.6333333333333,59.61,68.48
14.65,59.76,69.11
14.6666666666667,59.23,69.53
14.6833333333333,60.11,69.52
14.7,59.56,69.62
14.7166666666667,60.35,70.54
14.7333333333333,59.72,69.4
14.75,59.75,70.36
14.7666666666667,59.8,70.5
14.7833333333333,59.63,71.2
14.8,59.98,70.6
14.8166666666667,59.98,70.7
14.8333333333333,59.97,71.18
14.85,59.92,71.44
14.8666666666667,59.98,71.43
14.8833333333333,59.96,71.27
14.9,60.45,71.1
14.9166666666667,59.62,71.22
14.9333333333333,60.3,71.99
14.95,60.07,71.54
14.9666666666667,60.43,71.31
14.9833333333333,60.21,70.83
15,60.12,70.83
15.0166666666667,60.58,70.93
15.05,60.3,70.98
15.0666666666667,60.41,70.77
15.0833333333333,60.41,70.65
15.1,60.45,69.97
15.1166666666667,60.33,69.9
15.1333333333333,60.49,69.68
15.15,60.63,68.2
15.1666666666667,60.64,68.99
15.1833333333333,60.46,69.17
15.2,60.63,69.01
15.2166666666667,59.38,69.71
15.2333333333333,59.8,69.38
15.25,60.53,68.49
15.2666666666667,60.2,68.4
15.2833333333333,60.17,69.09
15.3,61.05,69.35
15.3166666666667,61.19,68.04
15.3333333333333,60.45,69.26
15.35,60.51,68.67
15.3666666666667,60.83,69.63
15.3833333333333,61.3,69.8
15.4,60.09,70.47
15.4166666666667,60.89,69.98
15.4333333333333,60.92,70.1
15.45,60.99,70.42
15.4666666666667,60.75,70.74
15.4833333333333,61,70.72
15.5,60.78,70.97
15.5166666666667,61.09,70.82
15.5333333333333,61.07,71.02
15.55,61.04,70.84
15.5666666666667,60.96,71.47
15.5833333333333,61.23,71.13
15.6,61.07,71.43
15.6166666666667,61.43,71.16
15.6333333333333,61.28,71.18
15.65,61.63,70.37
15.6666666666667,61.45,70.89
15.6833333333333,61.36,70.41
15.7,61.38,70.5
15.7166666666667,61.38,70.36
15.7333333333333,61.1,70.06
15.75,61.59,69.65
15.7666666666667,61.48,70.05
15.7833333333333,61.64,69.87
15.8,61.66,69.64
15.8166666666667,61.61,69.51
15.8333333333333,62.02,69.02
15.85,61.37,69.2
15.8666666666667,61.94,69.57
15.9,61.29,67.4
15.9166666666667,61.57,67.5
15.9333333333333,61.23,69.04
15.95,61.46,69.4
15.9666666666667,62.24,68.86
15.9833333333333,62.09,68.84
16,61.81,69.03
16.0166666666667,61.83,69.44
16.0333333333333,61.34,69.47
16.05,61.57,69.88
16.0666666666667,62.08,70.51
16.0833333333333,61.71,70.31
16.1,61.85,70.11
16.1166666666667,62.05,70.65
16.1333333333333,61.3,70.19
16.15,61.93,70.8
16.1666666666667,61.96,71.03
16.1833333333333,62.16,71.04
16.2,61.67,71.19
16.2166666666667,62.01,71.12
16.2333333333333,62.03,70.97
16.25,62.07,71.37
16.2666666666667,61.93,71.17
16.2833333333333,61.94,70.9
16.3,62.41,70.96
16.3166666666667,61.94,70.72
16.3333333333333,62.36,70.83
16.35,62.39,70.42
16.3666666666667,62.19,70.14
16.3833333333333,62.08,70.54
16.4,62.67,69.82
16.4166666666667,62.37,69.66
16.4333333333333,62.19,69.75
16.45,61.54,69.28
16.4666666666667,62.71,69.49
16.4833333333333,62.14,69.46
16.5,62.51,68.79
16.5166666666667,62.14,69.04
16.5333333333333,62.21,68.83
16.55,62.52,68.77
16.5666666666667,62.39,69.33
16.5833333333333,62.22,69.08
16.6,61.46,69.19
16.6166666666667,62.64,67.54
16.6333333333333,62.89,69.62
16.65,63.06,69.96
16.6666666666667,62.46,69.21
16.6833333333333,62.34,69.48
16.7,61.9,70.29
16.7166666666667,63.09,69.9
16.75,62.65,69.86
16.7666666666667,62.85,70.05
16.7833333333333,62.71,70.7
16.8,62.53,70.93
16.8166666666667,63.04,70.67
16.8333333333333,63.17,71.1
16.85,62.62,70.88
16.8666666666667,63.14,70.99
16.8833333333333,63.14,71.14
16.9,63.09,70.85
16.9166666666667,63.06,71.26
16.9333333333333,63.02,71.02
16.95,62.71,71.35
16.9666666666667,63.41,70.97
16.9833333333333,63.01,70.65
17,63.2,70.77
17.0166666666667,63.09,70.3
17.0333333333333,63.43,70.62
17.05,63.21,70.39
17.0666666666667,62.7,70.5
17.0833333333333,63.26,69.77
17.1,63.67,69.85
17.1166666666667,62.91,68.85
17.1333333333333,63.14,69.45
17.15,63.17,69.18
17.1666666666667,64.15,68.86
17.1833333333333,63.73,69.97
17.2,63.53,68.42
17.2166666666667,63.52,68.95
17.2333333333333,63.35,68.82
17.25,63.47,68.75
17.2666666666667,63.84,68.66
17.2833333333333,63.97,69.43
17.3,63.42,69.11
17.3166666666667,63.07,69.41
17.3333333333333,64.32,69.36
17.35,63.98,70.03
17.3666666666667,63.61,70.27
17.3833333333333,63.44,70.08
17.4,63.52,71.25
17.4166666666667,63.67,70.87
17.4333333333333,63.48,71.1
17.45,63.82,70.76
17.4666666666667,63.55,70.82
17.4833333333333,64.02,71.29
17.5,63.44,70.8
17.5166666666667,63.52,71.3
17.5333333333333,63.92,71.13
17.55,63.8,71.24
17.5666666666667,64.18,71.4
17.6,63.85,71.01
17.6166666666667,63.78,71.04
17.6333333333333,64.22,71.11
17.65,63.91,70.74
17.6666666666667,63.84,70.53
17.6833333333333,64.29,70.41
17.7,64.06,70.03
17.7166666666667,63.76,70.15
17.7333333333333,64.06,69.57
17.75,63.91,69.53
17.7666666666667,64.09,69.79
17.7833333333333,64.6,69.36
17.8,64.02,68.96
17.8166666666667,63.79,68.61
17.8333333333333,63.55,67.96
17.85,63.36,67.99
17.8666666666667,64.04,69.19
17.8833333333333,63.65,69.08
17.9,64.14,68.48
17.9166666666667,63.96,69.48
17.9333333333333,64.54,69.2
17.95,64.19,69.58
17.9666666666667,64.01,69.45
17.9833333333333,64.08,70.04
18,64.17,70.38
18.0166666666667,64.04,70.45
18.0333333333333,64.87,70.21
18.05,64.71,70.72
18.0666666666667,64.37,70.92
18.0833333333333,64.44,70.89
18.1,64.27,71.3
18.1166666666667,64.24,71.17
18.1333333333333,64.34,71.17
18.15,64.42,71.56
18.1666666666667,64.12,71.46
18.1833333333333,64.07,71.68
18.2,64.52,71.14
18.2166666666667,64.21,71.56
18.2333333333333,64.33,71.01
18.25,64.57,71.26
18.2666666666667,64.42,70.58
18.2833333333333,64.47,71.14
18.3,64.57,70.88
18.3166666666667,64.61,71
18.3333333333333,64.55,70.74
18.35,64.36,70.4
18.3666666666667,64.89,70.16
18.3833333333333,64.83,69.8
18.4,64.62,69.83
18.4166666666667,64.71,69.58
18.45,64.22,69.25
18.4666666666667,64.42,68.82
18.4833333333333,64.88,68.95
18.5,64.94,69.41
18.5166666666667,63.55,68.27
18.5333333333333,64.92,69.26
18.55,65.35,69.15
18.5666666666667,64.64,68.56
18.5833333333333,64.53,68.55
18.6,64.96,69.62
18.6166666666667,64.81,69.08
18.6333333333333,64.64,69.53
18.65,64.45,69.55
18.6666666666667,64.89,70.45
18.6833333333333,65.2,70.41
18.7,65.02,69.99
18.7166666666667,64.95,70.41
18.7333333333333,65.13,70.4
18.75,65.22,70.37
18.7666666666667,64.79,70.86
18.7833333333333,65.01,71.01
18.8,65.06,70.22
18.8166666666667,65.41,70.97
18.8333333333333,64.91,71.15
18.85,65.05,71.57
18.8666666666667,64.66,71.34
18.8833333333333,65,71.3
18.9,65.26,71.29
18.9166666666667,65.19,71.44
18.9333333333333,65.27,71
18.95,65.06,71.17
18.9666666666667,65.29,70.74
18.9833333333333,65.07,70.75
19,65.22,70.58
19.0166666666667,65.27,70.7
19.0333333333333,65.46,70.48
19.05,65.48,70.52
19.0666666666667,65.55,69.89
19.0833333333333,65.24,70.3
19.1,65.39,69.97
19.1166666666667,65.1,70.12
19.1333333333333,65.24,68.8
19.15,65.12,69.34
19.1666666666667,65.51,69.2
19.1833333333333,65.66,68.86
19.2,65.56,69.1
19.2166666666667,65.62,68.82
19.2333333333333,65.13,69.31
19.25,65.87,69.05
19.2666666666667,65.41,69.07
19.3,65.88,69.21
19.3166666666667,65.49,69.41
19.3333333333333,65.27,69.23
19.35,65.92,69.94
19.3666666666667,65.71,69.81
19.3833333333333,64.82,71.08
19.4,65.65,70.22
19.4166666666667,66.11,70.64
19.4333333333333,65.66,70.67
19.45,65.61,70.77
19.4666666666667,65.75,70.81
19.4833333333333,65.74,70.94
19.5,65.98,71.35
19.5166666666667,66.03,70.92
19.5333333333333,65.47,71.47
19.55,65.92,71.18
19.5666666666667,65.96,71.61
19.5833333333333,65.38,71.1
19.6,65.66,71.12
19.6166666666667,65.9,70.9
19.6333333333333,65.72,71.45
19.65,65.74,71.27
19.6666666666667,65.96,71.65
19.6833333333333,66.1,70.33
19.7,65.87,70.6
19.7166666666667,66.48,70.71
19.7333333333333,65.93,70.64
19.75,66.22,70.8
19.7666666666667,66.01,70.15
19.7833333333333,65.87,70.13
19.8,66.42,69.7
19.8166666666667,65.63,69.79
19.8333333333333,65.9,70.27
19.85,66.07,69.74
19.8666666666667,66.3,69.43
19.8833333333333,65.92,69.75
19.9,66.4,69.06
19.9166666666667,66.12,69.29
19.9333333333333,66.78,69.83
19.95,66.26,69.33
19.9666666666667,65.84,69.75
19.9833333333333,66.36,69.38
20,66.31,69.58
20.0166666666667,66.35,69.15
20.0333333333333,66.05,69.47
20.05,66.26,69.33
20.0666666666667,66.39,69.66
20.0833333333333,65.97,70.01
20.1,66.45,70.23
20.1166666666667,66.24,70.71
20.15,66.43,71.26
20.1666666666667,66.59,71.22
20.1833333333333,66.35,70.82
20.2,66.69,71.16
20.2166666666667,66.46,71.59
20.2333333333333,66.13,71.73
20.25,66.81,71.35
20.2666666666667,66.49,71.75
20.2833333333333,66.64,71.16
20.3,66.63,71.46
20.3166666666667,66.84,71.3
20.3333333333333,66.68,71.85
20.35,66.42,71.37
20.3666666666667,66.54,70.91
20.3833333333333,66.36,70.9
20.4,66.89,70.46
20.4166666666667,67.15,70.75
20.4333333333333,67.05,70.15
20.45,66.51,70.36
20.4666666666667,66.78,69.91
20.4833333333333,67.07,70.08
20.5,66.15,69.56
20.5166666666667,66.54,70.37
20.5333333333333,67.27,68.76
20.55,65.3,69.2
20.5666666666667,66.74,68.33
20.5833333333333,66.59,68.97
20.6,67.14,69.19
20.6166666666667,66.9,68.76
20.6333333333333,66.63,68.89
20.65,66.01,69.46
20.6666666666667,66.55,68.91
20.6833333333333,66.13,69.39
20.7,66.94,69.97
20.7166666666667,66.02,69.17
20.7333333333333,67.34,69.98
20.75,67.32,69.78
20.7666666666667,66.97,70.15
20.7833333333333,66.74,70.38
20.8,66.75,70.37
20.8166666666667,66.95,70.88
20.8333333333333,67.06,71
20.85,67.33,71.16
20.8666666666667,67.44,71.31
20.8833333333333,67.32,71.59
20.9,67.38,71.04
20.9166666666667,67.13,71.6
20.9333333333333,67.62,72.12
20.95,66.9,71.74
20.9666666666667,67.82,71.23
21,67.31,71.92
21.0166666666667,67.04,71.31
21.0333333333333,68.01,71.27
21.05,67.3,71.64
21.0666666666667,67.27,70.86
21.0833333333333,67.53,71.07
21.1,67.26,70.64
21.1166666666667,67.36,70.25
21.1333333333333,67.54,71
21.15,67.38,70.31
21.1666666666667,67.12,70.09
21.1833333333333,67.05,69.86
21.2,67.21,69.49
21.2166666666667,67.43,69.76
21.2333333333333,68.02,70.1
21.25,68.32,68.71
21.2666666666667,67.35,69.14
21.2833333333333,67.03,69.29
21.3,68.5,68.82
21.3166666666667,67.61,69.03
21.3333333333333,67.68,69.01
21.35,67.72,69.24
21.3666666666667,67.53,68.94
21.3833333333333,67.35,69.09
21.4,67.75,69.56
21.4166666666667,68.1,69.73
21.4333333333333,67.92,70.64
21.45,67.58,70.13
21.4666666666667,67.65,70.38
21.4833333333333,67.81,70.58
21.5,67.5,70.85
21.5166666666667,67.41,70.1
21.5333333333333,68.16,71.35
21.55,67.68,71.08
21.5666666666667,67.61,71.18
21.5833333333333,68.08,71.15
21.6,67.49,71.33
21.6166666666667,67.97,71.47
21.6333333333333,67.72,71.17
21.65,68.06,71.13
21.6666666666667,67.98,71.26
21.6833333333333,67.66,70.71
21.7,68.08,71
21.7166666666667,67.73,70.88
21.7333333333333,67.89,70.64
21.75,67.82,70.57
21.7666666666667,67.94,70.57
21.7833333333333,67.76,70.55
21.8,68.02,69.24
21.8166666666667,68.24,70.64
21.85,67.64,69.98
21.8666666666667,68.11,69.8
21.8833333333333,67.64,69.46
21.9,68.1,69.5
21.9166666666667,67.97,68.92
21.9333333333333,68.33,68.9
21.95,67.77,68.04
21.9666666666667,66.98,68.9
21.9833333333333,67.95,68.98
22,68.63,68.21
22.0166666666667,67.93,69.36
22.0333333333333,67.85,67.11
22.05,68.63,69.39
22.0666666666667,68.04,69.76
22.0833333333333,68.36,69.78
22.1,68.6,70.18
22.1166666666667,68.18,70.38
22.1333333333333,68.17,70.26
22.15,67.98,70.64
22.1666666666667,68.24,71.11
22.1833333333333,68.05,71.34
22.2,68.76,71.64
22.2166666666667,68.27,71.22
22.2333333333333,68.56,71.69
22.25,68.4,71.51
22.2666666666667,68.6,71.38
22.2833333333333,68.68,71.68
22.3,68.61,71.89
22.3166666666667,68.84,71.78
22.3333333333333,68.33,71.24
22.35,68.55,71.49
22.3666666666667,68.55,70.99
22.3833333333333,68.49,71.18
22.4,68.5,71.22
22.4166666666667,68.6,71.05
22.4333333333333,68.83,70.52
22.45,68.42,70.86
22.4666666666667,68.3,70.63
22.4833333333333,68.94,70.44
22.5,68.9,69.62
22.5166666666667,68.39,69.84
22.5333333333333,68.9,69.89
22.55,68.73,69.59
22.5666666666667,69.1,69.52
22.5833333333333,67.5,69.42
22.6,68.89,70.08
22.6166666666667,69.64,69.1
22.6333333333333,68.77,68.97
22.65,69.09,69.1
22.6666666666667,67.96,69.38
22.7,68.86,69.98
22.7166666666667,68.76,69.86
22.7333333333333,68.37,69.54
22.75,68.94,69.31
22.7666666666667,68.47,70.04
22.7833333333333,69.01,69.8
22.8,68.66,69.88
22.8166666666667,68.62,70.79
22.8333333333333,68.4,70.9
22.85,68.66,70.35
22.8666666666667,68.66,70.49
22.8833333333333,68.56,71.16
22.9,68.72,71.1
22.9166666666667,68.82,70.65
22.9333333333333,68.6,71.39
22.95,68.85,71.07
22.9666666666667,68.88,71.58
22.9833333333333,68.63,71.11
23,68.6,71.41
23.0166666666667,68.82,71.37
23.0333333333333,69.18,71.2
23.05,68.95,71.32
23.0666666666667,68.83,70.9
23.0833333333333,68.69,70.85
23.1,69.03,71.05
23.1166666666667,68.8,70.72
23.1333333333333,68.87,70.49
23.15,68.85,70.77
23.1666666666667,69.19,69.92
23.1833333333333,69.19,70.13
23.2,68.72,69.9
23.2166666666667,69.14,68.88
23.2333333333333,69.55,69.74
23.25,66.89,69.42
23.2666666666667,69.37,69.48
23.2833333333333,69.75,69.08
23.3,68.65,69.01
23.3166666666667,69.47,69.95
23.3333333333333,69.16,68.86
23.35,70.16,69.27
23.3666666666667,69.99,69.39
23.3833333333333,69.12,68.67
23.4,69.26,69.55
23.4166666666667,69.34,69.78
23.4333333333333,69.11,69.91
23.45,69.75,70.02
23.4666666666667,69.29,69.97
23.4833333333333,68.95,70.75
23.5,69.15,70.34
23.5166666666667,69.03,70.31
23.55,68.09,70.98
23.5666666666667,69.08,71.18
23.5833333333333,69.29,71.38
23.6,69.29,71.19
23.6166666666667,69.24,71.1
23.6333333333333,68.91,71.8
23.65,69.57,71.23
23.6666666666667,69.76,71.54
23.6833333333333,69.51,71.26
23.7,69.35,71.27
23.7166666666667,69.6,70.91
23.7333333333333,69.37,71.47
23.75,69.31,71.01
23.7666666666667,68.94,70.75
23.7833333333333,69.24,70.79
23.8,69.56,70.46
23.8166666666667,69.45,71.05
23.8333333333333,69.6,70.28
23.85,69.36,69.9
23.8666666666667,69.47,70.04
23.8833333333333,69.08,69.97
23.9,69.51,70.3
23.9166666666667,69.73,69.72
23.9333333333333,68.96,69.62
23.95,69.45,69.69
23.9666666666667,69.43,69.64
23.9833333333333,69.49,69.04
24,69.11,69.81
24.0166666666667,69.44,69.13
24.0333333333333,69.37,69.01
24.05,69.85,69.47
24.0666666666667,69.73,69.63
24.0833333333333,69.65,69.14
24.1,69.51,69.79
24.1166666666667,69.62,69.96
24.1333333333333,69.56,69.87
24.15,69.52,69.98
24.1666666666667,69.67,69.91
24.1833333333333,69.8,70.77
24.2,69.65,70.39
24.2166666666667,69.61,70.9
24.2333333333333,69.5,70.84
24.25,69.75,70.68
24.2666666666667,70.02,70.82
24.2833333333333,69.29,71.2
24.3,69.74,70.47
24.3166666666667,69.71,70.7
24.3333333333333,69.71,71.6
24.35,69.42,71.01
24.3666666666667,69.63,70.49
24.4,70.12,71
24.4166666666667,69.95,70.4
24.4333333333333,70.39,70.98
24.45,70.16,70.46
24.4666666666667,69.75,70.29
24.4833333333333,69.77,70.37
24.5,69.84,70.32
24.5166666666667,69.72,69.62
24.5333333333333,70.25,70.06
24.55,69.97,69.58
24.5666666666667,69.72,69.09
24.5833333333333,70.86,68.67
24.6,70.22,69.2
24.6166666666667,70.09,69.28
24.6333333333333,69.65,69.47
24.65,69.65,69.38
24.6666666666667,69.12,68.17
24.6833333333333,69.95,69.2
24.7,69.9,68.72
24.7166666666667,69.81,68.78
24.7333333333333,69.73,68.8
24.75,70.18,68.46
24.7666666666667,69.95,69.01
24.7833333333333,69.8,68.94
24.8,69.6,68.84
24.8166666666667,69.79,68.82
24.8333333333333,70.05,68.47
24.85,70.31,69.01
24.8666666666667,69.65,69.01
24.8833333333333,70.3,68.31
24.9,70.08,68.89
24.9166666666667,70.05,69.7
24.9333333333333,69.84,69.09
24.95,70.09,69.08
24.9666666666667,69.79,69.26
24.9833333333333,69.94,69.71
25,70.03,69.21
25.0166666666667,70.02,69.19
25.0333333333333,70.13,69.36
25.05,70.05,69.03
25.0666666666667,70.27,68.8
25.0833333333333,70.15,69.11
25.1,70.17,69.26
25.1166666666667,70.23,68.84
25.1333333333333,70.45,68.6
25.15,70.19,68.95
25.1666666666667,70,68.56
25.1833333333333,70.21,68.55
25.2,70.5,68.36
25.2166666666667,70.49,68.4
25.25,70.84,68.28
25.2666666666667,70.18,68.21
25.2833333333333,70.1,67.92
25.3,69.09,67.54
25.3166666666667,70.2,67.4
25.3333333333333,70.06,68.25
25.35,70.43,67.41
25.3666666666667,70.94,67.41
25.3833333333333,70.34,67.44
25.4,70.26,67.18
25.4166666666667,70.42,66.99
25.4333333333333,70.69,66.49
25.45,70.25,66.43
25.4666666666667,70.36,66.64
25.4833333333333,70.42,66.36
25.5,69.88,66.24
25.5166666666667,70.3,65.94
25.5333333333333,70.63,65.92
25.55,70.6,65.86
25.5666666666667,69.98,66
25.5833333333333,70.64,65.85
25.6,70.02,65.72
25.6166666666667,70.48,65.35
25.6333333333333,70.49,65.29
25.65,70.13,64.95
25.6666666666667,70.13,64.89
25.6833333333333,70.26,64.79
25.7,70.48,64.86
25.7166666666667,70.72,64.61
25.7333333333333,70.01,64.32
25.75,70.45,64.11
25.7666666666667,70.17,63.81
25.7833333333333,70.38,64.15
25.8,70.28,63.67
25.8166666666667,70.66,64.02
25.8333333333333,70.85,63.87
25.85,70.68,63.46
25.8666666666667,70.4,63.52
25.8833333333333,70.21,63.58
25.9,70.5,63.33
25.9166666666667,70.34,62.35
25.9333333333333,70.73,63.43
25.95,70.38,62.97
25.9666666666667,70.19,63.05
25.9833333333333,70.42,62.94
26,70.15,62.78
26.0166666666667,70.43,62.67
26.0333333333333,69.82,62.58
26.05,70.12,62.39
26.0666666666667,70.11,62.28
26.1,70.54,61.88
26.1166666666667,70.16,61.78
26.1333333333333,70.36,61.9
26.15,70.06,61.94
26.1666666666667,70.27,61.61
26.1833333333333,70.49,61.89
26.2,70.18,61.69
26.2166666666667,70.12,61.35
26.2333333333333,70.4,61.18
26.25,70.48,61.28
26.2666666666667,70.42,61.22
26.2833333333333,70.29,61.18
26.3,70.31,60.74
26.3166666666667,70.46,61.03
26.3333333333333,70.68,60.77
26.35,70.3,61.13
26.3666666666667,70.43,60.9
26.3833333333333,70.47,60.6
26.4,70.38,60.83
26.4166666666667,70.29,60.2
26.4333333333333,70.38,60.48
26.45,69.97,60.14
26.4666666666667,70.33,60.41
26.4833333333333,70.52,60.24
26.5,70.12,60.28
26.5166666666667,70.09,59.87
26.5333333333333,70.18,59.87
26.55,69.91,59.56
26.5666666666667,70.16,60.04
26.5833333333333,70.32,59.65
26.6,70.3,59.33
26.6166666666667,70.41,59.55
26.6333333333333,70.24,59.53
26.65,70.49,59.27
26.6666666666667,70.41,59.18
26.6833333333333,70.3,59.16
26.7,70.19,59.53
26.7166666666667,70.24,59.59
26.7333333333333,70.27,59.14
26.75,69.9,59.16
26.7666666666667,70.06,58.99
26.7833333333333,70.15,59.53
26.8,70.35,59.13
26.8166666666667,70.11,59.19
26.8333333333333,70.28,58.73
26.85,70.17,58.66
26.8666666666667,70.63,58.68
26.8833333333333,69.83,58.61
26.9,70.04,58.47
26.9166666666667,70.11,58.69
26.95,70.36,58.52
26.9666666666667,70.04,58.67
26.9833333333333,70.29,58.47
27,69.97,58.03
27.0166666666667,70.15,58.57
27.0333333333333,69.97,58.21
27.05,69.96,57.99
27.0666666666667,70.06,58.29
27.0833333333333,69.9,57.98
27.1,69.69,58.21
27.1166666666667,69.81,57.9
27.1333333333333,69.95,58.16
27.15,70.12,58.48
27.1666666666667,70.13,58.14
27.1833333333333,69.82,58.19
27.2,69.82,58.12
27.2166666666667,69.79,57.99
27.2333333333333,69.82,58.13
27.25,70.13,58.41
27.2666666666667,70.03,58.12
27.2833333333333,69.78,58.92
27.3,70.19,58.79
27.3166666666667,69.71,58.07
27.3333333333333,69.79,58.13
27.35,70.3,58.71
27.3666666666667,69.96,59.01
27.3833333333333,69.78,58.34
27.4,70.36,58.56
27.4166666666667,69.49,58.72
27.4333333333333,70.07,58.57
27.45,69.89,58.68
27.4666666666667,69.41,58.9
27.4833333333333,70.86,58.64
27.5,69.83,59.08
27.5166666666667,70.31,58.76
27.5333333333333,70.2,59.39
27.55,70.11,59.79
27.5666666666667,69.75,59.94
27.5833333333333,69.86,60.19
27.6,69.36,60.14
27.6166666666667,69.63,60.35
27.6333333333333,69.52,60.85
27.65,69.15,60.91
27.6666666666667,69.87,61.75
27.6833333333333,69.83,61.22
27.7,69.86,62.26
27.7166666666667,69.24,61.7
27.7333333333333,69.27,61.69
27.75,68.86,62.23
27.7666666666667,69.79,63.06
27.8,69.78,62.18
27.8166666666667,69.44,63.14
27.8333333333333,69.48,63.68
27.85,69.16,63.74
27.8666666666667,69.33,64.46
27.8833333333333,69.71,64.45
27.9,68.78,64.38
27.9166666666667,70.34,65.07
27.9333333333333,69.76,65.19
27.95,69.64,65.78
27.9666666666667,70.03,66.59
27.9833333333333,69.52,66.1
28,69.38,66.56
28.0166666666667,68.85,67.11
28.0333333333333,69.47,67.26
28.05,69.97,67.76
28.0666666666667,69.2,67.98
28.0833333333333,69.66,67.97
28.1,68.96,68.65
28.1166666666667,69.62,69.62
28.1333333333333,69.22,69.4
28.15,69.51,69.62
28.1666666666667,69.38,70.07
28.1833333333333,69.24,70.45
28.2,69.41,69.69
28.2166666666667,69.15,70.82
28.2333333333333,69.39,71.19
28.25,69.46,71.61
28.2666666666667,69.42,71.34
28.2833333333333,69.31,72.01
28.3,69.47,72.04
28.3166666666667,69.48,71.9
28.3333333333333,69.36,72.71
28.35,69.51,72.01
28.3666666666667,69.45,72
28.3833333333333,69.28,72.1
28.4,69.44,71.78
28.4166666666667,69.36,71.59
28.4333333333333,69.28,71.89
28.45,69.48,71.92
28.4666666666667,69.49,71.43
28.4833333333333,69.73,70.91
28.5,69.37,71.55
28.5166666666667,69.26,71.26
28.5333333333333,69.64,70.79
28.55,69.32,70.89
28.5666666666667,69.3,70.74
28.5833333333333,68.52,70.4
28.6,69.57,70.08
28.6166666666667,69.28,70.46
28.65,69.52,70.06
28.6666666666667,69.65,69.52
28.6833333333333,69.37,69.74
28.7,69.42,69.81
28.7166666666667,68.74,69.84
28.7333333333333,69.53,69.17
28.75,69.53,69.29
28.7666666666667,69.72,68.17
28.7833333333333,69.77,68.61
28.8,69.2,69.13
28.8166666666667,69.82,68.66
28.8333333333333,69.6,68.66
28.85,69.79,68.93
28.8666666666667,69,69.44
28.8833333333333,69.88,69.15
28.9,69.39,69.5
28.9166666666667,68.85,70.72
28.9333333333333,69.58,69.59
28.95,69.55,70.45
28.9666666666667,69.68,70.06
28.9833333333333,68.94,70.15
29,69.82,70.85
29.0166666666667,69.51,70.56
29.0333333333333,69.57,71.18
29.05,69.43,70.85
29.0666666666667,69.76,71.47
29.0833333333333,69.6,71.26
29.1,69.77,71.23
29.1166666666667,69.62,71.28
29.1333333333333,69.49,71.07
29.15,69.49,70.72
29.1666666666667,69.64,71.25
29.1833333333333,69.62,70.9
29.2,69.7,70.91
29.2166666666667,69.5,70.63
29.2333333333333,69.79,70.68
29.25,69.42,70.65
29.2666666666667,69.59,70.54
29.2833333333333,69.83,70.33
29.3,69.63,70.11
29.3166666666667,69.9,70.05
29.3333333333333,70.16,69.75
29.35,69.63,68.65
29.3666666666667,69.83,69.63
29.3833333333333,69.56,69.39
29.4,69.34,69.48
29.4166666666667,69.76,70.31
29.4333333333333,69.94,68.92
29.45,69.62,69.21
29.4666666666667,70.1,69.08
29.5,69.64,68.13
29.5166666666667,69.72,69.14
29.5333333333333,69.43,69.3
29.55,69.94,68.08
29.5666666666667,69.6,69.34
29.5833333333333,69.06,69.47
29.6,69.86,68.86
29.6166666666667,70.24,69.46
29.6333333333333,69.78,69.57
29.65,69.33,69.71
29.6666666666667,69.87,69.84
29.6833333333333,69.95,69.85
29.7,69.83,70.44
29.7166666666667,69.61,70.88
29.7333333333333,69.77,70.8
29.75,69.55,70.89
29.7666666666667,70.06,71.03
29.7833333333333,70.14,70.91
29.8,69.63,71.05
29.8166666666667,70.35,70.87
29.8333333333333,69.45,71.23
29.85,70.08,71.03
29.8666666666667,69.76,70.54
29.8833333333333,69.65,70.93
29.9,69.74,70.79
29.9166666666667,69.44,70.93
29.9333333333333,70.05,70.54
29.95,69.69,70.44
29.9666666666667,69.91,70.62
29.9833333333333,69.58,70.29
30,69.52,70.41
30.0166666666667,69.62,70.15
30.0333333333333,70.01,70.12
30.05,69.61,69.51
30.0666666666667,69.47,69.41
30.0833333333333,69.75,69.29
30.1,69.73,69.47
30.1166666666667,69.92,69.34
30.1333333333333,70.07,69.18
30.15,70.02,68.86
30.1666666666667,69.98,68.69
30.1833333333333,69.87,67.7
30.2,70.07,68.76
30.2166666666667,68.3,68.96
30.2333333333333,69.74,68.72
30.25,70.77,69.1
30.2666666666667,70.04,68.91
30.2833333333333,70.03,69.35
30.3,69.87,69.11
30.3166666666667,69.3,70.39
30.35,69.91,69.75
30.3666666666667,69.5,69.67
30.3833333333333,69.58,69.86
30.4,70.36,69.53
30.4166666666667,70.1,68.93
30.4333333333333,69.76,69.61
30.45,69.64,69.96
30.4666666666667,69.97,69.48
30.4833333333333,70.24,69.38
30.5,70.43,69.89
30.5166666666667,69.43,69.58
30.5333333333333,70.13,69.72
30.55,69.88,69.75
30.5666666666667,70.07,69.73
30.5833333333333,70.11,69.8
30.6,69.89,69.8
30.6166666666667,70.31,70.02
30.6333333333333,70.12,69.66
30.65,70.07,70.04
30.6666666666667,70.54,69.84
30.6833333333333,70.4,69.76
30.7,70.04,69.48
30.7166666666667,70.09,69.8
30.7333333333333,70.09,69.59
30.75,69.99,69.4
30.7666666666667,70.24,69.8
30.7833333333333,69.92,69.4
30.8,70.12,69.21
30.8166666666667,70.22,68.91
30.8333333333333,70.13,68.89
30.85,69.84,68.66
30.8666666666667,69.98,69
30.8833333333333,70.13,68.47
30.9,70.04,68.36
30.9166666666667,70.03,68.36
30.9333333333333,70.04,68.04
30.95,70.11,68.09
30.9666666666667,70.44,67.96
30.9833333333333,70.09,67.43
31,69.96,67.96
31.0166666666667,69.99,67.74
31.0333333333333,70.11,67.69
31.05,70.36,67.56
31.0666666666667,70.11,67.33
31.0833333333333,70.33,67.08
31.1,70.27,66.94
31.1166666666667,70.18,66.59
31.1333333333333,70.32,66.89
31.15,70.23,66.52
31.1666666666667,69.87,67.04
31.2,70.44,66.28
31.2166666666667,70.24,66.21
31.2333333333333,69.99,65.99
31.25,69.68,66.11
31.2666666666667,70.22,66.08
31.2833333333333,70.17,65.76
31.3,70.44,65.69
31.3166666666667,70.35,65.44
31.3333333333333,70.55,65.57
31.35,70.42,65.24
31.3666666666667,70.15,65.28
31.3833333333333,70.31,64.96
31.4,70.37,64.95
31.4166666666667,70.37,64.8
31.4333333333333,70.47,64.87
31.45,70.45,65.13
31.4666666666667,70.18,64.66
31.4833333333333,69.89,64.72
31.5,70.83,64.43
31.5166666666667,70.48,64.16
31.5333333333333,70.29,64.03
31.55,70.63,64.07
31.5666666666667,69.62,63.79
31.5833333333333,70.48,63.61
31.6,70.9,64.09
31.6166666666667,70.41,63.98
31.6333333333333,70.21,63.42
31.65,70.08,63.37
31.6666666666667,70.63,63.49
31.6833333333333,70.08,63.23
31.7,70.05,63.27
31.7166666666667,70.65,63.04
31.7333333333333,70.11,63.34
31.75,70.14,62.66
31.7666666666667,70.19,62.56
31.7833333333333,70.14,62.49
31.8,70.18,62.38
31.8166666666667,70.27,62.85
31.8333333333333,70.3,62.6
31.85,70.26,62.25
31.8666666666667,70.28,62.42
31.8833333333333,70.32,61.64
31.9,70.41,61.95
31.9166666666667,70.18,61.75
31.9333333333333,70.6,61.74
31.95,70.31,61.9
31.9666666666667,70.45,61.79
31.9833333333333,70.48,61.82
32,70.44,61.48
32.0166666666667,70.48,61.42
32.05,70.23,61.38
32.0666666666667,70.2,61.37
32.0833333333333,70.24,61.06
32.1,70.34,61.02
32.1166666666667,70.4,61.2
32.1333333333333,70.12,61.11
32.15,70.21,61.47
32.1666666666667,70.41,60.98
32.1833333333333,70.58,60.86
32.2,70.25,60.7
32.2166666666667,70.22,60.8
32.2333333333333,70.33,60.72
32.25,70.01,60.54
32.2666666666667,70.67,60.37
32.2833333333333,70.05,60.22
32.3,70.39,59.97
32.3166666666667,70.25,60.03
32.3333333333333,69.9,59.87
32.35,70.26,60.29
32.3666666666667,70.13,60.55
32.3833333333333,70.13,59.96
32.4,70.19,60.43
32.4166666666667,70.41,59.92
32.4333333333333,70.09,59.91
32.45,69.72,60.24
32.4666666666667,70.15,59.93
32.4833333333333,70.41,59.91
32.5,70.03,59.54
32.5166666666667,70.5,59.3
32.5333333333333,70.34,59.36
32.55,70.16,59.42
32.5666666666667,70.22,59.01
32.5833333333333,70.15,59.09
32.6,69.91,59.57
32.6166666666667,70.47,59.2
32.6333333333333,70.22,59.05
32.65,70.16,59.44
32.6666666666667,69.79,58.95
32.6833333333333,70.16,59.24
32.7,70.02,59.13
32.7166666666667,69.88,58.95
32.7333333333333,70.08,59.15
32.75,69.17,59.14
32.7666666666667,70.21,59.28
32.7833333333333,69.89,58.99
32.8,70.31,59.06
32.8166666666667,70.01,59.18
32.8333333333333,70.03,59.23
32.85,70.1,59.28
32.8666666666667,70.56,59.19
32.9,69.88,59.16
32.9166666666667,70.05,58.95
32.9333333333333,70.2,58.99
32.95,70,58.82
32.9666666666667,70.12,59.19
32.9833333333333,70.03,59.42
33,70.62,60.2
33.0166666666667,69.86,59.33
33.0333333333333,70.05,60.02
33.05,70.44,59.61
33.0666666666667,67.92,59.53
33.0833333333333,70.55,59.82
33.1,69.84,59.79
33.1166666666667,69.1,59.75
33.1333333333333,70.41,60.26
33.15,69.86,60.06
33.1666666666667,70.05,60.1
33.1833333333333,69.86,60.27
33.2,70.5,60.51
33.2166666666667,69.99,59.99
33.2333333333333,69.99,60.47
33.25,69.41,61.11
33.2666666666667,69.98,60.86
33.2833333333333,69.72,60.85
33.3,69.62,60.8
33.3166666666667,69.95,61.13
33.3333333333333,69.12,61.47
33.35,70.02,61.64
33.3666666666667,70.05,61.69
33.3833333333333,69.81,61.24
33.4,70.02,61.9
33.4166666666667,69.42,62.01
33.4333333333333,70.38,62.35
33.45,69.9,62.43
33.4666666666667,69.72,62.73
33.4833333333333,69.58,63.24
33.5,69.47,63.58
33.5166666666667,70.02,63.38
33.5333333333333,68.58,62.98
33.55,69.7,63.71
33.5666666666667,69.47,63.83
33.5833333333333,69.37,64.63
33.6,70.12,62.99
33.6166666666667,69.53,64.45
33.6333333333333,69.77,63.96
33.65,70.14,64.97
33.6666666666667,69.87,64.54
33.6833333333333,70.32,65.9
33.7,69.68,66.39
33.7166666666667,68.96,66.66
33.75,69.68,66.8
33.7666666666667,69.35,66.96
33.7833333333333,69.44,67.48
33.8,69.4,67.61
33.8166666666667,68.76,68.11
33.8333333333333,70.05,68.61
33.85,70.29,68.62
33.8666666666667,69.52,69.78
33.8833333333333,69.7,69.4
33.9,69.22,69.53
33.9166666666667,69.16,69.96
33.9333333333333,69.77,70.62
33.95,69.41,70.63
33.9666666666667,69.64,70.97
33.9833333333333,70.1,71.05
34,69.95,71.51
34.0166666666667,69.79,71.4
34.0333333333333,69.41,71.55
34.05,69.68,71.79
34.0666666666667,69.53,71.85
34.0833333333333,69.44,72.16
34.1,69.76,72.15
34.1166666666667,69.58,71.84
34.1333333333333,69.57,71.87
34.15,69.43,71.8
34.1666666666667,69.36,71.89
34.1833333333333,69.59,71.54
34.2,69.44,71.62
34.2166666666667,69.53,71.35
34.2333333333333,69.59,71.76
34.25,69.41,71.4
34.2666666666667,69.77,70.98
34.2833333333333,69.38,70.81
34.3,69.71,70.96
34.3166666666667,69,70.78
34.3333333333333,69.81,70.11
34.35,69.49,70.24
34.3666666666667,69.66,69.94
34.3833333333333,69.54,69.85
34.4,70.07,68.84
34.4166666666667,69.36,69.37
34.4333333333333,69.79,69.22
34.45,69.65,69.17
34.4666666666667,69.77,69.61
34.4833333333333,68.87,69.73
34.5,70.94,68.81
34.5166666666667,69.47,68.89
34.5333333333333,69.42,69.31
34.55,69.79,69.2
34.5666666666667,69.29,69.17
34.6,69.87,69.32
34.6166666666667,69.24,70.07
34.6333333333333,69.59,67.49
34.65,69.39,69.84
34.6666666666667,69.85,69.44
34.6833333333333,69.64,70.5
34.7,69.5,70.6
34.7166666666667,69.65,70.17
34.7333333333333,69.5,70.53
34.75,69.45,70.77
34.7666666666667,69.48,71.18
34.7833333333333,69.45,71.27
34.8,69.45,71.06
34.8166666666667,69.23,70.38
34.8333333333333,69.69,71.43
34.85,69.59,70.89
34.8666666666667,69.74,71.09
34.8833333333333,69.68,71.87
34.9,69.76,71.12
34.9166666666667,69.85,70.83
34.9333333333333,69.77,71.22
34.95,69.63,70.71
34.9666666666667,69.55,70.75
34.9833333333333,69.85,70.65
35,69.6,70.59
35.0166666666667,69.55,70.64
35.0333333333333,69.79,70.63
35.05,69.48,70.06
35.0666666666667,69.72,70.11
35.0833333333333,69.67,69.72
35.1,68.89,69.65
35.1166666666667,69.86,69.3
35.1333333333333,69.9,69.35
35.15,70.59,69.51
35.1666666666667,69.28,68.74
35.1833333333333,69.74,70.15
35.2,68.83,68.98
35.2166666666667,70.08,68.3
35.2333333333333,68.94,68.24
35.25,69.67,68.69
35.2666666666667,68.69,67.83
35.2833333333333,69.66,68.17
35.3,69.28,68.29
35.3166666666667,70.19,69.2
35.3333333333333,70.42,69.05
35.35,70.17,69.28
35.3666666666667,69.89,69.64
35.3833333333333,70.09,69.98
35.4,70.18,69.98
35.4166666666667,69.38,70.3
35.45,69.97,70.29
35.4666666666667,69.89,70.47
35.4833333333333,70,70.26
35.5,69.73,70.79
35.5166666666667,69.93,70.5
35.5333333333333,69.69,70.84
35.55,69.73,70.54
35.5666666666667,69.53,70.66
35.5833333333333,70.06,71.16
35.6,69.13,70.65
35.6166666666667,70.07,70.72
35.6333333333333,69.85,70.64
35.65,70.01,70.29
35.6666666666667,69.99,70.58
35.6833333333333,69.81,70.36
35.7,69.85,70.44
35.7166666666667,69.86,70.08
35.7333333333333,69.38,70.04
35.75,69.94,69.95
35.7666666666667,69.7,69.79
35.7833333333333,69.85,69.73
35.8,69.68,69.5
35.8166666666667,69.6,68.9
35.8333333333333,70.01,69.75
35.85,70.05,69.23
35.8666666666667,70.13,69.44
35.8833333333333,69.98,69.44
35.9,70.09,69.14
35.9166666666667,69.87,69.01
35.9333333333333,70.08,69.02
35.95,69.94,68.31
35.9666666666667,69.94,68.72
35.9833333333333,70.11,69.44
36,70.59,68.94
36.0166666666667,68.83,68.96
36.0333333333333,71.08,70.25
36.05,70.01,68.86
36.0666666666667,69.84,69.15
36.0833333333333,70.08,68.7
36.1,70.1,68.5
36.1166666666667,69.89,68.78
36.1333333333333,70.27,68.33
36.15,70.15,68.66
36.1666666666667,70.02,68.73
36.1833333333333,69.92,68.5
36.2,69.98,68.68
36.2166666666667,69.88,68.68
36.2333333333333,70.12,68.64
36.25,69.85,68.23
36.2666666666667,70.16,68.28
36.3,70.16,68.44
36.3166666666667,70.24,68.12
36.3333333333333,70.24,67.97
36.35,70.25,68.32
36.3666666666667,70.43,68.19
36.3833333333333,70.01,68.35
36.4,70.78,67.87
36.4166666666667,70.59,68.02
36.4333333333333,70.14,68.15
36.45,70.47,68.03
36.4666666666667,68.81,66.84
36.4833333333333,70.09,67.15
36.5,70.01,67.4
36.5166666666667,69.98,67.52
36.5333333333333,70.05,67.42
36.55,70.03,67.12
36.5666666666667,70.1,67.24
36.5833333333333,70.3,66.79
36.6,71.09,67.3
36.6166666666667,69.97,66.48
36.6333333333333,70.2,66.85
36.65,70.13,66.5
36.6666666666667,70.16,65.93
36.6833333333333,70.13,66.45
36.7,70.23,66.09
36.7166666666667,70.71,65.86
36.7333333333333,70.11,66.39
36.75,70.52,65.74
36.7666666666667,70.72,65.8
36.7833333333333,70.07,65.83
36.8,70.19,65.76
36.8166666666667,70.15,65.64
36.8333333333333,70.3,65.33
36.85,70.05,65.51
36.8666666666667,70.18,64.81
36.8833333333333,69.79,65.58
36.9,70.44,65.06
36.9166666666667,70.26,64.28
36.9333333333333,69.75,64.25
36.95,70.27,64.62
36.9666666666667,70.32,64.92
36.9833333333333,70.16,64.43
37,70.32,64.62
37.0166666666667,70.32,64.45
37.0333333333333,70.18,64.68
37.05,70.45,64.4
37.0666666666667,70.73,64.2
37.0833333333333,70.43,63.97
37.1,68.74,64.01
37.1166666666667,70.2,63.98
37.15,70.29,63.82
37.1666666666667,70.2,63.61
37.1833333333333,70.25,63.51
37.2,69.98,63.72
37.2166666666667,70.4,63.14
37.2333333333333,70.03,63.33
37.25,70.26,63.31
37.2666666666667,70.33,63.3
37.2833333333333,70.07,62.99
37.3,70.43,62.71
37.3166666666667,70.17,63.19
37.3333333333333,70.06,62.48
37.35,70.31,62.26
37.3666666666667,70.58,62.52
37.3833333333333,70.22,62.71
37.4,70.47,63.05
37.4166666666667,69.79,62.31
37.4333333333333,70.01,62.23
37.45,70.14,62.25
37.4666666666667,70.32,61.73
37.4833333333333,70.15,62.34
37.5,70.5,61.91
37.5166666666667,70.26,61.93
37.5333333333333,69.78,61.69
37.55,70.42,61.25
37.5666666666667,70,61.61
37.5833333333333,70.38,61.16
37.6,70.25,61.47
37.6166666666667,70.29,61.35
37.6333333333333,69.97,61.4
37.65,70.24,60.67
37.6666666666667,69.87,61.52
37.6833333333333,70.19,61.33
37.7,70.32,61.2
37.7166666666667,70.21,61.11
37.7333333333333,69.83,60.87
37.75,70.07,61.17
37.7666666666667,70.3,61.55
37.7833333333333,70.2,60.58
37.8,68.67,60.7
37.8166666666667,69.93,60.86
37.8333333333333,70.03,60.5
37.85,70.17,60.55
37.8666666666667,70.34,60.44
37.8833333333333,69.77,60.43
37.9,70.39,60.93
37.9166666666667,70.09,60.57
37.9333333333333,69.97,60.2
37.95,69.89,60.47
37.9666666666667,69.81,60.15
38,70.34,60.33
38.0166666666667,69.72,60.42
38.0333333333333,70.62,60.18
38.05,69.98,60.15
38.0666666666667,69.6,60.14
38.0833333333333,70.1,60.49
38.1,70.45,60.44
38.1166666666667,70.02,60.45
38.1333333333333,69.73,60.32
38.15,69.97,59.94
38.1666666666667,70.21,60.06
38.1833333333333,70.51,60.47
38.2,70.06,60.1
38.2166666666667,68.89,60.07
38.2333333333333,70.12,60.41
38.25,69.77,60.12
38.2666666666667,70.02,60
38.2833333333333,69.37,60.24
38.3,69.78,60.4
38.3166666666667,69.49,60.27
38.3333333333333,70,60.71
38.35,70.17,60.25
38.3666666666667,69.64,60.66
38.3833333333333,69.88,60.41
38.4,70.07,60.41
38.4166666666667,70.11,60.77
38.4333333333333,69.82,60.65
38.45,69.82,60.82
38.4666666666667,69.64,60.14
38.4833333333333,70.09,60.9
38.5,69.63,60.81
38.5166666666667,69.93,61.06
38.5333333333333,70.03,61.24
38.55,69.77,61.16
38.5666666666667,69.77,61.22
38.5833333333333,69.79,61.25
38.6,69.87,61.53
38.6166666666667,69.82,61.46
38.6333333333333,69.53,60.8
38.65,69.57,62.26
38.6666666666667,70.09,62.58
38.6833333333333,69.77,62.41
38.7,69.81,62.21
38.7166666666667,69.41,63.55
38.7333333333333,69.57,62.63
38.75,69.67,62.15
38.7666666666667,69.96,63.51
38.7833333333333,69.63,63
38.8,69.43,63.54
38.8166666666667,69.54,64.03
38.85,69.26,63.95
38.8666666666667,69.97,64.31
38.8833333333333,69.83,64.21
38.9,69.33,64.49
38.9166666666667,69.9,64.81
38.9333333333333,69.7,65.08
38.95,69.75,65.27
38.9666666666667,68.87,66.08
38.9833333333333,69.77,65.33
39,69.72,65.88
39.0166666666667,70.36,66.23
39.0333333333333,69.81,66.76
39.05,69.73,66.71
39.0666666666667,69.88,67.5
39.0833333333333,69.54,67.28
39.1,68.88,67.79
39.1166666666667,69.75,68.47
39.1333333333333,70.43,68.67
39.15,69.51,68.86
39.1666666666667,69.55,69.13
39.1833333333333,70.27,68.95
39.2,69.54,69.54
39.2166666666667,69.62,70.1
39.2333333333333,69.89,70.15
39.25,69.98,70.43
39.2666666666667,69.51,70.51
39.2833333333333,69.79,71.01
39.3,69.65,71.35
39.3166666666667,69.63,71.25
39.3333333333333,69.63,71.47
39.35,69.49,71.72
39.3666666666667,69.7,71.92
39.3833333333333,69.74,71.7
39.4,69.38,71.47
39.4166666666667,69.52,72.06
39.4333333333333,69.42,71.37
39.45,69.99,71.61
39.4666666666667,69.48,71.37
39.4833333333333,69.45,71.67
39.5,69.15,71.15
39.5166666666667,69.27,71.25
39.5333333333333,69.66,71.01
39.55,69.79,71.07
39.5666666666667,69.36,70.76
39.5833333333333,69.8,70.85
39.6,69.7,70.52
39.6166666666667,69.69,70.48
39.6333333333333,69.32,70.07
39.65,69.18,70.17
39.6666666666667,69.71,69.72
39.7,69.98,69.1
39.7166666666667,69.41,69.52
39.7333333333333,69.61,69.71
39.75,69.03,69
39.7666666666667,68.51,69.1
39.7833333333333,69.72,69.34
39.8,69.41,69.19
39.8166666666667,69.44,68.82
39.8333333333333,69.68,69.21
39.85,69.34,69.06
39.8666666666667,69.68,68.74
39.8833333333333,69.66,69.66
39.9,70.58,69.1
39.9166666666667,69.75,68.77
39.9333333333333,69.68,69.44
39.95,69.22,69.58
39.9666666666667,69.48,69.73
39.9833333333333,69.43,69.96
40,69.67,70.35
40.0166666666667,70.04,70.55
40.0333333333333,69.37,70.83
40.05,69.85,71.03
40.0666666666667,69.87,71.24
40.0833333333333,69.48,71
40.1,69.45,72.15
40.1166666666667,70.04,71.19
40.1333333333333,69.7,71.25
40.15,69.85,71.46
40.1666666666667,69.93,71.33
40.1833333333333,69.83,71.35
40.2,70.03,71.45
40.2166666666667,70.21,71.21
40.2333333333333,69.65,70.59
40.25,70.18,70.78
40.2666666666667,69.63,70.41
40.2833333333333,69.81,70.44
40.3,70.05,70.55
40.3166666666667,69.48,70.31
40.3333333333333,69.66,70.05
40.35,69.89,69.88
40.3666666666667,69.56,69.76
40.3833333333333,71.37,69.64
40.4,70.29,69.57
40.4166666666667,69.51,69.85
40.4333333333333,69.74,69.72
40.45,70.48,68.84
40.4666666666667,69.43,68.68
40.4833333333333,69.56,69.03
40.5,69.97,68.81
40.5166666666667,69.8,68.6
40.55,69.75,68.67
40.5666666666667,70.05,69.25
40.5833333333333,69.73,69.03
40.6,69.88,68.97
40.6166666666667,69.15,68.79
40.6333333333333,69.71,69.19
40.65,70.05,69.26
40.6666666666667,69.72,69.57
40.6833333333333,70.3,69.75
40.7,69.87,69.92
40.7166666666667,70.2,70.02
40.7333333333333,69.69,70.21
40.75,69.86,70.42
40.7666666666667,70.05,70.38
40.7833333333333,70.25,70.27
40.8,69.77,70.68
40.8166666666667,70.06,70.55
40.8333333333333,69.85,69.6
40.85,70.03,70.97
40.8666666666667,70.04,70.78
40.8833333333333,69.9,70.63
40.9,70.06,70.77
40.9166666666667,69.97,70.81
40.9333333333333,69.91,70.54
40.95,70.05,70.46
40.9666666666667,70.07,70.51
40.9833333333333,69.88,70.5
41,69.85,70.09
41.0166666666667,69.71,69.95
41.0333333333333,70.29,69.75
41.05,70.16,69.61
41.0666666666667,69.8,69.64
41.0833333333333,70.35,68.06
41.1,69.5,69.29
41.1166666666667,70.27,69.75
41.1333333333333,70.3,68.97
41.15,70.07,68.68
41.1666666666667,70.36,68.72
41.1833333333333,69.74,69.04
41.2,69.93,68.98
41.2166666666667,69.76,68.37
41.2333333333333,69.99,68.35
41.25,69.86,68.3
41.2666666666667,69.84,68.4
41.2833333333333,70.28,68.61
41.3,70.49,68.35
41.3166666666667,70.13,68.11
41.3333333333333,70.14,68.28
41.35,70.2,68.29
41.3666666666667,70.09,68.23
41.4,70.19,68.4
41.4166666666667,70.28,68.36
41.4333333333333,70.2,68.18
41.45,69.9,68.13
41.4666666666667,70.07,67.88
41.4833333333333,69.68,67.7
41.5,70.28,67.83
41.5166666666667,69.75,67.56
41.5333333333333,70.31,67.6
41.55,69.37,67.44
41.5666666666667,70.08,67.6
41.5833333333333,70.07,67.74
41.6,69.77,67.61
41.6166666666667,70.22,67.78
41.6333333333333,70.26,67.17
41.65,70,67.2
41.6666666666667,70.26,67.15
41.6833333333333,70.17,67.27
41.7,70.25,67.03
41.7166666666667,70.01,67.2
41.7333333333333,70.2,66.47
41.75,69.85,66.9
41.7666666666667,69.79,66.59
41.7833333333333,70.04,66.64
41.8,70.3,66.32
41.8166666666667,70.13,66.36
41.8333333333333,70.14,66.74
41.85,69.86,66.7
41.8666666666667,70.32,65.95
41.8833333333333,70.41,66.13
41.9,70.24,65.75
41.9166666666667,70.28,65.65
41.9333333333333,70.24,65.68
41.95,69.67,65.75
41.9666666666667,69.66,65.88
41.9833333333333,70.26,65.26
42,70.67,65.12
42.0166666666667,69.8,65.35
42.0333333333333,70.44,64.8
42.05,70,65.04
42.0666666666667,70.06,64.79
42.0833333333333,70.36,64.8
42.1,70.09,64.43
42.1166666666667,70.23,64.42
42.1333333333333,69.89,64.67
42.15,70.22,64.35
42.1666666666667,70.44,64.38
42.1833333333333,70.65,64.14
42.2,70.03,63.91
42.2166666666667,70.57,64.28
42.25,70.26,63.97
42.2666666666667,70.11,63.87
42.2833333333333,70.42,63.77
42.3,70.37,63.67
42.3166666666667,70.13,63.29
42.3333333333333,70.16,63.2
42.35,70.23,63.48
42.3666666666667,70.12,63.04
42.3833333333333,70.31,63.06
42.4,70.12,63.02
42.4166666666667,70.18,63.1
42.4333333333333,70.44,62.96
42.45,70.28,62.87
42.4666666666667,70.12,62.74
42.4833333333333,69.38,62.64
42.5,70.56,62.44
42.5166666666667,70.15,62.52
42.5333333333333,70.19,62.34
42.55,70.12,62.41
42.5666666666667,70.23,62.5
42.5833333333333,70.05,62.24
42.6,70.14,62.16
42.6166666666667,70.21,62.18
42.6333333333333,70.45,61.77
42.65,70.08,61.88
42.6666666666667,70.58,61.94
42.6833333333333,70.49,62.04
42.7,70.02,62.02
42.7166666666667,70.08,61.92
42.7333333333333,69.62,61.66
42.75,70.41,61.3
42.7666666666667,70.35,61.51
42.7833333333333,70.31,61.66
42.8,70.42,61.23
42.8166666666667,70.38,61.64
42.8333333333333,70.2,61.75
42.85,69.99,61.1
42.8666666666667,70.83,60.22
42.8833333333333,70.07,61.55
42.9,69.98,61.2
42.9166666666667,70.47,60.97
42.9333333333333,70.43,61.38
42.95,70.45,60.98
42.9666666666667,70.16,61.11
42.9833333333333,70.2,61.29
43,69.96,60.87
43.0166666666667,70.33,61.21
43.0333333333333,70.14,60.9
43.05,69.49,61.13
43.0666666666667,70.1,60.76
43.1,69.97,61.31
43.1166666666667,69.7,60.87
43.1333333333333,70.16,61.08
43.15,69.84,60.82
43.1666666666667,69.87,60.92
43.1833333333333,70.13,61.17
43.2,70.06,60.9
43.2166666666667,69.71,61.01
43.2333333333333,70.2,61.05
43.25,70.18,61.28
43.2666666666667,70.1,61.03
43.2833333333333,70.02,60.95
43.3,69.56,61.3
43.3166666666667,69.95,61.04
43.3333333333333,69.28,61.17
43.35,70.16,61.15
43.3666666666667,70.28,61.03
43.3833333333333,70.02,61.16
43.4,70.17,61.5
43.4166666666667,69.82,61.19
43.4333333333333,70.1,61.37
43.45,69.79,61.4
43.4666666666667,69.83,61.01
43.4833333333333,69.97,61.46
43.5,70.07,61.39
43.5166666666667,70.01,61.32
43.5333333333333,69.42,61.56
43.55,70.16,61.53
43.5666666666667,70.23,61.35
43.5833333333333,68.72,61.69
43.6,70.07,61.67
43.6166666666667,70.57,61.97
43.6333333333333,70,61.96
43.65,70.62,62.08
43.6666666666667,69.94,62.45
43.6833333333333,70.01,62.75
43.7,69.66,63.18
43.7166666666667,70.34,62.52
43.7333333333333,69.86,63.18
43.75,70.17,62.92
43.7666666666667,69.7,63.23
43.7833333333333,69.1,63.41
43.8,69.77,63.72
43.8166666666667,70.52,63.48
43.8333333333333,69.82,64.47
43.85,69.72,63.9
43.8666666666667,69.54,64.29
43.8833333333333,69.86,65.02
43.9,69.5,64.72
43.9166666666667,69.97,65.01
43.95,70.36,64.68
43.9666666666667,69.38,64.27
43.9833333333333,69.44,65.66
44,69.87,65.74
44.0166666666667,69.9,66.75
44.0333333333333,69.64,66.39
44.05,69.39,66.67
44.0666666666667,69.68,66.9
44.0833333333333,69.62,68.23
44.1,70.45,67.38
44.1166666666667,69.52,67.97
44.1333333333333,69.45,68.29
44.15,69.81,68.69
44.1666666666667,69.4,68.49
44.1833333333333,69.83,68.7
44.2,70.07,69.21
44.2166666666667,69.65,69.88
44.2333333333333,69.69,69.98
44.25,69.54,69.94
44.2666666666667,69.64,70.55
44.2833333333333,69.69,70.51
44.3,69.46,70.96
44.3166666666667,69.62,70.95
44.3333333333333,69.46,70.93
44.35,69.02,71.64
44.3666666666667,69.92,71.41
44.3833333333333,69.41,71.8
44.4,69.75,71.69
44.4166666666667,69.46,71.31
44.4333333333333,69.43,71.84
44.45,69.63,71.53
44.4666666666667,69.52,72
44.4833333333333,69.61,71.65
44.5,69.71,71.63
44.5166666666667,69.97,71.51
44.5333333333333,69.45,71.25
44.55,69.25,71.39
44.5666666666667,69.25,71.17
44.5833333333333,69.64,70.86
44.6,69.35,70.98
44.6166666666667,69.3,69.88
44.6333333333333,70.42,70.39
44.65,69.42,70.82
44.6666666666667,69.63,69.82
44.6833333333333,69.58,70.21
44.7,69.42,70.16
44.7166666666667,69.86,69.95
44.7333333333333,69.45,69.45
44.75,69.22,69.75
44.7666666666667,69.3,69.25
44.8,69.74,69.06
44.8166666666667,69.72,69.39
44.8333333333333,69.76,69.05
44.85,69.97,68.34
44.8666666666667,69.57,67.57
44.8833333333333,69.34,68.18
44.9,69.89,68.71
44.9166666666667,69.43,68.98
44.9333333333333,69.48,69.26
44.95,69.3,69.23
44.9666666666667,69.85,69.65
44.9833333333333,69.25,69.8
45,69.63,69.68
45.0166666666667,69.52,70.12
45.0333333333333,69.34,70.36
45.05,69.7,70.25
45.0666666666667,70.03,71.38
45.0833333333333,69.68,71.45
45.1,69.7,70.83
45.1166666666667,69.39,70.83
45.1333333333333,69.35,71.02
45.15,69.8,70.77
45.1666666666667,70.19,70.95
45.1833333333333,69.71,71.29
45.2,69.96,71.57
45.2166666666667,69.77,71.32
45.2333333333333,69.65,70.98
45.25,69.96,71.02
45.2666666666667,69.8,70.99
45.2833333333333,69.49,71.11
45.3,69.85,71.08
45.3166666666667,70.01,70.89
45.3333333333333,69.86,70.07
45.35,69.35,70.32
45.3666666666667,69.81,70.25
45.3833333333333,69.64,70.07
45.4,69.62,69.82
45.4166666666667,69.91,70.11
45.4333333333333,69.78,69.21
45.45,70.16,69.71
45.4666666666667,70.03,70.52
45.4833333333333,69.7,68.41
45.5,69.58,69.03
45.5166666666667,69.79,69.17
45.5333333333333,69.74,68.6
45.55,69.61,67.35
45.5666666666667,70.25,69.03
45.5833333333333,69.97,69.55
45.6,69.94,68.72
45.6166666666667,69.71,69.22
45.65,69.68,69.2
45.6666666666667,69.68,68.92
45.6833333333333,69.71,69.38
45.7,69.81,68.65
45.7166666666667,68.96,69.35
45.7333333333333,69.94,69.47
45.75,69.52,69.68
45.7666666666667,70.03,69.81
45.7833333333333,69.41,70.23
45.8,69.68,69.72
45.8166666666667,70.04,69.99
45.8333333333333,69.37,70.41
45.85,69.79,70.46
45.8666666666667,69.7,70.48
45.8833333333333,69.99,70.26
45.9,70.11,70.43
45.9166666666667,70.4,70.37
45.9333333333333,69.92,70.61
45.95,69.49,70.46
45.9666666666667,70.36,70.29
45.9833333333333,69.56,69.74
46,69.69,70.17
46.0166666666667,69.59,70.1
46.0333333333333,69.99,69.47
46.05,69.72,69.69
46.0666666666667,69.81,69.82
46.0833333333333,70.21,69.88
46.1,70.36,69.78
46.1166666666667,70.09,69.47
46.1333333333333,69.39,70.53
46.15,69.88,68.92
46.1666666666667,70.07,68.89
46.1833333333333,69.52,68.99
46.2,70.39,68.91
46.2166666666667,69.53,68.86
46.2333333333333,69.67,69.27
46.25,70.16,68.55
46.2666666666667,70.11,69.04
46.2833333333333,70.11,68.5
46.3,70.34,68.74
46.3166666666667,69.86,68.34
46.3333333333333,69.91,68.82
46.35,70.16,68.87
46.3666666666667,69.98,68.79
46.3833333333333,70.26,68.7
46.4,70.12,68.78
46.4166666666667,69.96,69.27
46.4333333333333,70.19,68.51
46.45,70.1,69.05
46.4666666666667,70.02,68.57
46.5,69.82,68.59
46.5166666666667,69.71,68.83
46.5333333333333,70.24,68.52
46.55,69.93,68.9
46.5666666666667,69.91,69.41
46.5833333333333,69.77,69.02
46.6,70.22,68.68
46.6166666666667,70.03,68.17
46.6333333333333,70.34,68.62
46.65,69.8,68.63
46.6666666666667,69.8,68.55
46.6833333333333,70.45,68.46
46.7,69.03,68.48
46.7166666666667,70.19,68.24
46.7333333333333,69.9,68.57
46.75,70.24,68.32
46.7666666666667,70.14,68.35
46.7833333333333,70.22,68.08
46.8,70.19,68.17
46.8166666666667,70.14,67.25
46.8333333333333,70.27,68
46.85,69.94,67.8
46.8666666666667,70.27,67.1
46.8833333333333,69.58,67.91
46.9,69.92,67.63
46.9166666666667,70.52,66.96
46.9333333333333,69.98,66.89
46.95,70.79,67.37
46.9666666666667,70.35,66.91
46.9833333333333,70.07,66.8
47,70.58,66.83
47.0166666666667,70.04,66.53
47.0333333333333,70.09,66.61
47.05,70.43,66.73
47.0666666666667,70.45,66.44
47.0833333333333,70.58,66.34
47.1,70.43,66.18
47.1166666666667,69.78,66.28
47.1333333333333,70.08,66.28
47.15,70.29,66.31
47.1666666666667,70.19,66.26
47.1833333333333,70.25,66.03
47.2,70.56,66.19
47.2166666666667,70.05,66.08
47.2333333333333,70.55,65.77
47.25,70.23,65.58
47.2666666666667,70.08,65.89
47.2833333333333,70.25,65.74
47.3,69.96,65.64
47.3166666666667,70.1,65.1
47.35,70.22,65.42
47.3666666666667,70.06,65.36
47.3833333333333,70.03,65.27
47.4,70.07,65.15
47.4166666666667,70.58,64.92
47.4333333333333,70.1,65.02
47.45,70.2,64.53
47.4666666666667,70.2,64.74
47.4833333333333,70.62,64.79
47.5,69.63,63.85
47.5166666666667,70.54,64.51
47.5333333333333,70.3,64.77
47.55,70.36,64.35
47.5666666666667,70.05,64.17
47.5833333333333,70.13,64.43
47.6,70.36,64.25
47.6166666666667,70.14,64.23
47.6333333333333,70.43,64.04
47.65,70.03,63.88
47.6666666666667,70.1,63.88
47.6833333333333,70.1,63.62
47.7,70.2,63.64
47.7166666666667,70.26,63.45
47.7333333333333,70.24,63.08
47.75,70.43,63.24
47.7666666666667,70.8,63.33
47.7833333333333,70.57,63.37
47.8,70.66,62.78
47.8166666666667,70.34,62.69
47.8333333333333,70.32,62.95
47.85,69.99,63.26
47.8666666666667,70.19,63.17
47.8833333333333,70.1,62.89
47.9,70.16,62.57
47.9166666666667,70.31,62.25
47.9333333333333,69.78,62.68
47.95,70.2,62.38
47.9666666666667,70.26,62.39
47.9833333333333,70.47,62.24
48,70.48,62.44
48.0166666666667,70.17,62.4
48.0333333333333,70.29,61.73
48.05,70.29,61.72
48.0666666666667,70.43,62.22
48.0833333333333,70.15,61.67
48.1,69.82,62.11
48.1166666666667,70.25,61.68
48.1333333333333,69.88,62.47
48.15,70.72,61.62
48.1666666666667,69.96,61.7
48.2,70.11,61.38
48.2166666666667,70.39,61.48
48.2333333333333,70.65,61.5
48.25,70.02,61.46
48.2666666666667,70.09,61.47
48.2833333333333,70.34,61.1
48.3,69.81,61.35
48.3166666666667,70.25,61.21
48.3333333333333,70.32,61.25
48.35,70.2,61.07
48.3666666666667,70.24,61.18
48.3833333333333,70.29,61.11
48.4,70.43,61.24
48.4166666666667,70.08,61.11
48.4333333333333,70.1,61.24
48.45,70.21,60.96
48.4666666666667,69.99,60.91
48.4833333333333,70.16,60.93
48.5,70.54,61.12
48.5166666666667,70.03,60.31
48.5333333333333,70.12,60.59
48.55,70.03,61
48.5666666666667,70.05,60.8
48.5833333333333,69.97,60.41
48.6,70.19,60.93
48.6166666666667,70.52,61.19
48.6333333333333,70.06,60.74
48.65,69.92,60.6
48.6666666666667,69.78,60.19
48.6833333333333,69.07,60.94
48.7,69.11,60.51
48.7166666666667,69.59,60.89
48.7333333333333,70.09,61.03
48.75,69.96,61.12
48.7666666666667,69.97,61.08
48.7833333333333,69.9,60.97
48.8,70.02,61.42
48.8166666666667,69.45,61.22
48.8333333333333,70.06,61.21
48.85,70.15,61.59
48.8666666666667,69.85,61.45
48.8833333333333,69.97,61.49
48.9,70.44,61.71
48.9166666666667,69.85,61.93
48.9333333333333,69.59,62.07
48.95,69.72,61.87
48.9666666666667,69.96,61.85
48.9833333333333,70.15,61.76
49,69.98,62.31
49.0166666666667,70.33,62.64
49.05,69.93,62.61
49.0666666666667,70.15,62.2
49.0833333333333,69.58,62.37
49.1,69.72,62.49
49.1166666666667,69.86,63.17
49.1333333333333,70.01,63.3
49.15,69.79,63.24
49.1666666666667,70.57,62.68
49.1833333333333,69.76,63.27
49.2,69.92,63.68
49.2166666666667,69.91,63.85
49.2333333333333,69.45,64.74
49.25,69.49,64.33
49.2666666666667,69.68,64.38
49.2833333333333,69.55,64.66
49.3,69.68,65.35
49.3166666666667,69.68,65.57
49.3333333333333,69.98,64.96
49.35,69.73,65.73
49.3666666666667,68.79,66.31
49.3833333333333,69.1,66.16
49.4,69.36,66.58
49.4166666666667,69.74,66.79
49.4333333333333,69.6,67.53
49.45,69.37,67.12
49.4666666666667,69.24,67.64
49.4833333333333,69.54,68.05
49.5,70.2,68.13
49.5166666666667,69.06,68.56
49.5333333333333,69.19,68.63
49.55,69.22,69.68
49.5666666666667,69.54,69.31
49.5833333333333,68.18,69.83
49.6,69.53,69.67
49.6166666666667,69.55,70.05
49.6333333333333,69.8,70.39
49.65,69.5,70.71
49.6666666666667,70.01,71.37
49.6833333333333,70.02,70.98
49.7,69.55,71.07
49.7166666666667,69.69,71.77
49.7333333333333,69.6,71.96
49.75,69.79,71.62
49.7666666666667,69.68,71.59
49.7833333333333,69.6,71.86
49.8,69.86,72
49.8166666666667,69.91,72
49.8333333333333,69.74,71.55
49.85,69.63,71.65
49.8666666666667,69.75,71.48
49.9,69.77,71.34
49.9166666666667,69.45,70.99
49.9333333333333,69.59,70.75
49.95,69.44,70.95
49.9666666666667,69.55,70.81
49.9833333333333,69.57,70.54
50,69.36,70.59
50.0166666666667,69.73,70.34
50.0333333333333,69.6,70.42
50.05,69.64,70.11
50.0666666666667,69.67,69.94
50.0833333333333,69.88,69.53
50.1,69.64,69.36
50.1166666666667,69.4,69.48
50.1333333333333,69.27,69.68
50.15,68,68.52
50.1666666666667,69.84,68.82
50.1833333333333,69.49,69.05
50.2,69.72,68.59
50.2166666666667,69.44,69.02
50.2333333333333,70.05,69.35
50.25,70.68,68.94
50.2666666666667,70.06,68.84
50.2833333333333,69.68,70.16
50.3,68.68,69.45
50.3166666666667,68.69,68.98
50.3333333333333,69.69,69.84
50.35,69.44,70.54
50.3666666666667,69.32,70.34
50.3833333333333,69.39,70.33
50.4,69.34,70.58
50.4166666666667,69.56,70.45
50.4333333333333,69.73,70.64
50.45,69.78,70.92
50.4666666666667,69.92,70.9
50.4833333333333,69.64,71.29
50.5,69.98,70.86
50.5166666666667,69.53,71.32
50.5333333333333,69.65,70.93
50.55,68.92,71.46
50.5666666666667,69.58,71.3
50.5833333333333,69.7,71.17
50.6,69.88,71.04
50.6166666666667,69.49,71.01
50.6333333333333,69.75,70.77
50.65,69.69,70.23
50.6666666666667,69.82,70.44
50.6833333333333,69.22,70.28
50.7,70.62,70.48
50.7166666666667,69.63,70.26
50.75,69.7,69.78
50.7666666666667,69.75,70.33
50.7833333333333,70.18,69.88
50.8,69.74,68.99
50.8166666666667,69.49,70.01
50.8333333333333,69.68,69.2
50.85,69.75,68.78
50.8666666666667,69.63,68.87
50.8833333333333,69.71,68.92
50.9,69.67,69.12
50.9166666666667,70.52,69.1
50.9333333333333,69.67,68.72
50.95,69.11,68.93
50.9666666666667,69.41,69.08
50.9833333333333,69.5,68.97
51,69.82,69.44
51.0166666666667,69.28,69.44
51.0333333333333,70.7,69.76
51.05,70.42,69.72
51.0666666666667,69.55,69.76
51.0833333333333,69.87,69.78
51.1,69.72,70.02
51.1166666666667,69.78,70.7
51.1333333333333,69.38,70.4
51.15,69.95,70.29
51.1666666666667,69.73,70.28
51.1833333333333,69.57,70.68
51.2,70.11,70.47
51.2166666666667,69.74,70.78
51.2333333333333,70.37,70.78
51.25,70.08,70.46
51.2666666666667,69.91,70.67
51.2833333333333,70.22,70.37
51.3,69.67,70.7
51.3166666666667,69.36,70.33
51.3333333333333,70.05,70.6
51.35,69.65,70.31
51.3666666666667,71.42,70.42
51.3833333333333,70.06,69.83
51.4,70.33,69.68
51.4166666666667,70.03,69.73
51.4333333333333,70.29,69.48
51.45,69.81,69.4
51.4666666666667,70.23,69.49
51.4833333333333,70.57,69.3
51.5,70.02,69.17
51.5166666666667,70.02,69.38
51.5333333333333,69.77,68.96
51.55,69.93,69.07
51.5666666666667,69.71,69.2
51.6,69.59,68.93
51.6166666666667,69.76,68.81
51.6333333333333,68.44,68.95
51.65,69.95,68.78
51.6666666666667,70.14,69.22
51.6833333333333,70.23,69.21
51.7,69.85,68.69
51.7166666666667,69.37,68.38
51.7333333333333,69.93,68.81
51.75,69.83,68.74
51.7666666666667,69.99,68.78
51.7833333333333,69.43,68.84
51.8,70.14,68.67
51.8166666666667,69.87,68.62
51.8333333333333,70.36,69
51.85,70.05,68.17
51.8666666666667,70.26,68.89
51.8833333333333,70.16,68.64
51.9,69.8,68.66
51.9166666666667,70.01,69.12
51.9333333333333,69.88,68.35
51.95,69.63,68.39
51.9666666666667,70.01,68.62
51.9833333333333,70.43,68.78
52,70.15,68.56
52.0166666666667,70.29,68.34
52.0333333333333,70.33,68.34
52.05,70.15,68.22
52.0666666666667,70.22,68.51
52.0833333333333,69.75,67.81
52.1,70.47,68.21
52.1166666666667,70.13,68.24
52.1333333333333,70.57,67.73
52.15,69.23,68.08
52.1666666666667,69.64,68.02
52.1833333333333,70.22,67.92
52.2,70.05,67.85
52.2166666666667,70.2,67.34
52.2333333333333,69.88,67.56
52.25,70.01,67.61
52.2666666666667,69.8,67.3
52.2833333333333,69.86,67.15
52.3,70.22,67.51
52.3166666666667,70.07,67.32
52.3333333333333,69.85,67.29
52.35,69.93,67.3
52.3666666666667,70.41,67.08
52.3833333333333,70.18,67.3
52.4,70.03,66.58
52.4166666666667,70.17,67.22
52.45,70.32,66.83
52.4666666666667,69.95,66.49
52.4833333333333,69.94,66.56
52.5,70.28,66.07
52.5166666666667,69.97,66.29
52.5333333333333,70.11,66.02
52.55,70.02,66.26
52.5666666666667,70.15,66.2
52.5833333333333,70.16,65.73
52.6,70.45,65.61
52.6166666666667,70.25,65.69
52.6333333333333,70.39,65.38
52.65,70.58,65.7
52.6666666666667,70.29,65.75
52.6833333333333,70.32,65.18
52.7,70.15,64.92
52.7166666666667,69.98,65.11
52.7333333333333,70.9,64.93
52.75,69.79,65.05
52.7666666666667,70.04,65.16
52.7833333333333,70.07,64.6
52.8,70.58,64.61
52.8166666666667,70.27,64.63
52.8333333333333,70.24,64.02
52.85,70.24,64.37
52.8666666666667,70.48,65.15
52.8833333333333,70.51,64.23
52.9,70.51,64.43
52.9166666666667,70.13,64
52.9333333333333,70.5,64.12
52.95,70.32,63.96
52.9666666666667,70.32,63.7
52.9833333333333,70.1,63.95
53,69.92,63.79
53.0166666666667,70.11,64.12
53.0333333333333,70.38,63.81
53.05,70.19,63.63
53.0666666666667,70.27,63.85
53.0833333333333,70.47,63.78
53.1,70.17,63.14
53.1166666666667,70.02,63.5
53.1333333333333,70.12,63.47
53.15,70.26,63.54
53.1666666666667,70.49,63.09
53.1833333333333,70.17,63.22
53.2,70.07,61.8
53.2166666666667,70.33,63.12
53.2333333333333,70.1,63.04
53.25,70.47,63.03
53.2666666666667,70.34,62.82
53.3,70.09,62.63
53.3166666666667,70.28,63.28
53.3333333333333,70.03,62.02
53.35,70.23,62.49
53.3666666666667,70.25,62.47
53.3833333333333,69.82,62.27
53.4,70.18,62.47
53.4166666666667,70.25,62.24
53.4333333333333,70.26,62.05
53.45,70.42,62.02
53.4666666666667,70.05,62.82
53.4833333333333,70.32,62.27
53.5,70.02,62.23
53.5166666666667,70.1,62.11
53.5333333333333,70.06,61.88
53.55,69.97,61.91
53.5666666666667,70.01,62.05
53.5833333333333,70.71,61.63
53.6,69.99,61.96
53.6166666666667,69.81,62
53.6333333333333,70.1,62.03
53.65,70.14,61.95
53.6666666666667,70.31,62.02
53.6833333333333,70.22,61.83
53.7,70.08,61.32
53.7166666666667,70.14,61.93
53.7333333333333,70.04,61.63
53.75,69.93,62.44
53.7666666666667,70.24,62.02
53.7833333333333,69.89,61.73
53.8,70.02,62.06
53.8166666666667,70.48,62.07
53.8333333333333,70.26,62.05
53.85,69.75,61.5
53.8666666666667,69.86,61.95
53.8833333333333,70.42,61.45
53.9,70.08,61.71
53.9166666666667,69.82,61.67
53.9333333333333,69.91,61.7
53.95,70.06,61.63
53.9666666666667,69.92,60.8
53.9833333333333,70.18,61.23
54,69.98,61.77
54.0166666666667,70.39,61.87
54.0333333333333,70.28,61.46
54.05,69.97,61.99
54.0666666666667,69.88,61.99
54.0833333333333,69.71,62.08
54.1,70.06,62.09
54.1166666666667,69.84,61.91
54.15,70.56,62.04
54.1666666666667,69.77,62.35
54.1833333333333,69.92,62.04
54.2,69.85,62.49
54.2166666666667,69.85,61.16
54.2333333333333,70.28,62.88
54.25,69.37,62.42
54.2666666666667,69.97,62.97
54.2833333333333,69.78,62.61
54.3,70.05,63.7
54.3166666666667,70.03,62.78
54.3333333333333,70.11,63.02
54.35,69.7,63.47
54.3666666666667,69.04,63.59
54.3833333333333,69.31,63.5
54.4,69.43,64.37
54.4166666666667,69.68,64.41
54.4333333333333,69.9,63.45
54.45,70.32,64.07
54.4666666666667,70.09,64.25
54.4833333333333,69.93,64.15
54.5,69.9,65.73
54.5166666666667,69.42,65.12
54.5333333333333,69.82,65.47
54.55,69.47,65.44
54.5666666666667,69.94,65.61
54.5833333333333,70.09,66.36
54.6,69.77,66.19
54.6166666666667,69.84,66.71
54.6333333333333,69.62,67.33
54.65,69.09,67.2
54.6666666666667,69.24,67.53
54.6833333333333,68.95,67.39
54.7,69.55,68.13
54.7166666666667,69.59,68.59
54.7333333333333,70.18,68.68
54.75,69.58,69.21
54.7666666666667,69.75,68.42
54.7833333333333,70,69.63
54.8,68.87,68.7
54.8166666666667,69.44,69.97
54.8333333333333,69.14,70.66
54.85,69.48,70.6
54.8666666666667,69.22,70.74
54.8833333333333,69.54,71.44
54.9,69.83,71.17
54.9166666666667,69.85,71.34
54.9333333333333,70.07,71.5
54.95,69.78,71.87
54.9666666666667,69.78,71.84
55,69.73,71.96
55.0166666666667,69.68,71.79
55.0333333333333,69.62,71.83
55.05,69.67,71.68
55.0666666666667,69.59,71.7
55.0833333333333,69.46,71.6
55.1,69.68,71.47
55.1166666666667,69.8,71.24
55.1333333333333,69.81,70.97
55.15,69.35,71.24
55.1666666666667,69.36,70.84
55.1833333333333,69.64,71.12
55.2,69.09,71.13
55.2166666666667,68.83,70.12
55.2333333333333,69.92,70.56
55.25,69.98,70.47
55.2666666666667,69.44,70.18
55.2833333333333,69.64,70.16
55.3,68.83,68.99
55.3166666666667,69.59,69.4
55.3333333333333,69.79,69.12
55.35,69.82,69.49
55.3666666666667,69.46,69.36
55.3833333333333,69.34,67.36
55.4,69.64,69.12
55.4166666666667,69.8,69.17
55.4333333333333,68.34,69.16
55.45,69.55,69.52
55.4666666666667,69.77,69.82
55.4833333333333,69.73,69.17
55.5,69.76,69.34
55.5166666666667,69.52,69.88
55.5333333333333,69.8,69.47
55.55,69.01,69.53
55.5666666666667,69.28,69.54
55.5833333333333,69.8,69.71
55.6,69.68,70.03
55.6166666666667,69.91,70.05
55.6333333333333,69.46,70.28
55.65,69.99,69.73
55.6666666666667,69.64,70.51
55.6833333333333,70.09,71.03
55.7,69.94,70.8
55.7166666666667,69.91,70.77
55.7333333333333,69.8,70.76
55.75,69.93,71.09
55.7666666666667,69.78,70.91
55.7833333333333,69.91,70.69
55.8,70.21,70.56
55.8166666666667,69.9,70.45
55.85,69.82,70.52
55.8666666666667,69.54,70.67
55.8833333333333,69.83,70.34
55.9,69.68,70.4
55.9166666666667,69.72,69.77
55.9333333333333,70.06,70.08
55.95,69.34,69.48
55.9666666666667,69.8,69.8
55.9833333333333,69.64,69.82
56,69.57,69.14
56.0166666666667,70.04,69.3
56.0333333333333,68.82,69.09
56.05,69.84,69.94
56.0666666666667,69.62,68.7
56.0833333333333,70,69.29
56.1,70.07,69.29
56.1166666666667,69.17,68.92
56.1333333333333,68.49,68.08
56.15,70.41,68.93
56.1666666666667,69.84,69.73
56.1833333333333,69.82,70.25
56.2,70.58,69.81
56.2166666666667,69.98,69.97
56.2333333333333,70.16,70.14
56.25,69.9,69.56
56.2666666666667,70.11,69.94
56.2833333333333,70.06,70.12
56.3,70.29,70.45
56.3166666666667,70.14,70.32
56.3333333333333,69.92,70.59
56.35,69.84,70.29
56.3666666666667,69.5,70.69
56.3833333333333,69.97,70.8
56.4,69.95,70.45
56.4166666666667,70.22,70.75
56.4333333333333,69.94,70.79
56.45,69.9,70.16
56.4666666666667,69.95,70.83
56.4833333333333,69.93,70.13
56.5,69.84,69.87
56.5166666666667,70.33,69.55
56.5333333333333,69.62,69.87
56.55,69.95,69.72
56.5666666666667,69.96,69.7
56.5833333333333,69.44,69.67
56.6,70.24,69.07
56.6166666666667,69.98,69.73
56.6333333333333,70.16,69.04
56.65,70.08,69.15
56.6666666666667,70.3,68.98
56.7,69.46,68.9
56.7166666666667,69.71,67.82
56.7333333333333,70.24,68.81
56.75,69.67,68.49
56.7666666666667,70.15,67.9
56.7833333333333,70.08,68.37
56.8,70.05,67.97
56.8166666666667,70.09,68.25
56.8333333333333,70.45,68.38
56.85,69.46,68.27
56.8666666666667,70.18,68.38
56.8833333333333,69.84,67.93
56.9,69.29,67.23
56.9166666666667,70.1,67.78
56.9333333333333,70.16,68.13
56.95,70.17,67.83
56.9666666666667,70.08,67.78
56.9833333333333,69.98,68.05
57,69.99,67.85
57.0166666666667,70.21,67.81
57.0333333333333,70.02,66.94
57.05,69.99,67.42
57.0666666666667,70,66.61
57.0833333333333,70.64,67.69
57.1,70.32,67.54
57.1166666666667,70.08,67.29
57.1333333333333,70.47,67.42
57.15,70.66,66.79
57.1666666666667,70.06,66.94
57.1833333333333,70.63,67.26
57.2,70.16,67.42
57.2166666666667,70.07,67.19
57.2333333333333,70.38,66.43
57.25,70.15,67.08
57.2666666666667,70.01,66.4
57.2833333333333,70.07,67.18
57.3,69.92,67.19
57.3166666666667,70.09,66.76
57.3333333333333,70.31,67
57.35,70.41,66.57
57.3666666666667,70.37,66.3
57.3833333333333,69.97,66.25
57.4,70.01,66.26
57.4166666666667,70.15,66.78
57.4333333333333,70.57,66.07
57.45,69.53,66.56
57.4666666666667,70.02,66
57.4833333333333,69.97,65.81
57.5,70.38,65.81
57.5166666666667,70.24,65.62
57.55,69.85,65.83
57.5666666666667,70.13,65.44
57.5833333333333,70.25,65.56
57.6,69.73,65.62
57.6166666666667,69.98,65.16
57.6333333333333,70.01,65.55
57.65,69.91,65.58
57.6666666666667,69.99,65.49
57.6833333333333,69.77,65.32
57.7,70.04,65.27
57.7166666666667,70.25,64.86
57.7333333333333,70.36,65.16
57.75,70.27,64.94
57.7666666666667,69.92,64.83
57.7833333333333,70.13,64.96
57.8,70.2,64.98
57.8166666666667,70.1,64.61
57.8333333333333,70,65.08
57.85,70.19,64.85
57.8666666666667,70.31,64.07
57.8833333333333,70.33,64.84
57.9,69.96,64.63
57.9166666666667,70.23,64.2
57.9333333333333,70.09,64.06
57.95,70.1,64.25
57.9666666666667,70.35,64.28
57.9833333333333,70.41,63.95
58,70.09,64.06
58.0166666666667,70.25,63.97
58.0333333333333,70.52,63.85
58.05,69.9,63.3
58.0666666666667,70.19,63.75
58.0833333333333,70.03,63.39
58.1,69.8,63.78
58.1166666666667,69.23,64.15
58.1333333333333,70.42,63.52
58.15,70.25,63.35
58.1666666666667,70.14,63.53
58.1833333333333,69.95,63.54
58.2,70.34,63.34
58.2166666666667,70.22,63.48
58.2333333333333,70.15,63.31
58.25,70.23,63.12
58.2666666666667,70.41,63.1
58.2833333333333,70.12,63.1
58.3,70.04,63.05
58.3166666666667,70.29,62.92
58.3333333333333,70.08,63.19
58.35,70.42,62.65
58.3666666666667,70.43,62.73
58.4,70.22,62.97
58.4166666666667,70.67,62.53
58.4333333333333,70.63,62.91
58.45,70.15,62.78
58.4666666666667,69.8,62.84
58.4833333333333,70.16,62.89
58.5,70.13,62.72
58.5166666666667,70.27,62.47
58.5333333333333,70.25,62.68
58.55,70.09,62.55
58.5666666666667,70.1,62.38
58.5833333333333,70.29,62.29
58.6,69.84,62.38
58.6166666666667,70.23,61.53
58.6333333333333,70.12,62.19
58.65,69.79,62.36
58.6666666666667,70.27,62.08
58.6833333333333,70.34,62.49
58.7,70.04,62.02
58.7166666666667,70.18,61.98
58.7333333333333,70.16,62.1
58.75,70.06,62.17
58.7666666666667,70.16,62.18
58.7833333333333,70.24,62.54
58.8,69.9,62.12
58.8166666666667,70.11,61.91
58.8333333333333,70.1,62.25
58.85,70.05,62.58
58.8666666666667,69.9,62.26
58.8833333333333,70.3,61.92
58.9,70.1,62.16
58.9166666666667,70.03,61.96
58.9333333333333,70.3,62.39
58.95,70.13,62.14
58.9666666666667,68.78,62.36
58.9833333333333,70.02,61.86
59,69.94,62.41
59.0166666666667,70.05,62.27
59.0333333333333,70.11,62.28
59.05,70.17,62.67
59.0666666666667,69.3,62.87
59.0833333333333,69.51,62.53
59.1,69.9,62.93
59.1166666666667,69.52,62.74
59.1333333333333,70.22,62.6
59.15,70.09,62.71
59.1666666666667,70.03,62.77
59.1833333333333,69.99,63.07
59.2,69.95,63.35
59.2166666666667,70.91,63.34
59.25,70.08,63.39
59.2666666666667,69.92,63.3
59.2833333333333,69.55,62.69
59.3,69.32,63.64
59.3166666666667,69.99,63.69
59.3333333333333,69.53,63.25
59.35,69.49,64
59.3666666666667,69.98,64.03
59.3833333333333,69.51,64.31
59.4,70.03,63.96
59.4166666666667,69.97,64.39
59.4333333333333,69.52,64.83
59.45,69.71,64.25
59.4666666666667,69.91,64.49
59.4833333333333,69.62,64.59
59.5,69.08,65.07
59.5166666666667,70.52,65.49
59.5333333333333,70.03,65.61
59.55,69.42,66.22
59.5666666666667,69.37,65.96
59.5833333333333,68.95,66.17
59.6,70.32,65.96
59.6166666666667,68.67,66.34
59.6333333333333,70.02,66.35
59.65,69.93,66.62
59.6666666666667,70.14,67.26
59.6833333333333,69.85,66.81
59.7,69.53,67.57
59.7166666666667,69.61,67.35
59.7333333333333,70.02,67.83
59.75,69.79,68.19
59.7666666666667,69.05,69.19
59.7833333333333,69.92,68.28
59.8,69.64,68.33
59.8166666666667,69.4,69.28
59.8333333333333,69.53,69.1
59.85,69.29,69.65
59.8666666666667,69.71,69.47
59.8833333333333,69.13,69.4
59.9,69.8,70.82
59.9166666666667,69.63,69.79
59.9333333333333,69.68,71.05
59.95,69.51,70.6
59.9666666666667,69.62,71.04
59.9833333333333,69.62,70.93
60,69.68,70.85
60.0166666666667,69.52,71.17
60.0333333333333,69.96,70.31
60.05,69.74,70.76
60.0666666666667,69.76,71.45
60.1,69.88,70.95
60.1166666666667,69.84,71.59
60.1333333333333,69.52,71.34
60.15,69.72,71.03
60.1666666666667,69.44,71.28
60.1833333333333,69.63,71.05
60.2,69.92,70.79
60.2166666666667,69.69,70.81
60.2333333333333,69.82,71.08
60.25,69.67,71.21
60.2666666666667,69.6,71.2
60.2833333333333,69.67,70.15
60.3,69.71,70.16
60.3166666666667,69.43,69.12
60.3333333333333,69.8,69.9
60.35,69.32,69.44
60.3666666666667,69.92,69.48
60.3833333333333,70.05,69.26
60.4,69.72,69.1
60.4166666666667,69.78,69.3
60.4333333333333,69.96,68.83
60.45,68.97,68.25
60.4666666666667,69.59,69.46
60.4833333333333,69.66,69.05
60.5,70.27,68.96
60.5166666666667,69.91,69.13
60.5333333333333,69.57,69.09
60.55,69.83,69.32
60.5666666666667,69.31,69.36
60.5833333333333,69.04,69.04
60.6,70.35,68.68
60.6166666666667,69.9,69.67
60.6333333333333,69.65,69.71
60.65,69.52,69.97
60.6666666666667,69.72,70
60.6833333333333,69.74,70.21
60.7,69.67,69.95
60.7166666666667,70.08,70.26
60.7333333333333,69.94,70.95
60.75,69.52,70.73
60.7666666666667,69.75,70.96
60.7833333333333,70.21,70.84
60.8,69.81,70.87
60.8166666666667,69.56,70.62
60.8333333333333,69.88,70.83
60.85,69.61,70.65
60.8666666666667,70.31,70.51
60.8833333333333,69.54,70.9
60.9,70.19,69.89
60.9166666666667,69.73,70.85
60.95,69.75,70.44
60.9666666666667,69.74,70.45
60.9833333333333,69.29,70.16
61,69.63,70.2
61.0166666666667,70.19,70.48
61.0333333333333,69.93,69.47
61.05,69.66,69.2
61.0666666666667,71.13,70.15
61.0833333333333,69.78,69.26
61.1,70.06,69.33
61.1166666666667,69.19,69.35
61.1333333333333,69.85,69.67
61.15,69.55,67.66
61.1666666666667,70.09,69.26
61.1833333333333,71.83,68.8
61.2,70.05,68.64
61.2166666666667,69.89,69.54
61.2333333333333,69.66,68.84
61.25,69.53,68.71
61.2666666666667,69.92,69.22
61.2833333333333,70.05,68.96
61.3,68.78,69.08
61.3166666666667,69.82,69.75
61.3333333333333,70.02,69.07
61.35,69.43,69.25
61.3666666666667,69.96,69.26
61.3833333333333,70.14,69.13
61.4,69.44,69.22
61.4166666666667,69.98,69.25
61.4333333333333,69.78,69.51
61.45,70.07,69.23
61.4666666666667,69.91,69.18
61.4833333333333,69.9,69.79
61.5,69.39,69.61
61.5166666666667,71.67,69.87
61.5333333333333,70.01,69.64
61.55,69.93,69.69
61.5666666666667,68.94,69.89
61.5833333333333,70.51,69.77
61.6,69.91,69.88
61.6166666666667,69.66,69.46
61.6333333333333,70.07,69.9
61.65,70.01,69.13
61.6666666666667,70.14,70.34
61.6833333333333,70.1,69.39
61.7,69.95,69.26
61.7166666666667,69.87,69.27
61.7333333333333,70.25,69.44
61.75,70,69.69
61.7666666666667,70.29,70.44
61.8,70.2,69.39
61.8166666666667,70.16,69.03
61.8333333333333,70.46,69.23
61.85,69.96,68.94
61.8666666666667,70.12,69.21
61.8833333333333,70,69.33
61.9,70.26,69.44
61.9166666666667,70.11,69.12
61.9333333333333,70.16,69.08
61.95,70.47,69.14
61.9666666666667,70.34,68.61
61.9833333333333,68.86,68.93
62,70.01,68.29
62.0166666666667,70.32,68.75
62.0333333333333,70.07,68.57
62.05,70.45,68.36
62.0666666666667,70.11,68.37
62.0833333333333,70.02,68.42
62.1,70.12,68.47
62.1166666666667,70.24,67.92
62.1333333333333,70.01,68.65
62.15,70.6,67.99
62.1666666666667,70.36,67.71
62.1833333333333,70.12,67.9
62.2,69.82,67.54
62.2166666666667,69.86,67.54
62.2333333333333,70.31,67.6
62.25,70.25,67.27
62.2666666666667,70.15,67.32
62.2833333333333,70.21,67.21
62.3,70.1,67.03
62.3166666666667,69.68,66.88
62.3333333333333,70.44,66.31
62.35,70.14,66.76
62.3666666666667,69.96,66.45
62.3833333333333,69.83,66.38
62.4,70.21,66.26
62.4166666666667,70.37,66.02
62.4333333333333,70.42,66.45
62.45,70.24,65.97
62.4666666666667,69.9,65.99
62.4833333333333,69.95,66.36
62.5,70.23,65.75
62.5166666666667,69.45,66.03
62.5333333333333,70.59,65.77
62.55,70.52,65.11
62.5666666666667,69.97,65.39
62.5833333333333,70.06,65.38
62.6,70.17,65.28
62.6166666666667,70.09,65.43
62.65,70.22,65.27
62.6666666666667,70.24,64.94
62.6833333333333,70.33,64.73
62.7,70.19,65.2
62.7166666666667,70.11,64.78
62.7333333333333,70.01,64.61
62.75,70.19,64.42
62.7666666666667,70.29,64.57
62.7833333333333,70.42,64.19
62.8,70.15,64.16
62.8166666666667,70.2,63.96
62.8333333333333,70.14,64.32
62.85,70.18,63.85
62.8666666666667,70.64,64
62.8833333333333,70.34,63.64
62.9,70.36,63.76
62.9166666666667,70.36,63.63
62.9333333333333,70.33,63.55
62.95,70.08,63.73
62.9666666666667,69.92,63.8
62.9833333333333,70.24,63.38
63,70.39,63.05
63.0166666666667,70.12,63.33
63.0333333333333,70.07,63.63
63.05,70.08,63.28
63.0666666666667,70.07,63.42
63.0833333333333,70.41,63.36
63.1,70.26,62.38
63.1166666666667,70.14,62.92
63.1333333333333,70.13,63.02
63.15,69.85,62.59
63.1666666666667,70.36,63.13
63.1833333333333,70.39,62.45
63.2,70.15,62.47
63.2166666666667,69.92,62.78
63.2333333333333,70.52,62.3
63.25,70.56,62.35
63.2666666666667,69.94,62.16
63.2833333333333,70.32,62.24
63.3,70.35,62
63.3166666666667,70.16,61.99
63.3333333333333,70.34,62.25
63.35,70.6,62.03
63.3666666666667,70.07,61.8
63.3833333333333,70.1,61.7
63.4,70.05,61.79
63.4166666666667,70.86,61.61
63.4333333333333,70.09,61.93
63.45,70.29,61.22
63.4666666666667,70.34,61.79
63.5,70.4,61.66
63.5166666666667,70.21,61.46
63.5333333333333,69.86,60.98
63.55,70.14,60.86
63.5666666666667,69.94,61.3
63.5833333333333,70.39,61.06
63.6,70.2,61.28
63.6166666666667,69.9,60.96
63.6333333333333,69.9,61.04
63.65,69.85,61
63.6666666666667,70.06,60.88
63.6833333333333,70.54,60.34
63.7,70.23,61.12
63.7166666666667,69.89,60.91
63.7333333333333,70.03,60.74
63.75,69.98,60.71
63.7666666666667,69.97,60.65
63.7833333333333,69.86,59.7
63.8,69.96,60.79
63.8166666666667,69.76,61.07
63.8333333333333,70.39,60.83
63.85,70.22,60.83
63.8666666666667,71.05,60.91
63.8833333333333,69.81,61.3
63.9,69.9,60.84
63.9166666666667,70.2,60.93
63.9333333333333,70.19,61.06
63.95,69.99,60.92
63.9666666666667,69.89,60.85
63.9833333333333,69.83,61.01
64,69.82,61.27
64.0166666666667,70.38,61.24
64.0333333333333,69.65,61.21
64.05,70.03,60.99
64.0666666666667,70.19,61.5
64.0833333333333,69.6,61.3
64.1,69.62,61.75
64.1166666666667,69.88,61.63
64.1333333333333,70.04,61.27
64.15,69.77,61.88
64.1666666666667,69.65,61.83
64.1833333333333,69.34,61.96
64.2,69.92,61.82
64.2166666666667,69.54,62.56
64.2333333333333,70.07,63.01
64.25,69.79,62.52
64.2666666666667,69.91,62.2
64.2833333333333,69.66,62.39
64.3,69.69,62.92
64.3166666666667,69.93,63.14
64.35,70.39,63.53
64.3666666666667,69.33,63.69
64.3833333333333,70.57,63.86
64.4,70.39,64.17
64.4166666666667,69.92,63.83
64.4333333333333,69.57,64.25
64.45,69.19,64.46
64.4666666666667,70.27,64.61
64.4833333333333,69.36,65.18
64.5,69.68,65.64
64.5166666666667,70.41,65.87
64.5333333333333,69.8,65.48
64.55,69.85,66.61
64.5666666666667,69.74,66.09
64.5833333333333,69.64,66.32
64.6,69.86,66.95
64.6166666666667,69.67,67.22
64.6333333333333,69.72,67.54
64.65,70.68,67.74
64.6666666666667,69.96,68.01
64.6833333333333,69.78,68.72
64.7,70.3,68.87
64.7166666666667,69.43,68.63
64.7333333333333,69.49,69.23
64.75,69.47,69.75
64.7666666666667,69.63,69.95
64.7833333333333,69.72,69.72
64.8,69.02,69.94
64.8166666666667,69.64,70.85
64.8333333333333,69.83,70.53
64.85,70.06,70.99
64.8666666666667,69.72,70.73
64.8833333333333,69.71,71.29
64.9,69.4,71.26
64.9166666666667,69.36,71.73
64.9333333333333,69.78,72.08
64.95,69.65,71.62
64.9666666666667,70,72.1
64.9833333333333,69.77,71.67
65,69.55,71.18
65.0166666666667,69.85,71.43
65.0333333333333,69.64,71.37
65.05,69.56,71.51
65.0666666666667,69.61,70.74
65.0833333333333,69.47,71.37
65.1,69.3,71.13
65.1166666666667,69.51,70.89
65.1333333333333,70.1,70.83
65.15,69.93,71.01
65.1666666666667,69.66,70.62
65.2,69.67,70.58
65.2166666666667,69.63,70.62
65.2333333333333,70.11,70
65.25,69.58,69.44
65.2666666666667,69.49,69.57
65.2833333333333,69.85,69.43
65.3,67.88,69.74
65.3166666666667,69.16,69.38
65.3333333333333,69.5,68.93
65.35,69.58,69.63
65.3666666666667,69.85,70.12
65.3833333333333,69.02,69
65.4,70,69.15
65.4166666666667,69.75,68.84
65.4333333333333,69.63,68.99
65.45,69.27,69.6
65.4666666666667,69.48,69.48
65.4833333333333,69.58,68.11
65.5,69.94,70.1
65.5166666666667,69.54,69.7
65.5333333333333,69.69,69.92
65.55,69.6,70.36
65.5666666666667,69.73,70.78
65.5833333333333,69.62,70.2
65.6,69.69,70.81
65.6166666666667,69.62,71.1
65.6333333333333,69.8,70.99
65.65,69.69,71.45
65.6666666666667,69.32,71.39
65.6833333333333,69.55,71.06
65.7,69.51,71.87
65.7166666666667,69.54,71.27
65.7333333333333,69.79,71.14
65.75,69.86,71.64
65.7666666666667,69.77,71.24
65.7833333333333,69.66,71.1
65.8,69.69,71.17
65.8166666666667,69.41,70.39
65.8333333333333,69.7,70.38
65.85,69.3,69.95
65.8666666666667,69.83,70.45
65.8833333333333,69.7,70.43
65.9,69.78,70.21
65.9166666666667,70.07,70
65.9333333333333,70.05,69.82
65.95,70.13,69.78
65.9666666666667,69.74,69.5
65.9833333333333,68.37,69.6
66,69.88,69.23
66.0166666666667,70.31,69.89
66.05,69.78,69.55
66.0666666666667,70.82,69.56
66.0833333333333,69.92,69.74
66.1,69.82,68.48
66.1166666666667,70.25,68.08
66.1333333333333,69.73,69.02
66.15,69.59,68.94
66.1666666666667,69.78,69.01
66.1833333333333,69.7,69.18
66.2,69.72,69.3
66.2166666666667,69.92,70.09
66.2333333333333,69.81,69.99
66.25,69.72,70.19
66.2666666666667,69.97,70.51
66.2833333333333,69.63,70.08
66.3,69.84,69.91
66.3166666666667,69.66,70.42
66.3333333333333,69.8,70.45
66.35,70.16,70.31
66.3666666666667,69.8,70.34
66.3833333333333,69.9,70.68
66.4,70.17,70.67
66.4166666666667,69.69,70.58
66.4333333333333,69.7,70.75
66.45,69.42,70.62
66.4666666666667,69.78,70.44
66.4833333333333,69.71,70.5
66.5,70.1,70.12
66.5166666666667,69.7,70.82
66.5333333333333,70.19,70.55
66.55,69.78,70.32
66.5666666666667,70.02,70.29
66.5833333333333,69.65,69.92
66.6,69.77,69.2
66.6166666666667,70.01,69.74
66.6333333333333,69.34,70.09
66.65,70.23,69.6
66.6666666666667,69.72,69.48
66.6833333333333,70.59,70.02
66.7,70.33,69.27
66.7166666666667,69.89,69.17
66.7333333333333,70.1,68.9
66.75,69.69,68.2
66.7666666666667,70.17,68.6
66.7833333333333,70.03,68.82
66.8,69.94,69.03
66.8166666666667,69.75,68.83
66.8333333333333,70.34,68.91
66.85,69.47,68.46
66.8666666666667,70.14,69.16
66.9,70.13,68.93
66.9166666666667,70.42,68.75
66.9333333333333,69.94,68.34
66.95,69.7,68.75
66.9666666666667,69.84,68.96
66.9833333333333,69.95,69.11
67,69.97,69.15
67.0166666666667,70.17,68.66
67.0333333333333,70.2,68.4
67.05,69.66,69
67.0666666666667,70.1,69.07
67.0833333333333,69.86,68.99
67.1,69.52,68.97
67.1166666666667,69.59,69.17
67.1333333333333,70.02,68.45
67.15,69.69,69.83
67.1666666666667,69.93,68.95
67.1833333333333,69.96,69.07
67.2,69.9,67.64
67.2166666666667,69.49,68.97
67.2333333333333,70.42,68.88
67.25,69.96,68.95
67.2666666666667,69.91,69.26
67.2833333333333,69.84,68.99
67.3,69.47,69.19
67.3166666666667,70.07,68.97
67.3333333333333,70.2,69.14
67.35,69.96,68.96
67.3666666666667,70.09,68.82
67.3833333333333,70.04,68.38
67.4,70.15,68.91
67.4166666666667,69.95,68.84
67.4333333333333,69.99,68.69
67.45,70.25,68.79
67.4666666666667,69.59,69.02
67.4833333333333,70.4,68.36
67.5,70.2,68.65
67.5166666666667,71.03,68.28
67.5333333333333,70.12,68.31
67.55,70.81,67.96
67.5666666666667,70.46,68.01
67.5833333333333,70.1,67.67
67.6,70.32,68.02
67.6166666666667,69.98,67.43
67.6333333333333,70.19,67.44
67.65,70.28,67.85
67.6666666666667,70.33,67.73
67.6833333333333,70.08,67.09
67.7,70.35,66.68
67.7166666666667,70.7,67.27
67.75,69.66,67.08
67.7666666666667,70.22,66.69
67.7833333333333,70.14,67.2
67.8,70.45,66.84
67.8166666666667,69.96,66.44
67.8333333333333,70.69,66.21
67.85,70.16,66.57
67.8666666666667,70.48,65.95
67.8833333333333,70.19,66.4
67.9,70.39,66.6
67.9166666666667,70.05,65.84
67.9333333333333,70.3,66.15
67.95,69.78,66.52
67.9666666666667,69.99,65.23
67.9833333333333,69.83,65.88
68,70.29,65.7
68.0166666666667,70.47,65.44
68.0333333333333,69.85,65.27
68.05,70.28,65.39
68.0666666666667,70.33,65.62
68.0833333333333,70.32,65.23
68.1,70.47,65.19
68.1166666666667,70.31,65.09
68.1333333333333,70.35,64.94
68.15,70.11,65.04
68.1666666666667,69.99,65.07
68.1833333333333,70.34,64.56
68.2,70.33,64.6
68.2166666666667,70.21,64.68
68.2333333333333,70.01,64.42
68.25,70.03,64.84
68.2666666666667,70.19,64.32
68.2833333333333,69.37,64.47
68.3,69.78,64.11
68.3166666666667,70.18,64.19
68.3333333333333,70.45,63.99
68.35,70.19,63.82
68.3666666666667,70.48,63.75
68.3833333333333,70.29,63.74
68.4,69.85,63.97
68.4166666666667,70.17,63.57
68.4333333333333,70.3,63.61
68.45,70.28,63.98
68.4666666666667,70.62,63.52
68.4833333333333,70.31,63.62
68.5,70.04,63.41
68.5166666666667,69.76,63.21
68.5333333333333,70.48,62.98
68.55,70.4,63.32
68.5666666666667,70.36,62.68
68.6,70.67,62.84
68.6166666666667,70.85,62.75
68.6333333333333,69.61,62.69
68.65,70.3,62.74
68.6666666666667,69.96,62.69
68.6833333333333,69.47,62.8
68.7,70.01,62.63
68.7166666666667,70.27,62.35
68.7333333333333,70.26,62.21
68.75,70.45,62.33
68.7666666666667,70.18,62.45
68.7833333333333,69.89,62.33
68.8,69.92,62.16
68.8166666666667,70.11,62.21
68.8333333333333,70.07,61.81
68.85,70.4,61.94
68.8666666666667,70.7,61.73
68.8833333333333,70.08,62.16
68.9,70.22,62.07
68.9166666666667,69.98,62.13
68.9333333333333,70.93,61.97
68.95,70.09,61.57
68.9666666666667,70.38,61.76
68.9833333333333,69.79,61.83
69,70.11,61.88
69.0166666666667,69.95,61.64
69.0333333333333,70.22,61.74
69.05,69.9,61.87
69.0666666666667,70.07,61.72
69.0833333333333,70.03,61.77
69.1,70.59,61.77
69.1166666666667,70.27,61.28
69.1333333333333,70.21,61.84
69.15,70.32,62.14
69.1666666666667,70.47,61.55
69.1833333333333,70.33,61.49
69.2,70.21,61.7
69.2166666666667,70,61.62
69.2333333333333,70.08,61.8
69.25,70.21,61.83
69.2666666666667,70.06,60.96
69.2833333333333,69.98,61.65
69.3,70.36,61.65
69.3166666666667,69.98,61.99
69.3333333333333,70.14,61.43
69.35,70,61.72
69.3666666666667,69.72,62.34
69.3833333333333,69.47,62.25
69.4,70.18,61.58
69.4166666666667,70.09,62.14
69.45,70,62.3
69.4666666666667,69.73,62.25
69.4833333333333,70.76,62.14
69.5,70.2,62.61
69.5166666666667,70.15,61.96
69.5333333333333,70.06,62.22
69.55,69.97,62.72
69.5666666666667,69.55,62.56
69.5833333333333,69.97,62.76
69.6,70.42,63.13
69.6166666666667,69.86,62.71
69.6333333333333,69.8,62.86
69.65,69.47,63.31
69.6666666666667,69.89,63.7
69.6833333333333,68.72,63.2
69.7,69.55,63.31
69.7166666666667,70.04,63.56
69.7333333333333,70.27,63.62
69.75,69.95,64.15
69.7666666666667,69.7,64.36
69.7833333333333,69.88,64.06
69.8,70.37,64.43
69.8166666666667,69.47,64.13
69.8333333333333,70.11,65.01
69.85,69.7,64.61
69.8666666666667,69.7,64.8
69.8833333333333,69.82,65.64
69.9,70.26,65.38
69.9166666666667,69.45,65.65
69.9333333333333,69.56,65.69
69.95,70.52,66.01
69.9666666666667,70.03,66.75
69.9833333333333,69.94,66.43
70,70.06,67.15
70.0166666666667,69.57,66.98
70.0333333333333,70.13,67.69
70.05,69.99,67.51
70.0666666666667,69.09,67.64
70.0833333333333,68.77,68.28
70.1,69.67,67.42
70.1166666666667,69.9,67.81
70.1333333333333,69.15,68.8
70.15,69.76,68.86
70.1666666666667,69.4,69.03
70.1833333333333,69.62,69.85
70.2,70.16,70.36
70.2166666666667,69.5,70.38
70.2333333333333,69.31,70.61
70.25,69.67,70.61
70.2666666666667,69.7,70.91
70.3,69.95,70.84
70.3166666666667,69.58,71.21
70.3333333333333,69.72,71.57
70.35,69.61,71.96
70.3666666666667,69.78,71.84
70.3833333333333,69.64,71.81
70.4,69.75,71.91
70.4166666666667,69.55,71.88
70.4333333333333,69.54,71.68
70.45,69.77,71.75
70.4666666666667,69.48,70.81
70.4833333333333,69.73,71.97
70.5,69.62,70.78
70.5166666666667,69.88,71.55
70.5333333333333,69.28,71.08
70.55,69.56,71.5
70.5666666666667,69.62,70.81
70.5833333333333,69.7,70.46
70.6,69.72,69.87
70.6166666666667,69.41,70.09
70.6333333333333,69.61,70.59
70.65,69.63,70.17
70.6666666666667,69.49,69.92
70.6833333333333,69.53,69.59
70.7,69.79,69.52
70.7166666666667,69.81,69.29
70.7333333333333,69.97,69.58
70.75,69.61,69.18
70.7666666666667,69.96,69.05
70.7833333333333,69.8,69.03
70.8,69.73,69.33
70.8166666666667,69.83,69.3
70.8333333333333,70.19,67.18
70.85,69.16,69.47
70.8666666666667,69.27,69.15
70.8833333333333,69.67,69.26
70.9,69.8,69.37
70.9166666666667,69.88,70.11
70.9333333333333,69.09,69.97
70.95,69.88,70.09
70.9666666666667,69.73,69.31
70.9833333333333,69.65,70.27
71,69.62,70.37
71.0166666666667,70.1,70.66
71.0333333333333,70.12,70.61
71.05,69.29,70.83
71.0666666666667,69.64,71.05
71.0833333333333,69.7,70.56
71.1,69.72,70.83
71.1166666666667,69.67,70.6
71.15,69.58,71.06
71.1666666666667,69.71,71.11
71.1833333333333,69.72,70.82
71.2,69.45,70.62
71.2166666666667,70.05,70.81
71.2333333333333,69.64,70.66
71.25,70.25,70.19
71.2666666666667,69.76,70.5
71.2833333333333,69.61,70.13
71.3,69.84,70.11
71.3166666666667,69.69,70.03
71.3333333333333,69.94,69.33
71.35,69.8,69.71
71.3666666666667,69.62,68.95
71.3833333333333,69.76,69.5
71.4,69.68,69.3
71.4166666666667,69.64,69.28
71.4333333333333,69.8,68.92
71.45,69.54,68.89
71.4666666666667,69.9,68.76
71.4833333333333,69.65,69.3
71.5,69.7,68.75
71.5166666666667,69.74,68.76
71.5333333333333,70.09,68.93
71.55,69.07,69.2
71.5666666666667,69.63,69.01
71.5833333333333,69.98,69.22
71.6,70.16,69.02
71.6166666666667,69.89,69.51
71.6333333333333,69.51,68.36
71.65,69.27,70
71.6666666666667,69.93,69.52
71.6833333333333,70.14,69.82
71.7,69.61,70.11
71.7166666666667,69.41,69.71
71.7333333333333,69.77,70.1
71.75,70.09,70.33
71.7666666666667,69.85,70.23
71.7833333333333,69.82,70.53
71.8,70.15,70.28
71.8166666666667,69.91,70.52
71.8333333333333,69.77,70.31
71.85,69.79,70.47
71.8666666666667,69.83,70.45
71.8833333333333,69.36,70.41
71.9,69.62,70.05
71.9166666666667,70.12,70.29
71.9333333333333,69.9,70.01
71.95,70.04,69.75
71.9666666666667,69.88,70.26
72,69.51,69.94
72.0166666666667,70.07,68.62
72.0333333333333,70.16,69.37
72.05,70.24,68.9
72.0666666666667,69.49,69.34
72.0833333333333,69.73,69.74
72.1,69.91,69.3
72.1166666666667,69.67,69.31
72.1333333333333,69.43,69.06
72.15,69.98,68.98
72.1666666666667,70,68.73
72.1833333333333,70.74,68.83
72.2,70.34,69.46
72.2166666666667,69.94,68.58
72.2333333333333,70.56,68.66
72.25,69.72,68.58
72.2666666666667,69.95,68.71
72.2833333333333,69.64,68.89
72.3,70.47,68.32
72.3166666666667,69.88,68.5
72.3333333333333,70.06,68.51
72.35,70.29,68.58
72.3666666666667,70.01,68.35
72.3833333333333,69.61,68.56
72.4,70.49,67.8
72.4166666666667,70.09,68.27
72.4333333333333,70.05,68.24
72.45,70.14,68.14
72.4666666666667,70.01,68.31
72.4833333333333,70.48,67.99
72.5,70.85,67.91
72.5166666666667,69.67,67.45
72.5333333333333,70.14,68.08
72.55,69.97,67.64
72.5666666666667,70.08,67.94
72.5833333333333,70.22,67.85
72.6,70.14,67.74
72.6166666666667,70.05,67.65
72.6333333333333,69.85,67.52
72.65,69.65,67.66
72.6666666666667,70.07,67.5
72.6833333333333,70.08,67.43
72.7,70.19,67.95
72.7166666666667,70.13,66.91
72.7333333333333,69.97,67.13
72.75,70.09,66.98
72.7666666666667,70.04,66.98
72.7833333333333,70.22,67.19
72.8,69.85,66.79
72.8166666666667,70.73,66.81
72.85,69.77,66.35
72.8666666666667,70.05,66.12
72.8833333333333,70.08,66.76
72.9,70.07,66.97
72.9166666666667,70.65,66.44
72.9333333333333,70.3,66.15
72.95,69.9,66.06
72.9666666666667,70.07,65.87
72.9833333333333,70.26,66.17
73,70.13,66.02
73.0166666666667,68.66,66.06
73.0333333333333,70.11,65.38
73.05,69.79,65.28
73.0666666666667,69.84,65.78
73.0833333333333,70.76,65.24
73.1,70.05,65.46
73.1166666666667,70.3,64.56
73.1333333333333,70.12,65.24
73.15,70.19,64.85
73.1666666666667,70.12,64.58
73.1833333333333,70.16,65.12
73.2,70.11,65.32
73.2166666666667,70.28,64.32
73.2333333333333,70.18,64.66
73.25,70.38,64.99
73.2666666666667,70.04,64.28
73.2833333333333,70.26,64.71
73.3,69.85,64.54
73.3166666666667,70.24,64.34
73.3333333333333,70.19,64.1
73.35,70.24,64.1
73.3666666666667,70.33,64.1
73.3833333333333,71.04,63.63
73.4,70.41,64.01
73.4166666666667,70.26,63.64
73.4333333333333,70.53,63.63
73.45,70.45,63.87
73.4666666666667,70.66,63.49
73.4833333333333,70.19,62.98
73.5,70.09,63.15
73.5166666666667,70.39,63.64
73.5333333333333,70.12,63.15
73.55,70.28,63.22
73.5666666666667,70.25,63.06
73.5833333333333,70.28,63.08
73.6,70.08,62.81
73.6166666666667,70.34,62.91
73.6333333333333,70.23,63.02
73.65,70.14,62.88
73.6666666666667,70.19,62.63
73.7,70.12,62.47
73.7166666666667,70.19,62.3
73.7333333333333,70.44,62.69
73.75,70.85,62.9
73.7666666666667,70.4,62.28
73.7833333333333,70.16,63.18
73.8,70.36,62.36
73.8166666666667,70.05,62.32
73.8333333333333,70.08,62.33
73.85,70.05,61.82
73.8666666666667,70.22,61.88
73.8833333333333,69.96,62.03
73.9,69.81,61.83
73.9166666666667,70.29,61.83
73.9333333333333,71.11,62.15
73.95,70.42,61.57
73.9666666666667,70.12,61.68
73.9833333333333,70.19,61.6
74,70.17,61.51
74.0166666666667,70.33,61.83
74.0333333333333,70.07,61.28
74.05,70.25,61.07
74.0666666666667,70.37,61.34
74.0833333333333,70.22,61.4
74.1,70.14,61.35
74.1166666666667,70.04,61.66
74.1333333333333,69.94,61.13
74.15,70.36,61.23
74.1666666666667,69.98,61.43
74.1833333333333,70,61.24
74.2,70.6,61.11
74.2166666666667,69.26,61.26
74.2333333333333,70.45,60.15
74.25,69.9,61.06
74.2666666666667,69.89,61.13
74.2833333333333,70.01,61.08
74.3,69.15,60.83
74.3166666666667,70.01,61.62
74.3333333333333,69.94,60.86
74.35,69.39,60.09
74.3666666666667,70.23,61.21
74.3833333333333,69.6,62.39
74.4,69.37,61.67
74.4166666666667,70.26,61.26
74.4333333333333,70.22,61.28
74.45,69.96,61.57
74.4666666666667,70.18,61.73
74.4833333333333,69.79,61.83
74.5,69.82,61.89
74.5166666666667,69.82,61.91
74.55,70.15,61.57
74.5666666666667,69.51,62.27
74.5833333333333,70,62.19
74.6,70.04,62.16
74.6166666666667,69.58,63.01
74.6333333333333,70.46,63.2
74.65,69.98,62.44
74.6666666666667,69.44,62.56
74.6833333333333,70.07,62.78
74.7,70,63.15
74.7166666666667,70.06,63.36
74.7333333333333,69.8,63.23
74.75,69.79,63.4
74.7666666666667,69.66,63.45
74.7833333333333,68.99,64.04
74.8,69.6,64.16
74.8166666666667,69.56,65.32
74.8333333333333,70.11,64.3
74.85,69.69,64.71
74.8666666666667,69.98,64.33
74.8833333333333,69.48,65.11
74.9,69.58,65.2
74.9166666666667,69.85,64.79
74.9333333333333,71.15,65.67
74.95,69.85,65.92
74.9666666666667,69.12,65.98
74.9833333333333,69.72,65.99
75,69.93,65.31
75.0166666666667,69.42,66.39
75.0333333333333,69.72,66.69
75.05,69.72,66.95
75.0666666666667,69.63,67.11
75.0833333333333,68.89,67.33
75.1,69.53,68.29
75.1166666666667,69.73,67.84
75.1333333333333,70.57,68.6
75.15,69.75,68.96
75.1666666666667,68.88,68.75
75.1833333333333,68.56,69.02
75.2,70.11,68.55
75.2166666666667,69.92,69.75
75.2333333333333,69.57,69.61
75.25,69.24,70.06
75.2666666666667,69.57,70.33
75.2833333333333,69.9,71.07
75.3,69.63,70.86
75.3166666666667,69.81,71.38
75.3333333333333,69.76,70.89
75.35,70.12,71.03
75.3666666666667,69.62,71.45
75.4,70.05,71.53
75.4166666666667,69.7,71.49
75.4333333333333,69.53,70.7
75.45,69.68,71.14
75.4666666666667,69.69,71.99
75.4833333333333,69.72,71.53
75.5,69.72,71.31
75.5166666666667,69.5,71.2
75.5333333333333,69.58,71.12
75.55,69.69,70.78
75.5666666666667,69.93,71.02
75.5833333333333,69.75,70.7
75.6,69.68,70.3
75.6166666666667,69.94,70.6
75.6333333333333,69.75,69.85
75.65,69.81,69.91
75.6666666666667,69.77,70.41
75.6833333333333,69.77,70.23
75.7,69.64,69.54
75.7166666666667,69.53,70.52
75.7333333333333,69.69,69.01
75.75,69.6,69.25
75.7666666666667,69.4,68.9
75.7833333333333,69.7,69.47
75.8,69.89,69.1
75.8166666666667,69.39,68.76
75.8333333333333,68.69,68.78
75.85,69.52,69.19
75.8666666666667,70.23,68.96
75.8833333333333,69.03,68.92
75.9,70.02,69.77
75.9166666666667,70.1,69.67
75.9333333333333,69.89,69.41
75.95,69.77,69.85
75.9666666666667,69.49,69.72
75.9833333333333,69.92,69.67
76,69.62,70.4
76.0166666666667,69.86,69.77
76.0333333333333,70.02,70.33
76.05,69.95,71.19
76.0666666666667,69.63,70.93
76.0833333333333,69.84,71.48
76.1,69.16,70.94
76.1166666666667,69.57,71.63
76.1333333333333,69.7,71.2
76.15,69.69,71.21
76.1666666666667,69.71,70.9
76.1833333333333,69.62,71.18
76.2,69.82,70.91
76.2166666666667,69.9,71.27
76.25,69.7,71.01
76.2666666666667,69.59,71.48
76.2833333333333,69.3,69.56
76.3,69.77,70.13
76.3166666666667,69.63,70.04
76.3333333333333,69.92,70.29
76.35,69.76,69.94
76.3666666666667,70.17,70.33
76.3833333333333,69.79,69.9
76.4,69.58,69.89
76.4166666666667,69.36,70.05
76.4333333333333,69.62,69.25
76.45,70.08,68.98
76.4666666666667,69.57,68.93
76.4833333333333,69.39,68.53
76.5,69.61,68.97
76.5166666666667,69.81,68.92
76.5333333333333,69.82,68.98
76.55,69.08,69.46
76.5666666666667,69.67,68.64
76.5833333333333,69.51,68.94
76.6,69.9,69.31
76.6166666666667,69.38,68.95
76.6333333333333,69.86,68.84
76.65,69.7,69.43
76.6666666666667,69.65,69.54
76.6833333333333,69.85,69.54
76.7,69.71,69.48
76.7166666666667,69.75,69.86
76.7333333333333,69.43,70.24
76.75,69.64,70.02
76.7666666666667,69.99,70.49
76.7833333333333,70.13,69.94
76.8,70.12,70.35
76.8166666666667,70.09,70.3
76.8333333333333,69.89,71.04
76.85,69.89,70.37
76.8666666666667,69.86,70.72
76.8833333333333,69.98,70.84
76.9,70.11,71.01
76.9166666666667,69.77,70.52
76.9333333333333,69.88,70.42
76.95,69.92,70.34
76.9666666666667,69.83,70.38
76.9833333333333,69.81,70.37
77,69.83,69.84
77.0166666666667,69.8,70.22
77.0333333333333,69.66,69.65
77.05,69.68,69.59
77.0666666666667,69.84,69.5
77.1,70.13,70.23
77.1166666666667,70.15,69.14
77.1333333333333,69.67,69.47
77.15,69.69,69.03
77.1666666666667,70.3,69.16
77.1833333333333,69.99,68.91
77.2,70.01,68.64
77.2166666666667,69.84,68.55
77.2333333333333,69.76,68.62
77.25,69.87,68.42
77.2666666666667,69.85,68.72
77.2833333333333,70.29,68.51
77.3,70.06,68.57
77.3166666666667,70.17,68.65
77.3333333333333,69.76,68.79
77.35,70.32,68.73
77.3666666666667,70.22,68.41
77.3833333333333,69.9,68.59
77.4,69.85,68.68
77.4166666666667,70.21,68.32
77.4333333333333,70.13,68.61
77.45,70.32,67.89
77.4666666666667,69.9,68.41
77.4833333333333,68.89,68.56
77.5,70.67,67.22
77.5166666666667,70.13,68.14
77.5333333333333,69.98,68.69
77.55,70.1,69.15
77.5666666666667,70.17,68.63
77.5833333333333,69.85,68.41
77.6,69.65,68.41
77.6166666666667,70.13,68.22
77.6333333333333,69.98,68.36
77.65,70.48,68.37
77.6666666666667,70.14,68.6
77.6833333333333,70.12,68.1
77.7,70.24,68.43
77.7166666666667,69.94,68.26
77.7333333333333,70.01,68.18
77.75,70.28,67.85
77.7666666666667,70.2,68.1
77.7833333333333,70.09,67.98
77.8,69.94,67.85
77.8166666666667,70.09,66.58
77.8333333333333,70.12,67.82
77.85,70.07,67.67
77.8666666666667,70.17,67.32
77.8833333333333,70.1,67.33
77.9,70.44,67.41
77.9166666666667,70.01,67.21
77.95,70.78,67.68
77.9666666666667,69.86,67.18
77.9833333333333,70.16,66.72
78,70.21,66.92
78.0166666666667,70.29,66.41
78.0333333333333,69.09,66.27
78.05,70.11,66.2
78.0666666666667,70.28,66.12
78.0833333333333,70.07,66.27
78.1,70.15,66.11
78.1166666666667,69.84,66.06
78.1333333333333,70.21,66
78.15,69.87,66.08
78.1666666666667,69.88,65.68
78.1833333333333,69.92,65.87
78.2,69.7,65.64
78.2166666666667,70.47,66.03
78.2333333333333,70.11,65.59
78.25,70.38,65.45
78.2666666666667,70.14,65.1
78.2833333333333,70.47,65.28
78.3,70.36,65.23
78.3166666666667,70.1,65.29
78.3333333333333,69.95,65.19
78.35,70.13,64.97
78.3666666666667,69.99,65.23
78.3833333333333,69.88,65.22
78.4,70.26,64.68
78.4166666666667,70.41,64.65
78.4333333333333,70.19,64.9
78.45,69.14,64.89
78.4666666666667,69.89,64.65
78.4833333333333,70.18,64.34
78.5,70.52,64.57
78.5166666666667,70.35,64.3
78.5333333333333,70.15,64.08
78.55,70.13,64.31
78.5666666666667,70.3,64.3
78.5833333333333,70.2,64.31
78.6,69.96,64.02
78.6166666666667,70.29,63.87
78.6333333333333,69.82,63.92
78.65,70.19,63.93
78.6666666666667,70.17,63.73
78.6833333333333,70.11,63.67
78.7,70.18,63.58
78.7166666666667,69.94,63.6
78.7333333333333,71.26,62.91
78.75,69.74,63.29
78.7666666666667,70.19,63.53
78.8,69.97,63.41
78.8166666666667,70.58,63.32
78.8333333333333,70.35,63.28
78.85,70.14,63.14
78.8666666666667,70,63.11
78.8833333333333,70.31,63.04
78.9,69.82,63.1
78.9166666666667,70.11,62.74
78.9333333333333,70.27,62.99
78.95,69.94,62.64
78.9666666666667,70.23,62.8
78.9833333333333,70.29,63
79,70.02,62.56
79.0166666666667,70.21,62.27
79.0333333333333,70.07,62.58
79.05,70.19,63.28
79.0666666666667,70.18,62.41
79.0833333333333,70.04,62.59
79.1,69.94,62.4
79.1166666666667,70.15,62.42
79.1333333333333,69.8,62.34
79.15,69.88,62.48
79.1666666666667,70,62.58
79.1833333333333,70.32,61.87
79.2,70.25,62.29
79.2166666666667,70.35,62.17
79.2333333333333,70.25,62.66
79.25,69.98,62.4
79.2666666666667,69.91,62.1
79.2833333333333,69.98,61.92
79.3,70.25,62.11
79.3166666666667,69.89,61.94
79.3333333333333,70.45,62.17
79.35,69.57,62.3
79.3666666666667,69.99,62.18
79.3833333333333,70.08,62.14
79.4,69.51,62.37
79.4166666666667,70.44,62.18
79.4333333333333,70.74,62.38
79.45,68.31,62.86
79.4666666666667,70.1,62.68
79.4833333333333,70.6,62.54
79.5,70.21,62.61
79.5166666666667,69.6,62.59
79.5333333333333,69.9,62.76
79.55,69.92,62.71
79.5666666666667,69.98,62.63
79.5833333333333,69.34,63.02
79.6,69.54,61.74
79.6166666666667,69.98,63.56
79.65,69.94,63.27
79.6666666666667,69.83,63.31
79.6833333333333,70.21,63.29
79.7,69.78,62.83
79.7166666666667,69.89,63.85
79.7333333333333,69.92,63.55
79.75,69.85,63.73
79.7666666666667,69.92,64.36
79.7833333333333,69.89,64.33
79.8,69.85,63.81
79.8166666666667,69.89,63.87
79.8333333333333,69.27,64.49
79.85,70.09,64.83
79.8666666666667,69.84,64.38
79.8833333333333,69.51,64.65
79.9,69.88,65.34
79.9166666666667,69.9,64.9
79.9333333333333,69.72,65.91
79.95,68.63,65.32
79.9666666666667,69.64,65.32
79.9833333333333,69.04,65.29
80,68.47,66.12
80.0166666666667,70.09,66.33
80.0333333333333,68.88,64.79
80.05,69.85,66.82
80.0666666666667,69.62,66.63
80.0833333333333,69.83,66.48
80.1,69.86,67.53
80.1166666666667,69.16,67.14
80.1333333333333,68.99,68.03
80.15,69.71,67.83
80.1666666666667,69.75,67.72
80.1833333333333,69.53,68.08
80.2,69.82,68.14
80.2166666666667,69.44,67.97
80.2333333333333,69.49,68.92
80.25,69.96,68.7
80.2666666666667,70.98,68.75
80.2833333333333,69.78,69.18
80.3,69.52,69.83
80.3166666666667,69.47,69.72
80.3333333333333,69.69,69.98
80.35,69.94,70.03
80.3666666666667,69.56,70.68
80.3833333333333,69.52,70.71
80.4,69.81,70.98
80.4166666666667,69.55,70.82
80.4333333333333,69.43,71.2
80.45,69.63,70.92
80.4666666666667,69.9,71.3
80.5,69.82,71.2
80.5166666666667,69.6,71.41
80.5333333333333,69.8,71.25
80.55,69.59,70.91
80.5666666666667,69.46,71.03
80.5833333333333,69.74,71.34
80.6,69.65,70.93
80.6166666666667,69.91,70.85
80.6333333333333,69.93,70.83
80.65,69.58,70.51
80.6666666666667,70.1,70.73
80.6833333333333,70.25,70.23
80.7,69.41,70.39
80.7166666666667,69.76,70.19
80.7333333333333,69.77,70.04
80.75,69.5,70.35
80.7666666666667,69.42,69.86
80.7833333333333,69.76,69.16
80.8,69.85,69.5
80.8166666666667,69.65,69.43
80.8333333333333,69.68,69.37
80.85,69.73,68.91
80.8666666666667,69.48,69.44
80.8833333333333,69.78,69.04
80.9,69.76,67.8
80.9166666666667,69.33,68.78
80.9333333333333,69.33,69.32
80.95,68.84,69.62
80.9666666666667,70.24,69.61
80.9833333333333,69.95,68.14
81,69.95,68.95
81.0166666666667,69.97,69.25
81.0333333333333,69.6,69.8
81.05,70.03,69.34
81.0666666666667,69.92,69.97
81.0833333333333,69.37,69.75
81.1,69.88,70.18
81.1166666666667,69.63,70.46
81.1333333333333,69.84,70.38
81.15,69.92,70.63
81.1666666666667,70.13,70.62
81.1833333333333,69.86,70.84
81.2,69.73,70.59
81.2166666666667,69.97,71.26
81.2333333333333,69.8,71.02
81.25,69.73,70.98
81.2666666666667,69.8,70.95
81.2833333333333,70.02,71.01
81.3,69.92,70.65
81.3166666666667,69.64,70.72
81.35,69.8,70.63
81.3666666666667,69.68,70.68
81.3833333333333,70.16,70.31
81.4,70.02,69.92
81.4166666666667,69.33,69.7
81.4333333333333,69.88,70.23
81.45,68.97,69.98
81.4666666666667,70.95,69.32
81.4833333333333,70.05,69.57
81.5,69.78,69.72
81.5166666666667,69.97,69.44
81.5333333333333,69.55,69.58
81.55,69.92,68.9
81.5666666666667,70.15,69.28
81.5833333333333,69.83,68.6
81.6,69.53,68.63
81.6166666666667,70.32,69.29
81.6333333333333,70.09,69.07
81.65,69.82,68.88
81.6666666666667,69.9,68.82
81.6833333333333,69.74,68.74
81.7,69.69,68.77
81.7166666666667,69.54,68.17
81.7333333333333,69.78,69.41
81.75,69.77,68.82
81.7666666666667,70.09,69.1
81.7833333333333,69.82,69
81.8,69.82,69.09
81.8166666666667,69.96,69.22
81.8333333333333,69.7,68.78
81.85,71.13,69.11
81.8666666666667,69.73,69.81
81.8833333333333,70.08,69.22
81.9,70.12,69.54
81.9166666666667,70.23,69.93
81.9333333333333,70.04,69.08
81.95,69.59,69.55
81.9666666666667,69.69,69.66
81.9833333333333,69.79,69.57
82,70.03,69.63
82.0166666666667,70.06,69.56
82.0333333333333,69.74,69.7
82.05,69.9,69.19
82.0666666666667,70.06,69.35
82.0833333333333,70.03,69.94
82.1,70.31,69.84
82.1166666666667,70.21,69.72
82.1333333333333,70.09,69.94
82.15,70.03,69.92
82.1666666666667,69.97,68.89
82.2,69.9,70.04
82.2166666666667,69.85,69.41
82.2333333333333,69.87,69.83
82.25,70.12,69.58
82.2666666666667,69.8,69.62
82.2833333333333,69.71,69.62
82.3,70.38,69.57
82.3166666666667,69.86,69.43
82.3333333333333,71.06,68.97
82.35,70.18,69.36
82.3666666666667,70.18,69.09
82.3833333333333,69.96,69.42
82.4,69.97,68.88
82.4166666666667,69.88,69.14
82.4333333333333,70.28,68.69
82.45,69.83,69.08
82.4666666666667,69.83,68.96
82.4833333333333,70.38,69.26
82.5,69.94,68.49
82.5166666666667,70.12,70.06
82.5333333333333,70.15,68.98
82.55,70.14,69.01
82.5666666666667,69.67,68.85
82.5833333333333,69.43,67.79
82.6,69.8,68.57
82.6166666666667,69.9,68.33
82.6333333333333,69.9,68.26
82.65,70.51,68.92
82.6666666666667,70.14,68.69
82.6833333333333,69.9,67.75
82.7,70.29,68.33
82.7166666666667,69.93,67.84
82.7333333333333,70.09,67.93
82.75,70.06,67.85
82.7666666666667,69.76,68.06
82.7833333333333,70.58,68.14
82.8,70.41,67.95
82.8166666666667,70.21,67.48
82.8333333333333,70.29,67.96
82.85,70.05,67.57
82.8666666666667,70.2,67.92
82.8833333333333,70.19,67.7
82.9,70.41,67.76
82.9166666666667,70.5,67.6
82.9333333333333,70.38,67.43
82.95,70.3,67.28
82.9666666666667,71.27,66.89
82.9833333333333,70.44,67.08
83,70.05,66.91
83.0166666666667,70.76,67.3
83.05,70.52,66.51
83.0666666666667,70.35,66.79
83.0833333333333,70.35,66.43
83.1,70.07,66.5
83.1166666666667,71.11,66.3
83.1333333333333,70.23,65.85
83.15,70.39,65.77
83.1666666666667,69.98,65.86
83.1833333333333,70.01,65.83
83.2,70.34,65.37
83.2166666666667,70.24,65.52
83.2333333333333,70.56,65.3
83.25,69.97,65.28
83.2666666666667,70.5,65.12
83.2833333333333,70.96,65.44
83.3,70.43,64.92
83.3166666666667,70.36,64.71
83.3333333333333,70.14,64.95
83.35,69.65,65.14
83.3666666666667,70.44,64.53
83.3833333333333,70.78,64.02
83.4,70.48,64.09
83.4166666666667,70.32,64.64
83.4333333333333,69.96,64.01
83.45,70.31,64.13
83.4666666666667,70.79,63.53
83.4833333333333,70.24,63.84
83.5,70.23,64.08
83.5166666666667,70.27,63.64
83.5333333333333,70.29,63.75
83.55,70.35,63.5
83.5666666666667,70.34,63.54
83.5833333333333,70.18,63.31
83.6,70.23,63.44
83.6166666666667,70.41,63.34
83.6333333333333,70.26,62.84
83.65,70.54,62.93
83.6666666666667,70.28,63.09
83.6833333333333,70.29,62.93
83.7,69.89,63.41
83.7166666666667,70.33,62.63
83.7333333333333,70.45,62.45
83.75,70.31,62.3
83.7666666666667,70.49,62.68
83.7833333333333,70.32,62.22
83.8,70.42,62.53
83.8166666666667,69.91,62.07
83.8333333333333,70.13,62.31
83.85,70.38,62.02
83.8666666666667,70.63,62.41
83.9,70.21,61.84
83.9166666666667,70.56,61.86
83.9333333333333,70.15,61.72
83.95,70.03,61.79
83.9666666666667,70.23,61.75
83.9833333333333,70.28,61.04
84,69.63,61.42
84.0166666666667,70.13,62.04
84.0333333333333,70.05,61.58
84.05,70.03,61.34
84.0666666666667,70.6,61.27
84.0833333333333,70.07,61.81
84.1,70.35,61.61
84.1166666666667,69.96,60.95
84.1333333333333,70.14,61.26
84.15,70.02,61.31
84.1666666666667,69.77,61.16
84.1833333333333,70.33,61.27
84.2,70.13,61.11
84.2166666666667,69.88,61.14
84.2333333333333,70.62,60.99
84.25,70.65,60.79
84.2666666666667,70.27,60.62
84.2833333333333,69.96,60.76
84.3,69.81,60.9
84.3166666666667,69.87,60.8
84.3333333333333,70.23,60.83
84.35,70.35,60.76
84.3666666666667,69.97,60.59
84.3833333333333,70.13,61.01
84.4,70.1,60.88
84.4166666666667,70.24,60.26
84.4333333333333,70.19,60.83
84.45,70.31,60.61
84.4666666666667,69.92,60.28
84.4833333333333,69.75,60.7
84.5,69.75,60.65
84.5166666666667,69.98,60.54
84.5333333333333,69.68,60.7
84.55,70.09,60.8
84.5666666666667,69.85,60.55
84.5833333333333,69.76,60.89
84.6,70.66,59.89
84.6166666666667,70.01,60.74
84.6333333333333,70.14,60.62
84.65,70.03,61.11
84.6666666666667,71.06,60.89
84.6833333333333,70.24,60.57
84.7,69.98,60.75
84.7166666666667,70.36,61.14
84.75,69.79,61.19
84.7666666666667,69.98,60.79
84.7833333333333,70.77,60.93
84.8,69.93,61.16
84.8166666666667,69.91,61.36
84.8333333333333,69.89,61.45
84.85,68.75,61.61
84.8666666666667,69.62,61.44
84.8833333333333,68.91,61.95
84.9,69.81,62.25
84.9166666666667,69.93,62.02
84.9333333333333,69.89,62
84.95,69.99,62.18
84.9666666666667,70.04,62.57
84.9833333333333,70.01,62.73
85,69.55,62.93
85.0166666666667,70.01,63.34
85.0333333333333,69.96,63.33
85.05,69.41,63.55
85.0666666666667,69.64,63.99
85.0833333333333,70.63,64.11
85.1,69.39,63.98
85.1166666666667,69.61,64.61
85.1333333333333,68.86,64.47
85.15,69.68,64.98
85.1666666666667,69.71,64.33
85.1833333333333,69.1,64.93
85.2,69.14,65.34
85.2166666666667,69.42,65.48
85.2333333333333,69.84,66.46
85.25,70.48,66.35
85.2666666666667,69.38,66.47
85.2833333333333,70.45,66.74
85.3,69.54,66.84
85.3166666666667,69.43,68.18
85.3333333333333,69.93,68.06
85.35,70.08,68.66
85.3666666666667,70.29,68.99
85.3833333333333,68.94,68.58
85.4,70.38,69
85.4166666666667,69.21,66.74
85.4333333333333,69.53,69.97
85.45,69.7,69.92
85.4666666666667,69.48,70
85.4833333333333,69.72,70.66
85.5,69.54,70.65
85.5166666666667,69.62,71.35
85.5333333333333,69.53,71.27
85.55,68.65,71.78
85.5666666666667,69.73,71.86
85.6,69.39,71.6
85.6166666666667,69.23,71.77
85.6333333333333,69.48,71.67
85.65,69.63,71.67
85.6666666666667,69.85,71.77
85.6833333333333,69.59,71.83
85.7,69.53,70.88
85.7166666666667,69.52,71.43
85.7333333333333,69.83,71.79
85.75,69.82,71.66
85.7666666666667,69.73,71.18
85.7833333333333,69.35,71.09
85.8,69.25,71.16
85.8166666666667,69.28,70.63
85.8333333333333,69.62,70.73
85.85,69.41,70.31
85.8666666666667,69.89,69.95
85.8833333333333,69.52,70.17
85.9,69.64,70.17
85.9166666666667,69.59,69.63
85.9333333333333,69.5,69.68
85.95,69.5,69.76
85.9666666666667,69.91,68.32
85.9833333333333,70.46,68.87
86,69.84,69.04
86.0166666666667,69.23,69.39
86.0333333333333,70.07,69.98
86.05,69.82,69.37
86.0666666666667,69.18,69.03
86.0833333333333,68.78,69.25
86.1,69.56,69.79
86.1166666666667,69.56,68.74
86.1333333333333,68.96,68.97
86.15,69.57,69.66
86.1666666666667,69.77,70.45
86.1833333333333,69.3,69.75
86.2,69.52,69.48
86.2166666666667,69.25,70.06
86.2333333333333,69.6,70.25
86.25,69.75,70.22
86.2666666666667,69.59,70.46
86.2833333333333,69.56,71.18
86.3,69.29,70.93
86.3166666666667,69.42,71.18
86.3333333333333,69.8,71.07
86.35,69.51,71.51
86.3666666666667,69.85,71.5
86.3833333333333,69.77,71.42
86.4,69.84,71.14
86.4166666666667,69.78,71.38
86.45,69.53,71.24
86.4666666666667,69.39,71.23
86.4833333333333,69.36,71.08
86.5,69.63,70.48
86.5166666666667,69.48,70.92
86.5333333333333,69.84,70.75
86.55,69.87,70.59
86.5666666666667,69.14,70.56
86.5833333333333,69.64,70.24
86.6,70.05,70.18
86.6166666666667,69.43,70.44
86.6333333333333,69.73,69.88
86.65,69.36,69.79
86.6666666666667,69.87,69.23
86.6833333333333,70.32,70.11
86.7,69.6,69.27
86.7166666666667,70.05,69.02
86.7333333333333,69.92,69.36
86.75,69.71,69.09
86.7666666666667,67.75,68.73
86.7833333333333,69.78,69.33
86.8,69.89,69.01
86.8166666666667,70.27,69.15
86.8333333333333,69.92,68.59
86.85,69.86,69.19
86.8666666666667,69.35,69.35
86.8833333333333,69.62,69.5
86.9,69.87,69.99
86.9166666666667,71.15,69.85
86.9333333333333,69.69,69.69
86.95,69.89,69.59
86.9666666666667,70.13,70.01
86.9833333333333,69.75,70.24
87,69.67,69.48
87.0166666666667,69.87,70.08
87.0333333333333,69.64,70.04
87.05,69.84,70.94
87.0666666666667,69.74,70.78
87.0833333333333,70.25,70.8
87.1,69.94,70.39
87.1166666666667,70.03,70.91
87.1333333333333,69.79,70.96
87.15,69.95,70.99
87.1666666666667,70.11,70.49
87.1833333333333,69.71,70.07
87.2,70.03,69.92
87.2166666666667,70.2,70.26
87.2333333333333,70.08,69.85
87.25,70.05,69.7
87.2666666666667,69.26,69.5
87.3,69.5,69.68
87.3166666666667,69.78,70.06
87.3333333333333,70.26,69.48
87.35,69.86,69.16
87.3666666666667,69.47,69.2
87.3833333333333,69.96,69.49
87.4,69.92,69.34
87.4166666666667,69.73,68.81
87.4333333333333,70.11,69.03
87.45,69.46,69
87.4666666666667,70.22,69.11
87.4833333333333,69.8,68.72
87.5,70.04,68.86
87.5166666666667,69.95,68.69
87.5333333333333,70.28,68.8
87.55,69.88,68.41
87.5666666666667,69.96,68.89
87.5833333333333,69.72,68.86
87.6,69.6,69.3
87.6166666666667,69.99,69.21
87.6333333333333,69.87,68.82
87.65,70.05,68.65
87.6666666666667,70.45,69.05
87.6833333333333,69.86,67.89
87.7,70.05,69
87.7166666666667,70.13,68.66
87.7333333333333,70.77,68.46
87.75,70.13,68.6
87.7666666666667,70.11,66.94
87.7833333333333,69.99,68.38
87.8,70.16,67.96
87.8166666666667,70.01,69.04
87.8333333333333,70.04,68.4
87.85,69.73,68.41
87.8666666666667,69.74,68.56
87.8833333333333,69.99,68.5
87.9,70.34,68.32
87.9166666666667,69.88,68.55
87.9333333333333,69.91,68.39
87.95,70.05,68.44
87.9666666666667,70,68.42
87.9833333333333,70,68.37
88,70.01,68.45
88.0166666666667,70.27,68.33
88.0333333333333,69.99,68.56
88.05,70.11,68.45
88.0666666666667,69.83,67.9
88.0833333333333,70.26,68.63
88.1,70.26,68.74
88.1166666666667,70.32,68.32
88.15,70.07,68.33
88.1666666666667,70.34,67.63
88.1833333333333,69.81,67.8
88.2,70.07,67.75
88.2166666666667,70.37,67.76
88.2333333333333,70.35,67.61
88.25,70.11,67.68
88.2666666666667,70.37,67.38
88.2833333333333,70.01,67.84
88.3,70.29,67.97
88.3166666666667,70.24,67.37
88.3333333333333,70.2,67.51
88.35,69.93,67.25
88.3666666666667,70.32,66.97
88.3833333333333,70.1,67.11
88.4,69.42,67.09
88.4166666666667,70.27,67.06
88.4333333333333,70.13,66.73
88.45,70.22,66.28
88.4666666666667,69.93,67.06
88.4833333333333,70.11,66.53
88.5,69.92,66.13
88.5166666666667,70.3,66.46
88.5333333333333,70.31,66.41
88.55,70.16,66.32
88.5666666666667,69.95,66.44
88.5833333333333,70.26,66.1
88.6,70.46,65.77
88.6166666666667,70.17,65.85
88.6333333333333,70.19,65.6
88.65,69.97,65.76
88.6666666666667,70.24,65.77
88.6833333333333,69.92,65.64
88.7,70.2,65.92
88.7166666666667,70.11,65.56
88.7333333333333,70.3,65.61
88.75,70.32,65.34
88.7666666666667,70.15,65.02
88.7833333333333,69.72,65.13
88.8,70.16,64.74
88.8166666666667,70.27,65.16
88.8333333333333,70.21,65.13
88.85,69.98,64.64
88.8666666666667,70.24,64.63
88.8833333333333,70.32,64.65
88.9,69.96,64.69
88.9166666666667,70.1,64.3
88.9333333333333,70.17,64.58
88.95,70.09,64.35
88.9666666666667,70.57,64.17
89,70.14,64.24
89.0166666666667,70.15,64.32
89.0333333333333,70.25,64.21
89.05,69.72,63.74
89.0666666666667,70.29,63.55
89.0833333333333,69.7,64
89.1,70.17,63.98
89.1166666666667,69.95,63.51
89.1333333333333,70.05,63.38
89.15,70.27,63.7
89.1666666666667,70.51,63.45
89.1833333333333,69.98,63.41
89.2,69.96,63.67
89.2166666666667,70.58,63.46
89.2333333333333,70.09,63.41
89.25,70.06,63.37
89.2666666666667,69.86,63.14
89.2833333333333,70.27,62.65
89.3,69.42,63.27
89.3166666666667,70.12,63.08
89.3333333333333,70.75,63.29
89.35,70,63.04
89.3666666666667,70.03,62.92
89.3833333333333,70.59,63.14
89.4,69.75,62.89
89.4166666666667,69.93,62.7
89.4333333333333,70.06,62.6
89.45,70.14,63.09
89.4666666666667,70.01,62.79
89.4833333333333,70.13,62.76
89.5,69.97,62.42
89.5166666666667,70.16,62.53
89.5333333333333,69.99,62.23
89.55,70.52,62.23
89.5666666666667,69.98,62.64
89.5833333333333,70.2,62.28
89.6,69.7,62.98
89.6166666666667,69.72,61.88
89.6333333333333,70.16,61.6
89.65,70.18,62.19
89.6666666666667,70.11,62.45
89.6833333333333,69.97,62.27
89.7,70.09,62.63
89.7166666666667,69.79,62.12
89.7333333333333,70.04,62.09
89.75,70.26,62.25
89.7666666666667,70.01,62.06
89.7833333333333,69.73,62.02
89.8,70.09,63.05
89.8166666666667,70.68,62.03
89.85,70.11,62.41
89.8666666666667,70.27,61.83
89.8833333333333,70.07,62.33
89.9,69.77,62.15
89.9166666666667,70.03,61.92
89.9333333333333,69.76,62.08
89.95,70.31,62.14
89.9666666666667,70.11,62.29
89.9833333333333,70.15,62.41
90,70.31,62.18
90.0166666666667,70.01,62.56
90.0333333333333,69.92,62.34
90.05,69.9,62.25
90.0666666666667,70.12,62.53
90.0833333333333,70.04,62.86
90.1,69.84,62.5
90.1166666666667,69.72,62.48
90.1333333333333,70.53,62.68
90.15,69.72,63.1
90.1666666666667,69.98,62.78
90.1833333333333,70.02,62.75
90.2,69.98,63.21
90.2166666666667,69.01,63.71
90.2333333333333,69.73,63.02
90.25,69.84,63.48
90.2666666666667,69.96,63.51
90.2833333333333,69.4,62.99
90.3,69.66,63.73
90.3166666666667,69.51,64.15
90.3333333333333,70.12,63.47
90.35,70.97,64.06
90.3666666666667,70.21,63.98
90.3833333333333,69.92,64.35
90.4,69.83,63.77
90.4166666666667,69.85,64.57
90.4333333333333,69.97,64.55
90.45,70.04,64.6
90.4666666666667,69.89,64.64
90.4833333333333,70.07,64.59
90.5,69.77,65.02
90.5166666666667,69.49,64.86
90.5333333333333,69.75,65.74
90.55,69.37,65.45
90.5666666666667,69.55,66.22
90.5833333333333,69.87,66.4
90.6,70.2,66.97
90.6166666666667,69.96,66.56
90.6333333333333,70.1,66.9
90.65,69.79,67.28
90.6666666666667,70.54,67.59
90.7,69.59,67.75
90.7166666666667,69.2,67.56
90.7333333333333,69.48,67.83
90.75,69.7,68.67
90.7666666666667,69.83,68.27
90.7833333333333,69.54,68.85
90.8,69.81,68.97
90.8166666666667,69.89,69.08
90.8333333333333,70.31,69.5
90.85,70.18,69.63
90.8666666666667,69.62,70.13
90.8833333333333,69.66,70.07
90.9,69.48,70.38
90.9166666666667,69.45,70.69
90.9333333333333,69.63,70.89
90.95,70.03,70.96
90.9666666666667,69.74,71.47
90.9833333333333,69.47,70.73
91,69.85,71.54
91.0166666666667,69.69,72.08
91.0333333333333,69.62,71.61
91.05,69.83,71.51
91.0666666666667,69.64,71.39
91.0833333333333,69.76,71.3
91.1,69.89,71.58
91.1166666666667,69.96,71.31
91.1333333333333,69.57,71.24
91.15,69.68,71.13
91.1666666666667,69.63,71.57
91.1833333333333,69.83,70.87
91.2,69.69,71.13
91.2166666666667,69.46,70.66
91.2333333333333,69.57,70.75
91.25,69.74,70.38
91.2666666666667,69.71,70.16
91.2833333333333,69.62,70.02
91.3,69.47,70.17
91.3166666666667,69.82,69.99
91.3333333333333,69.59,70.4
91.35,69.34,70.06
91.3666666666667,69.92,69.49
91.3833333333333,69.59,69.44
91.4,69.62,69.3
91.4166666666667,69.64,68.6
91.4333333333333,69.77,69.13
91.45,69.45,68.9
91.4666666666667,70.03,69.08
91.4833333333333,69.98,69.24
91.5,70.14,69.32
91.5166666666667,69.47,70.12
91.55,69.91,70.07
91.5666666666667,69.73,70.03
91.5833333333333,69.81,69.44
91.6,69.67,69.83
91.6166666666667,69.27,69.59
91.6333333333333,69.15,69.78
91.65,70.05,70.48
91.6666666666667,69.81,70.75
91.6833333333333,69.43,70.43
91.7,69.75,70.66
91.7166666666667,69.74,71.16
91.7333333333333,69.67,71.02
91.75,69.6,71.1
91.7666666666667,69.74,71.06
91.7833333333333,69.71,71.41
91.8,69.58,71.17
91.8166666666667,69.57,70.6
91.8333333333333,69.82,70.94
91.85,69.79,71.23
91.8666666666667,69.91,70.6
91.8833333333333,69.82,70.94
91.9,69.26,70.65
91.9166666666667,69.83,71.05
91.9333333333333,69.79,70.81
91.95,69.85,70.37
91.9666666666667,70.15,70.46
91.9833333333333,69.65,70.1
92,69.38,69.99
92.0166666666667,69.84,69.89
92.0333333333333,70.37,69.68
92.05,69.84,68.16
92.0666666666667,69.43,69.82
92.0833333333333,69.78,68.38
92.1,70.02,69.2
92.1166666666667,70.18,69.12
92.1333333333333,69.73,68.75
92.15,69.05,69.73
92.1666666666667,69.96,68.84
92.1833333333333,69.89,68.98
92.2,69.94,68.89
92.2166666666667,69.82,69.02
92.2333333333333,70.02,68.89
92.25,69.55,69.02
92.2666666666667,69.86,68.9
92.2833333333333,70.07,68.95
92.3,70.3,69.37
92.3166666666667,69.46,69.42
92.3333333333333,69.65,69.4
92.35,69.68,69.54
92.3666666666667,70.02,69.96
92.4,69.94,69.9
92.4166666666667,70,69.96
92.4333333333333,70.11,69.86
92.45,69.49,70.4
92.4666666666667,69.91,70.19
92.4833333333333,69.56,70.74
92.5,69.92,70.42
92.5166666666667,69.93,70.6
92.5333333333333,70.42,70.47
92.55,70.09,70.37
92.5666666666667,70.22,70.72
92.5833333333333,69.93,70.28
92.6,69.86,70.42
92.6166666666667,69.98,70.69
92.6333333333333,69.71,70.22
92.65,70.09,70.33
92.6666666666667,70.17,70.16
92.6833333333333,70.21,70.08
92.7,70.66,70.02
92.7166666666667,69.84,69.69
92.7333333333333,70.07,70.34
92.75,69.94,69.82
92.7666666666667,69.83,69.86
92.7833333333333,70.34,69.31
92.8,70.25,69.3
92.8166666666667,69.43,69.23
92.8333333333333,70.08,68.62
92.85,69.98,68.89
92.8666666666667,69.35,68.62
92.8833333333333,70.1,68.99
92.9,68.84,69.05
92.9166666666667,69.65,68.47
92.9333333333333,70.75,68.53
92.95,70.39,68.76
92.9666666666667,70.08,68.56
92.9833333333333,70.24,68.66
93,69.69,68.63
93.0166666666667,69.92,68.23
93.0333333333333,70.58,68.24
93.05,70.55,69.07
93.0666666666667,70.09,68.46
93.0833333333333,70.34,68.37
93.1,70.17,68.25
93.1166666666667,70.49,68.7
93.1333333333333,70.34,68.08
93.15,69.9,68.41
93.1666666666667,69.83,67.88
93.1833333333333,69.87,68.09
93.2,70.04,67.87
93.2166666666667,70.03,68.4
93.25,70.46,67.97
93.2666666666667,70.33,67.76
93.2833333333333,70.02,67.65
93.3,69.77,67.39
93.3166666666667,70.24,67.46
93.3333333333333,70.04,68.07
93.35,70.41,67.37
93.3666666666667,70.01,67.63
93.3833333333333,70.19,67.19
93.4,70.41,67.29
93.4166666666667,70.14,67.16
93.4333333333333,70.38,66.72
93.45,70.63,66.77
93.4666666666667,70.38,66.68
93.4833333333333,70.32,67.16
93.5,70.03,66.64
93.5166666666667,70.29,66.76
93.5333333333333,70.08,66.57
93.55,70.06,66.51
93.5666666666667,70.33,66.48
93.5833333333333,69.98,66.83
93.6,70.57,66.32
93.6166666666667,70.11,66.34
93.6333333333333,70.08,66.15
93.65,70.18,65.96
93.6666666666667,70.13,66.16
93.6833333333333,70.01,65.66
93.7,70.38,65.66
93.7166666666667,70.12,65.67
93.7333333333333,70.09,65.73
93.75,70.34,65.19
93.7666666666667,70.08,65.03
93.7833333333333,70.14,65.29
93.8,69.96,64.91
93.8166666666667,70.07,64.94
93.8333333333333,70.3,65.22
93.85,70.41,64.83
93.8666666666667,70.36,64.75
93.8833333333333,70.11,64.93
93.9,70.03,64.53
93.9166666666667,69.88,64.34
93.9333333333333,70.52,65.45
93.95,70.18,64.8
93.9666666666667,70.01,64.49
93.9833333333333,70.55,64.47
94,70.01,64.29
94.0166666666667,70.15,64
94.0333333333333,70.56,64.24
94.05,70.3,63.65
94.0666666666667,70.11,63.84
94.1,70.59,63.42
94.1166666666667,70.09,63.6
94.1333333333333,70.34,63.61
94.15,69.76,63.67
94.1666666666667,70.3,63.07
94.1833333333333,70.65,63.36
94.2,70.12,63.33
94.2166666666667,70.25,63.11
94.2333333333333,70.18,63.32
94.25,70.25,63.14
94.2666666666667,70.38,62.86
94.2833333333333,70.22,62.87
94.3,70.12,62.81
94.3166666666667,70.18,62.71
94.3333333333333,70.16,62.71
94.35,70.52,62.89
94.3666666666667,70.11,62.27
94.3833333333333,70.32,62.59
94.4,70.25,62.57
94.4166666666667,70.26,62.64
94.4333333333333,69.85,62.38
94.45,69.77,62.33
94.4666666666667,70.2,61.97
94.4833333333333,70.07,62.2
94.5,70.04,61.8
94.5166666666667,70.07,62.29
94.5333333333333,70.01,61.96
94.55,70.07,62.04
94.5666666666667,70.12,62.06
94.5833333333333,70.12,62.18
94.6,70.26,61.83
94.6166666666667,70.36,62.19
94.6333333333333,70.23,61.76
94.65,70.09,61.74
94.6666666666667,69.96,61.89
94.6833333333333,70.19,62.05
94.7,70.27,61.15
94.7166666666667,70.07,61.85
94.7333333333333,70.16,61.49
94.75,69.8,61.61
94.7666666666667,70.03,61.49
94.7833333333333,69.83,61.88
94.8,70.04,61.67
94.8166666666667,70.13,61.99
94.8333333333333,70.18,61.37
94.85,69.06,61.55
94.8666666666667,70.1,61.65
94.8833333333333,69.8,61.74
94.9,69.76,61.61
94.9166666666667,70.7,62.12
94.95,70.42,61.42
94.9666666666667,70.09,61.13
94.9833333333333,69.47,61.59
95,69.52,61.33
95.0166666666667,70.06,61.65
95.0333333333333,69.67,61.73
95.05,70,61.82
95.0666666666667,69.67,61.67
95.0833333333333,69.92,62.02
95.1,70.08,62.13
95.1166666666667,69.98,62.01
95.1333333333333,70.06,62.04
95.15,70.21,62.63
95.1666666666667,69.84,62.49
95.1833333333333,69.74,62.29
95.2,69.92,62.47
95.2166666666667,69.4,62.48
95.2333333333333,70.04,62.39
95.25,69.94,61.98
95.2666666666667,69.94,62.52
95.2833333333333,69.56,62.72
95.3,69.88,63.26
95.3166666666667,69.42,63.39
95.3333333333333,69.86,63.62
95.35,69.37,62.87
95.3666666666667,70.72,62.22
95.3833333333333,69.21,63.72
95.4,69.66,64.41
95.4166666666667,69.86,61.92
95.4333333333333,69.97,64.32
95.45,69.72,65.55
95.4666666666667,69.78,64.42
95.4833333333333,69.77,65.13
95.5,69.75,65.45
95.5166666666667,69.73,65.25
95.5333333333333,69.65,66.21
95.55,69.78,66.76
95.5666666666667,69.62,65.6
95.5833333333333,69.22,65.78
95.6,69.63,66.96
95.6166666666667,69.99,66.86
95.6333333333333,69.91,67.43
95.65,69.8,68.03
95.6666666666667,69.33,67.57
95.6833333333333,69.56,68.29
95.7,69.49,68.42
95.7166666666667,70.21,69.18
95.7333333333333,70.72,69.55
95.75,69.65,69.31
95.7666666666667,69.74,70.07
95.8,69.67,70.18
95.8166666666667,69.8,70.62
95.8333333333333,69.65,71.01
95.85,69.85,71.04
95.8666666666667,69.52,71.06
95.8833333333333,69.66,71.17
95.9,69.52,71.75
95.9166666666667,69.82,71.19
95.9333333333333,69.93,71.69
95.95,69.4,71.82
95.9666666666667,69.72,71.78
95.9833333333333,69.51,71.86
96,69.52,71.6
96.0166666666667,69.61,71.4
96.0333333333333,69.5,71.51
96.05,69.84,71.67
96.0666666666667,69.81,71.25
96.0833333333333,69.6,71.58
96.1,69.79,71.17
96.1166666666667,69.96,71.21
96.1333333333333,69.95,71.1
96.15,69.63,70.81
96.1666666666667,69.93,70.91
96.1833333333333,69.59,70.95
96.2,69.7,70.64
96.2166666666667,69.71,70.14
96.2333333333333,69.38,69.64
96.25,68.89,69.67
96.2666666666667,70.02,69.87
96.2833333333333,68.54,69.56
96.3,69.36,70.11
96.3166666666667,69.49,69.55
96.3333333333333,69.57,69.18
96.35,69.84,68.26
96.3666666666667,69.81,69.28
96.3833333333333,69.43,68.19
96.4,69.61,68.71
96.4166666666667,69.99,69.08
96.4333333333333,70.45,68.87
96.45,70.02,69.39
96.4666666666667,69.41,69.14
96.4833333333333,69.73,69.26
96.5,69.25,69.77
96.5166666666667,69.84,69.11
96.5333333333333,69.4,70.13
96.55,69.63,70.63
96.5666666666667,69.93,70.67
96.5833333333333,69.46,70.87
96.6,69.39,71.26
96.6166666666667,69.66,71.17
96.65,69.6,70.98
96.6666666666667,69.6,71.17
96.6833333333333,69.64,71.12
96.7,69.57,71.51
96.7166666666667,69.93,71.32
96.7333333333333,69.81,71.65
96.75,69.68,71.16
96.7666666666667,70.31,71.24
96.7833333333333,69.83,71.12
96.8,69.76,70.87
96.8166666666667,69.69,70.84
96.8333333333333,69.95,70.4
96.85,69.7,70.57
96.8666666666667,69.83,70.52
96.8833333333333,69.9,70.09
96.9,69.63,70.45
96.9166666666667,70.25,69.83
96.9333333333333,68.97,70.16
96.95,70.01,69.35
96.9666666666667,70.11,69.53
96.9833333333333,69.91,69.42
97,68.8,68.94
97.0166666666667,69.53,69.57
97.0333333333333,70.03,68.98
97.05,69.78,68.64
97.0666666666667,69.66,68.62
97.0833333333333,69.64,69.46
97.1,70.24,69.05
97.1166666666667,69.87,69.03
97.1333333333333,69.55,69.11
97.15,69.98,69.11
97.1666666666667,70.1,69.2
97.1833333333333,69.49,69.11
97.2,69.74,69.88
97.2166666666667,70.16,69.13
97.2333333333333,69.81,70.11
97.25,69.9,69.52
97.2666666666667,69.91,69.9
97.2833333333333,69.63,69.97
97.3,69.8,70.33
97.3166666666667,69.82,70.43
97.3333333333333,69.77,70.64
97.35,69.9,70.65
97.3666666666667,69.99,70.45
97.3833333333333,69.93,70.5
97.4,69.94,70.42
97.4166666666667,70.17,70.59
97.4333333333333,70.22,70.59
97.45,70.39,70.44
97.4666666666667,69.94,70.54
97.5,69.99,70.23
97.5166666666667,70.18,69.91
97.5333333333333,70.12,69.86
97.55,69.87,70.09
97.5666666666667,69.87,69.82
97.5833333333333,69.72,69.81
97.6,69.77,70
97.6166666666667,69.88,69.39
97.6333333333333,69.82,69.43
97.65,69.83,69.19
97.6666666666667,69.69,69.75
97.6833333333333,70.24,69.04
97.7,70,68.88
97.7166666666667,70.7,68.85
97.7333333333333,70.21,68.81
97.75,69.97,68.74
97.7666666666667,70.22,68.14
97.7833333333333,70.33,68.34
97.8,69.8,68.55
97.8166666666667,70.12,67.87
97.8333333333333,70.09,68.24
97.85,70.43,67.92
97.8666666666667,70.49,67.6
97.8833333333333,70.11,67.41
97.9,70.06,68.11
97.9166666666667,70.13,67.85
97.9333333333333,70.08,67.64
97.95,70.2,67.37
97.9666666666667,70.09,67.35
97.9833333333333,70.06,67.31
98,69.96,67.34
98.0166666666667,69.97,67.33
98.0333333333333,70.28,68.03
98.05,69.99,66.81
98.0666666666667,69.95,67.03
98.0833333333333,69.74,67
98.1,69.85,66.82
98.1166666666667,70.33,66.58
98.1333333333333,70.15,66.5
98.15,69.64,66.7
98.1666666666667,69.83,66.5
98.1833333333333,70.16,66.67
98.2,70.05,66.49
98.2166666666667,69.45,66.34
98.2333333333333,69.92,66.6
98.25,69.95,65.89
98.2666666666667,70.54,66.23
98.2833333333333,70.2,66.43
98.3,70.05,65.97
98.3166666666667,70.08,66.15
98.35,70.07,66.28
98.3666666666667,70.01,65.76
98.3833333333333,70.22,65.87
98.4,70.16,65.74
98.4166666666667,70.55,65.78
98.4333333333333,70.23,65.63
98.45,69.65,65.73
98.4666666666667,69.88,65.18
98.4833333333333,70.03,65.07
98.5,70.16,65
98.5166666666667,70.27,64.98
98.5333333333333,70.02,65.15
98.55,70.12,64.72
98.5666666666667,70.02,64.71
98.5833333333333,70.15,64.55
98.6,69.58,64.42
98.6166666666667,70.2,64.46
98.6333333333333,69.92,64.34
98.65,70.11,64.24
98.6666666666667,69.95,64.41
98.6833333333333,70.23,64.1
98.7,69.95,63.86
98.7166666666667,70.13,63.91
98.7333333333333,70.19,63.99
98.75,69.96,63.51
98.7666666666667,70.23,63.63
98.7833333333333,70.17,63.82
98.8,70.39,63.14
98.8166666666667,70.02,63.4
98.8333333333333,70.06,63.2
98.85,70.08,63.53
98.8666666666667,69.81,63.11
98.8833333333333,70.17,62.75
98.9,70.16,62.66
98.9166666666667,70.39,62.95
98.9333333333333,70.51,62.61
98.95,70.12,62.54
98.9666666666667,70.84,62.26
98.9833333333333,70.13,62.38
99,70.46,62.13
99.0166666666667,70.35,61.32
99.0333333333333,70,62.08
99.05,70.12,62.05
99.0666666666667,70.08,61.79
99.0833333333333,70.45,61.69
99.1,70.19,61.94
99.1166666666667,70.02,61.62
99.1333333333333,70.14,61.94
99.15,69.92,61.65
99.1666666666667,70.1,61.43
99.2,70.48,61.57
99.2166666666667,69.75,61.25
99.2333333333333,69.87,61.1
99.25,70.18,60.91
99.2666666666667,70.25,61.1
99.2833333333333,69.94,60.31
99.3,69.86,60.77
99.3166666666667,70.26,60.73
99.3333333333333,70.16,60.87
99.35,70.29,60.12
99.3666666666667,70.08,60.47
99.3833333333333,70.15,60.45
99.4,70.06,60.48
99.4166666666667,69.84,60.33
99.4333333333333,70.21,60.1
99.45,70.32,60.02
99.4666666666667,69.88,60.1
99.4833333333333,69.88,60.05
99.5,70.01,59.55
99.5166666666667,70.02,59.64
99.5333333333333,69.5,59.88
99.55,69.94,60.12
99.5666666666667,69.79,59.81
99.5833333333333,69.89,59.79
99.6,69.96,59.44
99.6166666666667,69.7,59.51
99.6333333333333,69.91,59.16
99.65,69.74,59.19
99.6666666666667,69.99,59.79
99.6833333333333,69.84,59.33
99.7,69.76,59.24
99.7166666666667,70.14,59.07
99.7333333333333,69.64,58.91
99.75,69.72,58.95
99.7666666666667,69.78,58.89
99.7833333333333,69.75,58.94
99.8,69.47,58.61
99.8166666666667,69.74,58.81
99.8333333333333,69.66,58.69
99.85,69.64,58.75
99.8666666666667,69.73,58.45
99.8833333333333,69.6,58.76
99.9,69.89,58.43
99.9166666666667,70.07,58.34
99.9333333333333,70.09,58.15
99.95,69.14,58.33
99.9666666666667,69.62,58.27
99.9833333333333,69.76,58.41
100,69.54,58.36
100.016666666667,69.53,58.35
100.05,69.91,57.86
100.066666666667,69.69,57.95
100.083333333333,69.55,58.08
100.1,69.64,57.99
100.116666666667,69.6,57.73
100.133333333333,69.71,57.77
100.15,69.99,57.69
100.166666666667,69.8,57.58
100.183333333333,69.61,57.61
100.2,69.41,57.57
100.216666666667,69.54,57.87
100.233333333333,69.48,56.96
100.25,69.91,57.69
100.266666666667,69.38,57.42
100.283333333333,69.44,57.49
100.3,69.51,57.5
100.316666666667,69.42,57.5
100.333333333333,69.76,57.23
100.35,69.59,57.29
100.366666666667,69.42,57.49
100.383333333333,69.33,57.16
100.4,69.47,57.27
100.416666666667,69.26,56.61
100.433333333333,69.51,57.12
100.45,69.23,56.91
100.466666666667,68.87,56.83
100.483333333333,69.32,56.95
100.5,69.39,56.68
100.516666666667,69.68,56.71
100.533333333333,69.1,56.67
100.55,68.79,56.56
100.566666666667,69.3,56.59
100.583333333333,68.95,56.5
100.6,68.98,56.59
100.616666666667,68.62,56.68
100.633333333333,68.8,56.46
100.65,69.02,56.18
100.666666666667,68.88,56.49
100.683333333333,68.97,56.39
100.7,68.98,56.52
100.716666666667,68.88,56.18
100.733333333333,68.59,56.2
100.75,69.25,56.07
100.766666666667,68.91,56.13
100.783333333333,68.34,56.45
100.8,68.77,56.03
100.816666666667,68.27,56.23
100.833333333333,68.46,55.93
100.85,68.24,55.75
100.866666666667,68.71,55.74
100.9,68.57,56.14
100.916666666667,68.56,55.74
100.933333333333,68.83,55.83
100.95,69,55.7
100.966666666667,68.62,55.73
100.983333333333,68.48,55.69
101,69.04,56.12
101.016666666667,68.62,55.62
101.033333333333,68.73,55.66
101.05,68.61,55.55
101.066666666667,68.63,55.52
101.083333333333,68.46,55.46
101.1,68.13,55.49
101.116666666667,68.12,55.51
101.133333333333,68.6,55.25
101.15,68.53,55.31
101.166666666667,68.46,55.2
101.183333333333,68.48,55.4
101.2,68.93,55.51
101.216666666667,68,55.27
101.233333333333,68.5,55.26
101.25,68.37,54.61
101.266666666667,68.46,55.18
101.283333333333,68.31,55.3
101.3,68.1,55.05
101.316666666667,68.42,54.74
101.333333333333,68.36,55.01
101.35,68.3,55.07
101.366666666667,68.23,55.06
101.383333333333,68.18,54.86
101.4,68.21,55.04
101.416666666667,67.84,54.82
101.433333333333,68.04,54.84
101.45,68.15,54.98
101.466666666667,68.12,55.11
101.483333333333,68.15,54.99
101.5,67.9,54.64
101.516666666667,68.03,54.81
101.533333333333,67.77,54.68
101.55,68.04,54.56
101.566666666667,68.16,54.42
101.583333333333,68.04,54.55
101.6,68.04,54.44
101.616666666667,68.23,54.28
101.633333333333,68.38,54.62
101.65,67.96,54.4
101.666666666667,67.94,54.44
101.683333333333,67.53,54.62
101.7,68.09,54.55
101.716666666667,67.73,54.47
101.75,67.44,54.19
101.766666666667,67.73,54.47
101.783333333333,67.86,54.24
101.8,68.05,54.14
101.816666666667,67.76,54.11
101.833333333333,67.58,54.17
101.85,67.62,54.26
101.866666666667,67.48,54.36
101.883333333333,67.93,54.23
101.9,67.64,54.03
101.916666666667,67.74,54.1
101.933333333333,68.16,53.75
101.95,67.82,54.14
101.966666666667,67.55,53.86
101.983333333333,67.8,54.19
102,67.54,53.8
102.016666666667,67.11,53.98
102.033333333333,67.29,53.73
102.05,67.41,54.12
102.066666666667,68,53.96
102.083333333333,67.72,54.36
102.1,67.22,53.54
102.116666666667,67.62,53.77
102.133333333333,67.62,53.85
102.15,67.15,53.83
102.166666666667,67.19,53.71
102.183333333333,67.32,53.53
102.2,67.33,53.54
102.216666666667,66.85,53.83
102.233333333333,67.49,53.93
102.25,67.22,53.63
102.266666666667,67.41,53.47
102.283333333333,67.64,53.94
102.3,67.48,53.4
102.316666666667,66.87,53.19
102.333333333333,67.14,53.52
102.35,67.04,53.71
102.366666666667,67.11,53.16
102.383333333333,67.07,53.58
102.4,67.15,53.38
102.416666666667,67.03,53.4
102.433333333333,67.09,53.45
102.45,66.84,53.27
102.466666666667,67.16,53.38
102.483333333333,67.25,53.53
102.5,66.26,53.23
102.516666666667,66.84,53.19
102.533333333333,67.08,53.15
102.55,67.28,53.52
102.566666666667,66.92,53.41
102.6,67.07,53.25
102.616666666667,66.8,53.35
102.633333333333,67,53.25
102.65,66.43,53.34
102.666666666667,66.68,53.15
102.683333333333,66.84,52.88
102.7,67.06,53.57
102.716666666667,66.53,53.27
102.733333333333,66.49,53.26
102.75,66.44,52.71
102.766666666667,66.63,53.01
102.783333333333,66.64,53.22
102.8,66.87,53.01
102.816666666667,66.33,53.07
102.833333333333,66.56,52.92
102.85,66.51,52.92
102.866666666667,66.75,52.9
102.883333333333,66.25,52.78
102.9,66.33,52.73
102.916666666667,66.66,52.56
102.933333333333,66.2,52.45
102.95,66.16,52.87
102.966666666667,66.23,52.89
102.983333333333,66.69,52.56
103,66.17,52.5
103.016666666667,66.14,52.58
103.033333333333,66.33,52.61
103.05,66.4,52.6
103.066666666667,65.73,52.57
103.083333333333,65.12,52.78
103.1,66.36,52.65
103.116666666667,65.98,52.48
103.133333333333,65.81,52.46
103.15,66.17,52.51
103.166666666667,65.6,52.67
103.183333333333,66.11,52.03
103.2,65.82,52.27
103.216666666667,65.81,52.49
103.233333333333,66.09,52.78
103.25,65.95,51.72
103.266666666667,65.98,52.51
103.283333333333,65.74,52.02
103.3,65.93,52.22
103.316666666667,65.83,52.2
103.333333333333,66.33,52.43
103.35,65.93,52.15
103.366666666667,65.68,52.22
103.383333333333,66,51.99
103.4,65.94,52.11
103.416666666667,65.82,52
103.45,65.9,52.2
103.466666666667,65.85,52.21
103.483333333333,65.37,52.08
103.5,65.92,52.02
103.516666666667,65.85,52.15
103.533333333333,65.81,51.92
103.55,65.76,51.94
103.566666666667,65.76,51.69
103.583333333333,66.09,52.07
103.6,65.28,52.17
103.616666666667,65.82,51.8
103.633333333333,65.67,51.84
103.65,65.58,51.9
103.666666666667,65.47,51.41
103.683333333333,65.65,51.42
103.7,65.69,50.94
103.716666666667,65.37,51.7
103.733333333333,65.3,51.77
103.75,65.25,51.55
103.766666666667,65.2,51.62
103.783333333333,66.02,51.6
103.8,65.11,51.51
103.816666666667,65.2,52.04
103.833333333333,65.26,51.76
103.85,65.02,51.66
103.866666666667,65.32,51.75
103.883333333333,64.55,51.37
103.9,65.35,51.56
103.916666666667,65.34,51.62
103.933333333333,65.08,51.67
103.95,65.37,51.55
103.966666666667,65.24,51.36
103.983333333333,65,51.63
104,65.41,51.05
104.016666666667,65.28,51.37
104.033333333333,65.11,51.27
104.05,65.04,51.4
104.066666666667,65.02,51.35
104.083333333333,64.73,51.55
104.1,64.96,51.45
104.116666666667,65.12,51.18
104.133333333333,64.88,51.36
104.15,65.16,51.62
104.166666666667,64.92,51.1
104.183333333333,64.86,51.27
104.2,64.88,51.18
104.216666666667,64.47,51.34
104.233333333333,64.8,51.24
104.25,64.44,51
104.266666666667,64.68,51.07
104.3,64.79,51.01
104.316666666667,64.91,51.04
104.333333333333,64.72,51.18
104.35,64.73,50.82
104.366666666667,64.75,51.23
104.383333333333,64.38,50.99
104.4,64.83,51.04
104.416666666667,64.47,51.01
104.433333333333,64.35,51.03
104.45,64.72,50.98
104.466666666667,64.35,51.12
104.483333333333,64.33,51.12
104.5,64.52,50.8
104.516666666667,64.48,50.88
104.533333333333,64.15,50.98
104.55,64.59,50.82
104.566666666667,64.4,50.97
104.583333333333,64.66,50.76
104.6,64.35,51
104.616666666667,64.24,50.96
104.633333333333,64.09,50.75
104.65,64.33,50.51
104.666666666667,64.42,50.71
104.683333333333,64.36,50.88
104.7,64.49,50.63
104.716666666667,64.14,50.81
104.733333333333,64.09,50.38
104.75,63.77,50.78
104.766666666667,64.07,50.58
104.783333333333,64.16,50.31
104.8,64.16,50.76
104.816666666667,64.37,50.52
104.833333333333,64.02,50.73
104.85,63.89,50.47
104.866666666667,63.93,50.52
104.883333333333,64.1,50.45
104.9,64.25,50.27
104.916666666667,64.31,50.7
104.933333333333,64.13,50.26
104.95,63.99,50.37
104.966666666667,64.01,50.57
104.983333333333,64,50.38
105,63.91,50.69
105.016666666667,63.73,50.52
105.033333333333,63.88,50.52
105.05,63.35,50.27
105.066666666667,64.01,50.42
105.083333333333,63.94,50.23
105.1,63.76,50.39
105.116666666667,63.78,50.29
105.15,63.74,50.07
105.166666666667,63.54,49.93
105.183333333333,63.58,50.02
105.2,63.5,50.32
105.216666666667,63.84,50.29
105.233333333333,63.84,50.47
105.25,63.53,50.11
105.266666666667,63.58,50.22
105.283333333333,63.74,50.12
105.3,63.47,50.19
105.316666666667,63.6,50.06
105.333333333333,63.44,49.97
105.35,63.5,50.11
105.366666666667,63.31,49.95
105.383333333333,63.39,49.68
105.4,63.41,50.09
105.416666666667,63.45,50.35
105.433333333333,63.39,50.25
105.45,63.47,49.89
105.466666666667,63.12,49.8
105.483333333333,63.02,50.07
105.5,63.11,50.22
105.516666666667,63.24,49.81
105.533333333333,63.31,50.19
105.55,63,49.55
105.566666666667,63.25,49.93
105.583333333333,63.23,49.65
105.6,63.27,49.36
105.616666666667,63.4,49.73
105.633333333333,63.4,49.58
105.65,63.16,50.02
105.666666666667,62.96,49.7
105.683333333333,63.02,49.56
105.7,63.38,49.89
105.716666666667,63.09,49.72
105.733333333333,63.32,49.55
105.75,62.97,49.84
105.766666666667,63.02,49.5
105.783333333333,63.01,49.71
105.8,62.88,49.44
105.816666666667,62.95,49.58
105.833333333333,62.88,49.7
105.85,62.97,49.53
105.866666666667,62.72,49.3
105.883333333333,62.72,49.34
105.9,62.62,49.57
105.916666666667,63.03,49.26
105.933333333333,62.99,49.59
105.95,62.61,49.24
105.966666666667,62.56,49.12
106,62.8,49.63
106.016666666667,62.74,49.58
106.033333333333,62.76,49.61
106.05,62.3,49.15
106.066666666667,62.74,49.36
106.083333333333,62.9,49.35
106.1,62.43,49.36
106.116666666667,62.6,49.43
106.133333333333,62.72,49.33
106.15,62.67,49.21
106.166666666667,62.43,49.12
106.183333333333,62.59,49.57
106.2,62.62,48.95
106.216666666667,62.43,49.25
106.233333333333,62.5,49.03
106.25,62.18,49.23
106.266666666667,62.26,49.5
106.283333333333,62.27,49.35
106.3,62.53,49.26
106.316666666667,62.33,49.15
106.333333333333,62.16,49.52
106.35,62.21,48.95
106.366666666667,62.38,49.22
106.383333333333,62.65,48.97
106.4,62.13,49.07
106.416666666667,62.31,48.93
106.433333333333,62.22,48.75
106.45,62.1,49.01
106.466666666667,62.2,48.7
106.483333333333,62.06,49.3
106.5,62.27,49.17
106.516666666667,61.71,48.97
106.533333333333,62.07,48.6
106.55,62.01,48.55
106.566666666667,61.78,49.28
106.583333333333,61.81,48.88
106.6,61.96,48.66
106.616666666667,61.77,48.87
106.633333333333,61.99,48.97
106.65,62.18,48.67
106.666666666667,62.1,48.77
106.683333333333,62.26,48.64
106.7,61.74,48.71
106.716666666667,62.19,49.03
106.733333333333,61.95,48.7
106.75,61.82,48.72
106.766666666667,61.88,48.76
106.783333333333,61.82,48.6
106.8,61.54,48.59
106.816666666667,62.26,47.09
106.85,61.87,48.68
106.866666666667,61.99,48.4
106.883333333333,61.68,48.49
106.9,61.74,48.79
106.916666666667,61.81,48.5
106.933333333333,61.3,48.37
106.95,61.61,48.32
106.966666666667,61.79,48.62
106.983333333333,61.36,48.77
107,61.57,48.45
107.016666666667,61.67,48.47
107.033333333333,61.76,48.56
107.05,61.54,48.35
107.066666666667,62.16,48.41
107.083333333333,61.51,48.44
107.1,61.29,48.15
107.116666666667,61.43,48.36
107.133333333333,61.53,48.22
107.15,61.49,48.31
107.166666666667,61.45,48.31
107.183333333333,60.93,47.95
107.2,61.24,47.83
107.216666666667,61.34,48.23
107.233333333333,61.05,48.39
107.25,61.04,48.45
107.266666666667,61.35,48.25
107.283333333333,60.7,48.37
107.3,61.12,48.36
107.316666666667,61.33,48.27
107.333333333333,61.17,48.08
107.35,61.15,48.31
107.366666666667,61.55,48.25
107.383333333333,61.21,48.12
107.4,60.7,48.05
107.416666666667,61.23,48.21
107.433333333333,61,48.19
107.45,60.89,47.91
107.466666666667,61.08,48.25
107.483333333333,60.86,48.15
107.5,61.3,47.94
107.516666666667,60.88,48.14
107.533333333333,61.03,47.93
107.55,60.69,47.98
107.566666666667,60.91,48.05
107.583333333333,60.93,47.98
107.6,60.95,47.72
107.616666666667,60.71,47.88
107.633333333333,60.73,47.95
107.65,60.87,47.81
107.666666666667,60.68,48.23
107.7,60.86,47.98
107.716666666667,60.86,47.91
107.733333333333,60.6,47.8
107.75,60.23,47.9
107.766666666667,60.69,47.73
107.783333333333,60.54,47.78
107.8,60.43,47.23
107.816666666667,60.73,48.17
107.833333333333,60.87,47.64
107.85,60.63,47.7
107.866666666667,60.73,47.86
107.883333333333,59.88,47.78
107.9,60.38,47.78
107.916666666667,60.2,47.91
107.933333333333,60.6,47.74
107.95,60.64,47.95
107.966666666667,60.31,47.67
107.983333333333,60.13,47.82
108,60.57,47.61
108.016666666667,60.38,47.68
108.033333333333,60.44,47.65
108.05,60.45,47.63
108.066666666667,60.2,47.27
108.083333333333,60.25,47.55
108.1,60.35,47.72
108.116666666667,60.21,47.83
108.133333333333,60.1,47.26
108.15,60.42,47.42
108.166666666667,60.41,47.28
108.183333333333,60.14,47.64
108.2,60.23,47.86
108.216666666667,60.24,47.33
108.233333333333,60.26,47.68
108.25,60.21,47.28
108.266666666667,60.14,47.38
108.283333333333,60.18,47.26
108.3,60.12,47.14
108.316666666667,59.8,47.37
108.333333333333,60,47.42
108.35,60.16,47.44
108.366666666667,59.91,47.37
108.383333333333,59.88,47.47
108.4,59.84,47.41
108.416666666667,60.26,47.22
108.433333333333,59.8,47.16
108.45,59.96,47.24
108.466666666667,59.93,47.46
108.483333333333,59.67,47.16
108.5,59.69,47.25
108.516666666667,59.91,47.02
108.55,59.75,47.65
108.566666666667,59.95,47.05
108.583333333333,59.71,47.13
108.6,59.63,47.56
108.616666666667,59.54,47.21
108.633333333333,59.84,47.16
108.65,59.51,47.08
108.666666666667,59.62,47.33
108.683333333333,59.65,47.12
108.7,59.35,47.24
108.716666666667,59.43,46.73
108.733333333333,59.58,47.25
108.75,59.87,46.97
108.766666666667,59.43,46.97
108.783333333333,59.68,46.89
108.8,59.51,47.1
108.816666666667,59.75,46.88
108.833333333333,59.71,46.92
108.85,59.58,46.98
108.866666666667,59.59,47.01
108.883333333333,59.88,46.97
108.9,59.57,46.86
108.916666666667,59.62,47.14
108.933333333333,59.55,46.96
108.95,59.64,46.83
108.966666666667,59.11,46.94
108.983333333333,59.07,46.93
109,59.32,47.31
109.016666666667,59.03,47.07
109.033333333333,59.13,47.08
109.05,59.51,46.78
109.066666666667,59.35,46.6
109.083333333333,58.98,46.89
109.1,59.07,46.7
109.116666666667,59.14,46.8
109.133333333333,59.08,47.08
109.15,59.37,46.71
109.166666666667,59.02,46.83
109.183333333333,58.99,46.69
109.2,59.19,46.66
109.216666666667,59.24,46.74
109.233333333333,59.11,46.34
109.25,58.73,46.58
109.266666666667,59.28,46.81
109.283333333333,58.84,46.68
109.3,59.07,46.82
109.316666666667,59.17,46.53
109.333333333333,58.9,46.73
109.35,58.93,46.46
109.366666666667,59.03,46.44
109.4,58.83,46.47
109.416666666667,58.63,46.39
109.433333333333,58.95,46.42
109.45,58.53,46.52
109.466666666667,58.89,46.48
109.483333333333,58.66,46.45
109.5,58.67,46.46
109.516666666667,58.79,46.63
109.533333333333,58.38,46.57
109.55,59.23,46.34
109.566666666667,58.96,46.4
109.583333333333,58.68,46.21
109.6,58.95,46.69
109.616666666667,58.91,46.26
109.633333333333,58.46,46.56
109.65,58.74,46.3
109.666666666667,58.56,46.34
109.683333333333,58.43,46.27
109.7,58.84,46.25
109.716666666667,58.37,46.28
109.733333333333,58.73,46.19
109.75,58.52,46.3
109.766666666667,58.4,46.34
109.783333333333,58.68,46.42
109.8,58.68,46.46
109.816666666667,58.48,46.1
109.833333333333,58.52,46.24
109.85,58.65,46.03
109.866666666667,58.51,46
109.883333333333,58.17,46.19
109.9,58.25,46.3
109.916666666667,58.25,46.2
109.933333333333,58.41,46.46
109.95,58.22,46.29
109.966666666667,58.26,46.17
109.983333333333,58.41,46.15
110,58.23,46.22
110.016666666667,58.15,45.9
110.033333333333,58.26,45.91
110.05,58.04,46
110.066666666667,57.99,46.23
110.083333333333,58.09,45.96
110.1,58.27,46.11
110.116666666667,58.05,45.92
110.133333333333,58.12,45.81
110.15,57.77,46.13
110.166666666667,58.22,46.18
110.183333333333,57.99,45.94
110.2,57.91,45.89
110.216666666667,58.07,45.49
110.25,58.17,45.94
110.266666666667,57.95,45.98
110.283333333333,57.57,45.73
110.3,57.96,45.45
110.316666666667,57.8,45.88
110.333333333333,57.74,45.85
110.35,57.86,45.76
110.366666666667,57.88,46.08
110.383333333333,57.9,45.74
110.4,57.78,45.92
110.416666666667,57.97,46.15
110.433333333333,57.93,45.58
110.45,57.74,45.61
110.466666666667,57.78,45.91
110.483333333333,57.6,45.54
110.5,58.17,45.88
110.516666666667,57.97,45.86
110.533333333333,57.65,45.64
110.55,57.78,45.69
110.566666666667,57.66,45.74
110.583333333333,57.78,45.72
110.6,57.52,45.67
110.616666666667,57.45,45.59
110.633333333333,57.52,45.55
110.65,57.92,45.5
110.666666666667,57.63,45.8
110.683333333333,57.59,45.57
110.7,57.47,45.64
110.716666666667,57.41,45.7
110.733333333333,57.7,45.92
110.75,57.84,45.53
110.766666666667,57.37,45.55
110.783333333333,57.49,45.72
110.8,57.38,45.66
110.816666666667,57.35,45.78
110.833333333333,57.41,45.36
110.85,57.6,45.33
110.866666666667,57.31,45.42
110.883333333333,57.44,45.45
110.9,57.36,45.43
110.916666666667,57.23,45.46
110.933333333333,57.18,45.64
110.95,57.2,45.69
110.966666666667,57.21,45.35
110.983333333333,57.54,45.49
111,57.01,45.36
111.016666666667,57.14,45.72
111.033333333333,57.21,45.6
111.05,56.97,45.31
111.066666666667,57.14,45.57
111.1,57.06,45.53
111.116666666667,57.18,45.53
111.133333333333,57.01,45.32
111.15,57.26,45.39
111.166666666667,56.97,45.37
111.183333333333,56.97,45.4
111.2,57.33,45.39
111.216666666667,56.77,45.26
111.233333333333,57.08,45.63
111.25,56.94,45.39
111.266666666667,56.78,45.31
111.283333333333,56.93,45.38
111.3,57.08,45.38
111.316666666667,56.93,45.1
111.333333333333,56.94,45.26
111.35,56.63,45.09
111.366666666667,56.62,45.33
111.383333333333,56.29,45.38
111.4,56.72,45.2
111.416666666667,56.7,44.93
111.433333333333,56.83,45.03
111.45,56.64,45.08
111.466666666667,56.82,44.89
111.483333333333,56.71,45.06
111.5,56.46,45.04
111.516666666667,56.62,45.15
111.533333333333,56.64,45.27
111.55,56.99,45.02
111.566666666667,56.53,45.16
111.583333333333,56.51,44.86
111.6,56.92,45.03
111.616666666667,56.48,45.02
111.633333333333,56.54,44.82
111.65,56.46,44.96
111.666666666667,56.54,45.2
111.683333333333,56.44,44.94
111.7,56.46,45.01
111.716666666667,56.68,44.94
111.733333333333,56.36,44.83
111.75,56.37,45.01
111.766666666667,56.4,45
111.783333333333,56.3,45.12
111.8,56.53,44.96
111.816666666667,56.51,45.03
111.833333333333,56.46,44.78
111.85,56.32,45.02
111.866666666667,56.05,44.89
111.883333333333,56.17,44.78
111.9,56.04,44.69
111.916666666667,56.26,44.61
111.95,56.3,44.62
111.966666666667,56.29,44.75
111.983333333333,56.09,44.66
112,55.98,44.9
112.016666666667,56.19,44.51
112.033333333333,56.79,44.7
112.05,55.97,44.77
112.066666666667,56.3,44.85
112.083333333333,55.94,44.52
112.1,56.07,44.5
112.116666666667,56.09,44.6
112.133333333333,56.15,44.6
112.15,56.02,44.53
112.166666666667,56.47,44.82
112.183333333333,56.38,44.52
112.2,55.9,44.42
112.216666666667,56.04,44.56
112.233333333333,56,44.62
112.25,55.78,44.16
112.266666666667,55.86,44.69
112.283333333333,55.93,44.54
112.3,55.72,44.55
112.316666666667,55.73,44.28
112.333333333333,55.54,44.54
112.35,55.66,43.9
112.366666666667,55.85,44.56
112.383333333333,56.08,44.57
112.4,55.79,44.22
112.416666666667,55.42,44.38
112.433333333333,55.8,44.71
112.45,55.71,44.5
112.466666666667,55.51,44.38
112.483333333333,56.12,44.61
112.5,55.67,44.6
112.516666666667,56.27,44.2
112.533333333333,55.59,44.54
112.55,55.61,44.32
112.566666666667,55.73,44.26
112.583333333333,55.34,44.41
112.6,55.26,44.06
112.616666666667,55.78,44.49
112.633333333333,55.53,44.29
112.65,55.61,44.55
112.666666666667,55.43,44.04
112.683333333333,55.58,44.51
112.7,55.43,44.25
112.716666666667,55.41,44.08
112.733333333333,55.43,44.24
112.75,55.22,44.31
112.766666666667,55.35,44.06
112.8,55.58,44.26
112.816666666667,55.04,44.34
112.833333333333,55.49,44.38
112.85,55.37,44.24
112.866666666667,55.41,44.46
112.883333333333,55.31,44.03
112.9,55.46,44.49
112.916666666667,55.22,44.12
112.933333333333,55.53,44.16
112.95,55.34,44.07
112.966666666667,55.42,44.15
112.983333333333,55.19,44.12
113,54.86,44.23
113.016666666667,55.03,44.03
113.033333333333,55.03,44.12
113.05,55.22,44.29
113.066666666667,55.56,43.79
113.083333333333,55.84,44.17
113.1,55.13,44.21
113.116666666667,54.72,44.09
113.133333333333,55.23,44.26
113.15,55,44.04
113.166666666667,55.1,43.92
113.183333333333,55.18,43.89
113.2,54.94,44
113.216666666667,54.7,43.88
113.233333333333,54.85,44.21
113.25,55.02,44.18
113.266666666667,55.01,43.8
113.283333333333,55.1,43.84
113.3,54.77,43.76
113.316666666667,54.92,43.86
113.333333333333,55,44.02
113.35,54.85,43.82
113.366666666667,54.96,43.9
113.383333333333,54.75,44.05
113.4,55.01,43.62
113.416666666667,54.95,43.62
113.433333333333,54.82,43.79
113.45,54.77,43.93
113.466666666667,54.88,43.92
113.483333333333,54.71,43.9
113.5,54.6,43.93
113.516666666667,54.99,43.76
113.533333333333,54.55,43.74
113.55,54.64,43.81
113.566666666667,54.65,43.89
113.583333333333,54.78,43.92
113.6,54.67,43.88
113.616666666667,54.65,43.87
113.65,54.57,43.81
113.666666666667,54.61,43.99
113.683333333333,55.03,43.91
113.7,54.75,43.44
113.716666666667,54.68,43.59
113.733333333333,54.34,43.89
113.75,54.83,43.57
113.766666666667,54.52,43.6
113.783333333333,54.29,43.39
113.8,54.46,43.36
113.816666666667,54.68,43.5
113.833333333333,54.4,43.49
113.85,54.33,43.75
113.866666666667,54.63,43.57
113.883333333333,54.71,43.48
113.9,54.49,43.23
113.916666666667,54.48,43.68
113.933333333333,54.45,43.96
113.95,54.3,43.68
113.966666666667,54.36,43.46
113.983333333333,54.42,43.78
114,54.26,43.46
114.016666666667,54.35,43.22
114.033333333333,54.19,43.26
114.05,54.25,43.23
114.066666666667,54.35,43.45
114.083333333333,54.12,43.54
114.1,54.18,43.31
114.116666666667,54.34,43.5
114.133333333333,54.03,43.3
114.15,54.19,43.13
114.166666666667,54.13,43.31
114.183333333333,54.17,43.62
114.2,54.12,43.59
114.216666666667,54.24,43.18
114.233333333333,54.18,43.14
114.25,53.99,43.47
114.266666666667,53.88,43.33
114.283333333333,54.09,43.75
114.3,54.35,43.65
114.316666666667,53.95,43.33
114.333333333333,54,43.31
114.35,54.02,43.34
114.366666666667,54.13,43.37
114.383333333333,53.95,43.43
114.4,53.85,43.36
114.416666666667,53.78,43.31
114.433333333333,54,43.36
114.45,54.09,43.67
114.466666666667,53.82,43.15
114.5,53.87,43.55
114.516666666667,53.97,43.16
114.533333333333,53.79,43.14
114.55,53.7,42.32
114.566666666667,54.11,43.23
114.583333333333,53.69,43.24
114.6,53.65,43.15
114.616666666667,53.92,43.06
114.633333333333,53.62,43.06
114.65,54.3,43.09
114.666666666667,53.53,42.56
114.683333333333,53.54,42.94
114.7,53.68,43.16
114.716666666667,53.81,43.16
114.733333333333,53.67,43.04
114.75,53.55,43.25
114.766666666667,53.54,43.08
114.783333333333,53.32,43.19
114.8,53.61,43.14
114.816666666667,53.46,42.9
114.833333333333,53.48,42.73
114.85,53.81,43.24
114.866666666667,53.69,42.99
114.883333333333,53.35,42.95
114.9,53.87,43.1
114.916666666667,53.59,42.92
114.933333333333,53.45,42.87
114.95,53.76,43.05
114.966666666667,53.42,42.85
114.983333333333,53.5,42.86
115,53.75,43.03
115.016666666667,53.28,42.78
115.033333333333,53.31,43.01
115.05,53.33,42.92
115.066666666667,53.32,43.03
115.083333333333,53.71,42.54
115.1,53.4,43
115.116666666667,53.27,42.68
115.133333333333,52.98,42.8
115.15,53.09,42.81
115.166666666667,53.15,43.24
115.183333333333,53.14,42.98
115.2,53.38,42.74
115.216666666667,53.44,42.72
115.233333333333,52.9,42.5
115.25,53.33,42.67
115.266666666667,53.13,42.85
115.283333333333,53.54,42.98
115.3,52.99,42.44
115.316666666667,53.35,42.79
115.35,53.19,42.62
115.366666666667,52.98,42.87
115.383333333333,53.21,42.93
115.4,53.36,42.7
115.416666666667,52.77,42.83
115.433333333333,52.87,42.81
115.45,52.82,42.53
115.466666666667,53.2,42.4
115.483333333333,52.91,42.45
115.5,53.06,42.56
115.516666666667,52.96,42.76
115.533333333333,53.23,42.51
115.55,52.87,42.66
115.566666666667,52.91,42.54
115.583333333333,52.94,42.6
115.6,52.78,42.76
115.616666666667,53.21,42.67
115.633333333333,52.93,42.63
115.65,53.13,42.66
115.666666666667,52.71,42.68
115.683333333333,52.6,42.32
115.7,52.6,42.46
115.716666666667,52.53,42.43
115.733333333333,52.73,42.4
115.75,52.81,42.31
115.766666666667,52.96,42.41
115.783333333333,52.56,42.54
115.8,52.57,42.42
115.816666666667,52.33,42.46
115.833333333333,52.76,42.5
115.85,52.57,42.49
115.866666666667,52.64,42.43
115.883333333333,52.6,42.23
115.9,52.41,42.28
115.916666666667,52.55,42.46
115.933333333333,52.91,42.33
115.95,52.36,42.1
115.966666666667,52.58,42.35
115.983333333333,52.77,42.29
116,52.59,42.27
116.016666666667,52.2,42.36
116.033333333333,52.63,42.22
116.05,52.41,42.37
116.066666666667,52.3,42.31
116.083333333333,52.5,42.42
116.1,52.47,42.51
116.116666666667,52.27,42.27
116.133333333333,52.35,42.21
116.15,52.5,42.42
116.166666666667,52.68,42.08
116.2,52.46,42.41
116.216666666667,52.37,41.92
116.233333333333,52.53,42.06
116.25,52.24,42.36
116.266666666667,52.06,42.17
116.283333333333,51.93,42.11
116.3,52.3,42.13
116.316666666667,52.27,42.15
116.333333333333,52.2,41.76
116.35,52.31,42.66
116.366666666667,51.96,42.22
116.383333333333,52.31,42.05
116.4,52.27,42.1
116.416666666667,52.45,42.11
116.433333333333,52.15,42.12
116.45,51.87,42.33
116.466666666667,51.99,41.9
116.483333333333,52.15,42.22
116.5,52.24,41.93
116.516666666667,51.84,42.06
116.533333333333,51.83,42.22
116.55,52.36,42.2
116.566666666667,51.97,42
116.583333333333,51.94,41.9
116.6,51.91,42.22
116.616666666667,51.96,41.9
116.633333333333,52.1,41.71
116.65,51.81,41.91
116.666666666667,51.78,41.85
116.683333333333,52.07,42.24
116.7,52.01,42.09
116.716666666667,52.05,42.06
116.733333333333,51.71,42.11
116.75,51.29,41.94
116.766666666667,51.77,41.75
116.783333333333,52.11,42.01
116.8,51.77,41.69
116.816666666667,51.85,41.96
116.833333333333,51.63,41.85
116.85,52.05,41.91
116.866666666667,51.53,41.73
116.883333333333,51.71,41.85
116.9,51.98,41.75
116.916666666667,52,41.8
116.933333333333,51.77,41.93
116.95,51.45,41.73
116.966666666667,51.53,41.8
116.983333333333,51.9,42.1
117,51.78,41.74
117.016666666667,51.97,41.89
117.05,51.57,41.87
117.066666666667,51.43,41.77
117.083333333333,51.58,41.81
117.1,51.68,41.92
117.116666666667,51.64,41.71
117.133333333333,51.42,41.44
117.15,51.71,41.58
117.166666666667,51.61,41.88
117.183333333333,51.69,41.39
117.2,51.6,41.66
117.216666666667,51.46,41.62
117.233333333333,51.6,41.88
117.25,51.66,41.64
117.266666666667,51.7,41.72
117.283333333333,51.46,41.34
117.3,51.89,41.72
117.316666666667,51.33,41.67
117.333333333333,51.42,41.65
117.35,51.3,41.72
117.366666666667,51.52,42.03
117.383333333333,51.43,41.75
117.4,51.4,41.69
117.416666666667,51.57,41.77
117.433333333333,51.33,42
117.45,51.1,41.62
117.466666666667,51.38,41.57
117.483333333333,51.15,41.49
117.5,51.2,41.25
117.516666666667,51.38,41.46
117.533333333333,51.22,41.58
117.55,51.12,41.41
117.566666666667,51.49,41.45
117.583333333333,51.27,41.74
117.6,51.27,41.38
117.616666666667,51,41.56
117.633333333333,51.14,41.54
117.65,50.97,41.36
117.666666666667,51.22,41.32
117.683333333333,50.95,41.17
117.7,51.03,41.8
117.716666666667,51.17,41.38
117.733333333333,50.73,41.41
117.75,50.9,41.16
117.766666666667,51.23,41.62
117.783333333333,51.13,41.49
117.8,51.1,41.59
117.816666666667,50.88,41.46
117.833333333333,50.88,41.3
117.85,50.94,41.42
117.866666666667,51.49,41.14
117.9,50.94,41.13
117.916666666667,50.8,41.37
117.933333333333,50.95,41.09
117.95,50.99,41.36
117.966666666667,50.91,41.13
117.983333333333,50.81,41.35
118,51.07,41.35
118.016666666667,50.88,41.27
118.033333333333,51.13,41.25
118.05,50.65,41.14
118.066666666667,50.7,41.03
118.083333333333,50.63,41.16
118.1,50.88,41.35
118.116666666667,50.83,41.24
118.133333333333,50.69,41.19
118.15,50.54,41.13
118.166666666667,50.69,41.37
118.183333333333,50.94,41.21
118.2,50.52,41.73
118.216666666667,50.57,41.25
118.233333333333,50.33,40.79
118.25,50.75,41.26
118.266666666667,50.58,41.19
118.283333333333,50.78,41.01
118.3,49.06,40.99
118.316666666667,50.91,41.12
118.333333333333,50.57,41.17
118.35,50.34,41.21
118.366666666667,50.74,41.48
118.383333333333,50.81,41.01
118.4,50.6,41.37
118.416666666667,50.59,40.88
118.433333333333,50.38,41.02
118.45,50.17,41.2
118.466666666667,50.64,41.14
118.483333333333,50.53,41.22
118.5,50.46,41.28
118.516666666667,50.36,41.23
118.533333333333,50.57,41.02
118.55,50.22,41.11
118.566666666667,50.51,40.98
118.583333333333,50.41,40.83
118.6,50.44,41.56
118.616666666667,50.27,40.72
118.633333333333,50.01,40.71
118.65,49.81,41
118.666666666667,50.62,40.83
118.683333333333,50.39,41.05
118.7,50.14,41.02
118.716666666667,50.19,40.81
118.75,50.41,40.79
118.766666666667,50.43,40.81
118.783333333333,50.13,40.89
118.8,50.41,40.95
118.816666666667,50.27,40.8
118.833333333333,50.04,41.06
118.85,50.12,40.83
118.866666666667,50.26,40.71
118.883333333333,50.04,40.66
118.9,50.57,40.95
118.916666666667,50.42,40.72
118.933333333333,50.09,40.94
118.95,50.05,40.95
118.966666666667,50.19,40.99
118.983333333333,49.66,40.72
119,50.15,40.81
119.016666666667,50.14,40.8
119.033333333333,49.82,40.92
119.05,49.92,40.94
119.066666666667,49.87,40.85
119.083333333333,49.87,41.06
119.1,49.89,40.91
119.116666666667,50.04,40.59
119.133333333333,49.95,41.04
119.15,49.83,40.73
119.166666666667,50.06,40.75
119.183333333333,49.95,40.68
119.2,49.96,40.7
119.216666666667,49.87,40.64
119.233333333333,49.72,40.67
119.25,49.95,40.6
119.266666666667,49.71,40.79
119.283333333333,49.79,40.54
119.3,49.77,40.61
119.316666666667,50.16,40.73
119.333333333333,49.71,41.06
119.35,49.69,40.43
119.366666666667,49.57,40.45
119.383333333333,49.62,40.43
119.4,49.81,40.66
119.416666666667,49.76,40.33
119.433333333333,49.56,40.51
119.45,49.41,40.42
119.466666666667,49.77,40.72
119.483333333333,49.6,40.74
119.5,49.73,40.55
119.516666666667,49.4,40.3
119.533333333333,49.61,40.74
119.55,49.82,40.56
119.566666666667,49.34,40.32
119.6,49.36,40.55
119.616666666667,49.69,40.67
119.633333333333,49.4,40.69
119.65,49.65,40.6
119.666666666667,49.39,40.31
119.683333333333,49.13,40.73
119.7,49.45,40.37
119.716666666667,49.47,40.61
119.733333333333,49.42,40.48
119.75,49.43,40.46
119.766666666667,49.25,40.31
119.783333333333,49.48,40.64
119.8,49.53,40.66
119.816666666667,49.24,40.3
119.833333333333,49.37,40.27
119.85,48.88,40.4
119.866666666667,49.25,40.3
119.883333333333,48.88,40.38
119.9,49.2,40.42
119.916666666667,49.39,40.3
119.933333333333,49.08,40.26
119.95,49.12,40.4
119.966666666667,48.97,40.28
119.983333333333,49.23,40.06
120,49.09,40.39
120.016666666667,49.17,40.22
120.033333333333,49.26,40.21
120.05,49.38,40.04
120.066666666667,48.75,40.27
120.083333333333,49.16,40.18
120.1,49.2,40.45
120.116666666667,49.1,40.21
120.133333333333,48.87,40.58
120.15,48.92,40.18
120.166666666667,49.01,40.15
120.183333333333,48.9,40.23
120.2,48.94,39.98
120.216666666667,49.16,40.06
120.233333333333,48.87,39.98
120.25,49.04,39.9
120.266666666667,48.58,40.19
120.283333333333,48.95,40.03
120.3,48.85,40.44
120.316666666667,48.99,40.29
120.333333333333,48.75,40.16
120.35,49.03,40.02
120.366666666667,49.39,40.15
120.383333333333,48.89,40.11
120.4,48.62,40.15
120.416666666667,48.87,39.98
120.45,48.83,40.17
120.466666666667,48.88,39.93
120.483333333333,48.7,40
120.5,49.16,40.02
120.516666666667,49.22,39.95
120.533333333333,48.56,40.03
120.55,48.58,40.02
120.566666666667,48.64,39.84
120.583333333333,48.67,39.8
120.6,48.59,39.97
120.616666666667,49,40.05
120.633333333333,48.55,39.79
120.65,48.79,40
120.666666666667,48.64,40.5
120.683333333333,48.58,40.21
120.7,48.69,39.81
120.716666666667,49.09,39.83
120.733333333333,48.61,39.8
120.75,48.33,40.06
120.766666666667,48.12,39.89
120.783333333333,48.49,39.83
120.8,48.53,39.8
120.816666666667,48.39,39.86
120.833333333333,48.7,40.13
120.85,48.69,39.9
120.866666666667,48.48,39.94
120.883333333333,48.53,39.64
120.9,48.67,40.22
120.916666666667,48.51,39.78
120.933333333333,48.62,39.84
120.95,48.54,39.98
120.966666666667,48.41,40.06
120.983333333333,48.72,39.84
121,48.42,39.75
121.016666666667,48.25,39.59
121.033333333333,48.41,39.77
121.05,48.51,39.75
121.066666666667,48.18,39.77
121.083333333333,48.24,40
121.1,48.41,39.66
121.116666666667,48.11,39.82
121.133333333333,47.94,39.65
121.15,48.55,39.67
121.166666666667,48.05,39.61
121.183333333333,48.45,39.57
121.2,48.12,39.54
121.216666666667,48.46,39.73
121.233333333333,48.38,40.01
121.25,48.24,39.75
121.266666666667,48.04,39.74
121.3,48.43,38.89
121.316666666667,48.04,39.74
121.333333333333,48.22,39.68
121.35,48.01,39.69
121.366666666667,48.26,39.67
121.383333333333,48.05,39.73
121.4,48.39,39.55
121.416666666667,48.17,39.41
121.433333333333,47.84,39.47
121.45,48.21,39.7
121.466666666667,47.72,39.66
121.483333333333,48.29,39.51
121.5,47.86,39.58
121.516666666667,48,39.58
121.533333333333,48.19,39.45
121.55,48.14,39.67
121.566666666667,47.95,39.69
121.583333333333,47.86,39.56
121.6,47.89,39.47
121.616666666667,47.98,39.51
121.633333333333,48.15,39.48
121.65,47.96,39.31
121.666666666667,48.08,39.63
121.683333333333,47.89,39.39
121.7,47.88,39.28
121.716666666667,47.77,39.51
121.733333333333,47.91,39.46
121.75,47.74,39.35
121.766666666667,48.12,39.41
121.783333333333,47.84,39.68
121.8,47.92,39.18
121.816666666667,47.71,39.43
121.833333333333,47.87,39.4
121.85,48.01,39.25
121.866666666667,47.62,39.56
121.883333333333,47.8,39.75
121.9,47.75,38.81
121.916666666667,47.9,39.15
121.933333333333,47.46,39.27
121.95,47.9,39.34
121.966666666667,47.82,39.91
121.983333333333,47.98,39.18
122,47.73,39.26
122.016666666667,47.57,39.33
122.033333333333,47.71,39.42
122.05,47.72,39.21
122.066666666667,47.75,39.08
122.083333333333,47.86,39.19
122.1,47.53,39.59
122.116666666667,47.56,39.18
122.15,47.45,39.22
122.166666666667,47.72,39.55
122.183333333333,47.48,39.25
122.2,47.48,39.37
122.216666666667,47.57,39.39
122.233333333333,47.64,39.48
122.25,47.44,39.37
122.266666666667,47.71,39.07
122.283333333333,47.48,39.12
122.3,47.4,39.14
122.316666666667,47.63,39.21
122.333333333333,47.46,39.26
122.35,47.56,39.13
122.366666666667,47.25,39.41
122.383333333333,47.42,39.28
122.4,47.6,38.8
122.416666666667,47.39,39.48
122.433333333333,47.17,39.2
122.45,47.06,39.49
122.466666666667,47.35,39.17
122.483333333333,47.36,38.69
122.5,47.16,39.24
122.516666666667,47.18,39.06
122.533333333333,47.16,39.11
122.55,47.53,39.54
122.566666666667,47.37,39.21
122.583333333333,47.39,39.02
122.6,46.98,39.18
122.616666666667,47.23,39.12
122.633333333333,47.24,38.94
122.65,47.36,39.07
122.666666666667,47.2,39.14
122.683333333333,47.3,39.21
122.7,47.08,38.93
122.716666666667,47.29,39.14
122.733333333333,47.34,39.01
122.75,47.11,38.85
122.766666666667,47.18,39.09
122.783333333333,47.27,39.1
122.8,47.35,39.29
122.816666666667,47.13,38.64
122.833333333333,47.14,38.78
122.85,47,38.93
122.866666666667,47.13,38.92
122.883333333333,46.88,39.04
122.9,47.03,38.93
122.916666666667,47.07,39.13
122.933333333333,46.94,38.91
122.95,46.86,39
122.966666666667,46.89,39.04
123,47,38.92
123.016666666667,47.1,38.83
123.033333333333,46.72,38.81
123.05,46.89,38.87
123.066666666667,46.97,38.87
123.083333333333,46.88,39.11
123.1,47.12,38.69
123.116666666667,46.78,38.83
123.133333333333,46.74,38.83
123.15,46.74,38.6
123.166666666667,47.15,38.89
123.183333333333,46.76,38.88
123.2,46.58,38.82
123.216666666667,46.8,38.89
123.233333333333,46.71,38.71
123.25,47.1,38.64
123.266666666667,46.96,38.7
123.283333333333,46.76,38.73
123.3,46.84,38.63
123.316666666667,46.67,39.02
123.333333333333,46.64,38.81
123.35,46.67,38.93
123.366666666667,46.69,38.77
123.383333333333,46.76,38.69
123.4,47.06,38.85
123.416666666667,46.65,38.58
123.433333333333,46.64,38.99
123.45,46.6,38.85
123.466666666667,46.92,38.62
123.483333333333,46.76,38.71
123.5,46.77,38.82
123.516666666667,46.65,38.82
123.533333333333,46.54,38.77
123.55,46.65,38.64
123.566666666667,46.79,38.59
123.583333333333,46.91,38.69
123.6,46.92,38.54
123.616666666667,46.7,38.77
123.633333333333,46.4,38.52
123.65,46.75,38.69
123.666666666667,46.32,38.39
123.683333333333,46.53,38.59
123.7,46.75,38.46
123.716666666667,46.56,38.7
123.733333333333,46.5,38.61
123.75,46.42,38.53
123.766666666667,46.64,38.67
123.783333333333,46.61,38.49
123.8,46.69,38.6
123.816666666667,46.52,38.5
123.85,46.37,38.76
123.866666666667,46.51,38.54
123.883333333333,46.7,38.68
123.9,46.56,38.43
123.916666666667,46.25,38.52
123.933333333333,46.55,38.45
123.95,46.28,38.69
123.966666666667,46.2,38.49
123.983333333333,46.39,38.51
124,45.8,38.69
124.016666666667,46.12,38.62
124.033333333333,46.14,38.62
124.05,46.32,38.23
124.066666666667,46.05,38.18
124.083333333333,46.36,38.45
124.1,46.17,38.86
124.116666666667,46.53,38.69
124.133333333333,46.15,38.24
124.15,46.56,38.32
124.166666666667,46.09,38.15
124.183333333333,46.17,38.51
124.2,46.2,38.47
124.216666666667,46.01,38.22
124.233333333333,46.15,38.5
124.25,46.28,38.45
124.266666666667,46.25,38.41
124.283333333333,46.25,38.41
124.3,46.25,38.21
124.316666666667,46.19,38.23
124.333333333333,46.17,38.47
124.35,46.15,38.51
124.366666666667,46.16,38.33
124.383333333333,46.19,38.53
124.4,46.06,38.31
124.416666666667,45.95,38.21
124.433333333333,46.08,38.77
124.45,46.07,38.38
124.466666666667,46.1,38.46
124.483333333333,46.04,38.71
124.5,45.84,38.25
124.516666666667,46.04,38.47
124.533333333333,45.98,38.27
124.55,45.73,38.13
124.566666666667,46.01,38.34
124.583333333333,46.1,38.2
124.6,45.98,38.47
124.616666666667,46.11,38.11
124.633333333333,45.87,38.09
124.65,46.22,38.41
124.666666666667,45.88,38.22
124.7,45.87,37.99
124.716666666667,45.83,38.15
124.733333333333,45.95,38.35
124.75,45.85,38.47
124.766666666667,45.98,38.12
124.783333333333,45.66,38.2
124.8,45.77,38.09
124.816666666667,45.57,38.03
124.833333333333,45.77,37.92
124.85,45.96,38.29
124.866666666667,45.8,38.39
124.883333333333,45.75,38.41
124.9,45.63,38.09
124.916666666667,45.7,38.32
124.933333333333,45.53,38.1
124.95,45.88,38.05
124.966666666667,45.59,38.18
124.983333333333,45.69,38.02
125,45.77,38.32
125.016666666667,46.03,38.31
125.033333333333,45.53,37.47
125.05,45.71,37.91
125.066666666667,45.57,38.19
125.083333333333,45.58,38.11
125.1,45.96,37.91
125.116666666667,45.58,38.28
125.133333333333,45.61,37.8
125.15,45.72,38.11
125.166666666667,45.5,37.94
125.183333333333,45.59,37.9
125.2,45.39,38.36
125.216666666667,45.4,38.1
125.233333333333,45.75,37.89
125.25,45.44,38.02
125.266666666667,45.67,38.22
125.283333333333,45.43,38.03
125.3,45.29,38.09
125.316666666667,45.38,37.99
125.333333333333,45.55,37.7
125.35,45.39,38.07
125.366666666667,45.42,38.08
125.383333333333,45.32,37.93
125.4,45.55,37.92
125.416666666667,45.44,38.06
125.433333333333,45.48,37.87
125.45,45.53,37.96
125.466666666667,45.2,37.86
125.483333333333,45.3,37.74
125.5,45.3,37.91
125.516666666667,45.54,37.99
125.55,45.59,37.9
125.566666666667,45.07,37.84
125.583333333333,45.31,37.85
125.6,45.29,37.96
125.616666666667,45.26,37.8
125.633333333333,45.22,38
125.65,45.35,37.97
125.666666666667,45.4,37.62
125.683333333333,45.44,37.89
125.7,45.23,37.92
125.716666666667,45.38,37.87
125.733333333333,45.2,37.73
125.75,45.27,37.83
125.766666666667,45.03,37.76
125.783333333333,45.32,38.09
125.8,45.35,37.77
125.816666666667,45.65,38.1
125.833333333333,45.29,37.69
125.85,45.53,37.83
125.866666666667,45.4,37.74
125.883333333333,45.13,37.73
125.9,45.22,37.72
125.916666666667,44.9,37.97
125.933333333333,44.94,37.78
125.95,45.08,37.82
125.966666666667,45.2,37.77
125.983333333333,44.98,37.6
126,45.22,37.83
126.016666666667,45.25,37.3
126.033333333333,45.33,37.8
126.05,44.86,38.04
126.066666666667,45.03,37.78
126.083333333333,44.98,37.57
126.1,44.77,37.59
126.116666666667,45.07,37.97
126.133333333333,45.17,37.61
126.15,44.79,37.71
126.166666666667,45.03,37.91
126.183333333333,44.74,37.81
126.2,44.84,37.45
126.216666666667,44.8,37.56
126.233333333333,45.2,37.44
126.25,45.24,37.43
126.266666666667,44.78,37.85
126.283333333333,45.04,37.63
126.3,44.83,37.73
126.316666666667,45.04,37.69
126.333333333333,44.82,37.58
126.35,44.95,37.58
126.366666666667,44.99,37.39
126.4,44.77,37.6
126.416666666667,44.83,37.81
126.433333333333,45.03,37.36
126.45,44.78,37.47
126.466666666667,44.64,37.36
126.483333333333,44.82,37.62
126.5,44.69,37.44
126.516666666667,44.85,37.65
126.533333333333,44.76,37.15
126.55,44.81,37.3
126.566666666667,44.89,37.38
126.583333333333,44.92,37.58
126.6,44.69,37.38
126.616666666667,44.72,37.38
126.633333333333,44.71,37.48
126.65,44.67,37.09
126.666666666667,44.62,37.26
126.683333333333,44.43,37.54
126.7,44.7,37.35
126.716666666667,44.68,37.37
126.733333333333,44.53,37.21
126.75,44.61,37.36
126.766666666667,44.51,37.68
126.783333333333,44.68,37.38
126.8,44.25,37.12
126.816666666667,44.59,37.31
126.833333333333,44.43,37.24
126.85,44.34,37.26
126.866666666667,44.57,37.2
126.883333333333,44.67,37.19
126.9,44.37,37.22
126.916666666667,44.55,37.41
126.933333333333,44.45,36.91
126.95,44.28,37.2
126.966666666667,44.5,37.16
126.983333333333,44.68,37.34
127,44.57,37.41
127.016666666667,44.37,37.43
127.033333333333,44.57,37.26
127.05,44.87,37.27
127.066666666667,44.64,37.23
127.083333333333,44.27,37.4
127.1,44.67,37.15
127.116666666667,44.59,37.36
127.133333333333,44.4,37.31
127.15,44.38,37.11
127.166666666667,44.38,37.4
127.183333333333,44.51,37.27
127.2,44.48,37.01
127.216666666667,44.3,37.05
127.25,44.33,37.11
127.266666666667,44.37,36.88
127.283333333333,44.26,37.07
127.3,44.12,37.06
127.316666666667,43.85,37.59
127.333333333333,44.62,37.08
127.35,44.91,37.22
127.366666666667,44.44,37.37
127.383333333333,44.3,37.17
127.4,44.29,37.19
127.416666666667,44.22,37.09
127.433333333333,44.31,37.08
127.45,44.36,37.3
127.466666666667,44.13,37.1
127.483333333333,44.25,37.24
127.5,43.61,37.12
127.516666666667,44.19,36.93
127.533333333333,44.22,37.21
127.55,44.35,37.11
127.566666666667,44.26,37.06
127.583333333333,44.18,37.24
127.6,44.15,36.83
127.616666666667,44.16,36.87
127.633333333333,44.21,36.73
127.65,44.39,37.16
127.666666666667,44.16,36.79
127.683333333333,44.28,36.85
127.7,44.28,37.17
127.716666666667,44.49,36.76
127.733333333333,44.05,36.8
127.75,44.09,37.25
127.766666666667,43.89,36.56
127.783333333333,43.75,36.94
127.8,44.12,37.2
127.816666666667,44,36.81
127.833333333333,43.93,37.41
127.85,43.82,36.73
127.866666666667,44.16,36.98
127.883333333333,43.97,36.98
127.9,44.02,37.01
127.916666666667,44.16,36.95
127.933333333333,43.85,36.8
127.95,43.97,37.08
127.966666666667,43.84,36.76
127.983333333333,44.03,36.75
128,44.07,37.09
128.016666666667,43.87,36.79
128.033333333333,43.71,36.78
128.05,43.85,36.93
128.066666666667,43.89,36.45
128.1,43.73,36.7
128.116666666667,43.82,36.85
128.133333333333,43.73,36.54
128.15,43.71,36.78
128.166666666667,43.73,36.73
128.183333333333,43.94,36.66
128.2,44.01,36.84
128.216666666667,43.94,36.67
128.233333333333,43.51,36.79
128.25,43.7,36.7
128.266666666667,43.83,36.92
128.283333333333,43.86,36.78
128.3,43.75,36.54
128.316666666667,43.75,36.56
128.333333333333,44.12,36.99
128.35,43.86,36.76
128.366666666667,43.8,37.12
128.383333333333,43.77,36.56
128.4,43.72,36.75
128.416666666667,43.68,36.53
128.433333333333,43.63,36.79
128.45,43.84,36.45
128.466666666667,43.6,36.71
128.483333333333,44.11,36.58
128.5,43.75,36.55
128.516666666667,43.29,36.64
128.533333333333,43.44,36.75
128.55,43.69,36.68
128.566666666667,43.62,36.59
128.583333333333,43.59,36.57
128.6,43.83,36.88
128.616666666667,43.58,36.51
128.633333333333,43.62,36.48
128.65,43.56,36.56
128.666666666667,43.7,36.76
128.683333333333,43.36,36.68
128.7,43.51,36.51
128.716666666667,43.83,36.63
128.733333333333,43.5,36.35
128.75,43.57,36.58
128.766666666667,43.75,36.62
128.783333333333,43.49,36.51
128.8,43.93,36.48
128.816666666667,43.39,36.63
128.833333333333,43.76,36.34
128.85,43.56,36.51
128.866666666667,43.56,36.67
128.883333333333,43.39,36.58
128.9,43.52,36.5
128.916666666667,43.55,36.36
128.95,43.61,36.53
128.966666666667,43.65,36.74
128.983333333333,43.62,36.48
129,43.33,36.55
129.016666666667,43.29,36.79
129.033333333333,43.5,36.7
129.05,43.19,36.49
129.066666666667,43.34,36.35
129.083333333333,43.46,36.57
129.1,43.39,36.2
129.116666666667,43.09,36.4
129.133333333333,43.52,36.35
129.15,43.16,36.55
129.166666666667,43.27,36.41
129.183333333333,43.53,36.5
129.2,43.26,36.74
129.216666666667,43.1,36.22
129.233333333333,43.25,36.35
129.25,43.21,36.43
129.266666666667,43.29,36.21
129.283333333333,43.21,36.46
129.3,43.31,36.59
129.316666666667,43.07,36.26
129.333333333333,43.02,36.13
129.35,43.37,36.13
129.366666666667,43.27,36.16
129.383333333333,43.2,36.28
129.4,43.12,36.31
129.416666666667,43.28,36.05
129.433333333333,43.12,36.29
129.45,43.09,36.39
129.466666666667,43.08,36.21
129.483333333333,43.29,36.17
129.5,43.1,36.24
129.516666666667,43.11,36.39
129.533333333333,43.34,36.58
129.55,43.18,36.18
129.566666666667,42.94,36.27
129.583333333333,43.2,36.27
129.6,43.21,36.09
129.616666666667,43.14,36.33
129.633333333333,43.15,34.68
129.65,42.99,36.4
129.666666666667,43.62,36.37
129.683333333333,43.02,35.99
129.7,42.97,36.32
129.716666666667,42.88,36.43
129.733333333333,43.08,36.13
129.75,42.74,36.43
129.766666666667,42.96,36.06
129.8,42.94,36.05
129.816666666667,42.73,36.16
129.833333333333,43.1,36.37
129.85,42.98,36.09
129.866666666667,42.9,36.16
129.883333333333,42.9,36.32
129.9,42.77,36.04
129.916666666667,42.93,36.15
129.933333333333,42.82,36.18
129.95,42.73,36.26
129.966666666667,42.73,36.21
129.983333333333,42.92,36.15
130,42.79,36
130.016666666667,42.73,36.05
130.033333333333,42.63,36.26
130.05,42.86,35.97
130.066666666667,42.61,35.97
130.083333333333,43.03,36.07
130.1,42.9,36.12
130.116666666667,42.46,35.91
130.133333333333,42.74,36.1
130.15,42.74,36.18
130.166666666667,42.72,35.83
130.183333333333,43.02,35.87
130.2,42.63,36.29
130.216666666667,42.65,36.06
130.233333333333,42.8,35.94
130.25,42.78,35.97
130.266666666667,42.58,35.92
130.283333333333,42.71,36.18
130.3,42.76,36.03
130.316666666667,42.53,36
130.333333333333,42.86,36.05
130.35,42.42,36.09
130.366666666667,42.58,36.02
130.383333333333,42.65,35.88
130.4,42.66,35.81
130.416666666667,42.35,36.15
130.433333333333,42.58,35.96
130.45,42.53,36.03
130.466666666667,42.45,36
130.483333333333,42.58,36.09
130.5,42.53,35.79
130.516666666667,42.6,35.94
130.533333333333,42.56,35.85
130.55,42.47,36.05
130.566666666667,42.65,35.84
130.583333333333,42.47,35.61
130.6,42.4,35.68
130.616666666667,42.65,35.72
130.65,42.41,35.77
130.666666666667,42.39,36.08
130.683333333333,42.48,35.94
130.7,42.47,35.87
130.716666666667,42.47,35.95
130.733333333333,42.53,35.7
130.75,42.73,35.66
130.766666666667,42.68,35.72
130.783333333333,42.43,35.92
130.8,42.49,35.82
130.816666666667,42.23,35.77
130.833333333333,42.64,35.84
130.85,42.63,35.56
130.866666666667,42.5,35.85
130.883333333333,42.47,35.81
130.9,42.38,35.61
130.916666666667,42.1,35.64
130.933333333333,42.27,35.66
130.95,42.67,35.44
130.966666666667,42.58,35.7
130.983333333333,42.4,35.77
131,42.18,35.81
131.016666666667,42.56,35.57
131.033333333333,41.7,35.59
131.05,42.25,36.2
131.066666666667,42.29,35.88
131.083333333333,42.1,35.63
131.1,42.18,34.94
131.116666666667,42.09,36.05
131.133333333333,41.95,35.47
131.15,42.53,35.58
131.166666666667,42.28,36.12
131.183333333333,41.99,35.46
131.2,42.29,35.72
131.216666666667,42.38,35.63
131.233333333333,42.39,35.5
131.25,42.25,35.59
131.266666666667,42.37,35.64
131.283333333333,42.26,35.97
131.3,42.29,35.48
131.316666666667,42.04,35.64
131.333333333333,41.71,35.04
131.35,42.17,35.63
131.366666666667,42.19,35.44
131.383333333333,42.41,35.55
131.4,42.06,35.4
131.416666666667,42.23,35.49
131.433333333333,42.05,35.43
